# D2 function ownership, update-v262144 main. Functions not listed have no library evidence (owner unknown).
# family: NET|HAVOK|WWISE|NN_SDK|LUA_CORE|OODLE|GAME|CONFLICT. tier: T1 direct string anchor, T2 contiguity between same-family anchors, T3 only called from the family.
function_id	owner_family	tier	size_bytes
000038c0	OODLE	T3	48
000056b0	OODLE	T1	604
00005910	OODLE	T1	1276
00005e10	OODLE	T2	32
00005e20	OODLE	T2	4
00005e30	OODLE	T2	168
00005ee0	OODLE	T2	56
00005f20	OODLE	T2	11672
00008d50	OODLE	T2	1612
000093a0	OODLE	T2	168
00009450	OODLE	T2	100
000094c0	OODLE	T2	2640
00009f10	OODLE	T2	140
00009fa0	OODLE	T2	140
0000a030	OODLE	T2	344
0000a190	OODLE	T2	72
0000a1e0	OODLE	T2	4
0000a1f0	OODLE	T2	12
0000a200	OODLE	T2	388
0000a390	OODLE	T2	28
0000a3b0	OODLE	T2	112
0000a430	OODLE	T2	20
0000a450	OODLE	T2	20
0000a470	OODLE	T2	284
0000a590	OODLE	T2	968
0000a960	OODLE	T2	24
0000a980	OODLE	T2	380
0000ab00	OODLE	T2	396
0000ac90	OODLE	T2	2848
0000b7b0	OODLE	T2	72
0000b800	OODLE	T2	300
0000b930	OODLE	T2	728
0000bc10	OODLE	T2	832
0000bf50	OODLE	T1	9320
0000e3c0	OODLE	T2	248
0000e4c0	OODLE	T2	208
0000e590	OODLE	T2	192
0000e650	OODLE	T1	1968
0000ee00	OODLE	T1	15492
00012a90	OODLE	T2	1712
000130a0	OODLE	T2	56
00013190	OODLE	T2	1636
00017f30	OODLE	T1	18248
00017f50	OODLE	T2	8
00017f60	OODLE	T2	4
00017f70	OODLE	T2	428
00018120	OODLE	T2	940
000184d0	OODLE	T1	1096
00018920	OODLE	T2	1028
00018b20	OODLE	T2	1620
00019180	OODLE	T2	2068
000199a0	OODLE	T1	700
00019e70	OODLE	T2	2160
0001a6e0	OODLE	T1	6556
0001c080	OODLE	T2	264
0001c190	OODLE	T2	536
0001c3b0	OODLE	T2	556
0001c5e0	OODLE	T2	1100
0001ca30	OODLE	T2	608
0001cc90	OODLE	T2	1172
0001d130	OODLE	T2	1872
0001d880	OODLE	T2	24
0001d8a0	OODLE	T2	56
0001d8e0	OODLE	T2	2812
0001e3e0	OODLE	T2	4388
0001f510	OODLE	T2	628
0001f790	OODLE	T1	3784
00020660	OODLE	T1	512
00020860	OODLE	T2	276
00020980	OODLE	T1	6032
00022110	OODLE	T1	5536
000236b0	OODLE	T1	5340
00024b90	OODLE	T2	4796
00025e50	OODLE	T2	3132
00026a90	OODLE	T2	512
00026c90	OODLE	T1	1064
000270c0	OODLE	T2	2444
00027b70	OODLE	T1	512
00027d70	OODLE	T2	1640
000283e0	OODLE	T1	2060
00028bf0	OODLE	T2	2348
00029520	OODLE	T2	2520
00029f00	OODLE	T2	2208
0002a7a0	OODLE	T2	2752
0002b260	OODLE	T2	1832
0002b990	OODLE	T1	2268
0002ebd0	OODLE	T3	680
0002ee80	OODLE	T3	520
0002f090	OODLE	T3	1028
0002f4a0	OODLE	T3	1980
0002fc60	OODLE	T3	820
0002ffa0	OODLE	T3	764
0004fe90	LUA_CORE	T3	28
000500d0	LUA_CORE	T3	400
000503f0	LUA_CORE	T3	20
00050410	LUA_CORE	T3	180
000505a0	LUA_CORE	T3	252
000506a0	LUA_CORE	T3	176
00050a50	LUA_CORE	T3	60
00050fc0	LUA_CORE	T3	276
000512d0	LUA_CORE	T3	212
000515f0	LUA_CORE	T3	92
00051830	LUA_CORE	T3	44
00051bc0	LUA_CORE	T3	348
00051ee0	LUA_CORE	T3	244
000521d0	LUA_CORE	T3	200
000525f0	LUA_CORE	T3	412
000528b0	LUA_CORE	T3	260
000529c0	LUA_CORE	T3	288
00052c70	LUA_CORE	T3	264
00052fd0	LUA_CORE	T3	204
000530a0	LUA_CORE	T3	620
000530d0	LUA_CORE	T3	8
00053290	LUA_CORE	T3	16
000532a0	LUA_CORE	T3	224
00053430	LUA_CORE	T3	204
00053500	LUA_CORE	T3	28
00053580	LUA_CORE	T3	384
00053700	LUA_CORE	T3	516
00053910	LUA_CORE	T3	444
00053ad0	LUA_CORE	T3	464
00053fb0	LUA_CORE	T3	96
00054010	LUA_CORE	T1	256
00054110	LUA_CORE	T2	260
00054220	LUA_CORE	T2	244
00054320	LUA_CORE	T2	136
000543b0	LUA_CORE	T2	156
00054450	LUA_CORE	T2	176
00054500	LUA_CORE	T2	52
00054540	LUA_CORE	T2	140
000545d0	LUA_CORE	T2	160
00054670	LUA_CORE	T2	248
00054770	LUA_CORE	T2	252
00054870	LUA_CORE	T2	152
00054910	LUA_CORE	T2	84
00054970	LUA_CORE	T2	96
000549d0	LUA_CORE	T2	72
00054a20	LUA_CORE	T2	92
00054a80	LUA_CORE	T2	116
00054b00	LUA_CORE	T2	132
00054b90	LUA_CORE	T2	156
00054c30	LUA_CORE	T2	284
00054d50	LUA_CORE	T2	192
00054e10	LUA_CORE	T2	80
00054e60	LUA_CORE	T2	92
00054ec0	LUA_CORE	T2	148
00054f60	LUA_CORE	T2	16
00054f70	LUA_CORE	T2	184
00055030	LUA_CORE	T2	20
00055050	LUA_CORE	T2	28
00055070	LUA_CORE	T2	212
00055150	LUA_CORE	T2	116
000551d0	LUA_CORE	T2	628
00055450	LUA_CORE	T2	264
00055560	LUA_CORE	T2	124
000555e0	LUA_CORE	T2	44
00055610	LUA_CORE	T2	32
00055630	LUA_CORE	T2	132
000556c0	LUA_CORE	T2	184
00055780	LUA_CORE	T2	100
000557f0	LUA_CORE	T2	556
00055a20	LUA_CORE	T1	248
00055b20	LUA_CORE	T2	152
00055bc0	LUA_CORE	T2	364
00055d30	LUA_CORE	T2	464
00055f00	LUA_CORE	T2	180
00055fc0	LUA_CORE	T2	296
000560f0	LUA_CORE	T2	88
00056150	LUA_CORE	T2	136
000561e0	LUA_CORE	T2	252
00056260	LUA_CORE	T2	212
00056340	LUA_CORE	T2	136
00056450	LUA_CORE	T2	100
000564c0	LUA_CORE	T2	44
000564f0	LUA_CORE	T2	232
000565e0	LUA_CORE	T2	348
00056740	LUA_CORE	T2	104
000567b0	LUA_CORE	T2	44
000567e0	LUA_CORE	T2	156
00056880	LUA_CORE	T2	320
000569c0	LUA_CORE	T2	80
00056a10	LUA_CORE	T2	96
00056a70	LUA_CORE	T2	80
00056ac0	LUA_CORE	T2	92
00056b20	LUA_CORE	T2	196
00056bf0	LUA_CORE	T2	164
00056ca0	LUA_CORE	T2	532
00056ec0	LUA_CORE	T2	56
00056f00	LUA_CORE	T2	96
00056f60	LUA_CORE	T2	184
00057020	LUA_CORE	T2	24
00057040	LUA_CORE	T2	180
00057100	LUA_CORE	T2	88
00057160	LUA_CORE	T2	220
00057240	LUA_CORE	T2	92
000572a0	LUA_CORE	T2	88
00057300	LUA_CORE	T2	160
000573a0	LUA_CORE	T2	112
00057410	LUA_CORE	T2	52
00057450	LUA_CORE	T2	112
000574c0	LUA_CORE	T2	112
00057530	LUA_CORE	T2	116
000575b0	LUA_CORE	T2	228
000576a0	LUA_CORE	T2	100
00057710	LUA_CORE	T2	108
00057780	LUA_CORE	T2	256
00057880	LUA_CORE	T2	104
000578f0	LUA_CORE	T2	108
00057960	LUA_CORE	T2	88
000579c0	LUA_CORE	T2	84
00057a20	LUA_CORE	T2	164
00057ad0	LUA_CORE	T2	48
00057b00	LUA_CORE	T2	224
00057be0	LUA_CORE	T2	104
00057c50	LUA_CORE	T2	48
00057c80	LUA_CORE	T2	48
00057cb0	LUA_CORE	T2	252
00057db0	LUA_CORE	T2	148
00057e50	LUA_CORE	T2	88
00057eb0	LUA_CORE	T2	392
00058040	LUA_CORE	T2	84
000580a0	LUA_CORE	T2	396
00058230	LUA_CORE	T2	1052
00058650	LUA_CORE	T2	360
000587c0	LUA_CORE	T2	32
000587e0	LUA_CORE	T2	80
00058830	LUA_CORE	T2	108
000588a0	LUA_CORE	T2	296
000589d0	LUA_CORE	T2	128
00058a50	LUA_CORE	T2	80
00058aa0	LUA_CORE	T1	564
00058ce0	LUA_CORE	T2	316
00058e20	LUA_CORE	T2	96
00058e80	LUA_CORE	T2	144
00058f10	LUA_CORE	T2	200
00058fe0	LUA_CORE	T2	164
00059090	LUA_CORE	T2	76
000590e0	LUA_CORE	T2	8
000590f0	LUA_CORE	T2	8
00059100	LUA_CORE	T2	8
00059110	LUA_CORE	T2	76
00059160	LUA_CORE	T2	456
00059330	LUA_CORE	T2	400
000594c0	LUA_CORE	T2	576
00059980	LUA_CORE	T2	76
000599d0	LUA_CORE	T2	252
00059ad0	LUA_CORE	T2	268
00059be0	LUA_CORE	T2	44
00059c10	LUA_CORE	T2	112
00059c80	LUA_CORE	T2	108
00059cf0	LUA_CORE	T2	108
00059d60	LUA_CORE	T2	112
00059dd0	LUA_CORE	T2	96
00059e30	LUA_CORE	T2	368
00059fa0	LUA_CORE	T2	896
0005a320	LUA_CORE	T2	236
0005a410	LUA_CORE	T2	124
0005a490	LUA_CORE	T2	348
0005a5f0	LUA_CORE	T1	132
0005a680	LUA_CORE	T2	200
0005a750	LUA_CORE	T1	172
0005a800	LUA_CORE	T1	304
0005a930	LUA_CORE	T2	648
0005abc0	LUA_CORE	T1	1304
0005b0e0	LUA_CORE	T1	128
0005b160	LUA_CORE	T1	156
0005b200	LUA_CORE	T1	832
0005b540	LUA_CORE	T2	512
0005b750	LUA_CORE	T2	16
0005b760	LUA_CORE	T2	140
0005b7f0	LUA_CORE	T2	372
0005b970	LUA_CORE	T2	240
0005ba60	LUA_CORE	T2	272
0005bdb0	LUA_CORE	T2	2244
0005c680	LUA_CORE	T2	52
0005c6c0	LUA_CORE	T2	104
0005c730	LUA_CORE	T2	120
0005c7b0	LUA_CORE	T2	192
0005c870	LUA_CORE	T2	152
0005c910	LUA_CORE	T2	68
0005c960	LUA_CORE	T2	188
0005ca20	LUA_CORE	T2	108
0005ca90	LUA_CORE	T2	48
0005cac0	LUA_CORE	T2	284
0005cbe0	LUA_CORE	T2	32
0005cc00	LUA_CORE	T2	44
0005cc30	LUA_CORE	T2	40
0005cc60	LUA_CORE	T2	76
0005ccb0	LUA_CORE	T2	48
0005cce0	LUA_CORE	T2	216
0005cdc0	LUA_CORE	T2	192
0005ce80	LUA_CORE	T2	456
0005d050	LUA_CORE	T2	3096
0005dc70	LUA_CORE	T2	360
0005dde0	LUA_CORE	T2	376
0005df60	LUA_CORE	T2	416
0005e100	LUA_CORE	T2	2040
0005e900	LUA_CORE	T2	288
0005ea20	LUA_CORE	T2	516
0005ec30	LUA_CORE	T2	484
0005ee20	LUA_CORE	T2	152
0005eec0	LUA_CORE	T2	120
0005ef40	LUA_CORE	T2	40
0005ef70	LUA_CORE	T2	512
0005f170	LUA_CORE	T2	296
0005f2a0	LUA_CORE	T2	40
0005f2d0	LUA_CORE	T2	108
0005f340	LUA_CORE	T2	124
0005f3c0	LUA_CORE	T2	428
0005f430	LUA_CORE	T2	292
0005f560	LUA_CORE	T2	68
0005f5b0	LUA_CORE	T2	384
0005f730	LUA_CORE	T2	1968
0005fee0	LUA_CORE	T2	324
00060170	LUA_CORE	T2	96
000601d0	LUA_CORE	T2	184
00060290	LUA_CORE	T2	84
000602f0	LUA_CORE	T2	212
000603d0	LUA_CORE	T2	172
00060480	LUA_CORE	T2	100
000604f0	LUA_CORE	T2	108
00060560	LUA_CORE	T2	108
000605d0	LUA_CORE	T2	84
00060630	LUA_CORE	T2	236
00060720	LUA_CORE	T2	116
000607a0	LUA_CORE	T2	52
000607e0	LUA_CORE	T2	52
00060820	LUA_CORE	T2	88
00060880	LUA_CORE	T2	152
00060920	LUA_CORE	T2	52
00060960	LUA_CORE	T2	72
000609b0	LUA_CORE	T2	52
000609f0	LUA_CORE	T2	100
00060a60	LUA_CORE	T2	152
00060b00	LUA_CORE	T2	220
00060be0	LUA_CORE	T2	72
00060c30	LUA_CORE	T2	180
00060cf0	LUA_CORE	T2	172
00060da0	LUA_CORE	T2	172
00060e50	LUA_CORE	T2	184
00060f10	LUA_CORE	T2	72
00060f60	LUA_CORE	T2	288
00061080	LUA_CORE	T2	40
000610b0	LUA_CORE	T2	52
000610f0	LUA_CORE	T2	72
00061140	LUA_CORE	T2	52
00061180	LUA_CORE	T2	128
00061200	LUA_CORE	T2	52
00061240	LUA_CORE	T2	52
00061280	LUA_CORE	T2	52
000612c0	LUA_CORE	T2	84
00061320	LUA_CORE	T2	68
00061370	LUA_CORE	T2	80
000613c0	LUA_CORE	T2	52
00061400	LUA_CORE	T2	264
00061510	LUA_CORE	T2	160
000615b0	LUA_CORE	T2	20
000615d0	LUA_CORE	T2	668
00061870	LUA_CORE	T2	280
00061990	LUA_CORE	T2	116
00061a10	LUA_CORE	T2	260
00061b20	LUA_CORE	T2	176
00061bd0	LUA_CORE	T2	388
00061d60	LUA_CORE	T2	128
00061de0	LUA_CORE	T2	180
00061ea0	LUA_CORE	T2	180
00061f60	LUA_CORE	T2	240
00062050	LUA_CORE	T2	576
00062290	LUA_CORE	T2	104
00062300	LUA_CORE	T2	32
00062320	LUA_CORE	T2	68
00062370	LUA_CORE	T2	700
00062630	LUA_CORE	T2	164
000626e0	LUA_CORE	T2	40
00062710	LUA_CORE	T2	692
000629d0	LUA_CORE	T2	124
00062a50	LUA_CORE	T2	212
00062b30	LUA_CORE	T2	1136
00062fa0	LUA_CORE	T2	104
00063010	LUA_CORE	T2	360
00063180	LUA_CORE	T2	88
000631e0	LUA_CORE	T2	64
00063220	LUA_CORE	T2	1048
00063640	LUA_CORE	T2	216
00063720	LUA_CORE	T2	504
00063920	LUA_CORE	T2	304
00063a50	LUA_CORE	T2	352
00063bb0	LUA_CORE	T2	116
00063c30	LUA_CORE	T2	4168
00064c80	LUA_CORE	T2	428
00064e30	LUA_CORE	T2	492
00065020	LUA_CORE	T2	832
00065360	LUA_CORE	T2	936
00065710	LUA_CORE	T2	716
000659e0	LUA_CORE	T2	1128
00065e50	LUA_CORE	T2	716
00066120	LUA_CORE	T2	316
00066260	LUA_CORE	T2	348
000663c0	LUA_CORE	T2	152
00066460	LUA_CORE	T2	476
00066640	LUA_CORE	T2	336
00066790	LUA_CORE	T2	96
000667f0	LUA_CORE	T2	280
00066910	LUA_CORE	T2	16
00066920	LUA_CORE	T2	56
00066960	LUA_CORE	T2	800
00066c80	LUA_CORE	T2	212
00066d60	LUA_CORE	T2	588
00066fb0	LUA_CORE	T2	144
00067040	LUA_CORE	T2	16
00067050	LUA_CORE	T2	152
000670f0	LUA_CORE	T2	200
000671c0	LUA_CORE	T2	12
000671d0	LUA_CORE	T2	24
000671f0	LUA_CORE	T2	16
00067200	LUA_CORE	T2	160
000672a0	LUA_CORE	T2	404
00067440	LUA_CORE	T2	96
000674a0	LUA_CORE	T2	472
00067680	LUA_CORE	T2	116
00067700	LUA_CORE	T2	68
00067750	LUA_CORE	T2	80
000677a0	LUA_CORE	T2	52
000677e0	LUA_CORE	T2	380
00067960	LUA_CORE	T2	60
000679a0	LUA_CORE	T2	192
00067a60	LUA_CORE	T2	100
00067ad0	LUA_CORE	T2	300
00067c00	LUA_CORE	T2	160
00067ca0	LUA_CORE	T2	1724
00068360	LUA_CORE	T2	256
00068460	LUA_CORE	T2	32
00068480	LUA_CORE	T2	20
000684a0	LUA_CORE	T2	132
000685f0	LUA_CORE	T2	284
00068710	LUA_CORE	T2	260
00068820	LUA_CORE	T2	452
000689f0	LUA_CORE	T2	560
00068c20	LUA_CORE	T2	360
00068d90	LUA_CORE	T2	76
00068de0	LUA_CORE	T2	936
00069190	LUA_CORE	T2	412
00069330	LUA_CORE	T2	296
00069460	LUA_CORE	T2	1660
00069ae0	LUA_CORE	T2	24
00069b00	LUA_CORE	T2	148
00069ba0	LUA_CORE	T2	464
00069d70	LUA_CORE	T2	944
0006a120	LUA_CORE	T2	84
0006a180	LUA_CORE	T2	16
0006a190	LUA_CORE	T2	316
0006a2d0	LUA_CORE	T2	168
0006a380	LUA_CORE	T2	128
0006a400	LUA_CORE	T2	96
0006a460	LUA_CORE	T2	4356
0006bdf0	LUA_CORE	T2	40
0006be20	LUA_CORE	T2	196
0006bef0	LUA_CORE	T2	416
0006c090	LUA_CORE	T2	1244
0006c570	LUA_CORE	T2	1196
0006ca20	LUA_CORE	T2	36
0006ca50	LUA_CORE	T2	72
0006caa0	LUA_CORE	T2	96
0006cb00	LUA_CORE	T2	124
0006cb80	LUA_CORE	T2	248
0006cc80	LUA_CORE	T2	436
0006ce40	LUA_CORE	T2	180
0006cf00	LUA_CORE	T2	368
0006d070	LUA_CORE	T2	220
0006d150	LUA_CORE	T2	200
0006d220	LUA_CORE	T2	12
0006d290	LUA_CORE	T2	64
0006d2d0	LUA_CORE	T2	104
0006d340	LUA_CORE	T2	380
0006d4c0	LUA_CORE	T2	100
0006d530	LUA_CORE	T2	496
0006d720	LUA_CORE	T2	464
0006d8f0	LUA_CORE	T2	72
0006d940	LUA_CORE	T2	80
0006d990	LUA_CORE	T2	196
0006da60	LUA_CORE	T2	92
0006dac0	LUA_CORE	T2	200
0006db90	LUA_CORE	T2	284
0006dcb0	LUA_CORE	T2	220
0006dd90	LUA_CORE	T2	164
0006de40	LUA_CORE	T2	8
0006de50	LUA_CORE	T2	1872
0006e5a0	LUA_CORE	T2	168
0006e650	LUA_CORE	T2	1328
0006eb80	LUA_CORE	T2	56
0006ebc0	LUA_CORE	T2	148
0006ec60	LUA_CORE	T2	820
0006ec70	LUA_CORE	T2	332
0006edc0	LUA_CORE	T2	140
0006ee50	LUA_CORE	T2	212
0006ef30	LUA_CORE	T2	148
0006efd0	LUA_CORE	T2	2424
0006f950	LUA_CORE	T2	276
0006fa70	LUA_CORE	T2	964
0006fe40	LUA_CORE	T2	28
00070190	LUA_CORE	T2	2916
00070d00	LUA_CORE	T2	268
00070e10	LUA_CORE	T2	212
00070ef0	LUA_CORE	T2	240
00070fe0	LUA_CORE	T2	256
000710e0	LUA_CORE	T2	1028
000714f0	LUA_CORE	T2	432
000716a0	LUA_CORE	T2	436
00071860	LUA_CORE	T2	832
00071ba0	LUA_CORE	T2	188
00071c60	LUA_CORE	T2	100
00071cd0	LUA_CORE	T2	32
00071cf0	LUA_CORE	T2	56
00071d30	LUA_CORE	T2	112
00071da0	LUA_CORE	T1	1076
000721e0	LUA_CORE	T2	332
00072330	LUA_CORE	T2	124
000723b0	LUA_CORE	T2	100
00072420	LUA_CORE	T2	216
00072500	LUA_CORE	T2	504
00072700	LUA_CORE	T2	616
00072970	LUA_CORE	T2	88
000729d0	LUA_CORE	T2	420
00072b80	LUA_CORE	T2	256
00072c80	LUA_CORE	T2	156
00072d20	LUA_CORE	T2	244
00072e20	LUA_CORE	T2	236
00072f10	LUA_CORE	T2	600
00073170	LUA_CORE	T2	168
00073220	LUA_CORE	T2	260
00073330	LUA_CORE	T2	1080
00073770	LUA_CORE	T2	180
00073830	LUA_CORE	T2	104
000738a0	LUA_CORE	T2	84
00073900	LUA_CORE	T2	112
00073970	LUA_CORE	T2	172
00073a20	LUA_CORE	T2	204
00073af0	LUA_CORE	T2	424
00073ca0	LUA_CORE	T2	268
00073db0	LUA_CORE	T2	108
00073e20	LUA_CORE	T2	892
000741a0	LUA_CORE	T2	1664
00074820	LUA_CORE	T2	56
00074860	LUA_CORE	T2	352
000749c0	LUA_CORE	T2	452
00074b90	LUA_CORE	T2	532
00074db0	LUA_CORE	T2	288
00074ed0	LUA_CORE	T2	508
000750d0	LUA_CORE	T2	88
00075130	LUA_CORE	T2	404
000752d0	LUA_CORE	T2	192
00075390	LUA_CORE	T2	268
000754a0	LUA_CORE	T2	320
000755e0	LUA_CORE	T2	488
000757d0	LUA_CORE	T2	636
00075a50	LUA_CORE	T2	704
00075d10	LUA_CORE	T2	936
00076070	LUA_CORE	T1	792
00076390	LUA_CORE	T2	256
00076490	LUA_CORE	T2	80
000764e0	LUA_CORE	T1	72
00076530	LUA_CORE	T2	40
00076560	LUA_CORE	T2	396
000766f0	LUA_CORE	T1	10716
000790d0	LUA_CORE	T3	92
00079130	LUA_CORE	T3	16
00079140	LUA_CORE	T3	164
000791e4	HAVOK	T3	7764
0007ddfc	HAVOK	T3	4788
00080ef4	HAVOK	T3	8248
00083080	HAVOK	T3	3564
00083e70	HAVOK	T3	296
00085698	HAVOK	T3	80
00086e8c	HAVOK	T3	1524
00087480	HAVOK	T3	2000
00087c50	HAVOK	T3	5992
000893b8	HAVOK	T3	6268
0008ac34	HAVOK	T3	544
0008ae54	HAVOK	T3	2428
0008f958	HAVOK	T3	13156
00092cbc	HAVOK	T3	12432
00095d4c	HAVOK	T3	6164
00097560	HAVOK	T3	13420
0009a9cc	HAVOK	T3	12644
0009db30	HAVOK	T3	1564
0009e14c	HAVOK	T3	6200
0009f984	HAVOK	T3	1820
000a00a0	HAVOK	T3	6412
000a19ac	HAVOK	T3	1704
000a2054	HAVOK	T3	1228
000a2520	HAVOK	T3	5604
000a3b04	HAVOK	T3	1736
000a41cc	HAVOK	T3	1280
000a46cc	HAVOK	T3	1696
000a4d6c	HAVOK	T3	1228
000a5238	HAVOK	T3	1736
000a5900	HAVOK	T3	1280
000af760	HAVOK	T1	2604
000b01f4	HAVOK	T2	696
000b04ac	HAVOK	T2	8
000b04b4	HAVOK	T2	32
000b04d4	HAVOK	T2	52
000b0508	HAVOK	T2	164
000b05b0	HAVOK	T2	72
000b0600	HAVOK	T2	2056
000b0e10	HAVOK	T2	32
000b0e30	HAVOK	T2	1332
000b1364	HAVOK	T2	524
000b15f8	HAVOK	T1	1828
000b1d20	HAVOK	T2	44
000b1d4c	HAVOK	T2	36
000b1d70	HAVOK	T2	356
000b1ed4	HAVOK	T2	112
000b1f44	HAVOK	T2	120
000b1fbc	HAVOK	T2	176
000b206c	HAVOK	T2	3024
000b2c3c	HAVOK	T2	52
000b2c70	HAVOK	T2	560
000b2ea0	HAVOK	T2	64
000b2ee0	HAVOK	T2	580
000b3124	HAVOK	T2	2940
000b3ca0	HAVOK	T2	1120
000b4100	HAVOK	T2	812
000b442c	HAVOK	T2	9288
000b6874	HAVOK	T2	160
000b6914	HAVOK	T2	12
000b6920	HAVOK	T2	156
000b69bc	HAVOK	T2	168
000b6a64	HAVOK	T2	156
000b6b00	HAVOK	T2	392
000b6c88	HAVOK	T2	440
000b9e38	HAVOK	T2	12
000b9e44	HAVOK	T2	12
000b9e50	HAVOK	T2	4568
000bb028	HAVOK	T2	456
000bb1f0	HAVOK	T2	12
000bb1fc	HAVOK	T2	14984
000bec84	HAVOK	T2	160
000bed24	HAVOK	T2	32
000bed44	HAVOK	T2	288
000bee64	HAVOK	T2	160
000bef04	HAVOK	T2	160
000befa4	HAVOK	T2	216
000bf07c	HAVOK	T2	264
000bf184	HAVOK	T2	824
000bf4bc	HAVOK	T2	3592
000c02c4	HAVOK	T2	1840
000c09f4	HAVOK	T2	1636
000c1060	HAVOK	T2	44
000c108c	HAVOK	T2	384
000c120c	HAVOK	T2	528
000c141c	HAVOK	T2	296
000c1544	HAVOK	T2	4452
000c26b0	HAVOK	T2	260
000c27b4	HAVOK	T2	3112
000c33dc	HAVOK	T2	612
000c3640	HAVOK	T2	56
000c3678	HAVOK	T2	324
000c37c0	HAVOK	T2	252
000c38c0	HAVOK	T2	44
000c38f0	HAVOK	T2	44
000c3920	HAVOK	T2	68
000c3964	HAVOK	T2	7872
000c5824	HAVOK	T2	496
000c5a14	HAVOK	T2	2580
000c6428	HAVOK	T2	496
000c6618	HAVOK	T2	780
000c6924	HAVOK	T2	508
000c6b20	HAVOK	T2	644
000c6db0	HAVOK	T2	368
000c6f20	HAVOK	T2	628
000c7194	HAVOK	T2	404
000c7328	HAVOK	T2	476
000c7560	HAVOK	T2	44
000c7590	HAVOK	T2	68
000c75d4	HAVOK	T2	4
000c75d8	HAVOK	T2	4
000c75dc	HAVOK	T2	7584
000c937c	HAVOK	T2	52
000c93b0	HAVOK	T2	128
000c9430	HAVOK	T2	48
000c9460	HAVOK	T2	12
000c9470	HAVOK	T2	92
000c94d0	HAVOK	T2	144
000c9560	HAVOK	T2	4
000c9570	HAVOK	T2	12
000c957c	HAVOK	T2	8
000c9590	HAVOK	T2	120
000c9610	HAVOK	T2	92
000c966c	HAVOK	T2	32
000c9690	HAVOK	T2	100
000c96f4	HAVOK	T2	44
000c9720	HAVOK	T1	2700
000ca1ac	HAVOK	T2	132
000ca230	HAVOK	T1	468
000ca410	HAVOK	T2	144
000ca47c	HAVOK	T2	12
000ca488	HAVOK	T2	128
000ca508	HAVOK	T2	116
000ca57c	HAVOK	T2	80
000ca5cc	HAVOK	T2	240
000ca6bc	HAVOK	T2	60
000ca6f8	HAVOK	T2	32
000ca720	HAVOK	T2	112
000ca790	HAVOK	T2	68
000ca7e0	HAVOK	T2	44
000ca810	HAVOK	T2	8824
000cca90	HAVOK	T2	13132
000cfde0	HAVOK	T2	188
000cfea0	HAVOK	T2	2912
000d0a00	HAVOK	T2	124
000d0a7c	HAVOK	T2	1484
000d1048	HAVOK	T2	20
000d105c	HAVOK	T2	12
000d1068	HAVOK	T2	20
000d107c	HAVOK	T2	248
000d1090	HAVOK	T2	12
000d109c	HAVOK	T1	1176
000d1534	HAVOK	T2	4196
000d2598	HAVOK	T2	536
000d27b0	HAVOK	T2	996
000d2b94	HAVOK	T2	560
000d2dc4	HAVOK	T2	248
000d2ebc	HAVOK	T2	636
000d3138	HAVOK	T2	736
000d3418	HAVOK	T2	2832
000d3f30	HAVOK	T2	904
000d42c0	HAVOK	T2	908
000d4650	HAVOK	T2	916
000d49e4	HAVOK	T2	132
000d4a68	HAVOK	T2	168
000d4b10	HAVOK	T2	72
000d4b58	HAVOK	T2	80
000d4ba8	HAVOK	T2	60
000d4be4	HAVOK	T2	56
000d4c1c	HAVOK	T2	688
000d4ecc	HAVOK	T2	36
000d4ef0	HAVOK	T2	1052
000d530c	HAVOK	T2	480
000d54ec	HAVOK	T2	200
000d55b4	HAVOK	T2	144
000d5644	HAVOK	T2	152
000d56dc	HAVOK	T2	524
000d58f0	HAVOK	T2	52
000d5930	HAVOK	T2	516
000d5b34	HAVOK	T2	104
000d5b9c	HAVOK	T2	32
000d5bbc	HAVOK	T2	12
000d5bc8	HAVOK	T2	12
000d5bd4	HAVOK	T2	540
000d5e20	HAVOK	T2	520
000d6028	HAVOK	T2	992
000d6408	HAVOK	T2	528
000d6618	HAVOK	T2	1032
000d6a20	HAVOK	T2	832
000d6d60	HAVOK	T2	780
000d706c	HAVOK	T2	504
000d7264	HAVOK	T2	980
000d7638	HAVOK	T1	888
000d7a78	HAVOK	T2	208
000d7b48	HAVOK	T2	204
000d7c14	HAVOK	T2	172
000d7cc0	HAVOK	T2	92
000d7d20	HAVOK	T2	652
000d7fb0	HAVOK	T2	68
000d7ff4	HAVOK	T2	32
000d8014	HAVOK	T2	72
000d805c	HAVOK	T2	80
000d80ac	HAVOK	T1	2236
000d896c	HAVOK	T2	32
000d898c	HAVOK	T2	144
000d8a1c	HAVOK	T2	152
000d8ab4	HAVOK	T2	524
000d8cc0	HAVOK	T2	104
000d8d28	HAVOK	T2	12
000d8d34	HAVOK	T2	520
000d8f3c	HAVOK	T2	1364
000d9490	HAVOK	T2	528
000d96a0	HAVOK	T2	1404
000d9c1c	HAVOK	T2	1188
000da0c0	HAVOK	T2	504
000da2b8	HAVOK	T2	1340
000da7f4	HAVOK	T2	12
000da800	HAVOK	T2	80
000da850	HAVOK	T2	80
000da8a0	HAVOK	T2	80
000da8f0	HAVOK	T2	80
000da940	HAVOK	T2	120
000da9b8	HAVOK	T2	12
000da9c4	HAVOK	T2	68
000daa08	HAVOK	T2	156
000daaa4	HAVOK	T2	80
000daaf4	HAVOK	T2	96
000dab54	HAVOK	T2	104
000dabbc	HAVOK	T2	32
000dabdc	HAVOK	T2	12
000dabe8	HAVOK	T2	60
000dac24	HAVOK	T2	80
000dac74	HAVOK	T2	76
000dacc0	HAVOK	T2	80
000dad10	HAVOK	T2	56
000dad48	HAVOK	T2	12
000dad54	HAVOK	T2	60
000dad90	HAVOK	T2	128
000dae10	HAVOK	T2	76
000dae5c	HAVOK	T2	148
000daef0	HAVOK	T2	212
000dafc4	HAVOK	T2	220
000db0a0	HAVOK	T2	212
000db174	HAVOK	T2	220
000db250	HAVOK	T2	68
000db2a0	HAVOK	T2	68
000db2e4	HAVOK	T1	808
000decb8	NET	T3	88
000ef788	NET	T1	60
000ef7c4	NET	T2	280
000ef8dc	NET	T1	268
000ef9e8	NET	T2	140
000efa74	NET	T1	240
000efb64	NET	T1	480
000efd44	NET	T1	656
000effd4	NET	T1	796
000f02f0	NET	T2	1792
000f09f0	NET	T2	136
000f0a78	NET	T2	72
000f0ac0	NET	T2	200
000f0b88	NET	T2	124
000f0c04	NET	T2	104
000f0c6c	NET	T2	16
000f0c7c	NET	T2	72
000f0cc4	NET	T2	72
000f0d0c	NET	T2	52
000f0d40	NET	T1	400
000f1944	NET	T3	360
000f1aac	NET	T3	124
00103eb0	NET	T3	20
0010460c	NN_SDK	T1	32
0010567c	NET	T3	56
001056b4	NET	T3	4
001056b8	NET	T3	8
001056c0	NET	T3	8
001056c8	NET	T3	8
001056d0	NET	T3	8
001056d8	NET	T3	8
001056e0	NET	T3	8
001056e8	NET	T3	8
001056f0	NET	T3	40
00105718	NET	T3	40
00105740	NET	T3	8
00105748	NET	T3	8
00105750	NET	T3	36
00105774	NET	T3	240
00105864	NET	T3	96
001058e0	NET	T3	568
00105b18	NET	T3	72
00105b60	NET	T3	48
00105b90	NET	T3	52
00105bc4	NET	T3	36
00105c0c	NET	T3	44
00105c38	NET	T3	40
00105c6c	NET	T3	136
00105d28	NET	T3	68
00105d6c	NET	T3	1088
001061ac	NET	T3	212
00106280	NET	T3	60
00106330	NET	T3	80
00106380	NET	T3	68
001063c4	NET	T3	412
00106560	NET	T3	376
00106c04	NET	T3	380
00106d80	NET	T3	104
00106de8	NET	T3	144
00106e78	NET	T3	156
00106f14	NET	T3	76
00106f60	NET	T3	132
00106fe4	NET	T3	2632
00107a2c	NET	T3	944
00107ddc	NET	T3	168
00107e84	NET	T3	472
0010805c	NET	T3	132
001080e0	NET	T3	320
00108220	NET	T3	176
001082d0	NET	T3	344
00108428	NET	T3	116
0010849c	NET	T3	208
0010856c	NET	T3	388
001086f0	NET	T3	888
00108a68	NET	T3	576
00108ca8	NET	T3	484
00108e8c	NET	T3	160
00108f2c	NET	T3	200
00108ff4	NET	T3	208
001090c4	NET	T3	132
00109148	NET	T3	424
001092f0	NET	T3	176
001093a0	NET	T3	224
00109480	NET	T3	6928
0010af90	NET	T3	88
0010afe8	NET	T3	384
0010b168	NET	T3	248
0010b260	NET	T3	156
0010b2fc	NET	T3	168
0010b3a4	NET	T3	160
0010b444	NET	T3	124
0010b4c0	NET	T3	296
0010b684	NET	T3	548
0010b8a8	NET	T3	100
0010b9d4	NET	T3	72
0010ba8c	NET	T3	68
0010bad0	NET	T3	408
0010bc68	NET	T3	192
0010bd28	NET	T3	168
0010bdd0	NET	T3	104
0010be38	NET	T3	120
0010beb0	NET	T3	108
0010c094	NET	T3	212
0010c168	NET	T3	16
0010c178	NET	T3	160
0010c218	NET	T3	52
0010c24c	NET	T3	16
0010c25c	NET	T3	20
0010c270	NET	T3	172
0010c31c	NET	T3	116
0010c390	NET	T3	144
0010c420	NET	T3	92
0010c47c	NET	T3	44
0010c4a8	NET	T3	132
0010c52c	NET	T3	152
0010c5c4	NET	T3	84
0010c618	NET	T3	76
0010c664	NET	T3	164
0010c708	NET	T3	36
0010c72c	NET	T3	12
0010c75c	NET	T3	16
0010c7ac	NET	T3	68
0010c7f0	NET	T3	84
0010c844	NET	T3	24
0010c85c	NET	T3	72
0010c8b4	NET	T3	16
0010c8c4	NET	T3	44
0010c918	NET	T3	40
0010c960	NET	T3	52
0010c998	NET	T3	40
0010c9fc	NET	T3	28
0010ca18	NET	T3	28
0010ca74	NET	T3	16
0010ca84	NET	T3	176
0010cb34	NET	T3	72
0010cb7c	NET	T3	272
0010cc8c	NET	T3	64
0010cccc	NET	T3	60
0010cd08	NET	T3	76
0010cd54	NET	T3	8
0010cd5c	NET	T3	76
0010cda8	NET	T3	40
0010cdd0	NET	T3	112
0010ce40	NET	T3	96
0010cea0	NET	T3	8
0010cea8	NET	T3	60
0010cee4	NET	T3	248
0010cfdc	NET	T3	144
0010d06c	NET	T3	52
0010d0a0	NET	T3	72
0010d0e8	NET	T3	12
0010d0f4	NET	T3	128
0010d174	NET	T3	80
0010d1c4	NET	T3	76
0010d210	NET	T3	44
0010d23c	NET	T3	112
0010d2ac	NET	T3	28
0010d2c8	NET	T3	180
0010d37c	NET	T3	284
0010d498	NET	T3	92
0010d4f4	NET	T3	360
0010d65c	NET	T3	140
0010d6e8	NET	T3	196
0010d7ac	NET	T3	120
0010d824	NET	T3	116
0010d898	NET	T3	96
0010d8f8	NET	T3	104
0010d960	NET	T3	4
0010d964	NET	T3	128
0010d9e4	NET	T3	68
0010da28	NET	T3	68
0010da6c	NET	T3	228
0010db50	NET	T3	76
0010db9c	NET	T3	1432
0010e134	NET	T3	188
0010e1f0	NET	T3	48
0010e220	NET	T3	1624
0010e878	NET	T3	116
0010e8ec	NET	T3	80
0010e93c	NET	T3	160
0010e9dc	NET	T3	260
0010eae0	NET	T3	60
0010eb1c	NET	T3	276
0010ec30	NET	T3	112
0010eca0	NET	T3	216
0010ed78	NET	T3	3592
0010fb80	NET	T3	596
0010fdd4	NET	T3	304
0010ff04	NET	T3	60
0010ff40	NET	T3	836
00110284	NET	T3	12
00110290	NET	T3	236
0011037c	NET	T3	128
001103fc	NET	T3	100
00110460	NET	T3	24
00110478	NET	T3	44
001104a4	NET	T3	2076
00110cc0	NET	T3	176
00110d70	NET	T3	160
00110e10	NET	T3	16
00110e20	NET	T3	48
00110e50	NET	T3	60
00110e8c	NET	T3	252
00110f88	NET	T3	84
00110fdc	NET	T3	80
0011102c	NET	T3	8
00111034	NET	T3	120
001110ac	NET	T3	120
001112b0	NET	T3	124
0011132c	NET	T3	8
001113ec	NET	T3	48
00111560	NET	T3	28
00111830	NET	T3	152
001118c8	NET	T3	236
001119e8	NET	T3	68
00111a2c	NET	T3	64
00111a98	NET	T3	32
00111b34	NET	T3	24
00111b4c	NET	T3	32
00111f0c	NET	T3	216
00111fe4	NET	T3	124
00112060	NET	T3	120
00112108	NET	T3	104
00112170	NET	T3	388
001122f4	NET	T3	8
001122fc	NET	T3	208
001123e4	NET	T3	8
001123ec	NET	T3	200
001124b4	NET	T3	208
00112584	NET	T3	184
0011263c	NET	T3	120
001126b4	NET	T3	28
00113030	NET	T1	7860
00114ef0	NET	T2	148
00114f90	NET	T2	12
00114fa0	NET	T2	960
00115360	NET	T2	8
00115370	NET	T2	716
00115640	NET	T2	8
00115650	NET	T1	1840
00115d80	NET	T2	1664
00116400	NET	T2	12
00116410	NET	T2	8
00116420	NET	T2	8
00116430	NET	T2	28
00116450	NET	T2	792
00116770	NET	T2	272
00116880	NET	T2	956
00116c40	NET	T2	272
00116d50	NET	T2	5864
00118440	NET	T2	408
001185e0	NET	T2	1804
00118cf0	NET	T2	1364
00119250	NET	T2	1812
00119970	NET	T2	616
00119be0	NET	T2	72
00119c30	NET	T2	252
00119d30	NET	T2	364
00119ea0	NET	T2	144
00119f30	NET	T2	356
0011a0a0	NET	T2	2320
0011a9b0	NET	T2	2412
0011b320	NET	T2	992
0011b700	NET	T2	1308
0011bc1c	NET	T2	48
0011bc4c	NET	T2	4
0011bc50	NET	T2	96
0011bcb0	NET	T2	56
0011bce8	NET	T2	56
0011bd20	NET	T2	56
0011bd58	NET	T2	164
0011bdfc	NET	T2	540
0011c018	NET	T2	12
0011c024	NET	T2	4
0011c028	NET	T2	56
0011c060	NET	T2	4
0011c064	NET	T2	112
0011c0d4	NET	T2	20
0011c0e8	NET	T2	16
0011c0f8	NET	T2	180
0011c1ac	NET	T2	8
0011c1b4	NET	T2	572
0011c3f0	NET	T2	380
0011c56c	NET	T2	1040
0011c97c	NET	T2	636
0011cbf8	NET	T2	712
0011cec0	NET	T2	8
0011cec8	NET	T2	372
0011d03c	NET	T2	232
0011d124	NET	T2	120
0011d19c	NET	T2	112
0011d20c	NET	T2	12
0011d218	NET	T2	224
0011d2f8	NET	T2	224
0011d3d8	NET	T2	156
0011d474	NET	T2	156
0011d50c	NET	T2	36
0011d530	NET	T2	516
0011d734	NET	T2	20
0011d748	NET	T2	52
0011d77c	NET	T2	260
0011d880	NET	T2	668
0011db1c	NET	T2	2108
0011e358	NET	T2	48
0011e388	NET	T2	128
0011e39c	NET	T2	52
0011e3d0	NET	T2	56
0011e408	NET	T2	88
0011e444	NET	T2	492
0011e630	NET	T2	220
0011e70c	NET	T2	12
0011e718	NET	T2	12
0011e724	NET	T2	20
0011e738	NET	T2	224
0011e880	NET	T2	112
0011e8f0	NET	T2	20
0011e920	NET	T2	24
0011e938	NET	T2	12
0011e944	NET	T2	24
0011e95c	NET	T2	12
0011e968	NET	T2	12
0011e974	NET	T2	12
0011e980	NET	T2	20
0011e994	NET	T2	20
0011e9a8	NET	T2	20
0011e9bc	NET	T2	16
0011e9cc	NET	T2	20
0011e9e0	NET	T2	8
0011e9e8	NET	T2	24
0011ea00	NET	T2	12
0011ea0c	NET	T2	20
0011ea20	NET	T2	24
0011ea38	NET	T2	72
0011ea80	NET	T2	308
0011ebb4	NET	T2	16
0011ebc4	NET	T2	32
0011ebe4	NET	T2	148
0011ec78	NET	T2	100
0011ecdc	NET	T2	332
0011ee28	NET	T2	32
0011ee48	NET	T2	364
0011efb4	NET	T2	12
0011efc0	NET	T2	68
0011f004	NET	T2	24
0011f01c	NET	T2	12
0011f028	NET	T2	12
0011f034	NET	T2	8
0011f03c	NET	T2	8
0011f044	NET	T2	12
0011f050	NET	T2	20
0011f064	NET	T2	20
0011f078	NET	T2	568
0011f35c	NET	T2	12
0011f368	NET	T2	152
0011f400	NET	T2	4
0011f404	NET	T2	76
0011f450	NET	T2	12
0011f45c	NET	T2	84
0011f4b4	NET	T2	40
0011f4dc	NET	T2	28
0011f500	NET	T2	100
0011f564	NET	T2	64
0011f5a4	NET	T2	96
0011f604	NET	T2	8
0011f60c	NET	T2	4
0011f610	NET	T2	56
0011f648	NET	T2	20
0011f65c	NET	T2	20
0011f670	NET	T2	80
0011f6c0	NET	T2	24
0011f6d8	NET	T2	100
0011f73c	NET	T2	4
0011f740	NET	T2	36
0011f764	NET	T2	236
0011f850	NET	T2	184
0011f908	NET	T2	8
0011f910	NET	T2	8
0011f918	NET	T2	8
0011f920	NET	T2	12
0011f92c	NET	T2	8
0011f934	NET	T2	8
0011f93c	NET	T2	8
0011f944	NET	T2	8
0011f94c	NET	T2	16
0011f95c	NET	T2	8
0011f964	NET	T2	20
0011f978	NET	T2	104
0011f9e0	NET	T2	176
0011fa90	NET	T2	216
0011fb68	NET	T2	520
0011fd70	NET	T2	128
0011fdf0	NET	T2	88
0011fe48	NET	T2	8
0011fe50	NET	T2	8
0011fe58	NET	T2	8
0011fe60	NET	T2	8
0011fe68	NET	T2	4
0011fe6c	NET	T2	8
0011fe74	NET	T2	8
0011fe7c	NET	T2	8
0011fe84	NET	T2	8
0011fe8c	NET	T2	96
0011fea4	NET	T2	4
0011fea8	NET	T2	436
0012005c	NET	T2	152
001200f4	NET	T2	16
00120104	NET	T2	8
0012010c	NET	T2	96
0012016c	NET	T2	20
00120180	NET	T2	4
00120184	NET	T2	4
00120188	NET	T2	208
00120258	NET	T2	448
00120418	NET	T2	84
00120420	NET	T2	4
00120424	NET	T2	4
00120428	NET	T2	4
0012042c	NET	T2	4
00120430	NET	T2	4
00120434	NET	T2	4
00120438	NET	T2	4
0012043c	NET	T2	4
00120440	NET	T2	68
00120484	NET	T2	20
00120498	NET	T2	4
0012049c	NET	T2	4
001204a0	NET	T2	208
00120570	NET	T2	448
00120730	NET	T2	84
00120738	NET	T2	4
0012073c	NET	T2	4
00120740	NET	T2	4
00120744	NET	T2	4
00120748	NET	T2	4
0012074c	NET	T2	4
00120750	NET	T2	4
00120754	NET	T2	4
00120758	NET	T2	16
00120768	NET	T2	576
001209a8	NET	T2	388
00120b2c	NET	T2	148
00120bbc	NET	T2	152
00120c54	NET	T2	3532
00121a20	NET	T2	156
00121abc	NET	T2	28
00121ad8	NET	T2	476
00121cb4	NET	T2	336
00121e04	NET	T2	2260
001226d8	NET	T2	452
0012289c	NET	T2	312
001229d4	NET	T2	24
001229ec	NET	T2	344
00122b44	NET	T2	120
00122bbc	NET	T2	44
00122c30	NET	T2	196
00122cf4	NET	T2	312
00122e2c	NET	T2	220
00122f08	NET	T2	872
00123270	NET	T2	104
001232d8	NET	T2	76
00123324	NET	T2	8
0012332c	NET	T2	8
00123334	NET	T2	128
001233b4	NET	T2	12
001233c0	NET	T2	16
001233d0	NET	T2	176
00123480	NET	T2	80
001234d0	NET	T2	112
00123540	NET	T2	468
00123714	NET	T2	72
0012375c	NET	T2	1040
00123b6c	NET	T2	532
00123d80	NET	T2	128
00123e00	NET	T2	84
00123e54	NET	T2	88
00123eac	NET	T2	72
00123ef4	NET	T2	4
00123f44	NET	T2	56
00123f7c	NET	T2	320
001240bc	NET	T2	1760
0012479c	NET	T2	144
0012482c	NET	T2	132
001248b0	NET	T2	2288
001251a0	NET	T2	100
00125204	NET	T2	980
001255e0	NET	T2	88
00125640	NET	T2	104
001256a8	NET	T2	72
001256f0	NET	T2	4
00125740	NET	T2	56
00125778	NET	T2	324
001258bc	NET	T2	1772
00125fa8	NET	T2	144
00126038	NET	T2	132
001260bc	NET	T2	2300
001269b8	NET	T2	984
00126d90	NET	T2	88
00126df0	NET	T2	104
00126e58	NET	T2	152
00126ef0	NET	T2	36
00126f14	NET	T2	8
00126f1c	NET	T2	816
00126f2c	NET	T2	152
00126fc4	NET	T2	36
00126fe8	NET	T2	8
00126ff0	NET	T2	160
00127090	NET	T2	156
0012744c	NET	T2	68
00127490	NET	T2	664
00127728	NET	T2	12
00127734	NET	T2	4
00127738	NET	T2	12
00127744	NET	T2	20
00127758	NET	T2	20
0012776c	NET	T2	48
0012779c	NET	T2	76
001277e8	NET	T2	72
00127830	NET	T2	16
00127840	NET	T2	64
00127880	NET	T2	260
00127984	NET	T2	352
00127ae4	NET	T2	956
00127ea0	NET	T2	504
00128098	NET	T2	172
00128144	NET	T2	500
00128338	NET	T2	372
001284ac	NET	T2	84
00128500	NET	T2	88
00128558	NET	T2	8
00128560	NET	T2	192
00128620	NET	T2	208
001286f0	NET	T2	68
00128734	NET	T2	2560
00129134	NET	T2	2092
00129960	NET	T2	332
00129aac	NET	T2	780
00129db8	NET	T2	12
00129dc4	NET	T2	292
00129ee8	NET	T2	24
00129f00	NET	T2	28
00129f1c	NET	T2	28
00129f38	NET	T2	24
00129f50	NET	T2	28
00129f6c	NET	T2	248
0012a064	NET	T2	492
0012a250	NET	T2	260
0012a354	NET	T2	152
0012a3ec	NET	T2	612
0012a650	NET	T2	340
0012a7a4	NET	T2	704
0012aa64	NET	T2	88
0012aabc	NET	T2	76
0012ab08	NET	T2	84
0012ab5c	NET	T2	188
0012ac18	NET	T2	112
0012ac88	NET	T2	356
0012adf0	NET	T2	228
0012aed4	NET	T2	536
0012b0ec	NET	T2	268
0012b1f8	NET	T2	544
0012b420	NET	T2	312
0012b558	NET	T2	80
0012b5a8	NET	T2	76
0012b5f4	NET	T2	84
0012b648	NET	T2	264
0012b74c	NET	T2	84
0012b7a0	NET	T2	84
0012b7f4	NET	T2	100
0012b858	NET	T2	112
0012b8c8	NET	T2	104
0012b930	NET	T2	204
0012b9fc	NET	T2	268
0012bb08	NET	T2	12
0012bb14	NET	T2	212
0012bbe8	NET	T2	668
0012be84	NET	T2	116
0012bef8	NET	T2	116
0012bf6c	NET	T2	140
0012bff8	NET	T2	12
0012c004	NET	T2	200
0012c0cc	NET	T2	292
0012c1f0	NET	T2	284
0012c30c	NET	T2	456
0012c4d4	NET	T2	140
0012c560	NET	T2	140
0012c5ec	NET	T2	12
0012c5f8	NET	T2	80
0012c600	NET	T2	152
0012c698	NET	T2	12
0012c6a4	NET	T2	24
0012c6bc	NET	T2	24
0012c6d4	NET	T2	528
0012c8e4	NET	T2	28
0012c900	NET	T2	4
0012c904	NET	T2	104
0012c96c	NET	T2	664
0012cc04	NET	T2	492
0012cdf0	NET	T2	20
0012ce04	NET	T2	8
0012ce0c	NET	T2	164
0012ceb0	NET	T2	20
0012cec4	NET	T2	4
0012cec8	NET	T2	108
0012cf34	NET	T2	12
0012cf70	NET	T2	92
0012cfcc	NET	T2	184
0012d0c8	NET	T2	68
0012d10c	NET	T2	116
0012d180	NET	T2	20
0012d1a0	NET	T2	20
0012d1c0	NET	T2	40
0012d1f0	NET	T2	12
0012d200	NET	T2	472
0012d3e0	NET	T2	100
0012d450	NET	T2	28
0012d46c	NET	T2	96
0012d4cc	NET	T2	4
0012d4d0	NET	T2	4
0012d4d4	NET	T2	8
0012d4dc	NET	T2	4
0012d4e0	NET	T2	96
0012d540	NET	T2	200
0012d608	NET	T2	4
0012d60c	NET	T2	4
0012d610	NET	T2	24
0012d630	NET	T2	12
0012d63c	NET	T2	72
0012d684	NET	T2	60
0012d6c0	NET	T2	28
0012d6dc	NET	T2	12
0012d6e8	NET	T2	68
0012d72c	NET	T2	24
0012d744	NET	T2	52
0012d778	NET	T2	132
0012d7fc	NET	T2	20
0012d810	NET	T2	40
0012d838	NET	T2	8
0012d840	NET	T2	8
0012d848	NET	T2	96
0012d8a8	NET	T2	4
0012d8ac	NET	T2	192
0012d96c	NET	T2	84
0012d9c0	NET	T2	204
0012da8c	NET	T2	112
0012dafc	NET	T2	112
0012db6c	NET	T2	1372
0012e0c8	NET	T2	560
0012e2f8	NET	T2	324
0012e43c	NET	T2	852
0012e790	NET	T2	312
0012e8c8	NET	T2	16
0012e8d8	NET	T2	928
0012ec78	NET	T2	24
0012ec90	NET	T2	216
0012ed68	NET	T2	128
0012ede8	NET	T2	1136
0012f258	NET	T2	1084
0012f694	NET	T2	128
0012f714	NET	T2	32
0012f734	NET	T2	12
0012f740	NET	T2	24
0012f758	NET	T2	1136
0012fbc8	NET	T2	20
0012fbdc	NET	T2	20
0012fbf0	NET	T2	80
0012fc40	NET	T2	80
0012fc90	NET	T2	644
0012ff14	NET	T2	444
001300d0	NET	T2	116
00130144	NET	T2	12
00130150	NET	T2	48
00130180	NET	T2	204
0013024c	NET	T2	72
00130294	NET	T2	268
001303a0	NET	T2	116
00130414	NET	T2	136
0013049c	NET	T2	156
00130538	NET	T2	32
00130558	NET	T2	84
001305ac	NET	T2	4
001305b0	NET	T2	172
0013065c	NET	T2	716
00130928	NET	T2	2168
001311a0	NET	T2	160
00131240	NET	T2	920
001315d8	NET	T2	4
001315dc	NET	T2	88
00131634	NET	T2	100
00131698	NET	T2	4
0013169c	NET	T2	36
001316c0	NET	T2	416
00131860	NET	T2	4
00131864	NET	T2	152
001318fc	NET	T2	20
00131910	NET	T2	52
00131944	NET	T2	540
00131b60	NET	T2	144
00131bf0	NET	T2	108
00131c5c	NET	T2	648
00131ee4	NET	T2	848
00132234	NET	T2	296
0013235c	NET	T2	152
001323f4	NET	T2	4
001323f8	NET	T2	152
00132490	NET	T2	8
00132498	NET	T2	16
001324a8	NET	T2	64
001324e8	NET	T2	100
0013254c	NET	T2	4
00132550	NET	T2	36
00132574	NET	T2	4
00132578	NET	T2	152
00132610	NET	T2	40
00132638	NET	T2	28
00132654	NET	T2	32
00132674	NET	T2	28
00132690	NET	T2	52
001326c4	NET	T2	48
001326f4	NET	T2	20
00132708	NET	T2	4
0013270c	NET	T2	404
001328a0	NET	T2	424
00132a48	NET	T2	424
00132bf0	NET	T2	960
00132fb0	NET	T2	1016
001333a8	NET	T2	656
00133638	NET	T2	304
00133768	NET	T2	1808
00133e78	NET	T2	48
00133ea8	NET	T2	772
001341ac	NET	T2	4
001341b0	NET	T2	200
00134280	NET	T2	24
00134298	NET	T2	872
00134600	NET	T2	116
00134674	NET	T2	132
001346f8	NET	T2	92
00134754	NET	T2	248
0013484c	NET	T2	236
00134938	NET	T2	36
0013495c	NET	T2	16
0013496c	NET	T2	84
001349c0	NET	T2	68
00134a04	NET	T2	1076
00134e38	NET	T2	128
00134eb8	NET	T2	568
001350e8	NET	T2	376
00135260	NET	T2	384
001353e0	NET	T2	108
0013544c	NET	T2	124
001354c8	NET	T2	144
00135558	NET	T2	160
001355f8	NET	T2	308
0013572c	NET	T2	84
00135780	NET	T2	180
00135834	NET	T2	16
00135844	NET	T2	16
00135854	NET	T2	24
0013586c	NET	T2	100
001358d0	NET	T2	204
0013599c	NET	T2	352
00135afc	NET	T2	176
00135bac	NET	T2	172
00135c58	NET	T2	420
00135dfc	NET	T2	304
00135f2c	NET	T2	100
00135f90	NET	T2	196
00136054	NET	T2	320
00136194	NET	T2	292
001362b8	NET	T2	12
001362c4	NET	T2	12
001362d0	NET	T2	24
001362e8	NET	T2	96
00136348	NET	T2	640
001365c8	NET	T2	348
00136724	NET	T2	1268
00136c18	NET	T2	1024
00137018	NET	T2	832
00137358	NET	T2	592
001375a8	NET	T2	1068
001379d4	NET	T2	224
00137ab4	NET	T2	1164
00137f40	NET	T2	468
00138114	NET	T2	648
0013839c	NET	T2	1852
00138ad8	NET	T2	1344
00139018	NET	T2	20
0013902c	NET	T2	4
00139030	NET	T2	8
00139038	NET	T2	20
0013904c	NET	T2	4
00139050	NET	T2	60
0013908c	NET	T2	20
001390a0	NET	T2	4
001390a4	NET	T2	60
001390e0	NET	T2	20
001390f4	NET	T2	4
001390f8	NET	T2	16
00139108	NET	T2	20
0013911c	NET	T2	4
00139120	NET	T2	152
001391b8	NET	T2	20
001391cc	NET	T2	4
001391d0	NET	T2	232
001392b8	NET	T2	20
001392cc	NET	T2	4
001392d0	NET	T2	96
00139330	NET	T2	20
00139344	NET	T2	4
00139348	NET	T2	16
00139358	NET	T2	56
00139394	NET	T2	192
00139454	NET	T2	64
00139494	NET	T2	144
00139524	NET	T2	24
0013953c	NET	T2	20
00139550	NET	T2	24
00139568	NET	T2	60
001395a4	NET	T2	364
00139710	NET	T2	4
00139714	NET	T2	16
00139724	NET	T2	176
001397d4	NET	T2	196
00139898	NET	T2	84
001398ec	NET	T2	4
001398f0	NET	T2	8
001398f8	NET	T2	96
00139958	NET	T2	36
0013997c	NET	T2	96
001399dc	NET	T2	36
00139a00	NET	T2	4
00139a04	NET	T2	220
00139ae0	NET	T2	156
00139b7c	NET	T2	76
00139bc8	NET	T2	88
00139c20	NET	T2	176
00139cd0	NET	T2	108
00139d3c	NET	T2	208
00139e0c	NET	T2	224
00139eec	NET	T2	152
00139f84	NET	T2	36
00139fa8	NET	T2	528
0013a1b8	NET	T2	64
0013a1f8	NET	T2	4
0013a1fc	NET	T2	36
0013a220	NET	T2	132
0013a284	NET	T2	176
0013a334	NET	T2	292
0013a458	NET	T2	276
0013a56c	NET	T2	20
0013a580	NET	T2	136
0013a608	NET	T2	76
0013a654	NET	T2	76
0013a6a0	NET	T2	76
0013a6ec	NET	T2	76
0013a738	NET	T2	156
0013a7d4	NET	T2	412
0013a970	NET	T2	220
0013aa4c	NET	T2	28
0013aa68	NET	T2	4
0013aa6c	NET	T2	12
0013aa78	NET	T2	4220
0013baf4	NET	T2	640
0013bd74	NET	T2	736
0013c054	NET	T2	476
0013c230	NET	T2	336
0013c380	NET	T2	344
0013c4d8	NET	T2	204
0013c5a4	NET	T2	628
0013c818	NET	T2	200
0013c8e0	NET	T2	656
0013cb70	NET	T2	1068
0013cf9c	NET	T2	220
0013d078	NET	T2	164
0013d11c	NET	T2	56
0013d154	NET	T2	724
0013d428	NET	T2	20
0013d43c	NET	T2	1264
0013d92c	NET	T2	20
0013d940	NET	T2	4
0013d944	NET	T2	416
0013dae4	NET	T2	104
0013db4c	NET	T2	2104
0013e384	NET	T2	24
0013e39c	NET	T2	24
0013e3b4	NET	T2	228
0013e498	NET	T2	916
0013e82c	NET	T2	32
0013e84c	NET	T2	816
0013eb7c	NET	T2	2548
0013ef70	NET	T2	924
0013f30c	NET	T2	32
0013f32c	NET	T2	2424
0013fca4	NET	T2	524
0013feb0	NET	T2	320
001405f0	NET	T2	296
00140718	NET	T2	436
001408cc	NET	T2	432
00140a7c	NET	T2	1588
001410b0	NET	T2	732
0014138c	NET	T2	416
0014152c	NET	T2	124
001415a8	NET	T2	116
0014161c	NET	T2	660
001418b0	NET	T2	200
00141978	NET	T2	16
00141988	NET	T2	28
001419a4	NET	T2	4
001419a8	NET	T2	4
001419ac	NET	T2	52
001419e0	NET	T2	1588
00142014	NET	T2	36
00142038	NET	T2	600
00142290	NET	T2	252
0014238c	NET	T2	324
001424d0	NET	T2	104
00142538	NET	T2	124
001425b4	NET	T2	372
00142728	NET	T2	100
0014278c	NET	T2	620
001429f8	NET	T2	4
001429fc	NET	T2	636
00142c78	NET	T2	196
00142d3c	NET	T2	52
00142d70	NET	T2	52
00142da4	NET	T2	100
00142e08	NET	T2	8
00142e10	NET	T2	4
00142e14	NET	T2	28
00142e30	NET	T2	28
00142e4c	NET	T2	8
00142e54	NET	T2	4
00142e58	NET	T2	160
00142ef8	NET	T2	16
00142f08	NET	T2	220
00142fe4	NET	T2	16
00142ff4	NET	T2	240
001430e4	NET	T2	184
0014319c	NET	T2	668
00143438	NET	T2	1108
0014388c	NET	T2	480
00143a6c	NET	T2	360
00143bd4	NET	T2	772
00143ed8	NET	T2	252
00143fd4	NET	T2	108
00144040	NET	T2	4
00144044	NET	T2	72
0014408c	NET	T2	112
001440fc	NET	T2	144
0014418c	NET	T2	56
001441c4	NET	T2	124
00144240	NET	T2	72
00144288	NET	T2	80
001442d8	NET	T2	8
001442e0	NET	T2	32
00144300	NET	T2	12
0014430c	NET	T2	108
00144378	NET	T2	8
00144380	NET	T2	40
001443a8	NET	T2	52
001443dc	NET	T2	148
00144470	NET	T2	156
0014450c	NET	T2	12
00144518	NET	T2	224
001445f8	NET	T2	12
00144604	NET	T2	300
00144730	NET	T2	204
001447fc	NET	T2	200
001448c4	NET	T2	728
00144b9c	NET	T2	48
00144bcc	NET	T2	80
00144c1c	NET	T2	96
00144c7c	NET	T2	96
00144cdc	NET	T2	96
00144d3c	NET	T2	84
00144d90	NET	T2	96
00144df0	NET	T2	636
0014506c	NET	T2	244
00145160	NET	T2	236
0014524c	NET	T2	72
00145294	NET	T2	412
00145430	NET	T2	596
00145684	NET	T2	384
00145804	NET	T2	196
001458c8	NET	T2	1464
00145e80	NET	T2	264
00145f88	NET	T2	356
001460ec	NET	T2	540
00146308	NET	T2	636
00146584	NET	T2	412
00146720	NET	T2	528
00146930	NET	T2	356
00146a94	NET	T2	1196
00146f40	NET	T2	1088
00147380	NET	T2	332
001474cc	NET	T2	348
00147628	NET	T2	540
00147844	NET	T2	352
001479a4	NET	T2	448
00147b64	NET	T2	988
00147f40	NET	T2	776
00148248	NET	T2	420
001483ec	NET	T2	748
001486d8	NET	T2	220
001487b4	NET	T2	120
0014882c	NET	T2	72
00148874	NET	T2	64
001488b4	NET	T2	932
00148c58	NET	T2	76
00148ca4	NET	T2	112
00148d14	NET	T2	4
00148d18	NET	T2	36
00148d3c	NET	T2	52
00148d70	NET	T2	12
00148d7c	NET	T2	164
00148e20	NET	T2	12
00148e2c	NET	T2	152
00148ec4	NET	T2	492
001490b0	NET	T2	572
001492ec	NET	T2	236
001493d8	NET	T2	404
0014956c	NET	T2	320
001496ac	NET	T2	20
001496c0	NET	T2	52
001496f4	NET	T2	268
001497d0	NET	T2	16
001497e0	NET	T2	68
00149824	NET	T2	316
00149960	NET	T2	76
00149968	NET	T2	8
00149970	NET	T2	12
0014997c	NET	T2	16
0014998c	NET	T2	40
001499b4	NET	T2	40
001499dc	NET	T2	940
00149d88	NET	T2	1516
0014a374	NET	T2	376
0014a4ec	NET	T2	808
0014a814	NET	T2	8
0014a81c	NET	T2	872
0014ab84	NET	T2	436
0014ad38	NET	T2	592
0014af88	NET	T2	424
0014b130	NET	T2	320
0014b270	NET	T2	648
0014b4f8	NET	T2	152
0014b590	NET	T2	36
0014b5b4	NET	T2	4
0014b5bc	NET	T2	20
0014b5d0	NET	T2	180
0014b688	NET	T2	256
0014b788	NET	T2	200
0014b850	NET	T2	96
0014b8b0	NET	T2	8
0014b8b8	NET	T2	4
0014b8bc	NET	T2	12
0014b8c8	NET	T2	24
0014b8e0	NET	T2	24
0014b8f8	NET	T2	4
0014b8fc	NET	T2	140
0014b988	NET	T2	356
0014baec	NET	T2	208
0014bbbc	NET	T2	28
0014bbd8	NET	T2	56
0014bc10	NET	T2	20
0014bc24	NET	T2	4
0014bc28	NET	T2	4
0014bc2c	NET	T2	28
0014bc48	NET	T2	28
0014bc64	NET	T2	3344
0014c974	NET	T2	516
0014cb78	NET	T2	212
0014cc4c	NET	T2	236
0014cd38	NET	T2	852
0014d08c	NET	T2	268
0014d198	NET	T2	200
0014d260	NET	T2	20
0014d274	NET	T2	20
0014d288	NET	T2	52
0014d2bc	NET	T2	180
0014d370	NET	T2	16
0014d380	NET	T2	68
0014d3c4	NET	T2	196
0014d488	NET	T2	352
0014d5e8	NET	T2	220
0014d6c4	NET	T2	128
0014d744	NET	T2	24
0014d75c	NET	T2	132
0014d7e0	NET	T2	48
0014d810	NET	T2	84
0014d864	NET	T2	404
0014d9f8	NET	T2	520
0014dc00	NET	T2	332
0014dd4c	NET	T2	444
0014df08	NET	T2	504
0014e100	NET	T2	876
0014e46c	NET	T2	832
0014e7ac	NET	T2	8
0014e7b4	NET	T2	156
0014e850	NET	T2	16
0014e860	NET	T2	472
0014ea38	NET	T2	116
0014eaac	NET	T2	204
0014eb78	NET	T2	192
0014ec38	NET	T2	180
0014ecec	NET	T2	180
0014eda0	NET	T2	8
0014eda8	NET	T2	436
0014ef5c	NET	T2	156
0014eff8	NET	T2	4
0014effc	NET	T2	284
0014f118	NET	T2	284
0014f234	NET	T2	60
0014f270	NET	T2	44
0014f29c	NET	T2	540
0014f4b8	NET	T2	152
0014f550	NET	T2	608
0014f7b0	NET	T2	552
0014f9d8	NET	T2	4
0014f9dc	NET	T2	184
0014fa94	NET	T2	244
0014fb88	NET	T2	248
0014fc80	NET	T2	284
0014fde4	NET	T2	152
0014fe7c	NET	T2	164
0014ff20	NET	T2	84
0014ff74	NET	T2	152
0015000c	NET	T2	4
00150010	NET	T2	84
00150064	NET	T2	20
00150078	NET	T2	12
00150084	NET	T2	92
001500e0	NET	T2	12
001500ec	NET	T2	12
001500f8	NET	T2	380
00150274	NET	T2	124
001502f0	NET	T2	64
00150330	NET	T2	44
0015035c	NET	T2	220
00150438	NET	T2	60
00150470	NET	T2	68
001504b4	NET	T2	8
001504bc	NET	T2	16
001504cc	NET	T2	8
001504d4	NET	T2	8
001504dc	NET	T2	8
001504e4	NET	T2	152
0015057c	NET	T2	20
00150590	NET	T2	4
00150594	NET	T2	8
0015059c	NET	T2	8
001505a4	NET	T2	8
001505ac	NET	T2	8
001505c0	NET	T2	196
00150690	NET	T2	4
001506a0	NET	T2	164
00150750	NET	T2	60
00150790	NET	T2	68
001507e0	NET	T2	396
00150970	NET	T2	1424
00150f00	NET	T2	96
00150f60	NET	T2	40
00150f90	NET	T2	24
00150fb0	NET	T2	88
00151010	NET	T2	116
00151090	NET	T2	228
00151180	NET	T2	60
001511c0	NET	T2	108
00151230	NET	T2	8
00151240	NET	T2	148
001512e0	NET	T2	120
00151360	NET	T2	156
00151400	NET	T2	36
00151430	NET	T2	276
00151550	NET	T2	88
001515b0	NET	T2	32
001515d0	NET	T2	44
00151600	NET	T2	52
00151634	NET	T2	212
00151708	NET	T2	4
0015170c	NET	T2	36
00151730	NET	T2	268
0015183c	NET	T2	2700
001522c8	NET	T2	1072
001526f8	NET	T2	244
001527ec	NET	T2	1416
00152d74	NET	T2	200
00152e3c	NET	T2	684
001530e8	NET	T2	20
001530fc	NET	T2	52
00153130	NET	T2	296
00153258	NET	T2	12
00153264	NET	T2	16
00153274	NET	T2	40
0015329c	NET	T2	40
001532c4	NET	T2	12
001532d0	NET	T2	112
00153340	NET	T2	248
00153438	NET	T2	16
00153448	NET	T2	692
001536fc	NET	T2	960
00153abc	NET	T2	832
00153dfc	NET	T2	192
00153ebc	NET	T2	8
001542bc	NET	T2	1056
001542e4	NET	T2	1564
00154900	NET	T2	1188
00154da4	NET	T2	1228
00155270	NET	T2	248
00155368	NET	T2	1072
00155798	NET	T2	1152
00155c18	NET	T2	1072
00156048	NET	T2	1152
001564c8	NET	T2	152
00156560	NET	T2	20
00156574	NET	T2	52
001565a8	NET	T2	96
00156608	NET	T2	16
00156618	NET	T2	132
0015669c	NET	T2	172
00156748	NET	T2	704
00156a10	NET	T2	2004
001571e4	NET	T2	420
00157388	NET	T2	720
00157660	NET	T2	2028
00157e4c	NET	T2	412
00157fe8	NET	T2	152
00158080	NET	T2	1292
00158590	NET	T2	412
00158730	NET	T2	1284
00158c40	NET	T2	624
00158eb0	NET	T2	1292
001593bc	NET	T2	4
001593c0	NET	T2	36
001593e4	NET	T2	48
00159414	NET	T2	608
00159674	NET	T2	152
0015970c	NET	T2	180
001597c0	NET	T2	92
0015981c	NET	T2	72
00159864	NET	T2	356
001599c8	NET	T2	344
00159b20	NET	T2	1304
0015a0a4	NET	T2	276
0015a1b8	NET	T2	160
0015a258	NET	T2	620
0015a4c4	NET	T2	256
0015a5c4	NET	T2	552
0015a7ec	NET	T2	88
0015a844	NET	T2	24
0015a85c	NET	T2	88
0015a8b4	NET	T2	100
0015a918	NET	T2	100
0015a97c	NET	T2	248
0015aa74	NET	T2	220
0015ab50	NET	T2	4
0015ab54	NET	T2	4
0015ab58	NET	T2	284
0015ac80	NET	T2	504
0015ae80	NET	T2	324
0015afd0	NET	T2	604
0015b22c	NET	T2	96
0015b28c	NET	T2	748
0015b578	NET	T2	20
0015b58c	NET	T2	4
0015b590	NET	T2	92
0015b5ec	NET	T2	16
0015b5fc	NET	T2	268
0015b708	NET	T2	12
0015b714	NET	T2	456
0015b8dc	NET	T2	112
0015b94c	NET	T2	1164
0015bdd8	NET	T2	16
0015bde8	NET	T2	4
0015bdec	NET	T2	4
0015bdf0	NET	T2	4
0015bdf4	NET	T2	4
0015bdf8	NET	T2	128
0015be78	NET	T2	104
0015bee0	NET	T2	672
0015c180	NET	T2	16
0015c190	NET	T2	4
0015c194	NET	T2	4
0015c198	NET	T2	4
0015c19c	NET	T2	4
0015c1a0	NET	T2	148
0015c234	NET	T2	20
0015c248	NET	T2	108
0015c2b4	NET	T2	124
0015c330	NET	T2	752
0015c620	NET	T2	1076
0015ca54	NET	T2	20
0015ca68	NET	T2	4
0015ca6c	NET	T2	4
0015ca70	NET	T2	8
0015ca78	NET	T2	4
0015ca7c	NET	T2	1576
0015d0a4	NET	T2	8
0015d0ac	NET	T2	460
0015d278	NET	T2	112
0015d2e8	NET	T2	1028
0015d6ec	NET	T2	16
0015d6fc	NET	T2	864
0015da5c	NET	T2	928
0015ddfc	NET	T2	1024
0015e1fc	NET	T2	428
0015e3a8	NET	T2	416
0015e548	NET	T2	292
0015e66c	NET	T2	20
0015e680	NET	T2	4
0015e684	NET	T2	128
0015e704	NET	T2	116
0015e778	NET	T2	236
0015e864	NET	T2	408
0015e9fc	NET	T2	908
0015ed88	NET	T2	348
0015eee4	NET	T2	888
0015f274	NET	T2	4
0015f278	NET	T2	968
0015f640	NET	T2	644
0015f8c4	NET	T2	472
0015fa9c	NET	T2	300
0015fbc8	NET	T2	916
0015ff5c	NET	T2	884
001602d0	NET	T2	1228
0016079c	NET	T2	620
00160a08	NET	T2	732
00160ce4	NET	T2	2484
00161698	NET	T2	336
001617e8	NET	T2	332
00161934	NET	T2	424
00161adc	NET	T2	1392
0016204c	NET	T2	132
001620d0	NET	T2	448
00162290	NET	T2	448
00162450	NET	T2	456
00162618	NET	T2	716
001628e4	NET	T2	40
0016290c	NET	T2	432
00162abc	NET	T2	1080
00162ef4	NET	T2	528
00163104	NET	T2	1088
00163544	NET	T2	28
00163560	NET	T2	196
00163624	NET	T2	272
00163734	NET	T2	680
001639dc	NET	T2	56
00163a14	NET	T2	64
00163a54	NET	T2	212
00163b28	NET	T2	132
00163bac	NET	T2	204
00163c78	NET	T2	180
00163d2c	NET	T2	328
00163e74	NET	T2	304
00163fa4	NET	T2	32
00163fc4	NET	T2	12
00163fd0	NET	T2	40
00163ff8	NET	T2	12
00164004	NET	T2	16
00164014	NET	T2	12
00164020	NET	T2	8
00164028	NET	T2	8
00164030	NET	T2	36
00164054	NET	T2	8
0016405c	NET	T2	12
00164068	NET	T2	8
00164070	NET	T2	8
00164078	NET	T2	12
00164084	NET	T2	8
0016408c	NET	T2	8
00164094	NET	T2	4
00164098	NET	T2	152
00164150	NET	T2	1324
0016467c	NET	T2	2496
0016503c	NET	T2	40
00165064	NET	T2	16
00165080	NET	T2	8
00165090	NET	T2	196
00165160	NET	T2	416
00165300	NET	T2	176
001653b0	NET	T2	420
00165560	NET	T2	124
001655dc	NET	T2	700
00165898	NET	T2	492
00165a84	NET	T2	616
00165cec	NET	T2	236
00165dd8	NET	T2	116
00165e4c	NET	T2	112
00165ebc	NET	T2	656
0016614c	NET	T2	548
00166370	NET	T2	368
001664e0	NET	T2	468
001666b4	NET	T2	256
001667b4	NET	T2	12
001667c0	NET	T2	16
001667d0	NET	T2	16
001667e0	NET	T2	16
001667f0	NET	T2	320
00166930	NET	T2	20
00166944	NET	T2	36
00166968	NET	T2	36
0016698c	NET	T2	36
001669b0	NET	T2	24
001669c8	NET	T2	36
001669ec	NET	T2	400
00166b7c	NET	T2	376
00166cf4	NET	T2	20
00166d08	NET	T2	8
00166d10	NET	T2	248
00166e08	NET	T2	2736
001678b8	NET	T2	48
001678e8	NET	T2	300
00167a14	NET	T2	4016
00168a38	NET	T2	1148
00168eb4	NET	T2	1376
00169414	NET	T2	84
00169468	NET	T2	4
0016946c	NET	T2	664
00169704	NET	T2	812
00169a30	NET	T2	256
00169b30	NET	T2	1320
0016a058	NET	T2	2348
0016a984	NET	T2	2880
0016b4c4	NET	T2	820
0016b7f8	NET	T2	956
0016bbb4	NET	T2	1096
0016bffc	NET	T2	4116
0016d010	NET	T2	8
0016d018	NET	T2	660
0016d2ac	NET	T2	2856
0016ddd4	NET	T2	48
0016de04	NET	T2	68
0016de48	NET	T2	24
0016de60	NET	T2	536
0016e078	NET	T2	824
0016e3b0	NET	T2	240
0016e4a0	NET	T2	116
0016e514	NET	T2	112
0016e584	NET	T2	140
0016e610	NET	T2	140
0016e69c	NET	T2	8
0016e6a4	NET	T2	100
0016e708	NET	T2	404
0016e89c	NET	T2	108
0016e908	NET	T2	508
0016eb04	NET	T2	204
0016ebd0	NET	T2	224
0016ecb0	NET	T2	56
0016ece8	NET	T2	68
0016ed2c	NET	T2	56
0016ed64	NET	T2	480
0016ef44	NET	T2	744
0016f22c	NET	T2	744
0016f514	NET	T2	1360
0016fa64	NET	T2	1212
0016ff20	NET	T2	1204
001703d4	NET	T2	1460
00170988	NET	T2	136
00170a10	NET	T2	136
00170a98	NET	T2	432
00170c48	NET	T2	568
00170e80	NET	T2	136
00170f08	NET	T2	308
0017103c	NET	T2	328
00171184	NET	T2	428
00171330	NET	T2	420
001714e0	NET	T2	320
00171620	NET	T2	4
00171630	NET	T2	16
00171640	NET	T2	44
00171670	NET	T2	16
00171680	NET	T2	84
001716e0	NET	T2	28
00171700	NET	T2	16
00171710	NET	T2	16
00171720	NET	T2	16
00171730	NET	T2	48
00171760	NET	T2	4
00171770	NET	T2	44
001717a0	NET	T2	124
00171820	NET	T2	144
001718b0	NET	T2	168
00171960	NET	T2	136
001719f0	NET	T2	20
00171a10	NET	T2	44
00171a40	NET	T2	212
00171b20	NET	T2	532
00171d40	NET	T2	68
00171d84	NET	T2	412
00171f20	NET	T2	360
00172088	NET	T2	1292
00172594	NET	T2	1040
001729a4	NET	T2	824
00172cdc	NET	T2	1160
00173164	NET	T2	676
00173408	NET	T2	1372
00173964	NET	T2	1212
00173e20	NET	T2	1112
00174278	NET	T2	968
00174640	NET	T2	1112
00174a98	NET	T2	968
00174e60	NET	T2	460
0017502c	NET	T2	1008
00175420	NET	T2	1504
00175a00	NET	T2	668
00175ca0	NET	T2	636
00175f20	NET	T2	1316
00176450	NET	T2	28
0017646c	NET	T2	48
001764a0	NET	T2	1240
00176978	NET	T2	812
00176cb0	NET	T2	688
00176f60	NET	T2	92
00176fc0	NET	T2	16
00176fd0	NET	T2	12
00177040	NET	T2	88
00177098	NET	T2	12
001770a4	NET	T2	132
00177128	NET	T2	512
00177328	NET	T2	64
00177368	NET	T2	72
001773b0	NET	T2	484
00177594	NET	T2	60
001775d0	NET	T2	2032
00177dc0	NET	T2	96
00177e20	NET	T2	744
00178108	NET	T2	104
00178170	NET	T2	404
00178304	NET	T2	660
00178598	NET	T2	412
00178734	NET	T2	340
00178888	NET	T2	392
00178a10	NET	T2	72
00178a58	NET	T2	292
00178b7c	NET	T2	28
00178b98	NET	T2	376
00178d10	NET	T2	456
00178ed8	NET	T2	136
00178f60	NET	T2	1092
001793a4	NET	T2	116
00179418	NET	T2	356
0017957c	NET	T2	84
001795d0	NET	T2	128
00179650	NET	T2	4
00179654	NET	T2	8
0017965c	NET	T2	8
00179664	NET	T2	8
0017966c	NET	T2	8
00179674	NET	T2	12
00179680	NET	T2	8
00179688	NET	T2	8
00179690	NET	T2	8
00179698	NET	T2	8
001796a0	NET	T2	8
001796a8	NET	T2	12
001796b4	NET	T2	136
0017973c	NET	T2	140
001797c8	NET	T2	12
001797d4	NET	T2	12
001797e0	NET	T2	20
001797f4	NET	T2	20
00179808	NET	T2	16
00179818	NET	T2	8
00179820	NET	T2	12
0017982c	NET	T2	12
00179838	NET	T2	12
00179844	NET	T2	12
00179850	NET	T2	12
0017985c	NET	T2	68
001798a0	NET	T2	76
001798ec	NET	T2	164
00179990	NET	T2	144
00179a20	NET	T2	872
00179d88	NET	T2	580
00179fcc	NET	T2	312
0017a104	NET	T2	404
0017a298	NET	T2	36
0017a2bc	NET	T2	8
0017a2c4	NET	T2	40
0017a2ec	NET	T2	704
0017a5ac	NET	T2	764
0017a8a8	NET	T2	140
0017a934	NET	T2	28
0017a950	NET	T2	560
0017ab80	NET	T2	224
0017ac60	NET	T2	320
0017ada0	NET	T2	16
0017adb0	NET	T2	488
0017af98	NET	T2	180
0017b04c	NET	T2	644
0017b2d0	NET	T2	156
0017b36c	NET	T2	272
0017b47c	NET	T2	104
0017b4e4	NET	T2	80
0017b534	NET	T2	36
0017b558	NET	T2	84
0017b5ac	NET	T2	224
0017b690	NET	T2	8
0017b698	NET	T2	68
0017b6dc	NET	T2	68
0017b720	NET	T2	356
0017b884	NET	T2	76
0017b8d0	NET	T2	552
0017baf8	NET	T2	624
0017bd68	NET	T2	668
0017c004	NET	T2	40
0017c02c	NET	T2	48
0017c05c	NET	T2	2544
0017ca4c	NET	T2	720
0017cd1c	NET	T2	376
0017ce94	NET	T2	664
0017d12c	NET	T2	320
0017d26c	NET	T2	228
0017d350	NET	T2	520
0017d558	NET	T2	340
0017d6ac	NET	T2	1012
0017daa0	NET	T2	304
0017dbd0	NET	T2	1276
0017e0cc	NET	T2	376
0017e244	NET	T2	612
0017e4a8	NET	T2	160
0017e548	NET	T2	268
0017e654	NET	T2	532
0017e6bc	NET	T2	80
0017e70c	NET	T2	36
0017e730	NET	T2	84
0017e784	NET	T2	228
0017e868	NET	T2	68
0017e8ac	NET	T2	68
0017e8f0	NET	T2	356
0017ea54	NET	T2	76
0017eaa0	NET	T2	564
0017ee80	NET	T2	7012
001809e4	NET	T2	852
00180d38	NET	T2	1184
001811d8	NET	T2	676
0018147c	NET	T2	532
00181690	NET	T2	40
001816b8	NET	T2	48
001816e8	NET	T2	376
00181860	NET	T2	640
00181ae0	NET	T2	332
00181c2c	NET	T2	3104
0018284c	NET	T2	600
00182aa4	NET	T2	36
00182ac8	NET	T2	124
00182b44	NET	T2	248
00182c3c	NET	T2	140
00182cc8	NET	T2	12
00182cd4	NET	T2	48
00182d04	NET	T2	560
00182f34	NET	T2	20
00182f48	NET	T2	152
00182fe0	NET	T2	368
00183150	NET	T2	420
001832f4	NET	T2	652
00183580	NET	T2	592
001837d0	NET	T2	100
00183834	NET	T2	1044
00183c48	NET	T2	692
00183efc	NET	T2	452
001840c0	NET	T2	244
001841b4	NET	T2	88
0018420c	NET	T2	32
0018422c	NET	T2	12
00184238	NET	T2	236
00184324	NET	T2	76
00184370	NET	T2	1000
00184758	NET	T2	220
00184834	NET	T2	196
001848f8	NET	T2	40
00184904	NET	T2	72
00184910	NET	T2	12
0018491c	NET	T2	156
00184928	NET	T2	20
0018493c	NET	T2	4
00184940	NET	T2	84
00184994	NET	T2	24
001849b0	NET	T2	2108
001851f0	NET	T2	424
001853a0	NET	T2	948
00185760	NET	T2	1788
00185e60	NET	T2	556
00186090	NET	T2	300
001861c0	NET	T2	508
001863c0	NET	T2	1056
001867e0	NET	T2	1788
00186ee0	NET	T2	556
00187110	NET	T2	300
00187240	NET	T2	508
00187440	NET	T2	1056
00187860	NET	T2	1900
00187fd0	NET	T2	540
001881f0	NET	T2	332
00188340	NET	T2	572
00188580	NET	T2	1104
001889d0	NET	T2	1900
00189140	NET	T2	540
00189360	NET	T2	332
001894b0	NET	T2	572
001896f0	NET	T2	1104
00189b40	NET	T2	76
00189b8c	NET	T2	8
00189b94	NET	T2	40
00189bbc	NET	T2	8
00189bc4	NET	T2	1796
0018a2c8	NET	T2	384
0018a448	NET	T2	92
0018a4a4	NET	T2	80
0018a4f4	NET	T2	84
0018a548	NET	T2	4
0018a54c	NET	T2	4
0018a550	NET	T2	248
0018a648	NET	T2	76
0018a694	NET	T2	7980
0018c5c0	NET	T2	760
0018c8b8	NET	T2	288
0018c9d8	NET	T2	20
0018c9ec	NET	T2	112
0018ca5c	NET	T2	172
0018cb08	NET	T2	280
0018cc20	NET	T2	4
0018cc24	NET	T2	96
0018cc84	NET	T2	984
0018d05c	NET	T2	148
0018d0f0	NET	T2	44
0018d11c	NET	T2	124
0018d228	NET	T2	92
0018d284	NET	T2	304
0018d3b4	NET	T2	100
0018d418	NET	T2	20
0018d42c	NET	T2	344
0018d584	NET	T2	52
0018d5b8	NET	T2	12
0018d5c4	NET	T2	4
0018d5c8	NET	T2	12
0018d5d4	NET	T2	60
0018d610	NET	T2	156
0018d6ac	NET	T2	152
0018d744	NET	T2	144
0018d7d0	NET	T2	184
0018d888	NET	T2	216
0018d960	NET	T2	184
0018da18	NET	T2	176
0018dac8	NET	T2	600
0018dd20	NET	T2	20
0018dd34	NET	T2	20
0018dd48	NET	T2	256
0018de48	NET	T2	140
0018dee0	NET	T2	236
0018dfd0	NET	T2	216
0018e0b0	NET	T2	204
0018e180	NET	T2	540
0018e3a0	NET	T2	536
0018e5c0	NET	T2	532
0018e7d4	NET	T2	220
0018e8b0	NET	T2	212
0018e984	NET	T2	136
0018ea0c	NET	T2	184
0018eac4	NET	T2	192
0018eb84	NET	T2	136
0018ec0c	NET	T2	164
0018ecb0	NET	T2	168
0018ed60	NET	T2	20
0018ed80	NET	T2	20
0018eda0	NET	T2	20
0018edb4	NET	T2	44
0018ede0	NET	T2	4
0018ede8	NET	T2	8
0018edf0	NET	T2	8
0018edf8	NET	T2	44
0018ee24	NET	T2	8
0018ee2c	NET	T2	8
0018ee34	NET	T2	8
0018ee3c	NET	T2	8
0018ee44	NET	T2	8
0018ee4c	NET	T2	8
0018ee54	NET	T2	12
0018ee60	NET	T2	8
0018ee68	NET	T2	8
0018ee70	NET	T2	8
0018ee78	NET	T2	8
0018ee80	NET	T2	8
0018ee88	NET	T2	24
0018eea0	NET	T2	168
0018ef48	NET	T2	4
0018ef4c	NET	T2	364
0018f0b8	NET	T2	384
0018f238	NET	T2	3168
0018feb0	NET	T2	1500
001904a0	NET	T2	1516
00190a94	NET	T2	332
00190be0	NET	T2	220
00190cbc	NET	T2	72
00190d04	NET	T2	40
00190d2c	NET	T2	72
00190d74	NET	T2	1872
00190d7c	NET	T2	8
00190d84	NET	T2	368
00190f08	NET	T2	212
00190fdc	NET	T2	4
00190fe0	NET	T2	236
001910cc	NET	T2	360
00191234	NET	T2	392
001913bc	NET	T2	384
00191560	NET	T2	384
00191704	NET	T2	88
0019175c	NET	T1	400
001918f0	NET	T2	32
00191910	NET	T2	348
00191a6c	NET	T2	116
00191ae0	NET	T2	40
00191b08	NET	T2	48
00191b38	NET	T2	12
00191b44	NET	T2	28
00191b60	NET	T2	440
00191de8	NET	T2	408
00191f80	NET	T2	24
00191f98	NET	T2	72
00191fe0	NET	T2	380
00192174	NET	T2	408
0019230c	NET	T2	80
00192360	NET	T2	388
001924e4	NET	T2	476
001926c0	NET	T2	156
0019275c	NET	T2	164
00192800	NET	T2	12
0019280c	NET	T2	28
00192828	NET	T2	132
001928ac	NET	T2	140
00192938	NET	T2	16
00192948	NET	T2	8
00192950	NET	T2	8
00192958	NET	T2	8
00192960	NET	T2	176
00192a10	NET	T2	64
00192a50	NET	T2	20
00192a68	NET	T2	132
00192af4	NET	T2	76
00192b40	NET	T2	84
00192b94	NET	T2	44
00192bc0	NET	T2	28
00192bdc	NET	T2	392
00192d64	NET	T2	8
00192d6c	NET	T2	12
00192d78	NET	T2	40
00192da0	NET	T2	48
00192dd0	NET	T2	44
00192dfc	NET	T2	236
00192ee8	NET	T2	24
00192f00	NET	T2	284
00193020	NET	T2	48
00193050	NET	T2	36
00193074	NET	T2	276
00193188	NET	T2	116
001931fc	NET	T2	632
001934f8	NET	T2	396
00193684	NET	T1	336
001937d4	NET	T2	364
00193940	NET	T2	404
00193ad8	NET	T2	368
00193c48	NET	T2	44
00193c74	NET	T2	4
00193c78	NET	T2	4
00193c7c	NET	T2	4
00193c80	NET	T2	60
00193cbc	NET	T2	8
00193cc4	NET	T2	32
00193ce4	NET	T2	76
00193d30	NET	T2	12
00193d3c	NET	T2	84
00193d90	NET	T2	92
00193dec	NET	T2	12
00193df8	NET	T2	28
00193e14	NET	T2	56
00193e4c	NET	T2	64
00193e8c	NET	T2	16
00193e9c	NET	T2	8
00193ea4	NET	T2	8
00193eac	NET	T2	8
00193eb4	NET	T2	64
00193ef4	NET	T2	64
00193f34	NET	T2	20
00193f4c	NET	T2	168
00193ff4	NET	T2	180
001940a8	NET	T2	152
00194140	NET	T2	60
0019417c	NET	T2	8
00194184	NET	T2	4
00194188	NET	T2	8
00194190	NET	T2	64
001941d0	NET	T2	20
001941e4	NET	T2	40
0019420c	NET	T2	8
00194220	NET	T2	388
001943a4	NET	T2	328
001944f0	NET	T2	308
00194624	NET	T2	76
00194670	NET	T2	84
001946c4	NET	T2	44
001946f0	NET	T2	28
0019470c	NET	T2	8
00194714	NET	T2	12
00194720	NET	T2	40
00194748	NET	T2	48
00194778	NET	T2	44
001947a4	NET	T2	284
001948c0	NET	T2	24
001948d8	NET	T2	252
001949d4	NET	T2	48
00194a04	NET	T2	92
00194a60	NET	T2	276
00194b74	NET	T2	72
00194bbc	NET	T2	100
00194c20	NET	T2	108
00194c8c	NET	T2	12
00194c98	NET	T2	28
00194cb4	NET	T2	76
00194d00	NET	T2	84
00194d54	NET	T2	16
00194d64	NET	T2	8
00194d6c	NET	T2	8
00194d74	NET	T2	8
00194d7c	NET	T2	188
00194e9c	NET	T2	64
00194edc	NET	T2	20
00194ef4	NET	T2	644
00195184	NET	T2	68
001951c8	NET	T2	76
00195214	NET	T2	40
0019523c	NET	T2	28
00195258	NET	T2	8
00195260	NET	T2	12
0019526c	NET	T2	36
00195290	NET	T2	44
001952bc	NET	T2	24
001952d4	NET	T2	336
00195424	NET	T2	24
0019543c	NET	T2	996
00195898	NET	T2	48
001958c8	NET	T2	148
0019595c	NET	T2	28
00195978	NET	T2	184
00195a94	NET	T2	444
00195c88	NET	T2	596
00195ee4	NET	T2	304
0019602c	NET	T2	420
001961d0	NET	T2	420
00196374	NET	T2	380
00196508	NET	T2	408
001966a0	NET	T2	388
00196824	NET	T2	476
00196a00	NET	T2	156
00196a9c	NET	T2	164
00196b40	NET	T2	12
00196b4c	NET	T2	28
00196b68	NET	T2	132
00196bec	NET	T2	140
00196c78	NET	T2	16
00196c88	NET	T2	8
00196c90	NET	T2	8
00196c98	NET	T2	8
00196ca0	NET	T2	176
00196d50	NET	T2	64
00196d90	NET	T2	20
00196da8	NET	T2	132
00196e34	NET	T2	76
00196e80	NET	T2	84
00196ed4	NET	T2	44
00196f00	NET	T2	28
00196f1c	NET	T2	392
001970a4	NET	T2	8
001970ac	NET	T2	12
001970b8	NET	T2	40
001970e0	NET	T2	48
00197110	NET	T2	44
0019713c	NET	T2	236
00197228	NET	T2	24
00197240	NET	T2	284
00197360	NET	T2	48
00197390	NET	T2	36
001973b4	NET	T2	276
001974c8	NET	T1	632
001977c4	NET	T1	336
00197914	NET	T2	4
00197918	NET	T2	4
0019791c	NET	T2	60
00197958	NET	T2	8
00197960	NET	T2	32
00197980	NET	T2	76
001979cc	NET	T2	12
001979d8	NET	T2	68
00197a1c	NET	T2	76
00197a68	NET	T2	40
00197a90	NET	T2	28
00197aac	NET	T2	8
00197ab4	NET	T2	12
00197ac0	NET	T2	36
00197ae4	NET	T2	44
00197b10	NET	T2	24
00197b28	NET	T2	336
00197c78	NET	T2	24
00197c90	NET	T2	996
001980ec	NET	T2	48
0019811c	NET	T2	148
001981b0	NET	T2	28
001981cc	NET	T2	444
001983c0	NET	T2	40
001983e8	NET	T2	48
00198418	NET	T2	604
00198420	NET	T2	28
0019843c	NET	T2	388
001985e8	NET	T2	412
00198784	NET	T2	16
001989e8	NET	T2	328
00198b30	NET	T2	356
00198c98	NET	T2	52
00198ccc	NET	T2	68
00198d10	NET	T2	40
00198d38	NET	T2	60
00198d74	NET	T2	8
00198d7c	NET	T2	260
00198d90	NET	T2	72
00198dd8	NET	T2	28
00198ee4	NET	T2	52
00198f18	NET	T2	68
00198f5c	NET	T2	40
00198f84	NET	T2	60
00198fc0	NET	T2	8
00198fc8	NET	T2	20
00198fdc	NET	T2	72
00199024	NET	T2	5036
0019a588	NET	T2	468
0019a75c	NET	T2	420
0019a900	NET	T2	380
0019aa94	NET	T2	408
0019ac30	NET	T2	388
0019adb4	NET	T2	476
0019af90	NET	T2	156
0019b02c	NET	T2	164
0019b0d0	NET	T2	12
0019b0dc	NET	T2	28
0019b0f8	NET	T2	132
0019b17c	NET	T2	140
0019b208	NET	T2	16
0019b218	NET	T2	8
0019b220	NET	T2	8
0019b228	NET	T2	8
0019b230	NET	T2	176
0019b2e0	NET	T2	64
0019b320	NET	T2	20
0019b338	NET	T2	132
0019b3c4	NET	T2	76
0019b410	NET	T2	84
0019b464	NET	T2	44
0019b490	NET	T2	28
0019b4ac	NET	T2	392
0019b634	NET	T2	8
0019b63c	NET	T2	12
0019b648	NET	T2	40
0019b670	NET	T2	48
0019b6a0	NET	T2	44
0019b6cc	NET	T2	236
0019b7b8	NET	T2	24
0019b7d0	NET	T2	284
0019b8f0	NET	T2	48
0019b920	NET	T2	36
0019b944	NET	T2	276
0019ba58	NET	T1	632
0019bd54	NET	T1	336
0019bea4	NET	T2	4
0019bea8	NET	T2	4
0019beac	NET	T2	60
0019bee8	NET	T2	8
0019bef0	NET	T2	32
0019bf10	NET	T2	76
0019bf5c	NET	T2	12
0019bf68	NET	T2	68
0019bfac	NET	T2	76
0019bff8	NET	T2	40
0019c020	NET	T2	28
0019c03c	NET	T2	8
0019c044	NET	T2	12
0019c050	NET	T2	36
0019c074	NET	T2	44
0019c0a0	NET	T2	24
0019c0b8	NET	T2	280
0019c1d0	NET	T2	24
0019c1e8	NET	T2	996
0019c644	NET	T2	48
0019c674	NET	T2	92
0019c6d0	NET	T2	28
0019c6ec	NET	T2	444
0019c8e0	NET	T2	384
0019ca84	NET	T2	380
0019cc18	NET	T2	408
0019cdb0	NET	T2	388
0019cf34	NET	T2	476
0019d110	NET	T2	156
0019d1ac	NET	T2	164
0019d250	NET	T2	12
0019d25c	NET	T2	28
0019d278	NET	T2	132
0019d2fc	NET	T2	140
0019d388	NET	T2	16
0019d398	NET	T2	8
0019d3a0	NET	T2	8
0019d3a8	NET	T2	8
0019d3b0	NET	T2	176
0019d460	NET	T2	64
0019d4a0	NET	T2	20
0019d4b8	NET	T2	132
0019d544	NET	T2	76
0019d590	NET	T2	84
0019d5e4	NET	T2	44
0019d610	NET	T2	28
0019d62c	NET	T2	392
0019d7b4	NET	T2	8
0019d7bc	NET	T2	12
0019d7c8	NET	T2	40
0019d7f0	NET	T2	48
0019d820	NET	T2	44
0019d84c	NET	T2	236
0019d938	NET	T2	24
0019d950	NET	T2	284
0019da70	NET	T2	48
0019daa0	NET	T2	36
0019dac4	NET	T2	276
0019dbd8	NET	T1	632
0019ded4	NET	T1	336
0019e024	NET	T2	4
0019e028	NET	T2	4
0019e02c	NET	T2	60
0019e068	NET	T2	8
0019e070	NET	T2	32
0019e090	NET	T2	76
0019e0dc	NET	T2	12
0019e0e8	NET	T2	68
0019e12c	NET	T2	76
0019e178	NET	T2	40
0019e1a0	NET	T2	28
0019e1bc	NET	T2	8
0019e1c4	NET	T2	12
0019e1d0	NET	T2	36
0019e1f4	NET	T2	44
0019e220	NET	T2	24
0019e238	NET	T2	280
0019e350	NET	T2	24
0019e368	NET	T2	996
0019e7c4	NET	T2	48
0019e7f4	NET	T2	92
0019e850	NET	T2	28
0019e86c	NET	T2	444
0019ea60	NET	T2	384
0019ec04	NET	T2	380
0019ed98	NET	T2	408
0019ef30	NET	T2	388
0019f0b4	NET	T2	476
0019f290	NET	T2	156
0019f32c	NET	T2	164
0019f3d0	NET	T2	12
0019f3dc	NET	T2	28
0019f3f8	NET	T2	132
0019f47c	NET	T2	140
0019f508	NET	T2	16
0019f518	NET	T2	8
0019f520	NET	T2	8
0019f528	NET	T2	8
0019f530	NET	T2	176
0019f5e0	NET	T2	64
0019f620	NET	T2	20
0019f638	NET	T2	132
0019f6c4	NET	T2	76
0019f710	NET	T2	84
0019f764	NET	T2	44
0019f790	NET	T2	28
0019f7ac	NET	T2	392
0019f934	NET	T2	8
0019f93c	NET	T2	12
0019f948	NET	T2	40
0019f970	NET	T2	48
0019f9a0	NET	T2	44
0019f9cc	NET	T2	236
0019fab8	NET	T2	24
0019fad0	NET	T2	280
0019fbec	NET	T2	48
0019fc1c	NET	T2	36
0019fc40	NET	T2	276
0019fd54	NET	T1	640
001a0058	NET	T1	336
001a01a8	NET	T2	4
001a01ac	NET	T2	4
001a01b0	NET	T2	60
001a01ec	NET	T2	8
001a01f4	NET	T2	32
001a0214	NET	T2	76
001a0260	NET	T2	12
001a026c	NET	T2	68
001a02b0	NET	T2	76
001a02fc	NET	T2	40
001a0324	NET	T2	28
001a0340	NET	T2	8
001a0348	NET	T2	12
001a0354	NET	T2	36
001a0378	NET	T2	44
001a03a4	NET	T2	24
001a03bc	NET	T2	280
001a04d4	NET	T2	24
001a04ec	NET	T2	1012
001a0958	NET	T2	48
001a0988	NET	T2	92
001a09e4	NET	T2	28
001a0a00	NET	T2	444
001a0bf4	NET	T2	68
001a0c38	NET	T2	76
001a0c84	NET	T2	40
001a0cac	NET	T2	28
001a0cc8	NET	T2	8
001a0cd0	NET	T2	12
001a0cdc	NET	T2	36
001a0d00	NET	T2	44
001a0d2c	NET	T2	24
001a0d44	NET	T2	368
001a0eb4	NET	T2	24
001a0ecc	NET	T2	2384
001a19d8	NET	T2	48
001a1a08	NET	T2	180
001a1abc	NET	T2	28
001a1ad8	NET	T2	420
001a1c7c	NET	T2	444
001a1e70	NET	T2	380
001a2004	NET	T2	408
001a21a0	NET	T2	388
001a2324	NET	T2	476
001a2500	NET	T2	156
001a259c	NET	T2	164
001a2640	NET	T2	12
001a264c	NET	T2	28
001a2668	NET	T2	132
001a26ec	NET	T2	140
001a2778	NET	T2	16
001a2788	NET	T2	8
001a2790	NET	T2	8
001a2798	NET	T2	8
001a27a0	NET	T2	176
001a2850	NET	T2	64
001a2890	NET	T2	20
001a28a8	NET	T2	132
001a2934	NET	T2	76
001a2980	NET	T2	84
001a29d4	NET	T2	44
001a2a00	NET	T2	28
001a2a1c	NET	T2	392
001a2ba4	NET	T2	8
001a2bac	NET	T2	12
001a2bb8	NET	T2	40
001a2be0	NET	T2	48
001a2c10	NET	T2	44
001a2c3c	NET	T2	236
001a2d28	NET	T2	24
001a2d40	NET	T2	280
001a2e5c	NET	T2	48
001a2e8c	NET	T2	36
001a2eb0	NET	T2	276
001a2fc4	NET	T1	640
001a32c8	NET	T1	336
001a4c6c	NET	T3	12
001a4c78	NET	T3	52
001a4cac	NET	T3	72
001a4cf4	NET	T3	428
001a5138	NET	T3	308
001a6aa4	NET	T3	296
001a6ee0	NET	T3	304
001a7010	NET	T3	296
001a8540	NET	T3	40
001a8620	NET	T3	524
001a891c	NET	T3	88
001a8974	NN_SDK	T3	272
001a8d24	NN_SDK	T3	596
001a8f78	NN_SDK	T1	556
001a91a4	NN_SDK	T2	248
001a929c	NN_SDK	T2	4
001a92a0	NN_SDK	T2	468
001a948c	NN_SDK	T2	172
001a9538	NN_SDK	T2	8
001a9540	NN_SDK	T2	560
001a9770	NN_SDK	T2	48
001a97a0	NN_SDK	T2	204
001a986c	NN_SDK	T2	8
001a9874	NN_SDK	T2	8
001a987c	NN_SDK	T2	8
001a9890	NN_SDK	T2	148
001a9930	NN_SDK	T2	112
001a99a0	NN_SDK	T2	136
001a9a30	NN_SDK	T2	128
001a9ab0	NN_SDK	T2	140
001a9b40	NN_SDK	T2	136
001a9bd0	NN_SDK	T2	136
001a9c60	NN_SDK	T2	128
001a9ce0	NN_SDK	T2	124
001a9d60	NN_SDK	T2	128
001a9de0	NN_SDK	T2	124
001a9e60	NN_SDK	T2	128
001a9ee0	NN_SDK	T2	144
001a9f70	NN_SDK	T2	88
001a9fc8	NN_SDK	T2	108
001aa038	NN_SDK	T2	264
001aa158	NN_SDK	T2	132
001aa1e0	NN_SDK	T2	272
001aa2f0	NN_SDK	T2	916
001aa684	NN_SDK	T2	692
001aa938	NN_SDK	T2	416
001aaad8	NN_SDK	T2	4
001aaadc	NN_SDK	T2	500
001aace8	NN_SDK	T2	472
001aaed8	NN_SDK	T2	8
001aaee0	NN_SDK	T2	76
001aaf2c	NN_SDK	T2	84
001aaf80	NN_SDK	T2	108
001aaff0	NN_SDK	T2	232
001ab0f0	NN_SDK	T2	132
001ab178	NN_SDK	T2	208
001ab248	NN_SDK	T2	736
001ab528	NN_SDK	T2	528
001ab738	NN_SDK	T2	368
001ab8a8	NN_SDK	T2	4
001ab8ac	NN_SDK	T2	432
001aba74	NN_SDK	T2	8
001aba7c	NN_SDK	T2	76
001abac8	NN_SDK	T2	84
001abb1c	NN_SDK	T2	184
001abbd4	NN_SDK	T2	216
001abcc8	NN_SDK	T2	24
001abce0	NN_SDK	T2	112
001abd50	NN_SDK	T2	496
001abf40	NN_SDK	T2	320
001ac080	NN_SDK	T2	156
001ac11c	NN_SDK	T2	4
001ac120	NN_SDK	T2	304
001ac268	NN_SDK	T2	704
001ac540	NN_SDK	T2	260
001ac648	NN_SDK	T2	8
001ac650	NN_SDK	T2	184
001ac708	NN_SDK	T2	76
001ac754	NN_SDK	T2	88
001ac7ac	NN_SDK	T2	108
001ac81c	NN_SDK	T2	240
001ac924	NN_SDK	T2	132
001ac9ac	NN_SDK	T2	160
001aca4c	NN_SDK	T2	596
001acca0	NN_SDK	T2	556
001acecc	NN_SDK	T2	248
001acfc4	NN_SDK	T2	4
001acfc8	NN_SDK	T2	468
001ad1b4	NN_SDK	T2	8
001ad1bc	NN_SDK	T2	80
001ad20c	NN_SDK	T2	84
001ad260	NN_SDK	T2	184
001ad318	NN_SDK	T2	216
001ad40c	NN_SDK	T2	24
001ad424	NN_SDK	T2	112
001ad494	NN_SDK	T2	496
001ad684	NN_SDK	T2	320
001ad7c4	NN_SDK	T2	156
001ad860	NN_SDK	T2	4
001ad864	NN_SDK	T2	304
001ad9ac	NN_SDK	T2	260
001adab4	NN_SDK	T2	8
001adabc	NN_SDK	T2	184
001adb74	NN_SDK	T2	80
001adbc4	NN_SDK	T2	88
001adc1c	NN_SDK	T2	108
001adc8c	NN_SDK	T2	232
001add8c	NN_SDK	T2	132
001ade14	NN_SDK	T2	212
001adee8	NN_SDK	T2	820
001ae21c	NN_SDK	T2	708
001ae4e0	NN_SDK	T2	420
001ae684	NN_SDK	T2	4
001ae688	NN_SDK	T2	444
001ae85c	NN_SDK	T2	8
001ae864	NN_SDK	T2	76
001ae8b0	NN_SDK	T2	84
001ae904	NN_SDK	T2	268
001aea10	NN_SDK	T2	108
001aea80	NN_SDK	T2	176
001aeb48	NN_SDK	T2	132
001aebd0	NN_SDK	T2	192
001aec90	NN_SDK	T2	696
001aef48	NN_SDK	T2	484
001af12c	NN_SDK	T2	212
001af200	NN_SDK	T2	4
001af204	NN_SDK	T2	372
001af390	NN_SDK	T2	52
001af3c4	NN_SDK	T2	8
001af3cc	NN_SDK	T2	184
001af484	NN_SDK	T2	84
001af4d8	NN_SDK	T2	84
001af52c	NN_SDK	T2	108
001af59c	NN_SDK	T2	232
001af69c	NN_SDK	T2	132
001af724	NN_SDK	T2	208
001af7f4	NN_SDK	T2	736
001afad4	NN_SDK	T2	528
001afce4	NN_SDK	T2	368
001afe54	NN_SDK	T2	4
001afe58	NN_SDK	T2	432
001b0020	NN_SDK	T2	8
001b0028	NN_SDK	T2	76
001b0074	NN_SDK	T2	84
001b00c8	NN_SDK	T2	184
001b0180	NN_SDK	T2	216
001b0274	NN_SDK	T2	24
001b028c	NN_SDK	T2	112
001b02fc	NN_SDK	T2	496
001b04ec	NN_SDK	T2	320
001b062c	NN_SDK	T2	156
001b06c8	NN_SDK	T2	4
001b06cc	NN_SDK	T2	304
001b0814	NN_SDK	T2	260
001b091c	NN_SDK	T2	8
001b0924	NN_SDK	T2	184
001b09dc	NN_SDK	T2	76
001b0a28	NN_SDK	T2	88
001b0a80	NN_SDK	T2	108
001b0af0	NN_SDK	T2	240
001b0bf8	NN_SDK	T2	132
001b0c80	NN_SDK	T2	160
001b0d20	NN_SDK	T2	596
001b0f74	NN_SDK	T2	556
001b11a0	NN_SDK	T2	248
001b1298	NN_SDK	T2	4
001b129c	NN_SDK	T2	468
001b1488	NN_SDK	T2	8
001b1490	NN_SDK	T2	76
001b14dc	NN_SDK	T2	84
001b1530	NN_SDK	T2	184
001b15e8	NN_SDK	T2	216
001b16dc	NN_SDK	T2	24
001b16f4	NN_SDK	T2	112
001b1764	NN_SDK	T2	496
001b1954	NN_SDK	T2	320
001b1a94	NN_SDK	T2	156
001b1b30	NN_SDK	T2	4
001b1b34	NN_SDK	T2	304
001b1c7c	NN_SDK	T2	260
001b1d84	NN_SDK	T2	8
001b1d8c	NN_SDK	T2	184
001b1e44	NN_SDK	T2	84
001b1e98	NN_SDK	T2	412
001b2034	NN_SDK	T2	108
001b20a4	NN_SDK	T2	344
001b2214	NN_SDK	T2	132
001b229c	NN_SDK	T2	312
001b23d4	NN_SDK	T2	376
001b27a0	NN_SDK	T1	952
001b2b58	NN_SDK	T3	396
001b2f0c	NN_SDK	T3	624
001b317c	NN_SDK	T3	600
001b4014	NN_SDK	T3	136
001b40a0	NET	T3	68
001b40e4	NET	T3	360
001b4a04	NET	T3	152
001b5244	NET	T3	152
001b5a84	NET	T3	152
001b62c4	NET	T3	152
001b6b04	NET	T3	152
001b7344	NET	T3	152
001b8b20	NET	T1	280
001b8d10	NET	T2	244
001b8e0c	NET	T1	272
001b8f48	NET	T2	100
001b8fac	NET	T2	24
001b8fc4	NET	T1	116
001b903c	NET	T2	132
001b90c4	NET	T2	24
001b90dc	NET	T2	588
001b9328	NET	T2	112
001b9398	NET	T2	8
001b93a0	NET	T2	80
001b93f0	NET	T2	504
001b95e8	NET	T2	140
001b9674	NET	T2	128
001b96f4	NET	T2	124
001b9770	NET	T2	12
001b977c	NET	T1	108
001b97e8	NET	T1	300
001b9914	NET	T2	360
001b9a7c	NET	T2	104
001b9ae4	NET	T2	20
001b9af8	NET	T2	8
001b9b00	NET	T2	20
001b9b14	NET	T2	564
001b9d48	NET	T2	8
001b9d50	NET	T2	8
001b9d58	NET	T2	212
001b9e2c	NET	T2	8
001b9e34	NET	T2	212
001b9f08	NET	T2	112
001b9f78	NET	T1	88
001b9fd0	NET	T1	88
001ba028	NET	T1	336
001ba178	NET	T1	296
001ba2a0	NET	T2	48
001ba2d0	NET	T2	384
001ba450	NET	T2	256
001ba550	NET	T2	20
001ba564	NET	T2	4
001ba568	NET	T2	20
001ba57c	NET	T2	20
001ba590	NET	T2	16
001ba5a0	NET	T2	16
001ba5b0	NET	T2	16
001ba5c0	NET	T2	16
001ba5d0	NET	T2	24
001ba5e8	NET	T2	16
001ba5f8	NET	T2	264
001ba700	NET	T1	1236
001bac10	NET	T2	1356
001bb1a0	NET	T2	396
001bb32c	NET	T2	464
001bb548	NET	T2	136
001bb5e4	NET	T2	156
001bb694	NET	T2	400
001bb824	NET	T2	120
001bb89c	NET	T2	148
001bb930	NET	T2	12
001bb93c	NET	T2	520
001bbb44	NET	T1	384
001bbcc4	NET	T2	332
001bbe18	NET	T2	224
001bbef8	NET	T2	348
001bc08c	NET	T2	188
001bc16c	NET	T2	396
001bc300	NET	T2	504
001bc4f8	NET	T2	264
001bc600	NET	T2	48
001bc630	NET	T2	28
001bc64c	NET	T2	4
001bc650	NET	T2	4
001bc654	NET	T2	8
001bc65c	NET	T2	68
001bc6a0	NET	T2	12
001bc6ac	NET	T2	180
001bc7b0	NET	T1	748
001bcb38	NET	T2	84
001bcb90	NET	T2	96
001bcbf4	NET	T2	500
001bcde8	NET	T2	324
001bcf2c	NET	T2	8
001bcf34	NET	T1	868
001bd390	NET	T2	176
001bd4bc	NET	T2	228
001bd5a0	NET	T1	668
001bd8c0	NET	T2	248
001bd9b8	NET	T1	868
001bde14	NET	T2	264
001bdf1c	NET	T2	48
001bdf4c	NET	T2	28
001bdf68	NET	T2	4
001bdf6c	NET	T2	4
001bdf70	NET	T2	184
001be028	NET	T2	68
001be06c	NET	T2	12
001be078	NET	T1	752
001be668	NET	T2	228
001be750	NET	T2	212
001be828	NET	T2	748
001beb44	NET	T2	4
001beb48	NET	T2	816
001beecc	NET	T2	216
001befa8	NET	T2	500
001bf19c	NET	T2	256
001bf29c	NET	T2	8
001bf2a4	NET	T2	36
001bf2c8	NET	T2	324
001bf40c	NET	T2	140
001bf498	NET	T2	224
001bf57c	NET	T2	336
001bf6cc	NET	T2	220
001bf7a8	NET	T2	8
001bf7b0	NET	T2	48
001bf7e0	NET	T1	288
001bf900	NET	T2	140
001bf98c	NET	T2	272
001bfa9c	NET	T2	16
001bfaac	NET	T2	4
001bfab0	NET	T2	48
001bfae0	NET	T1	208
001bfbb0	NET	T2	4
001bfbb4	NET	T2	4
001bfbb8	NET	T2	48
001bfbe8	NET	T2	28
001bfc04	NET	T2	4
001bfc08	NET	T2	4
001bfc0c	NET	T2	48
001bfc3c	NET	T2	68
001bfc80	NET	T2	12
001bfc8c	NET	T2	244
001bfdcc	NET	T2	4
001bfdd0	NET	T2	48
001bfe00	NET	T2	28
001bfe1c	NET	T2	4
001bfe20	NET	T2	4
001bfe24	NET	T2	8
001bfe2c	NET	T2	68
001bfe70	NET	T2	12
001bfe7c	NET	T1	752
001c046c	NET	T2	692
001c07c8	NET	T2	168
001c0874	NET	T2	244
001c0970	NET	T2	188
001c0a30	NET	T2	188
001c0af0	NET	T2	144
001c0b80	NET	T2	204
001c0c4c	NET	T2	24
001c0c64	NET	T2	588
001c0eb0	NET	T2	116
001c0f24	NET	T2	8
001c0f2c	NET	T2	80
001c0f7c	NET	T2	504
001c1174	NET	T2	140
001c1200	NET	T2	224
001c12e0	NET	T2	172
001c1390	NET	T2	296
001c14b8	NET	T2	220
001c1594	NET	T2	8
001c159c	NET	T2	48
001c15cc	NET	T1	288
001c16ec	NET	T2	140
001c1778	NET	T2	1332
001c1d30	NET	T2	244
001c1e2c	NET	T2	24
001c1e44	NET	T2	588
001c2090	NET	T2	112
001c2100	NET	T2	8
001c2108	NET	T2	80
001c2158	NET	T2	504
001c2350	NET	T2	140
001c23dc	NET	T2	264
001c24f0	NET	T2	1356
001c2a80	NET	T2	224
001c2b60	NET	T2	264
001c2c68	NET	T2	48
001c2c98	NET	T2	28
001c2cb4	NET	T2	4
001c2cb8	NET	T2	4
001c2cbc	NET	T2	8
001c2cc4	NET	T2	68
001c2d08	NET	T2	12
001c2d14	NET	T2	180
001c2e20	NET	T1	748
001c31a8	NET	T2	868
001c3604	NET	T2	868
001c3a60	NET	T2	752
001c4050	NET	T2	16
001c4060	NET	T2	4
001c4064	NET	T2	752
001c4654	NET	T2	692
001c49b0	NET	T2	168
001c4a5c	NET	T2	244
001c4b58	NET	T2	188
001c4c18	NET	T2	188
001c4cd8	NET	T2	144
001c4d68	NET	T2	204
001c4e34	NET	T2	24
001c4e4c	NET	T2	588
001c5098	NET	T2	116
001c510c	NET	T2	8
001c5114	NET	T2	80
001c5164	NET	T2	504
001c535c	NET	T2	140
001c53e8	NET	T2	224
001c54c8	NET	T2	172
001c5578	NET	T2	296
001c56a0	NET	T2	220
001c577c	NET	T2	8
001c5784	NET	T2	48
001c57b4	NET	T1	288
001c58d4	NET	T2	140
001c5960	NET	T2	1332
001c5f18	NET	T2	244
001c6014	NET	T2	24
001c602c	NET	T2	588
001c6278	NET	T2	112
001c62e8	NET	T2	8
001c62f0	NET	T2	80
001c6340	NET	T2	504
001c6538	NET	T2	140
001c65c4	NET	T2	264
001c66d0	NET	T2	1356
001c6c60	NET	T2	224
001c6d40	NET	T2	264
001c6e48	NET	T2	48
001c6e78	NET	T2	28
001c6e94	NET	T2	4
001c6e98	NET	T2	4
001c6e9c	NET	T2	8
001c6ea4	NET	T2	68
001c6ee8	NET	T2	12
001c6ef4	NET	T2	180
001c7000	NET	T1	748
001c7388	NET	T2	868
001c77e4	NET	T2	868
001c7c40	NET	T2	752
001c8230	NET	T2	16
001c8240	NET	T2	4
001c8244	NET	T2	752
001c8834	NET	T2	692
001c8b90	NET	T2	168
001c8c3c	NET	T2	244
001c8d38	NET	T2	188
001c8df8	NET	T2	188
001c8eb8	NET	T2	144
001c8f48	NET	T2	204
001c9014	NET	T2	24
001c902c	NET	T2	588
001c9278	NET	T2	116
001c92ec	NET	T2	8
001c92f4	NET	T2	80
001c9344	NET	T2	504
001c953c	NET	T2	140
001c95c8	NET	T2	224
001c96a8	NET	T2	172
001c9758	NET	T2	296
001c9880	NET	T2	220
001c995c	NET	T2	8
001c9964	NET	T2	48
001c9994	NET	T1	288
001c9ab4	NET	T2	140
001c9b40	NET	T2	1332
001ca0f8	NET	T2	244
001ca1f4	NET	T2	24
001ca20c	NET	T2	588
001ca458	NET	T2	112
001ca4c8	NET	T2	8
001ca4d0	NET	T2	80
001ca520	NET	T2	504
001ca718	NET	T2	140
001ca7a4	NET	T2	264
001ca8b0	NET	T2	1356
001cae40	NET	T2	224
001caf20	NET	T2	264
001cb028	NET	T2	48
001cb058	NET	T2	28
001cb074	NET	T2	4
001cb078	NET	T2	4
001cb07c	NET	T2	8
001cb084	NET	T2	68
001cb0c8	NET	T2	12
001cb0d4	NET	T2	180
001cb1e0	NET	T1	748
001cb568	NET	T2	868
001cb9c4	NET	T2	868
001cbe20	NET	T2	752
001cc410	NET	T2	16
001cc420	NET	T2	4
001cc424	NET	T2	752
001cca14	NET	T2	692
001ccd70	NET	T2	168
001cce1c	NET	T2	244
001ccf18	NET	T2	188
001ccfd8	NET	T2	188
001cd098	NET	T2	144
001cd128	NET	T2	204
001cd1f4	NET	T2	24
001cd20c	NET	T2	588
001cd458	NET	T2	116
001cd4cc	NET	T2	8
001cd4d4	NET	T2	80
001cd524	NET	T2	504
001cd71c	NET	T2	140
001cd7a8	NET	T2	224
001cd888	NET	T2	172
001cd938	NET	T2	296
001cda60	NET	T2	220
001cdb3c	NET	T2	8
001cdb44	NET	T2	48
001cdb74	NET	T1	288
001cdc94	NET	T2	140
001cdd20	NET	T2	1332
001ce2d8	NET	T2	244
001ce3d4	NET	T2	24
001ce3ec	NET	T2	588
001ce638	NET	T2	112
001ce6a8	NET	T2	8
001ce6b0	NET	T2	80
001ce700	NET	T2	504
001ce8f8	NET	T2	140
001ce984	NET	T2	264
001cea90	NET	T2	1356
001cf020	NET	T2	224
001cf100	NET	T2	264
001cf208	NET	T2	48
001cf238	NET	T2	28
001cf254	NET	T2	4
001cf258	NET	T2	4
001cf25c	NET	T2	8
001cf264	NET	T2	68
001cf2a8	NET	T2	12
001cf2b4	NET	T2	180
001cf3c0	NET	T1	748
001cf748	NET	T2	868
001cfba4	NET	T2	868
001d0000	NET	T2	752
001d05f0	NET	T2	16
001d0600	NET	T2	4
001d0604	NET	T2	752
001d0bf4	NET	T2	692
001d0f50	NET	T2	168
001d0ffc	NET	T2	244
001d10f8	NET	T2	188
001d11b8	NET	T2	188
001d1278	NET	T2	144
001d1308	NET	T2	204
001d13d4	NET	T2	24
001d13ec	NET	T2	588
001d1638	NET	T2	116
001d16ac	NET	T2	8
001d16b4	NET	T2	80
001d1704	NET	T2	504
001d18fc	NET	T2	140
001d1988	NET	T2	224
001d1a68	NET	T2	172
001d1b18	NET	T2	296
001d1c40	NET	T2	220
001d1d1c	NET	T2	8
001d1d24	NET	T2	48
001d1d54	NET	T1	288
001d1e74	NET	T2	140
001d1f00	NET	T2	1332
001d24b8	NET	T2	244
001d25b4	NET	T2	24
001d25cc	NET	T2	588
001d2818	NET	T2	112
001d2888	NET	T2	8
001d2890	NET	T2	80
001d28e0	NET	T2	504
001d2ad8	NET	T2	140
001d2b64	NET	T2	264
001d2c70	NET	T2	1356
001d3200	NET	T2	224
001d32e0	NET	T2	264
001d33e8	NET	T2	48
001d3418	NET	T2	28
001d3434	NET	T2	4
001d3438	NET	T2	4
001d343c	NET	T2	8
001d3444	NET	T2	68
001d3488	NET	T2	12
001d3494	NET	T2	180
001d35a0	NET	T1	748
001d3928	NET	T2	868
001d3d84	NET	T2	868
001d41e0	NET	T2	752
001d47d0	NET	T2	16
001d47e0	NET	T2	4
001d47e4	NET	T2	752
001d4dd4	NET	T2	692
001d5130	NET	T2	168
001d51dc	NET	T2	244
001d52d8	NET	T2	188
001d5398	NET	T2	188
001d5458	NET	T2	144
001d54e8	NET	T2	204
001d55b4	NET	T2	24
001d55cc	NET	T2	588
001d5818	NET	T2	116
001d588c	NET	T2	8
001d5894	NET	T2	80
001d58e4	NET	T2	504
001d5adc	NET	T2	140
001d5b68	NET	T2	224
001d5c48	NET	T2	172
001d5cf8	NET	T2	296
001d5e20	NET	T2	220
001d5efc	NET	T2	8
001d5f04	NET	T2	48
001d5f34	NET	T1	288
001d6054	NET	T2	140
001d60e0	NET	T2	1332
001d6698	NET	T2	244
001d6794	NET	T2	24
001d67ac	NET	T2	588
001d69f8	NET	T2	112
001d6a68	NET	T2	8
001d6a70	NET	T2	80
001d6ac0	NET	T2	504
001d6cb8	NET	T2	140
001d6d44	NET	T2	264
001d6e50	NET	T2	1356
001d73e0	NET	T2	224
001d74c0	NET	T2	264
001d75c8	NET	T2	48
001d75f8	NET	T2	28
001d7614	NET	T2	4
001d7618	NET	T2	4
001d761c	NET	T2	8
001d7624	NET	T2	68
001d7668	NET	T2	12
001d7674	NET	T2	180
001d7780	NET	T1	748
001d7b08	NET	T2	868
001d7f64	NET	T2	868
001d83c0	NET	T2	752
001d89b0	NET	T2	16
001d89c0	NET	T2	4
001d89c4	NET	T2	4
001d89c8	NET	T2	752
001d8fb8	NET	T2	692
001d9314	NET	T2	168
001d93c0	NET	T2	244
001d94bc	NET	T2	188
001d957c	NET	T2	188
001d963c	NET	T2	144
001d96cc	NET	T2	204
001d9798	NET	T2	336
001d98e8	NET	T2	24
001d9900	NET	T2	588
001d9b4c	NET	T2	116
001d9bc0	NET	T2	8
001d9bc8	NET	T2	80
001d9c18	NET	T2	504
001d9e10	NET	T2	140
001d9e9c	NET	T2	224
001d9f7c	NET	T2	172
001da02c	NET	T2	296
001da154	NET	T2	220
001da230	NET	T2	8
001da238	NET	T2	48
001da268	NET	T1	288
001da388	NET	T2	140
001da414	NET	T2	1332
001da9cc	NET	T2	244
001daac8	NET	T2	24
001daae0	NET	T2	588
001dad2c	NET	T2	112
001dad9c	NET	T2	8
001dada4	NET	T2	80
001dadf4	NET	T2	504
001dafec	NET	T2	140
001db078	NET	T2	264
001db180	NET	T2	1356
001db710	NET	T2	224
001db7f0	NET	T2	264
001db8f8	NET	T2	48
001db928	NET	T2	28
001db944	NET	T2	4
001db948	NET	T2	4
001db94c	NET	T2	8
001db954	NET	T2	68
001db998	NET	T2	12
001db9a4	NET	T2	180
001dbab0	NET	T1	748
001dbe38	NET	T2	868
001dc294	NET	T2	868
001dc6f0	NET	T2	752
001dcce0	NET	T2	16
001dccf0	NET	T2	4
001dccf4	NET	T2	752
001dd2e4	NET	T2	692
001dd640	NET	T2	168
001dd6ec	NET	T2	244
001dd7e8	NET	T2	188
001dd8a8	NET	T2	188
001dd968	NET	T2	144
001dd9f8	NET	T2	204
001ddac4	NET	T1	336
001ddc14	NET	T2	24
001ddc2c	NET	T2	588
001dde78	NET	T2	116
001ddeec	NET	T2	8
001ddef4	NET	T2	80
001ddf44	NET	T2	504
001de13c	NET	T2	140
001de1c8	NET	T2	224
001de2a8	NET	T2	172
001de358	NET	T2	296
001de480	NET	T2	220
001de55c	NET	T2	8
001de564	NET	T2	48
001de594	NET	T1	288
001dea08	NET	T3	136
001dea90	NET	T3	136
001deb18	NET	T3	84
001deb6c	NN_SDK	T3	208
001dee80	NN_SDK	T3	384
001df6d0	NN_SDK	T1	1720
001dfd88	NN_SDK	T2	592
001dffd8	NN_SDK	T2	4
001dffdc	NN_SDK	T2	252
001e03d4	NN_SDK	T2	92
001e0430	NN_SDK	T2	8
001e0438	NN_SDK	T2	48
001e0468	NN_SDK	T2	88
001e04d4	NN_SDK	T2	172
001e0584	NN_SDK	T2	352
001e071c	NN_SDK	T2	24
001e0734	NN_SDK	T2	68
001e0778	NN_SDK	T2	492
001e0964	NN_SDK	T2	204
001e0a30	NN_SDK	T2	360
001e0b98	NN_SDK	T2	172
001e0c44	NN_SDK	T2	4
001e0c48	NN_SDK	T2	8
001e0c50	NN_SDK	T2	76
001e0c9c	NN_SDK	T2	320
001e0ddc	NN_SDK	T2	100
001e0e58	NN_SDK	T2	4
001e0e5c	NN_SDK	T2	248
001e0f54	NN_SDK	T2	212
001e105c	NN_SDK	T2	24
001e1074	NN_SDK	T2	68
001e10b8	NN_SDK	T2	340
001e120c	NN_SDK	T2	204
001e12d8	NN_SDK	T1	568
001e16d0	NET	T3	176
001e1f00	NET	T3	620
001e2310	NET	T1	200
001e23f8	NET	T2	204
001e24dc	NET	T1	348
001e2650	NET	T2	16
001e2660	NET	T2	24
001e2678	NET	T2	168
001e2720	NET	T2	168
001e27c8	NET	T2	156
001e28c4	NET	T2	828
001e2c00	NET	T2	296
001e2d28	NET	T2	232
001e2e10	NET	T2	24
001e2e2c	NET	T2	24
001e2e48	NET	T2	20
001e2e60	NET	T2	28
001e2e80	NET	T2	24
001e2ea0	NET	T2	24
001e2ec0	NET	T2	44
001e2ef0	NET	T2	28
001e2f10	NET	T2	8
001e2f18	NET	T2	288
001e3154	NET	T2	336
001e32a4	NET	T2	148
001e3338	NET	T2	32
001e3358	NET	T1	884
001e3804	NET	T2	484
001e3a68	NET	T2	132
001e3af0	NET	T2	340
001e3c44	NET	T2	104
001e3cd0	NET	T2	276
001e3de4	NET	T2	28
001e3e00	NET	T2	120
001e3e80	NET	T2	8
001e3e88	NET	T2	524
001e4094	NET	T2	408
001e4230	NET	T2	24
001e4250	NET	T2	20
001e4270	NET	T1	840
001e45c0	NET	T2	12
001e45d0	NET	T2	20
001e45f0	NET	T2	396
001e4780	NET	T2	92
001e47e0	NET	T2	484
001e49d0	NET	T2	60
001e4a10	NET	T2	152
001e4ab0	NET	T2	384
001e4c30	NET	T1	172
001e4ce0	NET	T2	244
001e4de0	NET	T1	72
001e4e30	NET	T2	168
001e4ee0	NET	T1	148
001e4f80	NET	T2	204
001e5050	NET	T2	224
001e5130	NET	T2	12
001e5140	NET	T2	20
001e5160	NET	T2	20
001e5180	NET	T2	1500
001e5780	NET	T2	12
001e5790	NET	T2	684
001e5a60	NET	T2	416
001e5c00	NET	T1	1908
001e6390	NET	T2	116
001e6428	NET	T2	4
001e642c	NET	T2	128
001e64ac	NET	T2	136
001e6534	NET	T2	136
001e65bc	NET	T2	144
001e664c	NET	T2	60
001e6688	NET	T2	68
001e66cc	NET	T2	296
001e67f4	NET	T2	20
001e6808	NET	T2	80
001e6858	NET	T2	112
001e68c8	NET	T2	452
001e6a9c	NET	T2	312
001e6bd4	NET	T2	380
001e6d50	NET	T2	560
001e6f80	NET	T2	252
001e707c	NET	T2	60
001e70b8	NET	T2	56
001e70f0	NET	T1	716
001e73bc	NET	T2	56
001e7400	NET	T1	716
001e76cc	NET	T2	52
001e7700	NET	T1	740
001e79e4	NET	T2	64
001e7a30	NET	T1	692
001e7ce4	NET	T2	76
001e7d30	NET	T1	736
001e8010	NET	T2	176
001e80c0	NET	T2	44
001e80f0	NET	T2	516
001e82f4	NET	T2	44
001e8320	NET	T2	328
001e846c	NET	T2	64
001e84b0	NET	T2	264
001e85c0	NET	T1	620
001e8830	NET	T1	1304
001e8d50	NET	T1	472
001e8f28	NET	T2	204
001e9018	NET	T1	616
001e9280	NET	T1	2792
001e9d70	NET	T2	376
001e9ef0	NET	T1	792
001ea210	NET	T1	948
001ea600	NET	T1	3004
001eb1c0	NET	T1	2704
001ebc50	NET	T1	192
001ebd10	NET	T2	52
001ebd50	NET	T2	36
001ebd80	NET	T2	36
001ebdb0	NET	T2	12
001ebdc0	NET	T2	52
001ebe00	NET	T1	124
001ebe80	NET	T2	16
001ebe90	NET	T2	8
001ebea0	NET	T2	312
001ebfe0	NET	T2	348
001ec140	NET	T2	64
001ec180	NET	T2	20
001ec1a0	NET	T2	64
001ec1e0	NET	T2	200
001ec2d0	NET	T2	84
001ec330	NET	T2	332
001ec480	NET	T2	668
001ec720	NET	T2	20
001ec740	NET	T2	80
001ec790	NET	T2	204
001ec860	NET	T2	204
001ec930	NET	T2	48
001ec960	NET	T2	112
001ec9d0	NET	T2	92
001eca30	NET	T2	332
001ecb80	NET	T2	60
001ecbc0	NET	T2	772
001eced0	NET	T1	196
001ecfd0	NET	T1	240
001ed100	NET	T1	276
001ed250	NET	T1	416
001ed430	NET	T1	108
001ed4a0	NET	T1	500
001ed6a0	NET	T2	24
001ed6c0	NET	T1	436
001ed880	NET	T2	24
001ed8a0	NET	T1	2268
001ee180	NET	T2	540
001ee3a0	NET	T2	316
001ee4e0	NET	T2	396
001ee670	NET	T2	68
001ee6c0	NET	T2	4
001ee6d0	NET	T2	20
001ee6f0	NET	T2	20
001ee710	NET	T2	20
001ee730	NET	T2	60
001ee770	NET	T2	64
001ee7b0	NET	T2	24
001ee7c8	NET	T2	36
001ee7f0	NET	T2	52
001ee824	NET	T2	284
001ee97c	NET	T2	288
001eead8	NET	T2	104
001eeb40	NET	T2	32
001eeb60	NET	T2	28
001eeb80	NET	T2	4
001eeb90	NET	T2	228
001eec80	NET	T1	132
001eed10	NET	T1	260
001eee20	NET	T2	4
001eee30	NET	T2	20
001eee50	NET	T2	68
001eeea0	NET	T2	36
001eeed0	NET	T2	100
001eef40	NET	T1	120
001eefc0	NET	T2	12
001eefd0	NET	T2	12
001eefe0	NET	T2	12
001eeff0	NET	T2	160
001ef090	NET	T2	164
001ef140	NET	T2	8
001ef150	NET	T1	304
001ef280	NET	T1	376
001ef400	NET	T2	152
001ef4a0	NET	T2	56
001ef4e0	NET	T2	220
001ef5c0	NET	T2	12
001ef5d0	NET	T2	20
001ef5f0	NET	T2	68
001ef640	NET	T2	24
001ef660	NET	T1	84
001ef6c0	NET	T2	16
001ef6d0	NET	T2	64
001ef710	NET	T2	64
001ef750	NET	T2	64
001ef790	NET	T2	64
001ef7d0	NET	T2	136
001ef860	NET	T2	64
001ef8a0	NET	T2	208
001ef970	NET	T2	64
001ef9b0	NET	T2	64
001ef9f0	NET	T2	64
001efa30	NET	T2	40
001efa58	NET	T2	224
001efb38	NET	T2	128
001efbc0	NET	T2	20
001efbd4	NET	T2	204
001efca0	NET	T2	36
001efcc4	NET	T2	16
001efce0	NET	T2	164
001efd90	NET	T2	152
001efe30	NET	T2	140
001efebc	NET	T2	68
001eff00	NET	T1	508
001f00fc	NET	T2	160
001f019c	NET	T1	280
001f02b4	NET	T1	268
001f03c0	NET	T1	104
001f0430	NET	T1	596
001f0690	NET	T1	744
001f0980	NET	T1	604
001f0be0	NET	T1	308
001f0d20	NET	T1	436
001f0ee0	NET	T1	1016
001f12e0	NET	T2	88
001f1340	NET	T2	56
001f1380	NET	T2	112
001f13f0	NET	T1	140
001f1480	NET	T1	2104
001f1cc0	NET	T2	12
001f1cd0	NET	T2	296
001f1e00	NET	T1	160
001f1ea0	NET	T1	256
001f1fa0	NET	T2	1284
001f24b0	NET	T1	392
001f2640	NET	T2	56
001f2680	NET	T2	132
001f2710	NET	T2	12
001f2720	NET	T2	196
001f27f0	NET	T2	124
001f2870	NET	T1	168
001f2920	NET	T2	640
001f2c10	NET	T2	40
001f2c60	NET	T2	48
001f2c90	NET	T2	124
001f2d10	NET	T2	120
001f2e08	NET	T2	152
001f2ea0	NET	T2	156
001f2f40	NET	T2	164
001f2ff0	NET	T2	168
001f30a0	NET	T2	172
001f3150	NET	T2	208
001f3230	NET	T2	232
001f3318	NET	T2	120
001f3390	NET	T1	228
001f3480	NET	T2	240
001f3570	NET	T1	252
001f3670	NET	T1	480
001f3850	NET	T2	8
001f3860	NET	T1	496
001f3a50	NET	T1	548
001f3c80	NET	T2	72
001f3cd0	NET	T2	128
001f3d50	NET	T2	120
001f3dd0	NET	T2	296
001f3f00	NET	T2	88
001f3f58	NET	T2	4
001f3f5c	NET	T2	48
001f3f90	NET	T2	56
001f3fcc	NET	T2	56
001f4008	NET	T2	60
001f4044	NET	T1	444
001f4200	NET	T2	36
001f4230	NET	T1	492
001f4480	NET	T2	4
001f4490	NET	T2	284
001f45b0	NET	T1	224
001f4690	NET	T2	196
001f4760	NET	T1	424
001f4910	NET	T1	1664
001f4f9c	NET	T1	672
001f5244	NET	T2	4
001f5250	NET	T1	528
001f5470	NET	T1	76
001f54c0	NET	T2	48
001f54f0	NET	T2	24
001f5510	NET	T2	368
001f56f0	NET	T2	4
001f5700	NET	T2	52
001f5740	NET	T1	860
001f5aa0	NET	T2	12
001f5ab0	NET	T1	128
001f5b30	NET	T2	4
001f5b40	NET	T2	4
001f5b50	NET	T2	4
001f5b60	NET	T2	84
001f5bc0	NET	T2	76
001f5c10	NET	T2	20
001f5c30	NET	T2	20
001f5c50	NET	T2	16
001f5c60	NET	T2	20
001f5c80	NET	T2	20
001f5ca0	NET	T2	20
001f5cc0	NET	T2	20
001f5ce0	NET	T2	20
001f5d00	NET	T2	20
001f5d20	NET	T2	120
001f5da0	NET	T2	44
001f5dd0	NET	T1	548
001f6000	NET	T2	76
001f6050	NET	T2	80
001f60a0	NET	T1	488
001f6290	NET	T1	1564
001f693c	NET	T1	268
001f6a50	NET	T2	108
001f6abc	NET	T2	1184
001f6f5c	NET	T2	52
001f6f94	NET	T2	56
001f6fd0	NET	T2	8
001f6fd8	NET	T2	8
001f6fe0	NET	T2	8
001f6ff0	NET	T2	1292
001f7500	NET	T2	468
001f76e0	NET	T2	1132
001f7ba0	NET	T2	484
001f7d90	NET	T2	228
001f7e80	NET	T2	36
001f7eb0	NET	T2	248
001f7fb0	NET	T2	1092
001f8400	NET	T2	980
001f87e0	NET	T2	56
001f8820	NET	T2	8
001f8830	NET	T2	8
001f8840	NET	T2	204
001f8910	NET	T2	416
001f8ab0	NET	T2	16
001f8ac0	NET	T2	12
001f8ad0	NET	T2	12
001f8ae0	NET	T2	28
001f8b00	NET	T2	24
001f8b20	NET	T2	132
001f8bb0	NET	T2	8
001f8bc0	NET	T2	4
001f8bd0	NET	T2	12
001f8be0	NET	T2	20
001f8c00	NET	T2	16
001f8c10	NET	T2	16
001f8c20	NET	T2	16
001f8c30	NET	T2	16
001f8c40	NET	T2	16
001f8c50	NET	T2	16
001f8c60	NET	T2	92
001f8cc0	NET	T2	4
001f8cd0	NET	T2	1540
001f8ce0	NET	T2	4
001f8cf0	NET	T2	20
001f8d00	NET	T2	4
001f8d10	NET	T2	4
001f8d20	NET	T2	4
001f8d30	NET	T2	4
001f9390	NET	T2	32
001f93b0	NET	T2	52
001f93f0	NET	T2	36
001f9420	NET	T2	256
001f9520	NET	T2	16
001f9530	NET	T1	232
001f9620	NET	T2	196
001f96f0	NET	T2	16
001f9700	NET	T2	16
001f9710	NET	T2	16
001f9720	NET	T2	16
001f9730	NET	T2	16
001f9740	NET	T2	120
001f97c0	NET	T2	4
001f97d0	NET	T2	4
001f97e0	NET	T2	100
001f9850	NET	T2	100
001f98c0	NET	T2	84
001f9920	NET	T2	180
001f99e0	NET	T2	104
001f9a50	NET	T2	16
001f9a60	NET	T1	96
001f9ac0	NET	T1	84
001f9b20	NET	T2	104
001f9b90	NET	T2	104
001f9c00	NET	T2	104
001f9c70	NET	T2	104
001f9ce0	NET	T2	120
001f9d60	NET	T2	120
001f9de0	NET	T2	16
001f9df0	NET	T2	16
001f9e00	NET	T2	16
001f9e10	NET	T2	76
001f9e60	NET	T2	92
001f9ec0	NET	T2	104
001f9f30	NET	T2	108
001f9fa0	NET	T2	180
001fa060	NET	T2	428
001fa230	NET	T2	40
001fa260	NET	T2	584
001fa4b0	NET	T2	404
001fa650	NET	T2	60
001fa690	NET	T2	60
001fa6d0	NET	T2	116
001fa750	NET	T2	192
001fa810	NET	T1	192
001fa8d0	NET	T2	48
001fa900	NET	T2	60
001fa940	NET	T2	64
001fa980	NET	T1	252
001faa80	NET	T2	296
001fabb0	NET	T2	3144
001fb800	NET	T2	8
001fb810	NET	T2	344
001fb970	NET	T2	32
001fb990	NET	T1	388
001fbb20	NET	T2	304
001fbc50	NET	T2	332
001fbda0	NET	T2	272
001fbeb0	NET	T2	128
001fbf30	NET	T2	368
001fc0a0	NET	T2	188
001fc160	NET	T2	8
001fc170	NET	T2	4
001fc180	NET	T2	52
001fc1c0	NET	T2	8
001fc1d0	NET	T1	376
001fc350	NET	T1	892
001fc6d0	NET	T2	372
001fc850	NET	T2	744
001fcb40	NET	T2	68
001fcba0	NET	T2	16
001fcbb0	NET	T2	16
001fcbc0	NET	T2	16
001fcbd0	NET	T2	16
001fcbe0	NET	T2	16
001fcbf0	NET	T2	128
001fcc70	NET	T2	168
001fcd20	NET	T2	140
001fcdb0	NET	T2	16
001fcdc0	NET	T2	44
001fcdf0	NET	T2	172
001fcea0	NET	T2	444
001fd060	NET	T2	8
001fd070	NET	T2	4
001fd080	NET	T2	4
001fd090	NET	T2	68
001fd0e0	NET	T2	16
001fd0f0	NET	T2	204
001fd1c0	NET	T2	424
001fd380	NET	T2	448
001fd550	NET	T2	448
001fd720	NET	T2	448
001fd8f0	NET	T2	448
001fdac0	NET	T2	452
001fdca0	NET	T2	448
001fde70	NET	T2	8
001fde80	NET	T2	4
001fde90	NET	T2	16
001fdea0	NET	T2	20
001fdec0	NET	T2	32
001fdee0	NET	T2	20
001fdf00	NET	T2	16
001fdf10	NET	T2	20
001fdf30	NET	T2	20
001fdf50	NET	T2	20
001fdf70	NET	T2	20
001fdf90	NET	T2	20
001fdfb0	NET	T2	20
001fdfd0	NET	T2	20
001fdff0	NET	T2	16
001fe000	NET	T2	20
001fe020	NET	T2	16
001fe030	NET	T2	16
001fe040	NET	T2	20
001fe060	NET	T2	20
001fe080	NET	T2	20
001fe0a0	NET	T2	20
001fe0c0	NET	T2	20
001fe0e0	NET	T2	20
001fe100	NET	T2	160
001fe1a0	NET	T2	1508
001fe850	NET	T2	108
001fe8c0	NET	T2	68
001fe910	NET	T2	8
001fe920	NET	T2	4
001fe930	NET	T2	12
001fe940	NET	T2	156
001fe9e0	NET	T2	24
001fea00	NET	T1	512
001fec00	NET	T1	664
001fee98	NET	T2	72
001feee0	NET	T2	96
001fef40	NET	T1	1336
001ff47c	NET	T1	360
001ff5f8	NET	T2	716
00200010	NET	T1	336
00200160	NET	T2	20
00200174	NET	T1	260
00200278	NET	T2	28
002002a0	NET	T2	4
002002b0	NET	T2	1740
002002d0	NET	T2	24
002002f0	NET	T2	24
00200310	NET	T2	24
00200330	NET	T2	24
00200350	NET	T2	452
00200520	NET	T2	1112
00200a10	NET	T2	1520
00201040	NET	T2	296
00201170	NET	T2	164
00201220	NET	T2	1176
002016b8	NET	T1	268
00201830	NET	T2	224
00201910	NET	T1	536
00201b30	NET	T1	1980
00202310	NET	T2	248
00202410	NET	T2	76
00202460	NET	T1	352
002025c0	NET	T2	356
00202730	NET	T2	952
00202af0	NET	T2	16
00202b00	NET	T2	16
00202b10	NET	T2	16
00202b20	NET	T2	176
00202b40	NET	T2	96
00202ba0	NET	T2	8
00202bb0	NET	T2	8
00202bc0	NET	T2	8
00202bd0	NET	T2	100
00202c34	NET	T1	272
00202d50	NET	T2	1304
00203270	NET	T2	672
00203520	NET	T2	72
00203568	NET	T2	616
00203800	NET	T2	888
00203b78	NET	T1	344
00203cd0	NET	T2	332
00203e1c	NET	T1	192
00203f00	NET	T2	656
00204190	NET	T2	80
002041e0	NET	T2	92
0020423c	NET	T2	16
00204250	NET	T1	352
002043b0	NET	T1	1412
00204938	NET	T2	192
00204a1c	NET	T1	156
00204ac0	NET	T2	36
00204af0	NET	T2	100
00204b80	NET	T2	40
00204bb0	NET	T2	992
00204f90	NET	T2	40
00204fc0	NET	T2	52
00205000	NET	T2	28
00205020	NET	T2	40
00205050	NET	T1	284
00205170	NET	T2	184
00205230	NET	T2	144
002052c0	NET	T2	444
00205480	NET	T2	72
00205510	NET	T2	296
00205640	NET	T2	344
002057a0	NET	T1	572
002059e0	NET	T1	692
00205ca0	NET	T2	108
00205d10	NET	T1	1128
00206180	NET	T1	308
002062c0	NET	T2	132
00206350	NET	T2	164
00206400	NET	T1	484
002065f0	NET	T1	1444
00206ba0	NET	T2	76
00206bf0	NET	T1	152
00206c90	NET	T2	24
00206cb0	NET	T2	24
00206cd0	NET	T2	8
00206ce0	NET	T2	12
00206cf0	NET	T2	24
00206d10	NET	T2	4
00206d20	NET	T2	16
00206d30	NET	T1	584
00206f80	NET	T2	164
00207030	NET	T2	164
002070e0	NET	T1	336
00207230	NET	T2	348
00207390	NET	T1	528
002075a0	NET	T2	8
002075b0	NET	T1	116
002076d0	NET	T2	352
00207830	NET	T1	184
002078f0	NET	T2	168
002079a0	NET	T1	380
00207b20	NET	T1	480
00207d00	NET	T1	104
00207d70	NET	T1	140
00207e00	NET	T2	88
00207e60	NET	T2	276
00207f80	NET	T1	352
002080e0	NET	T1	412
0020827c	NET	T2	32
002082a0	NET	T2	24
002082c0	NET	T2	16
002082d0	NET	T2	12
002082e0	NET	T2	12
002082f0	NET	T2	12
00208300	NET	T2	12
00208310	NET	T2	12
00208320	NET	T2	12
00208330	NET	T2	12
00208350	NET	T2	12
00208360	NET	T2	12
00208370	NET	T2	24
00208390	NET	T2	180
00208450	NET	T2	152
002084f0	NET	T2	268
00208620	NET	T2	104
002086d0	NET	T1	660
002089e0	NET	T2	64
00208aa0	NET	T1	172
00208b60	NET	T1	472
00208d60	NET	T1	112
00208de0	NET	T2	208
00208eb0	NET	T2	8
00208ec0	NET	T2	208
00208f90	NET	T2	300
002090c0	NET	T2	300
002091f0	NET	T2	144
00209280	NET	T2	48
002092b0	NET	T1	300
002093e0	NET	T2	744
002096d0	NET	T2	220
002097b0	NET	T2	184
00209870	NET	T2	632
00209b00	NET	T2	4
00209b10	NET	T2	4
00209b20	NET	T2	4
00209b30	NET	T1	56
00209b70	NET	T2	100
00209be0	NET	T2	12
00209bf0	NET	T2	124
00209c70	NET	T2	24
00209c90	NET	T2	464
00209e60	NET	T2	1348
0020a430	NET	T2	892
0020a7b0	NET	T2	52
0020a7f0	NET	T2	160
0020a890	NET	T2	80
0020a8e0	NET	T2	304
0020aa10	NET	T2	172
0020aac0	NET	T2	884
0020aeb0	NET	T2	240
0020afa0	NET	T2	372
0020b11c	NET	T2	4
0020b120	NET	T2	4
0020b124	NET	T2	912
0020b590	NET	T2	148
0020b630	NET	T2	728
0020b970	NET	T2	688
0020bc20	NET	T1	64
0020bc60	NET	T2	8
0020bc68	NET	T2	36
0020bc8c	NET	T2	112
0020bcfc	NET	T2	148
0020bd90	NET	T1	72
0020bdd8	NET	T2	28
0020bdf4	NET	T2	100
0020be58	NET	T1	232
0020bf70	NET	T2	24
0020bf88	NET	T2	8
0020bf90	NET	T2	44
0020bfbc	NET	T2	448
0020c17c	NET	T2	396
0020c308	NET	T2	140
0020c394	NET	T2	228
0020c490	NET	T1	216
0020c580	NET	T2	88
0020c5d8	NET	T2	88
0020c630	NET	T2	8
0020c638	NET	T2	192
0020c6f8	NET	T2	40
0020c720	NET	T2	112
0020c790	NET	T2	8
0020c798	NET	T2	8
0020c7a0	NET	T2	8
0020c7a8	NET	T2	8
0020c7b0	NET	T2	340
0020c7bc	NET	T1	204
0020c8a0	NET	T2	32
0020c8c0	NET	T2	140
0020c950	NET	T2	84
0020c9c0	NET	T2	100
0020ca24	NET	T2	132
0020cac0	NET	T1	292
0020cc10	NET	T2	460
0020cddc	NET	T2	288
0020cefc	NET	T2	460
0020d0c8	NET	T2	824
0020d400	NET	T2	164
0020d4a4	NET	T1	244
0020d5b0	NET	T2	252
0020d6ac	NET	T2	260
0020d7b0	NET	T2	260
0020d8b4	NET	T2	284
0020d9d0	NET	T2	284
0020daec	NET	T2	244
0020dbe0	NET	T2	20
0020dc30	NET	T2	56
0020dc68	NET	T2	144
0020dd0c	NET	T2	168
0020ddcc	NET	T2	324
0020df30	NET	T2	232
0020e020	NET	T2	24
0020e040	NET	T1	524
0020e264	NET	T2	32
0020e284	NET	T2	96
0020e2f8	NET	T2	36
0020e31c	NET	T2	88
0020e374	NET	T1	284
0020e4b8	NET	T2	132
0020e554	NET	T2	8
0020e55c	NET	T2	24
0020e574	NET	T1	504
0020e78c	NET	T2	408
0020e94c	NET	T2	132
0020e9e8	NET	T2	4
0020e9ec	NET	T2	4
0020e9f0	NET	T2	8
0020e9f8	NET	T2	4
0020e9fc	NET	T2	4
0020ea00	NET	T2	84
0020ea70	NET	T1	2176
0020f3ac	NET	T2	60
0020f3e8	NET	T2	52
0020f41c	NET	T2	180
0020f4d0	NET	T2	92
0020f52c	NET	T2	92
0020f588	NET	T2	92
0020f5e4	NET	T2	92
0020f640	NET	T2	24
0020f658	NET	T2	32
0020f678	NET	T2	232
0020f760	NET	T2	8
0020f768	NET	T2	60
0020f7a4	NET	T2	68
0020f7e8	NET	T2	28
0020f804	NET	T2	32
0020f830	NET	T2	184
0020f8e8	NET	T2	112
0020f95c	NET	T1	104
0020f9dc	NET	T2	244
0020fad0	NET	T1	488
0020fcd8	NET	T1	652
0020ff7c	NET	T2	316
002100b8	NET	T2	220
00210194	NET	T2	220
00210270	NET	T1	776
00210590	NET	T1	564
002107ec	NET	T1	680
00210abc	NET	T1	392
00210c6c	NET	T1	380
00210e08	NET	T2	76
00210e54	NET	T2	112
00210ec4	NET	T1	256
00210fe4	NET	T1	348
00211160	NET	T1	316
002112b4	NET	T1	444
00211488	NET	T1	416
00211640	NET	T2	192
00211700	NET	T2	84
00211758	NET	T2	680
00211a00	NET	T2	148
00211a94	NET	T2	228
00211f94	NET	T2	336
002120e4	NET	T2	176
002122fc	NET	T1	528
0021252c	NET	T2	392
002126b4	NET	T1	3548
002134cc	NET	T2	656
00213778	NET	T2	13824
0021716c	NET	T2	400
002172fc	NET	T2	840
00217760	NET	T2	2912
002182d8	NET	T2	1224
00218848	NET	T2	772
002191c4	NET	T2	1628
0021983c	NET	T2	772
00219b40	NET	T2	500
00219da0	NET	T2	656
0021a060	NET	T2	652
0021a310	NET	T2	64
0021a350	NET	T2	20
0021a364	NET	T2	1356
0021a934	NET	T1	364
0021aab8	NET	T1	132
0021ab54	NET	T2	44
0021ab80	NET	T2	1332
0021b148	NET	T2	524
0021b380	NET	T2	508
0021b600	NET	T2	388
0021b7e0	NET	T2	496
0021ba40	NET	T2	280
0021bba0	NET	T2	556
0021be24	NET	T1	208
0021bf0c	NET	T1	208
0021bff4	NET	T1	208
0021c0dc	NET	T1	208
0021c1c4	NET	T1	208
0021c2ac	NET	T1	208
0021c394	NET	T1	212
0021c480	NET	T1	212
0021c56c	NET	T1	212
0021c658	NET	T1	212
0021c744	NET	T1	212
0021c830	NET	T1	212
0021c91c	NET	T1	212
0021ca08	NET	T1	212
0021caf4	NET	T1	208
0021cbdc	NET	T1	208
0021ccc4	NET	T1	128
0021cd5c	NET	T1	736
0021d078	NET	T2	60
0021d0c0	NET	T2	1040
0021d4d0	NET	T2	988
0021d8b0	NET	T2	2304
0021e1b4	NET	T1	148
0021e260	NET	T2	84
0021e2b4	NET	T1	124
0021e380	NET	T2	296
0021e52c	NET	T2	20
0021e540	NET	T2	196
0021e604	NET	T2	340
0021e758	NET	T1	332
0021e8a4	NET	T1	184
0021e974	NET	T1	120
0021ea04	NET	T1	188
0021eb24	NET	T1	284
0021ec90	NET	T1	188
0021edb0	NET	T1	472
0021eff0	NET	T2	32
0021f010	NET	T2	80
0021f084	NET	T2	56
0021f0c0	NET	T2	392
0021f250	NET	T2	48
0021f280	NET	T2	4
0021f284	NET	T1	124
0021f320	NET	T2	608
0021f580	NET	T2	416
0021f72c	NET	T2	392
0021f9f0	NET	T1	836
0021fd50	NET	T2	304
0021fe80	NET	T2	700
002201a0	NET	T2	100
00220230	NET	T2	204
00220300	NET	T2	216
002203e0	NET	T2	388
00220570	NET	T2	24
00220590	NET	T1	356
00220710	NET	T2	24
00220730	NET	T2	172
002207e0	NET	T2	384
00220980	NET	T2	172
00220a30	NET	T2	436
00220c10	NET	T2	264
00220d20	NET	T2	596
00220fc0	NET	T2	272
002210d0	NET	T2	588
0022131c	NET	T2	72
00221370	NET	T1	308
00221500	NET	T1	348
002216b0	NET	T1	484
002218f0	NET	T1	164
002219ac	NET	T2	900
00221d30	NET	T2	448
00221ef0	NET	T2	484
002220d4	NET	T1	1276
00222600	CONFLICT	T1	848
002229a8	NET	T1	240
00222ab0	NET	T1	376
00222c40	NET	T1	348
00222db4	NET	T2	228
00222e98	NET	T2	4
00222e9c	NET	T2	320
00222fdc	NET	T2	4
00222fe0	NET	T2	272
002230f0	NET	T2	320
00223230	NET	T2	132
002232c0	NET	T2	184
00223380	NET	T2	320
002234c0	NET	T2	260
002235d0	NET	T2	16
002235e0	NET	T2	16
002235f0	NET	T2	16
00223600	NET	T2	16
00223610	NET	T2	16
00223620	NET	T2	16
00223630	NET	T2	16
00223640	NET	T2	16
00223650	NET	T2	200
00223720	NET	T2	200
002237f0	NET	T2	200
002238c0	NET	T2	200
00223990	NET	T2	200
00223a60	NET	T2	200
00223b30	NET	T2	292
00223c60	NET	T2	28
00223c80	NET	T1	540
00223ec0	NET	T2	396
0022404c	NET	T1	504
0022425c	NET	T1	504
0022446c	NET	T1	504
0022467c	NET	T1	504
0022488c	NET	T2	372
00224a00	NET	T1	160
00224ab8	NET	T2	372
00224c2c	NET	T1	160
00224ce4	NET	T2	372
00224e58	NET	T1	152
00224f08	NET	T2	268
00225014	NET	T2	268
00225120	NET	T2	268
0022522c	NET	T2	268
00225338	NET	T2	268
00225444	NET	T2	268
00225550	NET	T2	524
0022575c	NET	T2	276
00225870	CONFLICT	T1	696
00225b60	NET	T1	160
00225c18	NET	T1	280
00225d58	NET	T1	280
00225e98	NET	T2	32
00225eb8	NET	T1	408
00226080	NET	T2	292
002261cc	NET	T1	184
0022629c	NET	T1	484
002265e4	CONFLICT	T1	700
002268d8	NET	T1	160
00226990	NET	T1	280
00226ad0	NET	T1	280
00226c10	NET	T2	32
00226c30	NET	T1	408
00226df8	NET	T2	292
00226f44	NET	T1	188
00227018	NET	T1	484
00227364	CONFLICT	T1	700
00227658	NET	T1	160
00227710	NET	T1	280
00227850	NET	T1	280
00227990	NET	T2	32
002279b0	NET	T1	408
00227b78	NET	T2	292
00227cc4	NET	T1	188
00227d98	NET	T1	484
002280e4	CONFLICT	T1	700
002283d8	NET	T1	160
00228490	NET	T1	280
002285d0	NET	T1	280
00228710	NET	T2	32
00228730	NET	T1	408
002288f8	NET	T2	292
00228a44	NET	T1	188
00228b18	NET	T1	484
00228e64	CONFLICT	T1	700
00229158	NET	T1	160
00229210	NET	T1	280
00229350	NET	T1	280
00229490	NET	T2	32
002294b0	NET	T1	408
00229678	NET	T2	292
002297c4	NET	T1	188
00229898	NET	T1	484
00229be4	CONFLICT	T1	700
00229ed8	NET	T1	160
00229f90	NET	T1	280
0022a0d0	NET	T1	280
0022a210	NET	T2	32
0022a230	NET	T1	408
0022a3f8	NET	T2	292
0022a544	NET	T1	188
0022a618	NET	T1	484
0022a964	CONFLICT	T1	700
0022ac58	NET	T1	160
0022ad10	NET	T1	280
0022ae50	NET	T1	280
0022af90	NET	T2	32
0022afb0	NET	T1	408
0022b178	NET	T2	292
0022b2c4	NET	T1	188
0022b398	NET	T1	484
0022b6e4	NET	T2	180
0022b79c	NET	T1	200
0022b884	NET	T2	200
0022b96c	NET	T1	176
0022ba34	NET	T1	608
0022bcac	NET	T2	24
0022bcc4	NET	T1	216
0022beb0	NET	T2	252
0022bfac	NET	T1	320
0022c248	NET	T2	20
0022c260	NET	T2	60
0022c29c	NET	T2	172
0022c348	NET	T1	384
0022c4f8	NET	T2	200
0022c5c8	CONFLICT	T1	212
0022c6b4	NET	T2	144
0022c744	NET	T1	236
0022c850	NET	T2	484
0022ca34	NET	T2	416
0022cbd4	NET	T2	188
0022cc90	NET	T2	284
0022cdac	NET	T1	200
0022ce8c	NET	T2	8
0022cea0	NET	T2	148
0022cf34	NET	T2	84
0022cf88	NET	T2	32
0022cfb0	NET	T2	12
0022cfc0	NET	T2	32
0022cfe0	NET	T2	88
0022d050	NET	T2	64
0022d090	NET	T2	176
0022d170	NET	T1	280
0022d2b0	NET	T2	376
0022d460	NET	T2	216
0022d538	NET	T2	356
0022d69c	NET	T1	300
0022d7f0	NET	T1	1164
0022dd08	NET	T2	16
0022dd18	NET	T2	292
0022de44	NET	T1	276
0022df70	NET	T2	164
0022e014	NET	T2	168
0022e0bc	NET	T1	340
0022e238	NET	T2	164
0022e2dc	NET	T2	164
0022e380	NET	T1	448
0022e560	NET	T1	432
0022e738	NET	T1	484
0022e954	NET	T2	48
0022e984	NET	T1	512
0022ebb4	NET	T1	796
0022ef18	NET	T1	432
0022f0f0	NET	T1	484
0022f30c	NET	T1	512
0022f53c	NET	T1	796
0022f8a0	NET	T1	432
0022fa78	NET	T1	484
0022fc94	NET	T1	512
0022fec4	NET	T1	796
00230228	NET	T1	432
00230400	NET	T1	484
0023061c	NET	T1	512
0023084c	NET	T1	796
00230bb0	NET	T1	428
00230d84	NET	T1	484
00230fa0	NET	T1	512
002311d0	NET	T1	796
00231534	NET	T1	428
00231708	NET	T1	484
00231924	NET	T1	512
00231b54	NET	T1	796
00231eb8	NET	T1	440
00232098	NET	T1	488
002322b8	NET	T1	512
002324e8	NET	T1	800
00232850	NET	T2	672
00232af0	NET	T1	432
00232cc8	NET	T1	484
00232ee4	NET	T1	512
00233114	NET	T1	796
00233478	NET	T1	432
00233650	NET	T1	584
002338d0	NET	T1	508
00233afc	NET	T1	828
00233e70	NET	T1	564
002340dc	NET	T1	760
0023440c	NET	T2	332
00234558	NET	T1	508
00234784	NET	T2	508
002349b0	NET	T1	776
00234cf0	NET	T2	184
00234da8	NET	T2	740
0023508c	NET	T1	268
00235198	NET	T1	2916
00235d58	NET	T2	496
00235f6c	NET	T2	516
00236170	NET	T1	296
00236298	NET	T1	284
002363cc	NET	T1	296
00236514	NET	T2	4
00236518	NET	T2	312
00236650	NET	T1	14040
00239d58	NET	T2	232
00239e40	NET	T1	2800
0023a968	NET	T1	576
0023abc4	NET	T2	4
0023abc8	NET	T2	104
0023ac30	NET	T2	668
0023aecc	NET	T2	140
0023af60	NET	T2	32
0023af80	NET	T2	68
0023afd0	NET	T2	4
0023afe0	NET	T2	4
0023aff0	NET	T2	4
0023b000	NET	T2	4
0023b010	NET	T2	4
0023b020	NET	T2	4
0023b030	NET	T2	4
0023b040	NET	T2	4
0023b050	NET	T2	176
0023b104	NET	T1	200
0023b1ec	NET	T2	200
0023b2d4	NET	T2	212
0023b3a8	NET	T1	156
0023b460	NET	T1	344
0023b628	NET	T2	100
0023b68c	NET	T2	136
0023b720	NET	T2	240
0023b810	NET	T2	136
0023b8c0	NET	T2	96
0023b920	NET	T2	512
0023bb20	NET	T2	272
0023bc30	NET	T1	164
0023bcec	NET	T2	3616
0023d400	NET	T2	32
0023d420	NET	T2	32
0023d440	NET	T2	32
0023d460	NET	T2	76
0023d468	NET	T2	92
0023d4c4	NET	T2	92
0023d520	NET	T2	160
0023d5c0	NET	T2	148
0023d654	NET	T2	168
0023d6fc	NET	T2	172
0023d7a8	NET	T2	156
0023d844	NET	T2	144
0023d8d4	NET	T2	92
0023d930	NET	T2	144
0023d9c0	NET	T2	156
0023da5c	NET	T2	1400
0023e07c	NET	T2	1516
0023e9f8	NET	T2	688
0023eca8	NET	T2	428
0023ee54	NET	T1	168
0023ef14	NET	T1	1292
0023f438	NET	T2	900
0023f7f4	NET	T2	232
0023f8f0	NET	T2	156
0023f990	NET	T2	900
0023fd34	NET	T2	316
0023fe70	NET	T2	928
00240230	NET	T2	344
00240388	NET	T2	220
00240464	NET	T2	276
00240580	NET	T2	376
002406f8	NET	T2	852
00240a70	NET	T2	868
00240df4	NET	T2	504
00240fec	NET	T2	236
002410d8	NET	T2	432
00241288	NET	T2	428
00241434	NET	T2	444
002415f0	NET	T2	784
00241918	NET	T2	280
00241a64	NET	T2	984
00241e78	NET	T2	292
00241fc0	NET	T2	248
002420d0	NET	T2	40
002420f8	NET	T1	116
00242190	NET	T2	132
0024222c	NET	T2	692
002424f8	NET	T2	164
002425b0	NET	T2	36
002425d4	NET	T2	1152
00242a6c	NET	T2	200
00242b48	NET	T2	212
00242c1c	NET	T2	400
00242dac	NET	T2	92
00242e08	NET	T2	320
00242f48	NET	T2	156
00242fe4	NET	T2	76
00243030	NET	T1	128
002430c8	NET	T1	132
00243164	NET	T2	48
00243194	NET	T2	304
00243aac	NET	T2	84
00243b00	NET	T2	84
00243b54	NET	T2	192
00243c28	NET	T2	980
00244048	NET	T2	736
00244344	NET	T2	16
00244354	NET	T1	1252
0024484c	NET	T2	92
002448a8	NET	T1	1792
00244fc8	NET	T1	432
00245178	NET	T2	288
00245298	NET	T2	1884
002459f4	NET	T2	732
00245cd0	NET	T2	460
00245e9c	NET	T1	1716
00246574	NET	T2	244
00246668	NET	T2	288
00246788	NET	T1	432
00246938	NET	T1	432
00246ae8	NET	T2	92
00246b44	NET	T2	252
00246c40	NET	T2	288
00246d60	NET	T2	888
002470d8	NET	T1	432
00247288	NET	T1	432
00247438	NET	T2	352
002475cc	NET	T2	148
00247690	NET	T2	840
002479e4	NET	T2	2624
002485bc	NET	T2	4872
00249a18	NET	T2	3316
0024a8b0	NET	T2	1532
0024af88	NET	T2	312
0024b0f4	NET	T2	504
0024b2f0	NET	T2	264
0024b400	NET	T2	384
0024b634	NET	T2	1516
0024bd2c	NET	T1	400
0024bed4	NET	T2	888
0024c24c	NET	T2	200
0024c314	NET	T2	624
0024c584	NET	T2	804
0024c8a8	NET	T2	460
0024ca74	NET	T2	624
0024cce4	NET	T2	460
0024ceb0	NET	T2	452
0024d074	NET	T2	460
0024d240	NET	T2	1928
0024d9d0	NET	T2	304
0024db00	NET	T1	268
0024dc2c	NET	T2	280
0024dd44	NET	T2	1232
0024e3c0	NET	T1	188
0024e494	NET	T2	408
0024e62c	NET	T2	384
0024e7dc	NET	T2	452
0024e9a0	NET	T2	896
0024ed20	NET	T2	1516
0024f378	NET	T2	2652
0024fe3c	NET	T2	248
0024ff4c	NET	T1	1784
002507e4	NET	T2	1296
00250da4	NET	T2	420
00250fa4	NET	T2	572
002511ec	NET	T2	1408
00251814	NET	T2	428
002519f4	NET	T2	216
00251b28	NET	T2	372
00251d04	NET	T1	5824
00253674	NET	T2	456
0025383c	NET	T1	4384
00254ae0	NET	T1	2492
002555ac	NET	T1	464
002557b8	NET	T2	676
00255a5c	NET	T1	1820
00256204	NET	T2	1028
00256664	NET	T2	1496
00256d14	NET	T2	616
00256fd4	NET	T2	328
0025711c	NET	T1	360
002572c8	NET	T1	1124
00257784	NET	T2	364
002578f0	NET	T1	5236
00258e90	NET	T2	312
00259000	NET	T2	224
00259114	NET	T2	364
00259280	NET	T2	1408
002598a8	NET	T2	364
00259a14	NET	T1	2568
0025a530	NET	T2	344
0025a688	NET	T1	1536
0025ae08	NET	T2	364
0025af74	NET	T2	364
0025b0e0	NET	T1	384
0025b29c	NET	T2	364
0025b408	NET	T2	364
0025b574	NET	T2	2572
0025c068	NET	T2	5400
0025d6e0	NET	T2	664
0025d9ec	NET	T1	584
0025dc7c	NET	T1	244
0025dd98	NET	T2	756
0025e0b0	NET	T2	1132
0025e5d0	NET	T2	1124
0025ea34	NET	T2	288
0025eb54	NET	T2	1832
0025f410	NET	T1	1304
0025fa94	NET	T1	168
0025fb54	NET	T2	344
0025fcac	NET	T2	1036
002600dc	NET	T2	296
00260228	NET	T1	172
0026031c	NET	T1	4984
00261a8c	NET	T1	308
00261c04	NET	T1	812
00261ff0	NET	T2	4400
00263454	NET	T1	176
0026351c	NET	T1	156
002635d0	NET	T1	144
00263678	NET	T1	140
0026371c	NET	T1	1608
00264038	NET	T2	56
00264070	NET	T2	544
0026429c	NET	T2	1084
00264760	NET	T2	4
00264764	NET	T2	312
0026489c	NET	T2	184
0026496c	NET	T2	4
00264970	NET	T2	4
00264974	NET	T2	160
00264a2c	NET	T2	320
00264b6c	NET	T2	320
00264cac	NET	T2	48
00264ce0	NET	T2	20
00264cf4	NET	T2	396
00264e80	NET	T2	868
00265270	NET	T1	436
002654f0	NET	T2	1944
00265d78	NET	T2	112
00265de8	NET	T2	112
00265e58	NET	T2	40
00265e80	NET	T1	200
00265f68	NET	T1	200
00266050	NET	T1	200
00266138	NET	T1	200
00266220	NET	T1	200
00266308	NET	T1	200
002663f0	NET	T1	200
002664d8	NET	T1	200
002665c0	NET	T1	200
002666a8	NET	T1	200
00266790	NET	T2	44
002667bc	NET	T2	284
002668d8	NET	T2	272
002669e8	NET	T1	200
00266ad0	NET	T2	32
00266af0	NET	T2	64
00266b30	NET	T2	104
00266b98	NET	T2	4
00266b9c	NET	T2	24
00266bb4	NET	T2	400
00266d44	NET	T1	200
00266e2c	NET	T2	244
00266f20	NET	T2	884
00267294	NET	T2	644
00267518	NET	T2	244
0026760c	NET	T2	660
002678a0	NET	T2	244
00267994	NET	T2	660
00267c6c	NET	T2	292
00267d90	NET	T2	1128
002681f8	NET	T2	692
002684ac	NET	T2	692
00268760	NET	T2	668
002689fc	NET	T2	668
00268c98	NET	T2	244
00268d8c	NET	T2	884
00269100	NET	T2	320
00269240	NET	T2	332
0026938c	NET	T2	320
002694cc	NET	T2	332
00269618	NET	T2	312
00269750	NET	T2	484
00269934	NET	T2	616
00269b9c	NET	T2	496
00269d8c	NET	T2	492
00269f78	NET	T2	472
0026a150	NET	T2	484
0026a334	NET	T2	700
0026a5f0	NET	T2	648
0026a8a0	NET	T2	640
0026ab40	NET	T2	16
0026ab50	NET	T2	544
0026ad74	NET	T2	92
0026add0	NET	T2	124
0026ae4c	NET	T2	544
0026b070	NET	T2	276
0026b184	NET	T2	68
0026b1c8	NET	T2	68
0026b20c	NET	T2	696
0026b4c4	NET	T2	68
0026b508	NET	T2	456
0026b6d0	NET	T2	724
0026b9a4	NET	T2	92
0026ba00	NET	T2	264
0026bb08	NET	T2	272
0026bc18	NET	T2	544
0026be3c	NET	T2	1408
0026c464	NET	T2	456
0026c62c	NET	T2	544
0026c850	NET	T2	1408
0026ce78	NET	T2	456
0026d040	NET	T2	456
0026d208	NET	T2	1408
0026d830	NET	T2	456
0026d9f8	NET	T2	92
0026da54	NET	T2	284
0026db70	NET	T2	1408
0026e198	NET	T2	456
0026e360	NET	T2	1408
0026e988	NET	T2	456
0026eb50	NET	T2	1408
0026f178	NET	T2	456
0026f340	NET	T2	1408
0026f968	NET	T2	456
0026fb30	NET	T2	92
0026fb8c	NET	T2	272
0026fc9c	NET	T2	284
0026fdb8	NET	T2	92
0026fe14	NET	T2	92
0026fe70	NET	T2	284
0026ff8c	NET	T2	272
0027009c	NET	T2	116
00270110	NET	T2	92
0027016c	NET	T2	388
002702f0	NET	T2	248
002703e8	NET	T2	388
0027056c	NET	T2	252
00270668	NET	T2	348
002707c4	NET	T1	148
00270870	NET	T1	348
002709e4	NET	T2	16
00270a00	NET	T2	16
00270a10	NET	T2	16
00270a20	NET	T2	16
00270a30	NET	T2	184
00270b04	NET	T2	388
00270d00	NET	T2	476
00270edc	NET	T2	696
00271194	NET	T2	4
00271198	NET	T2	12
002711a4	NET	T2	256
002712a8	NET	T2	8
002712b0	NET	T2	20
002712c4	NET	T2	4
002712c8	NET	T2	340
00271468	NET	T2	524
00271764	NET	T2	192
00271830	NET	T2	280
0027196c	NET	T2	324
00271ad0	NET	T2	48
00271b00	NET	T2	296
00271c28	NET	T2	296
00271d50	NET	T2	296
00271e78	NET	T2	296
00271fa0	NET	T2	172
00272070	NET	T2	172
00272140	NET	T2	176
00272214	NET	T2	40
0027223c	NET	T2	300
00272368	NET	T2	44
00272394	NET	T2	44
002723c0	NET	T2	4
002723c4	NET	T2	12
002723d0	NET	T2	24
002723e8	NET	T2	8
002723f0	NET	T2	152
00272488	NET	T2	124
00272540	NET	T2	964
002729c8	NET	T2	64
00272a0c	NET	T1	2548
002734f0	NET	T2	1148
00273ac4	NET	T2	1292
0027401c	NET	T2	320
002741b0	NET	T2	2000
00274a08	NET	T2	1160
00274f20	NET	T2	684
002751cc	NET	T2	760
002754c4	NET	T2	280
002755dc	NET	T2	412
00275778	NET	T2	268
002758d4	NET	T2	24
002758ec	NET	T2	8
002758f4	NET	T2	8
002758fc	NET	T2	316
00275a58	NET	T1	7800
00277df8	NET	T2	564
002780a4	NET	T2	508
0027835c	NET	T2	808
002786a0	NET	T2	272
002787b0	NET	T2	428
00278994	NET	T2	228
00278a9c	NET	T2	340
00278bf0	NET	T2	2128
00279470	NET	T2	404
00279638	NET	T2	220
00279738	NET	T2	852
00279aa8	NET	T2	4040
0027ac2c	NET	T2	272
0027ad74	NET	T2	388
0027aef8	NET	T2	980
0027b334	NET	T2	420
0027b52c	NET	T2	288
0027b6ac	NET	T2	1328
0027bc0c	NET	T2	320
0027bd80	NET	T2	72
0027bdcc	NET	T2	16
0027bddc	NET	T2	120
0027be6c	NET	T2	12
0027be78	NET	T2	840
0027c1c0	NET	T2	292
0027c2fc	NET	T2	32
0027c31c	NET	T2	208
0027c3ec	NET	T2	92
0027c448	NET	T2	4
0027c450	NET	T2	2124
0027cca0	NET	T2	520
0027ceb0	NET	T2	412
0027d050	NET	T2	532
0027d270	NET	T2	752
0027d560	NET	T1	200
0027d650	NET	T2	1040
0027da60	NET	T2	736
0027dd80	NET	T2	988
0027e160	NET	T2	2304
0027ea64	NET	T2	840
0027edac	NET	T1	2656
0027f82c	NET	T2	1548
0027fe58	NET	T2	24
0027fe70	NET	T2	356
0027ffec	NET	T2	16
0027fffc	NET	T2	140
00280074	NET	T2	52
002800bc	NET	T2	8
002800c4	NET	T2	8
002800cc	NET	T2	16
002800dc	NET	T2	96
0028013c	NET	T2	496
00280354	NET	T2	116
002803c8	NET	T2	24
002803e0	NET	T2	68
00280438	NET	T2	636
002806d4	NET	T2	488
002808bc	NET	T2	32
002808dc	NET	T2	168
00280984	NET	T2	888
00280cfc	NET	T2	84
00280d50	NET	T2	28
00280d6c	NET	T2	32
00280d8c	NET	T2	12
00280d98	NET	T1	1524
002813a4	NET	T1	404
00281550	NET	T1	404
002816fc	NET	T1	404
002818a8	NET	T1	404
00281a54	NET	T1	404
00281c00	NET	T1	404
00281dac	NET	T1	404
00281f58	NET	T1	404
00282104	NET	T1	404
002822b0	NET	T1	404
0028245c	NET	T2	316
00282598	NET	T2	316
002826d4	NET	T1	404
00282880	NET	T1	2508
00283254	NET	T1	2040
00283a6c	NET	T1	1620
002840e0	NET	T1	3060
00284d60	NET	T1	636
00284fdc	NET	T1	424
002851a4	NET	T1	424
0028536c	NET	T1	424
00285534	NET	T1	424
002856fc	NET	T1	424
002858c4	NET	T1	424
00285a8c	NET	T1	424
00285c54	NET	T2	256
00285d54	NET	T1	1288
002862a4	NET	T1	748
002865a8	NET	T1	188
00286684	NET	T1	424
00286850	NET	T1	180
0028691c	NET	T1	944
00286cec	NET	T1	772
00287010	NET	T1	252
00287124	NET	T1	156
002871e0	NET	T1	300
00287324	NET	T2	720
002875f4	NET	T1	188
002876d0	NET	T1	128
00287768	NET	T1	372
002878f4	NET	T1	448
00287acc	NET	T1	380
00287c60	NET	T1	456
00287e40	NET	T1	168
00287f00	NET	T1	372
0028808c	NET	T1	448
00288264	NET	T1	380
002883f8	NET	T1	456
002885d8	NET	T1	168
00288698	NET	T1	372
00288824	NET	T1	448
002889fc	NET	T1	380
00288b90	NET	T1	456
00288d70	NET	T1	168
00288e30	NET	T1	372
00288fbc	NET	T1	448
00289194	NET	T1	380
00289328	NET	T1	456
00289508	NET	T1	168
002895c8	NET	T1	372
00289754	NET	T1	448
0028992c	NET	T1	380
00289ac0	NET	T1	456
00289ca0	NET	T1	168
00289d60	NET	T1	372
00289eec	NET	T1	448
0028a0c4	NET	T1	380
0028a258	NET	T1	456
0028a438	NET	T1	168
0028a4f8	NET	T1	372
0028a684	NET	T1	452
0028a860	NET	T1	392
0028aa00	NET	T1	460
0028abe4	NET	T1	168
0028aca4	NET	T1	420
0028ae60	NET	T1	244
0028af6c	NET	T2	560
0028b19c	NET	T1	376
0028b32c	NET	T1	648
0028b5f4	NET	T2	260
0028b6f8	NET	T2	1996
0028b724	NET	T1	388
0028b8c0	NET	T2	104
0028b930	NET	T1	216
0028ba20	NET	T1	264
0028bb40	NET	T2	352
0028bca0	NET	T2	44
0028bccc	NET	T1	380
0028be60	NET	T2	104
0028bec8	NET	T1	272
0028bff0	NET	T2	352
0028c150	NET	T1	592
0028c3b8	NET	T1	1160
0028c860	NET	T1	260
0028c97c	NET	T1	764
0028cc98	NET	T2	20
0028ccac	NET	T1	748
0028cfc0	NET	T1	492
0028d1c4	NET	T1	200
0028d2ac	NET	T2	492
0028d4b0	NET	T2	200
0028d598	NET	T1	744
0028d8a0	NET	T2	212
0028d974	NET	T1	720
0028dc64	NET	T1	724
0028df60	NET	T2	124
0028dfdc	NET	T2	384
0028e180	NET	T2	220
0028e2b4	NET	T2	220
0028e3e8	NET	T2	40
0028e410	NET	T2	24
0028e428	NET	T2	84
0028e47c	NET	T2	24
0028e494	NET	T2	12
0028e4a0	NET	T2	24
0028e4b8	NET	T2	12
0028e4c4	NET	T2	24
0028e4dc	NET	T2	12
0028e4e8	NET	T2	24
0028e500	NET	T2	12
0028e50c	NET	T2	24
0028e524	NET	T2	12
0028e530	NET	T2	24
0028e548	NET	T2	12
0028e554	NET	T2	24
0028e56c	NET	T2	12
0028e578	NET	T2	8
0028e580	NET	T1	704
0028e870	NET	T2	176
0028e920	NET	T2	176
0028e9d0	NET	T2	108
0028ea40	NET	T2	1392
0028f080	NET	T2	152
0028f118	NET	T2	396
0028f2a4	NET	T1	404
0028f450	NET	T1	404
0028f5fc	NET	T1	404
0028f7a8	NET	T1	404
0028f954	NET	T1	404
0028fb00	NET	T1	404
0028fcac	NET	T1	404
0028fe58	NET	T2	228
0028ff3c	NET	T1	308
00290088	NET	T2	548
002902ac	NET	T2	188
00290370	NET	T2	48
002903a0	NET	T1	320
00290518	NET	T1	512
00290730	NET	T1	176
002907f8	NET	T1	320
00290970	NET	T1	352
00290ae8	NET	T2	24
00290b00	NET	T2	1512
002910f0	NET	T2	468
002912d0	NET	T2	824
00291610	NET	T2	32
00291630	NET	T2	212
0029171c	NET	T2	12
00291728	NET	T2	212
00291814	NET	T2	204
002918e0	NET	T2	4
002918e4	NET	T2	4
002918e8	NET	T2	64
0029194c	NET	T2	328
00291b3c	NET	T2	4
00291b40	NET	T2	4
00291b44	NET	T2	4
00291b48	NET	T2	56
00291b80	NET	T2	36
00291ba4	NET	T2	4
00291ba8	NET	T2	4
00291bac	NET	T2	188
00291d10	NET	T2	232
00291e18	NET	T2	948
002921ec	NET	T2	12
002921f8	NET	T2	24
00292210	NET	T2	8
00292218	NET	T2	48
00292248	NET	T2	172
002922f4	NET	T2	168
0029239c	NET	T2	432
002925a0	NET	T2	300
002926cc	NET	T2	320
00292810	NET	T2	640
00292ab0	NET	T2	904
00292e40	NET	T2	644
002930e4	NET	T2	888
0029345c	NET	T2	16
0029346c	NET	T2	8
00293474	NET	T2	60
002934b0	NET	T2	8
002934b8	NET	T2	64
002934f8	NET	T1	164
002935b4	NET	T2	108
00293638	NET	T2	264
00293648	NET	T2	116
002936d4	NET	T2	8
002936dc	NET	T2	28
002936f8	NET	T2	8
00293700	NET	T2	8
00293708	NET	T2	12
00293714	NET	T2	4
00293718	NET	T2	12
00293724	NET	T2	8
0029372c	NET	T2	8
00293734	NET	T2	16
00293744	NET	T2	8
0029374c	NET	T2	60
00293788	NET	T2	8
00293790	NET	T2	64
002937d0	NET	T1	164
0029388c	NET	T2	108
00293910	NET	T2	264
00293920	NET	T2	116
002939ac	NET	T2	8
002939b4	NET	T2	8
002939bc	NET	T2	16
002939cc	NET	T2	8
002939d4	NET	T2	60
00293a10	NET	T2	8
00293a18	NET	T2	64
00293a58	NET	T1	164
00293b14	NET	T2	108
00293b98	NET	T2	264
00293ba8	NET	T2	116
00293c34	NET	T2	8
00293c3c	NET	T2	8
00293c44	NET	T2	16
00293c54	NET	T2	8
00293c5c	NET	T2	60
00293c98	NET	T2	8
00293ca0	NET	T2	64
00293ce0	NET	T1	164
00293d9c	NET	T2	108
00293e20	NET	T2	264
00293e30	NET	T2	116
00293ebc	NET	T2	8
00293ec4	NET	T2	8
00293ecc	NET	T2	16
00293edc	NET	T2	8
00293ee4	NET	T2	60
00293f20	NET	T2	8
00293f28	NET	T2	64
00293f68	NET	T1	172
0029402c	NET	T2	108
002940b0	NET	T2	264
002940c0	NET	T2	116
0029414c	NET	T2	8
00294154	NET	T2	8
0029415c	NET	T2	16
0029416c	NET	T2	8
00294174	NET	T2	60
002941b0	NET	T2	8
002941b8	NET	T2	64
002941f8	NET	T1	172
002942bc	NET	T2	108
00294340	NET	T2	264
00294350	NET	T2	116
002943dc	NET	T2	8
002943e4	NET	T2	8
002943ec	NET	T2	16
002943fc	NET	T2	8
00294404	NET	T2	60
00294440	NET	T2	8
00294448	NET	T2	68
0029448c	NET	T1	168
0029454c	NET	T2	108
002945d0	NET	T2	260
002945e0	NET	T2	116
0029466c	NET	T2	8
00294674	NET	T2	8
0029467c	NET	T2	16
0029468c	NET	T2	8
00294694	NET	T2	60
002946d0	NET	T2	8
002946d8	NET	T2	60
00294714	NET	T2	736
002947dc	NET	T1	160
00294894	NET	T2	36
002948b8	NET	T2	408
00294aa0	NET	T2	40
00294ac8	NET	T2	56
00294b00	NET	T2	8
00294b08	NET	T2	288
00294c28	NET	T2	284
00294d44	NET	T2	4
00294d48	NET	T2	32
00294d68	NET	T2	24
00294d80	NET	T2	32
00294da0	NET	T2	20
00294db4	NET	T2	56
00294dec	NET	T2	580
00294ec0	NET	T2	144
00294f68	NET	T2	68
00294fac	NET	T1	180
00295078	NET	T2	4
0029507c	NET	T2	16
0029508c	NET	T2	16
0029509c	NET	T2	8
002950a4	NET	T1	200
0029518c	NET	T1	156
002953b0	NET	T1	320
00295528	NET	T1	360
002956a8	NET	T2	16
002956b8	NET	T2	8
002956c0	NET	T2	60
002956fc	NET	T2	8
00295704	NET	T2	60
00295740	NET	T2	220
0029581c	NET	T2	136
002958bc	NET	T2	36
002958e0	NET	T1	160
00295998	NET	T2	16
002959a8	NET	T2	16
002959b8	NET	T2	8
002959c0	NET	T2	212
00295a9c	NET	T2	24
00295ab4	NET	T2	268
00295bc0	NET	T2	32
00295be0	NET	T2	68
00295c24	NET	T2	132
00295ca8	NET	T2	20
00295cbc	NET	T2	20
00295cd0	NET	T2	8
00295cd8	NET	T2	156
00295d74	NET	T2	96
00295e0c	NET	T2	144
00295ee0	NET	T2	180
00295fb8	NET	T2	156
00296054	NET	T2	224
00296134	NET	T2	88
00296194	NET	T2	24
002961ac	NET	T2	32
002961cc	NET	T2	140
00296258	NET	T2	72
002962a0	NET	T2	656
00296530	NET	T2	196
002965f4	NET	T2	300
00296720	NET	T2	104
00296788	NET	T2	108
002967f4	NET	T2	68
00296838	NET	T1	988
00296c2c	NET	T1	224
00296d24	NET	T1	224
00296e1c	NET	T1	224
00296f14	NET	T1	224
0029700c	NET	T1	224
00297104	NET	T1	224
002971fc	NET	T1	228
002972f8	NET	T1	256
00297410	NET	T1	224
00297508	NET	T1	208
002975f0	NET	T2	72
00297638	NET	T2	344
002977a4	NET	T2	1960
00297f5c	NET	T2	2668
00298b44	NET	T2	384
00298cc4	NET	T2	4
00298cc8	NET	T2	28
00298ce4	NET	T2	108
00298d50	NET	T2	40
00298d78	NET	T1	132
00298e14	NET	T2	24
00298e2c	NET	T2	168
00298ed4	NET	T2	52
00298f10	NET	T2	176
00298fc4	NET	T2	68
00299008	NET	T2	156
002990a4	NET	T1	260
002991c8	NET	T1	644
00299464	NET	T2	76
002994b0	NET	T2	20
002994d0	NET	T2	4
002994d4	NET	T1	336
00299644	NET	T1	260
00299760	NET	T1	264
00299880	NET	T2	272
00299990	NET	T1	372
00299b24	NET	T1	500
00299d40	NET	T1	432
00299f10	NET	T2	164
00299fb4	NET	T2	396
0029a140	NET	T1	492
0029a354	NET	T1	300
0029a498	NET	T2	216
0029a570	NET	T1	120
0029a600	NET	T1	580
0029a864	NET	T1	180
0029a930	NET	T2	316
0029aa6c	NET	T2	20
0029aa80	NET	T2	44
0029aaac	NET	T1	552
0029acfc	NET	T2	52
0029ad30	NET	T2	272
0029ae40	NET	T1	260
0029af5c	NET	T1	264
0029b07c	NET	T1	336
0029b1ec	NET	T2	220
0029b2c8	NET	T2	2180
0029b300	NET	T2	164
0029bcc0	NET	T1	436
0029be84	NET	T2	1036
0029c388	NET	T2	916
0029c71c	NET	T2	20
0029c810	NET	T2	1164
0029ccd0	NET	T2	704
0029cfb0	NET	T1	320
0029d138	NET	T2	224
0029d218	NET	T1	300
0029d364	NET	T1	576
0029d5cc	NET	T1	360
0029d754	NET	T1	504
0029d974	NET	T1	416
0029db34	NET	T2	488
0029dd40	NET	T2	24
0029dd58	NET	T2	180
0029de0c	NET	T2	228
0029df08	NET	T1	2968
0029eab8	NET	T2	212
0029eb8c	NET	T2	448
0029ed4c	NET	T2	24
0029ed64	NET	T2	464
0029ef34	NET	T1	552
0029f174	NET	T2	4
0029f178	NET	T2	228
0029f2a8	NET	T2	32
0029f2c8	NET	T2	108
0029f350	NET	T2	312
0029f488	NET	T2	1424
0029fa8c	NET	T2	1264
0029fff0	NET	T2	1388
002a0588	NET	T2	184
002a0640	NET	T2	1240
002a0b5c	NET	T2	224
002a0c3c	NET	T1	316
002a0ddc	NET	T1	1704
002a14e8	NET	T2	388
002a1670	NET	T2	136
002a1700	NET	T2	4
002a1704	NET	T2	8
002a170c	NET	T2	64
002a174c	NET	T1	772
002a1a60	NET	T2	608
002a1cc0	NET	T2	376
002a1e40	NET	T2	84
002a1ea0	NET	T2	128
002a1f20	NET	T1	72
002a1f70	NET	T2	84
002a1fd0	NET	T2	72
002a2020	NET	T2	140
002a20d0	NET	T2	140
002a2160	NET	T2	140
002a2210	NET	T2	140
002a22c0	NET	T2	164
002a2370	NET	T2	144
002a2420	NET	T2	92
002a2480	NET	T2	120
002a2510	NET	T2	68
002a2560	NET	T2	120
002a25f0	NET	T2	132
002a2690	NET	T2	140
002a2740	NET	T2	148
002a27e0	NET	T2	140
002a2890	NET	T2	136
002a2920	NET	T2	140
002a29d0	NET	T2	84
002a2a30	NET	T2	140
002a2ae0	NET	T2	120
002a2b70	NET	T2	148
002a2c30	NET	T2	68
002a2c80	NET	T2	124
002a2d00	NET	T2	16
002a2d10	NET	T2	16
002a2d20	NET	T2	36
002a2d44	NET	T2	172
002a2df4	NET	T2	156
002a2ec4	NET	T2	124
002a2f54	NET	T2	24
002a2f6c	NET	T2	8
002a2f74	NET	T2	60
002a2fb0	NET	T2	612
002a3214	NET	T2	296
002a333c	NET	T2	168
002a33e4	NET	T2	228
002a34e0	NET	T2	180
002a35ac	NET	T2	88
002a3604	NET	T2	76
002a3650	NET	T2	40
002a3678	NET	T2	212
002a37b4	NET	T2	40
002a37f4	NET	T2	172
002a38a4	NET	T2	172
002a3954	NET	T2	172
002a3a04	NET	T2	120
002a3ad8	NET	T1	416
002a3cac	NET	T2	24
002a3cc4	NET	T2	8
002a3ccc	NET	T1	464
002a3ebc	NET	T2	588
002a4108	NET	T2	60
002a4144	NET	T2	436
002a5028	NET	T2	204
002a50f4	NET	T2	2536
002a5adc	NET	T2	1004
002a5ec8	NET	T2	228
002a5fc4	NET	T2	788
002a62f0	NET	T1	1572
002a692c	NET	T1	180
002a69f8	NET	T2	52
002a6a2c	NET	T1	408
002a6bdc	NET	T2	164
002a6c80	NET	T2	40
002a6ca8	NET	T2	44
002a6cd8	NET	T1	160
002a6d90	NET	T2	48
002a6dc4	NET	T2	8
002a6dcc	NET	T1	208
002a6eb4	NET	T2	68
002a6ef8	NET	T2	728
002a71d0	NET	T2	512
002a73d0	NET	T2	424
002a7578	NET	T2	228
002a7674	NET	T2	332
002a77d8	NET	T1	180
002a78a4	NET	T2	52
002a78d8	NET	T1	252
002a79ec	NET	T2	164
002a7a90	NET	T2	40
002a7ab8	NET	T1	136
002a7b5c	NET	T2	24
002a7b74	NET	T2	8
002a7b7c	NET	T2	56
002a7bb4	NET	T2	472
002a7d8c	NET	T2	368
002a7efc	NET	T2	184
002a7fb4	NET	T2	228
002a80b0	NET	T2	240
002a81b8	NET	T2	100
002a821c	NET	T2	8
002a8224	NET	T2	40
002a824c	NET	T2	208
002a83f8	NET	T2	172
002a84a8	NET	T2	40
002a84e8	NET	T2	40
002a8528	NET	T2	320
002a86f8	NET	T1	232
002a87f8	NET	T2	24
002a8810	NET	T2	8
002a8818	NET	T1	328
002a8978	NET	T2	76
002a89c4	NET	T2	440
002a9778	NET	T2	2088
002a9fa0	NET	T2	1052
002aa3bc	NET	T2	228
002aa4b8	NET	T2	484
002aa6b4	NET	T1	268
002aa7d8	NET	T2	52
002aa80c	NET	T1	492
002aaa10	NET	T2	164
002aaab4	NET	T2	40
002aaadc	NET	T2	104
002aab64	NET	T2	172
002aac14	NET	T1	164
002aace8	NET	T2	24
002aad00	NET	T2	8
002aad08	NET	T2	64
002aad48	NET	T2	696
002ab000	NET	T2	320
002ab140	NET	T2	164
002ab1e4	NET	T2	228
002ab2e0	NET	T2	96
002ab340	NET	T2	96
002ab3a0	NET	T2	40
002ab3c8	NET	T2	44
002ab3f8	NET	T1	456
002ab5d8	NET	T2	48
002ab60c	NET	T2	8
002ab614	NET	T1	492
002ab818	NET	T2	92
002ab874	NET	T2	412
002ac13c	NET	T2	1844
002ac870	NET	T2	760
002acb68	NET	T2	228
002acc64	NET	T2	984
002ad054	NET	T1	300
002ad198	NET	T2	52
002ad1cc	NET	T1	252
002ad2e0	NET	T2	164
002ad384	NET	T2	40
002ad3ac	NET	T2	44
002ad3dc	NET	T1	232
002ad4dc	NET	T2	48
002ad510	NET	T2	8
002ad518	NET	T1	256
002ad630	NET	T2	68
002ad674	NET	T2	788
002ad988	NET	T2	440
002adb40	NET	T2	360
002adca8	NET	T2	228
002adda4	NET	T2	400
002adf4c	NET	T1	180
002ae018	NET	T2	52
002ae04c	NET	T1	252
002ae160	NET	T2	164
002ae204	NET	T2	40
002ae22c	NET	T1	136
002ae2d0	NET	T2	24
002ae2e8	NET	T2	8
002ae2f0	NET	T2	56
002ae328	NET	T2	472
002ae500	NET	T2	368
002ae670	NET	T2	184
002ae728	NET	T2	228
002ae824	NET	T2	240
002ae92c	NET	T2	100
002ae990	NET	T2	8
002ae998	NET	T2	40
002ae9c0	NET	T2	132
002aea8c	NET	T2	172
002aeb3c	NET	T2	40
002aeb7c	NET	T2	92
002aec14	NET	T1	232
002aed14	NET	T2	24
002aed2c	NET	T2	8
002aed34	NET	T1	288
002aee6c	NET	T2	76
002aeeb8	NET	T2	416
002af634	NET	T2	1088
002afa74	NET	T2	652
002afd00	NET	T2	228
002afdfc	NET	T2	424
002affbc	NET	T1	228
002b00b8	NET	T2	52
002b00ec	NET	T1	292
002b0228	NET	T2	164
002b02cc	NET	T2	40
002b02f4	NET	T2	44
002b0324	NET	T1	232
002b0424	NET	T2	48
002b0458	NET	T2	8
002b0460	NET	T1	272
002b0588	NET	T2	76
002b05d4	NET	T2	884
002b0948	NET	T2	588
002b0b94	NET	T2	452
002b0d58	NET	T2	228
002b0e54	NET	T2	424
002b1014	NET	T1	208
002b10fc	NET	T2	52
002b1130	NET	T1	252
002b1244	NET	T2	164
002b12e8	NET	T2	40
002b1310	NET	T2	104
002b13b0	NET	T2	40
002b13f0	NET	T2	76
002b1468	NET	T1	232
002b1568	NET	T2	24
002b1580	NET	T2	8
002b1588	NET	T1	272
002b16b0	NET	T2	76
002b16fc	NET	T2	1144
002b1b74	NET	T2	640
002b1df4	NET	T2	452
002b1fb8	NET	T2	228
002b20b4	NET	T2	400
002b225c	NET	T1	208
002b2344	NET	T2	52
002b2378	NET	T1	292
002b24b4	NET	T2	164
002b2558	NET	T2	40
002b2580	NET	T2	44
002b25b0	NET	T1	344
002b2720	NET	T2	48
002b2754	NET	T2	8
002b275c	NET	T1	380
002b28f0	NET	T2	88
002b2948	NET	T2	400
002b2ee0	NET	T2	952
002b3298	NET	T2	372
002b340c	NET	T2	228
002b3508	NET	T2	684
002b37cc	NET	T1	228
002b38c8	NET	T2	52
002b38fc	NET	T1	252
002b3a10	NET	T2	164
002b3ab4	NET	T2	40
002b3adc	NET	T2	164
002b3ba0	NET	T2	64
002b3bfc	NET	T1	688
002b3ec4	NET	T2	72
002b3f28	NET	T2	8
002b3f30	NET	T2	64
002b3f70	NET	T2	880
002b4f48	NET	T2	2820
002b5a4c	NET	T2	1024
002b5e4c	NET	T2	228
002b5f48	NET	T2	52
002b5f7c	NET	T2	52
002b5fb0	NET	T2	40
002b5fd8	NET	T2	120
002b6070	NET	T1	164
002b6144	NET	T2	24
002b615c	NET	T2	8
002b6164	NET	T2	64
002b61a4	NET	T2	772
002b6654	NET	T2	572
002b6890	NET	T2	224
002b6970	NET	T2	228
002b6a6c	NET	T2	104
002b6ad4	NET	T2	104
002b6b3c	NET	T2	40
002b6b64	NET	T2	124
002b6c00	NET	T1	164
002b6cd4	NET	T2	24
002b6cec	NET	T2	8
002b6cf4	NET	T2	64
002b6d34	NET	T2	764
002b7348	NET	T2	868
002b76ac	NET	T2	328
002b77f4	NET	T2	228
002b78f0	NET	T2	120
002b7968	NET	T2	120
002b79e0	NET	T2	40
002b7a08	NET	T2	104
002b7a90	NET	T1	164
002b7b64	NET	T2	24
002b7b7c	NET	T2	8
002b7b84	NET	T2	64
002b7bc4	NET	T2	696
002b7e7c	NET	T2	320
002b7fbc	NET	T2	164
002b8060	NET	T2	228
002b815c	NET	T2	96
002b81bc	NET	T2	96
002b821c	NET	T2	40
002b8244	NET	T2	120
002b82dc	NET	T1	164
002b83b0	NET	T2	24
002b83c8	NET	T2	8
002b83d0	NET	T2	64
002b8410	NET	T2	964
002b87d4	NET	T2	452
002b8998	NET	T2	196
002b8a5c	NET	T2	228
002b8b58	NET	T2	104
002b8bc0	NET	T2	104
002b8c28	NET	T2	40
002b8c50	NET	T2	120
002b8ce8	NET	T1	164
002b8dbc	NET	T2	24
002b8dd4	NET	T2	8
002b8ddc	NET	T2	64
002b8e1c	NET	T2	848
002b916c	NET	T2	380
002b92e8	NET	T2	176
002b9398	NET	T2	228
002b9494	NET	T2	104
002b94fc	NET	T2	104
002b9564	NET	T2	40
002b958c	NET	T2	120
002b9624	NET	T1	164
002b96f8	NET	T2	24
002b9710	NET	T2	8
002b9718	NET	T2	64
002b9758	NET	T2	848
002b9aa8	NET	T2	380
002b9c24	NET	T2	176
002b9cd4	NET	T2	228
002b9dd0	NET	T2	104
002b9e38	NET	T2	104
002b9ea0	NET	T2	40
002b9ec8	NET	T2	120
002b9f60	NET	T1	164
002ba034	NET	T2	24
002ba04c	NET	T2	8
002ba054	NET	T2	64
002ba094	NET	T2	1040
002ba4a4	NET	T2	544
002ba6c4	NET	T2	240
002ba7b4	NET	T2	228
002ba8b0	NET	T2	116
002ba924	NET	T2	116
002ba998	NET	T2	40
002ba9c0	NET	T2	44
002ba9f0	NET	T1	176
002baab8	NET	T2	48
002baaec	NET	T2	8
002baaf4	NET	T2	100
002bab58	NET	T2	652
002bade4	NET	T2	344
002baf3c	NET	T2	204
002bb008	NET	T2	228
002bb104	NET	T1	344
002bb274	NET	T2	144
002bb304	NET	T2	20
002bb318	NET	T2	40
002bb340	NET	T2	116
002bb3ec	NET	T2	40
002bb42c	NET	T2	76
002bb4a4	NET	T1	296
002bb5e4	NET	T2	24
002bb5fc	NET	T2	8
002bb604	NET	T2	236
002bb6f0	NET	T2	396
002bbc94	NET	T2	1160
002bc11c	NET	T2	480
002bc2fc	NET	T2	228
002bc3f8	NET	T1	612
002bc674	NET	T2	52
002bc6a8	NET	T2	84
002bc6fc	NET	T2	40
002bc724	NET	T2	72
002bc790	NET	T1	240
002bc898	NET	T2	24
002bc8b0	NET	T2	8
002bc8b8	NET	T2	180
002bc96c	NET	T2	420
002bd024	NET	T1	1460
002bd5f8	NET	T2	468
002bd7cc	NET	T2	228
002bd8c8	NET	T1	460
002bdaac	NET	T2	212
002bdb80	NET	T2	212
002bdc54	NET	T2	8
002bdc5c	NET	T2	40
002bdc84	NET	T2	88
002bdcf0	NET	T2	172
002bdda0	NET	T1	156
002bde70	NET	T2	24
002bde88	NET	T2	8
002bde90	NET	T2	64
002bded0	NET	T2	612
002be134	NET	T2	296
002be25c	NET	T2	168
002be304	NET	T2	228
002be400	NET	T2	88
002be458	NET	T2	88
002be4b0	NET	T2	8
002be4b8	NET	T2	40
002be4e0	NET	T2	56
002be52c	NET	T2	176
002be5f4	NET	T2	64
002be648	NET	T2	8
002be650	NET	T2	104
002be6b8	NET	T2	396
002beac4	NET	T1	952
002bee94	NET	T2	324
002befd8	NET	T2	228
002bf0d4	NET	T2	344
002bf244	NET	T2	148
002bf2d8	NET	T2	8
002bf2e0	NET	T2	40
002bf308	NET	T2	212
002bf3f4	NET	T2	156
002bf4c4	NET	T2	24
002bf4dc	NET	T2	8
002bf4e4	NET	T2	60
002bf520	NET	T2	612
002bf784	NET	T2	296
002bf8ac	NET	T2	168
002bf954	NET	T2	228
002bfa50	NET	T2	180
002bfb1c	NET	T2	88
002bfb74	NET	T2	8
002bfb7c	NET	T2	40
002bfba4	NET	T2	228
002bfcb0	NET	T2	136
002bfd38	NET	T2	192
002bfdf8	NET	T2	112
002bfe68	NET	T2	136
002bfef0	NET	T2	268
002c002c	NET	T2	228
002c0110	NET	T2	200
002c01d8	NET	T2	112
002c0248	NET	T2	136
002c02d0	NET	T2	204
002c039c	NET	T2	136
002c0424	NET	T2	212
002c04f8	NET	T2	136
002c0580	NET	T2	272
002c06c0	NET	T2	276
002c0804	NET	T2	268
002c0940	NET	T2	272
002c0a80	NET	T2	272
002c0bc0	NET	T2	272
002c0d00	NET	T2	272
002c0e40	NET	T2	204
002c0f0c	NET	T2	136
002c0f94	NET	T2	304
002c10fc	NET	T2	228
002c1208	NET	T2	240
002c142c	NET	T2	8
002c1434	NET	T2	8
002c143c	NET	T2	8
002c1444	NET	T2	8
002c144c	NET	T2	8
002c1454	NET	T2	8
002c145c	NET	T2	8
002c1464	NET	T2	8
002c146c	NET	T2	8
002c1474	NET	T2	8
002c147c	NET	T2	8
002c1484	NET	T2	8
002c148c	NET	T2	8
002c1494	NET	T2	8
002c149c	NET	T2	8
002c14a4	NET	T2	8
002c14ac	NET	T2	8
002c14b4	NET	T2	8
002c14bc	NET	T2	8
002c14c4	NET	T2	8
002c14cc	NET	T2	8
002c14d4	NET	T2	8
002c14dc	NET	T2	8
002c14e4	NET	T2	8
002c14ec	NET	T2	8
002c14f4	NET	T2	8
002c14fc	NET	T2	8
002c1504	NET	T2	8
002c150c	NET	T2	8
002c1514	NET	T2	8
002c151c	NET	T2	8
002c1524	NET	T2	8
002c152c	NET	T2	8
002c1534	NET	T2	8
002c153c	NET	T2	8
002c1544	NET	T2	8
002c154c	NET	T2	8
002c1554	NET	T2	8
002c155c	NET	T2	8
002c1564	NET	T2	8
002c156c	NET	T2	8
002c1574	NET	T2	8
002c157c	NET	T2	8
002c1584	NET	T2	8
002c158c	NET	T2	8
002c1594	NET	T2	8
002c159c	NET	T2	8
002c15a4	NET	T2	8
002c15ac	NET	T2	8
002c15b4	NET	T2	8
002c15bc	NET	T2	8
002c15c4	NET	T2	8
002c15cc	NET	T2	8
002c15d4	NET	T2	8
002c15dc	NET	T2	8
002c15e4	NET	T2	8
002c15ec	NET	T2	8
002c15f4	NET	T2	8
002c15fc	NET	T2	8
002c1604	NET	T2	8
002c160c	NET	T2	8
002c1614	NET	T2	8
002c161c	NET	T2	8
002c1624	NET	T2	8
002c162c	NET	T2	8
002c1634	NET	T2	8
002c163c	NET	T2	8
002c1644	NET	T2	8
002c164c	NET	T2	8
002c1654	NET	T2	8
002c165c	NET	T2	8
002c1664	NET	T2	8
002c166c	NET	T2	8
002c1674	NET	T2	8
002c167c	NET	T2	8
002c1684	NET	T2	8
002c168c	NET	T2	8
002c1694	NET	T2	8
002c169c	NET	T2	236
002c16a4	NET	T2	8
002c16ac	NET	T2	8
002c16b4	NET	T2	12
002c16c0	NET	T1	200
002c17a8	NET	T1	200
002c1890	NET	T1	200
002c1978	NET	T2	32
002c1998	NET	T1	148
002c1a44	NET	T1	148
002c1af0	NET	T1	148
002c1b9c	NET	T1	148
002c1c48	NET	T1	148
002c1cf4	NET	T1	148
002c1da0	NET	T1	148
002c1e4c	NET	T1	224
002c1f44	NET	T1	148
002c1ff0	NET	T1	148
002c209c	NET	T1	224
002c2194	NET	T1	148
002c2240	NET	T1	264
002c2360	NET	T1	272
002c2488	NET	T2	24
002c24a4	NET	T2	348
002c2618	NET	T2	16
002c2628	NET	T2	176
002c26dc	NET	T2	348
002c2850	NET	T2	16
002c2860	NET	T2	348
002c29d4	NET	T2	16
002c29e4	NET	T2	348
002c2b58	NET	T2	16
002c2b68	NET	T2	348
002c2cdc	NET	T2	16
002c2cec	NET	T2	176
002c2da0	NET	T2	176
002c2e54	NET	T2	348
002c2fc8	NET	T2	16
002c2fd8	NET	T2	348
002c314c	NET	T2	16
002c315c	NET	T2	348
002c32d0	NET	T2	16
002c32e0	NET	T1	348
002c3454	NET	T2	16
002c3464	NET	T2	176
002c3518	NET	T2	348
002c368c	NET	T2	16
002c369c	NET	T2	348
002c3810	NET	T2	16
002c3820	NET	T2	176
002c38d4	NET	T2	348
002c3a48	NET	T2	16
002c3a58	NET	T2	176
002c3b0c	NET	T1	348
002c3c80	NET	T2	16
002c3c90	NET	T2	348
002c3e04	NET	T2	16
002c3e20	NET	T2	100
002c3e90	NET	T1	116
002c3f10	NET	T2	68
002c3f54	NET	T2	64
002c3f94	NET	T2	236
002c4024	NET	T2	24
002c403c	NET	T1	268
002c41b0	NET	T1	1004
002c4618	NET	T2	108
002c4684	NET	T2	124
002c4700	NET	T2	52
002c4734	NET	T2	356
002c4898	NET	T2	816
002c4bc8	NET	T2	24
002c4be0	NET	T2	344
002c4d38	NET	T2	92
002c4df0	NET	T1	172
002c4ec0	NET	T2	4
002c4ec4	NET	T2	240
002c4fb4	NET	T2	680
002c5260	NET	T2	612
002c54d0	NET	T1	1428
002c5a80	NET	T2	220
002c5b5c	NET	T1	572
002c5dd4	NET	T2	284
002c5ef0	NET	T2	240
002c5fe0	NET	T2	284
002c60fc	NET	T2	724
002c63d0	NET	T2	308
002c6504	NET	T2	260
002c6608	NET	T2	280
002c6720	NET	T2	272
002c6830	NET	T2	96
002c68c0	NET	T1	1272
002c6e68	NET	T2	4
002c6e6c	NET	T2	300
002c71a0	NET	T2	168
002c7248	NET	T2	32
002c7268	NET	T2	60
002c72b8	NET	T2	8
002c72c0	NET	T2	72
002c7308	NET	T2	72
002c7350	NET	T2	40
002c737c	NET	T2	72
002c73c4	NET	T2	536
002c7664	NET	T2	620
002c7a40	NET	T2	4
002c7a44	NET	T2	4
002c7a48	NET	T2	4
002c7a4c	NET	T2	4
002c7a50	NET	T2	4
002c7a54	NET	T2	4
002c7a58	NET	T2	4
002c7a5c	NET	T2	4
002c7a60	NET	T2	4
002c7a64	NET	T2	8
002c7a6c	NET	T2	68
002c7ab0	NET	T2	4
002c7ab4	NET	T2	12
002c7ac0	NET	T2	4
002c7ac4	NET	T2	44
002c7af0	NET	T2	60
002c7b2c	NET	T1	60
002c7b68	NET	T2	44
002c7b94	NET	T2	60
002c7bd0	NET	T1	60
002c7c0c	NET	T1	80
002c7c5c	NET	T2	44
002c7c88	NET	T2	60
002c7cc4	NET	T1	60
002c7d00	NET	T1	60
002c7d3c	NET	T1	60
002c7d78	NET	T1	60
002c7db4	NET	T1	64
002c7df4	NET	T2	44
002c7e20	NET	T2	44
002c7e4c	NET	T2	116
002c7ec0	NET	T2	232
002c7fa8	NET	T2	84
002c7fb0	NET	T2	80
002c7fc0	NET	T2	8
002c7fc8	NET	T2	120
002c7fd0	NET	T2	8
002c7fd8	NET	T2	8
002c7fe0	NET	T2	36
002c7ff8	NET	T2	8
002c8000	NET	T2	8
002c8008	NET	T2	4
002c800c	NET	T2	4
002c8010	NET	T2	8
002c8018	NET	T2	8
002c8020	NET	T2	8
002c8028	NET	T2	8
002c8030	NET	T2	8
002c8038	NET	T2	8
002c8040	NET	T2	20
002c8054	NET	T2	8
002c805c	NET	T2	8
002c8064	NET	T2	72
002c806c	NET	T2	8
002c8074	NET	T2	8
002c807c	NET	T2	552
002c8094	NET	T2	640
002c80a8	NET	T2	88
002c80b0	NET	T2	8
002c80b8	NET	T2	68
002c80c4	NET	T2	72
002c80cc	NET	T2	12
002c80d8	NET	T2	8
002c80e0	NET	T2	264
002c80ec	NET	T2	84
002c80f8	NET	T2	12
002c8104	NET	T2	20
002c8118	NET	T2	136
002c8128	NET	T2	4
002c812c	NET	T2	8
002c8134	NET	T2	36
002c8158	NET	T2	36
002c817c	NET	T2	12
002c8188	NET	T2	12
002c8194	NET	T2	44
002c81c0	NET	T2	32
002c81cc	NET	T2	12
002c81d8	NET	T2	40
002c8200	NET	T2	68
002c8208	NET	T2	8
002c8210	NET	T2	8
002c8218	NET	T2	16
002c8228	NET	T2	16
002c8238	NET	T2	8
002c8240	NET	T2	8
002c8248	NET	T2	40
002c8270	NET	T2	4
002c8274	NET	T2	68
002c82c0	NET	T2	172
002c8370	NET	T2	8
002c8380	NET	T1	316
002c8500	NET	T2	304
002c86a0	NET	T2	56
002c86e0	NET	T2	36
002c8710	NET	T2	8
002c8870	NET	T1	836
002c8c80	NET	T2	8
002c8c90	NET	T1	2552
002c9694	NET	T2	320
002c9870	NET	T1	564
002c9ab0	NET	T1	556
002c9ce0	NET	T1	264
002c9e40	NET	T1	844
002ca220	NET	T2	504
002ca490	NET	T2	20
002caa40	NET	T1	4040
002cba10	NET	T2	8
002cba60	NET	T2	40
002cba90	NET	T2	64
002cbad0	NET	T2	64
002cbb40	NET	T1	72
002cbb90	NET	T1	108
002cbc00	NET	T2	8
002cbc10	NET	T1	1012
002cc010	NET	T1	1340
002cc550	NET	T1	68
002cc5a0	NET	T1	1040
002cc9e0	NET	T1	172
002cca90	NET	T1	456
002ccc60	NET	T1	880
002ccfd0	NET	T1	544
002cd1f0	NET	T2	4
002cd200	NET	T1	272
002cd340	NET	T1	228
002cd450	NET	T1	264
002cd580	NET	T1	284
002cd6c0	NET	T1	80
002cd710	NET	T1	340
002cd870	NET	T1	304
002cd9b0	NET	T2	24
002cd9d0	NET	T1	504
002cdbd0	NET	T2	56
002cdc10	NET	T2	92
002cdc70	NET	T2	128
002cdcf0	NET	T1	312
002cde50	NET	T1	412
002cdff0	NET	T2	4
002ce000	NET	T2	216
002ce0e0	NET	T1	668
002ce380	NET	T2	12
002ce390	NET	T2	80
002ce410	NET	T1	452
002ce650	NET	T1	112
002ce6c0	NET	T1	244
002ceae0	NET	T2	24
002ceb00	NET	T2	132
002ceb90	NET	T2	16
002ceba0	NET	T2	16
002cebb0	NET	T2	12
002cebd0	NET	T1	364
002ceda0	NET	T2	28
002cedc0	NET	T2	60
002cee00	NET	T2	348
002cef60	NET	T2	220
002cf060	NET	T2	64
002cf0a0	NET	T1	1200
002cf550	NET	T2	1332
002cfb20	NET	T2	28
002cfb40	NET	T2	356
002cfcb0	NET	T2	104
002cfd20	NET	T2	64
002cfd60	NET	T1	828
002d00a0	NET	T2	1884
002d08a0	NET	T2	20
002d08c0	NET	T2	244
002d09c0	NET	T2	48
002d0a00	NET	T2	64
002d0a40	NET	T1	796
002d0d5c	NET	T1	120
002d0de0	NET	T2	500
002d10b8	NET	T2	356
002d122c	NET	T2	448
002d13ec	NET	T2	120
002d146c	NET	T2	192
002d152c	NET	T2	120
002d15ac	NET	T2	308
002d16e0	NET	T1	272
002d17f0	NET	T2	8
002d1800	NET	T2	36
002d1830	NET	T2	84
002d1890	NET	T2	380
002d1a10	NET	T2	160
002d1ab0	NET	T2	4
002d1ab4	NET	T1	176
002d1b70	NET	T2	112
002d1be0	NET	T2	632
002d1f3c	NET	T2	452
002d2100	NET	T2	24
002d2170	NET	T1	112
002d2290	NET	T2	708
002d22a0	NET	T2	1476
002d2904	NET	T2	452
002d2ad0	NET	T2	816
002d2e50	NET	T2	1148
002d3360	NET	T2	160
002d3430	NET	T2	64
002d3470	NET	T2	320
002d3670	NET	T2	800
002d39b0	NET	T2	8
002d39b8	NET	T2	516
002d3bc0	NET	T2	100
002d3c24	NET	T2	720
002d3ef4	NET	T2	140
002d3f80	NET	T2	196
002d4044	NET	T2	88
002d40a0	NET	T2	100
002d4108	NET	T2	276
002d42dc	NET	T2	248
002d44d4	NET	T2	356
002d463c	NET	T2	4
002d4640	NET	T2	4
002d4644	NET	T2	48
002d4674	NET	T2	28
002d4690	NET	T2	4
002d4694	NET	T2	4
002d4698	NET	T2	12
002d46a4	NET	T2	68
002d46e8	NET	T2	12
002d46f4	NET	T2	244
002d47f0	NET	T2	24
002d4808	NET	T1	964
002d4bcc	NET	T1	184
002d4c84	NET	T2	144
002d4d14	NET	T2	40
002d4d40	NET	T2	156
002d4e14	NET	T2	168
002d4ebc	NET	T2	172
002d4f70	NET	T2	48
002d4fa0	NET	T2	272
002d50c0	NET	T2	24
002d50e0	NET	T2	1440
002d57cc	NET	T2	452
002d5990	NET	T1	748
002d5cc0	NET	T1	144
002d5d50	NET	T2	144
002d5de0	NET	T1	92
002d5e40	NET	T2	124
002d5ec0	NET	T2	20
002d5ee0	NET	T2	12
002d5ef0	NET	T2	12
002d5f00	NET	T2	12
002d5fa0	NET	T1	1780
002d66f4	NET	T1	516
002d6900	NET	T1	156
002d69a0	NET	T1	148
002d6a40	NET	T1	92
002d6aa0	NET	T1	108
002d6b10	NET	T2	24
002d6b30	NET	T2	8
002d6b40	NET	T2	8
002d6b50	NET	T2	28
002d6b70	NET	T2	28
002d6b90	NET	T2	16
002d6ba0	NET	T1	152
002d6c40	NET	T1	180
002d6cf4	NET	T2	28
002d6d10	NET	T1	172
002d6dd4	NET	T2	120
002d6e50	NET	T1	560
002d7088	NET	T1	500
002d727c	NET	T1	480
002d7460	NET	T1	372
002d75e0	NET	T2	24
002d7600	NET	T2	268
002d7710	NET	T2	12
002d7720	NET	T2	16
002d7730	NET	T2	16
002d7740	NET	T1	684
002d79f0	NET	T2	60
002d7a30	NET	T1	268
002d7b40	NET	T2	68
002d7b90	NET	T2	4
002d7ba0	NET	T2	84
002d7c00	NET	T1	92
002d7c60	NET	T2	12
002d7c70	NET	T2	12
002d7c80	NET	T2	8
002d7c90	NET	T2	24
002d7cb0	NET	T2	528
002d7ec0	NET	T2	116
002d7f40	NET	T2	100
002d7fb0	NET	T2	32
002d7fd0	NET	T2	140
002d8060	NET	T2	132
002d80f0	NET	T2	180
002d81b0	NET	T2	180
002d8264	NET	T2	216
002d833c	NET	T1	452
002d8518	NET	T2	16
002d852c	NET	T1	352
002d86a4	NET	T1	212
002d8790	NET	T2	212
002d887c	NET	T1	352
002d89f8	NET	T1	472
002d8be8	NET	T1	372
002d8d74	NET	T1	352
002d8ef0	NET	T2	512
002d90f0	NET	T1	428
002d92a0	NET	T1	192
002d9360	NET	T2	448
002d9520	NET	T1	344
002d9680	NET	T1	308
002d97c0	NET	T2	188
002d9880	NET	T1	316
002d99c0	NET	T2	312
002d9b00	NET	T1	916
002d9ea0	NET	T2	236
002d9f90	NET	T1	284
002da0b0	NET	T1	608
002da320	NET	T2	104
002da390	NET	T1	584
002da5e0	NET	T2	380
002da760	NET	T2	24
002da780	NET	T2	216
002da860	NET	T1	444
002daa20	NET	T2	44
002daa4c	NET	T2	48
002daa7c	NET	T2	1036
002dae88	NET	T1	1056
002db2b0	NET	T1	832
002db5f0	NET	T1	332
002db73c	NET	T2	164
002db7f0	NET	T2	16
002db800	NET	T2	144
002db890	NET	T2	88
002db8f0	NET	T1	324
002dba34	NET	T2	9812
002de090	NET	T2	4
002de0a0	NET	T1	636
002de320	NET	T2	44
002de350	NET	T1	240
002de440	NET	T1	292
002de570	NET	T1	1108
002de9d0	NET	T1	64
002dea10	NET	T1	984
002dedf0	NET	T1	1112
002df250	NET	T2	912
002df5e0	NET	T1	872
002df950	NET	T2	356
002dfac0	NET	T2	1220
002dff90	NET	T2	60
002dffd0	NET	T2	36
002e0000	NET	T2	116
002e0080	NET	T2	264
002e0190	NET	T1	240
002e0280	NET	T2	172
002e0330	NET	T2	116
002e03b0	NET	T1	76
002e0400	NET	T2	12
002e0410	NET	T2	132
002e04a0	NET	T2	276
002e05c0	NET	T2	632
002e0840	NET	T2	128
002e08c0	NET	T2	908
002e0c90	NET	T2	328
002e0de0	NET	T2	472
002e0fe0	NET	T2	732
002e12c0	NET	T2	288
002e13e0	NET	T2	68
002e1430	NET	T2	188
002e14ec	NET	T2	656
002e17f8	NET	T2	24
002e1814	NET	T2	148
002e18ac	NET	T2	100
002e1910	NET	T2	32
002e1930	NET	T2	60
002e196c	NET	T2	244
002e1a60	NET	T2	16
002e1a74	NET	T2	32
002e1a94	NET	T2	32
002e1ab4	NET	T2	196
002e1b80	NET	T2	24
002e1ba0	NET	T1	1176
002e2040	NET	T1	380
002e21d4	NET	T1	200
002e22a0	NET	T1	1024
002e27e0	NET	T2	16
002e27f0	NET	T2	84
002e2850	NET	T1	80
002e28a0	NET	T1	492
002e2b20	NET	T2	952
002e2f70	NET	T1	468
002e3144	NET	T2	348
002e32a0	NET	T1	360
002e37c0	NET	T2	792
002e3b60	NET	T1	192
002e3c20	NET	T2	392
002e3e1c	NET	T2	300
002e3f50	NET	T2	116
002e3fd0	NET	T2	196
002e40a0	NET	T2	16
002e40b0	NET	T2	76
002e40fc	NET	T2	312
002e4240	NET	T2	52
002e4280	NET	T1	212
002e4360	NET	T1	176
002e4410	NET	T2	60
002e4450	NET	T2	96
002e44b0	NET	T1	224
002e4590	NET	T1	60
002e45d0	NET	T1	64
002e4610	NET	T2	40
002e4640	NET	T2	48
002e4670	NET	T2	8
002e4680	NET	T1	64
002e46c0	NET	T2	52
002e4700	NET	T2	8
002e4710	NET	T1	64
002e4750	NET	T2	8
002e4760	NET	T1	64
002e47a0	NET	T2	8
002e4830	NET	T2	108
002e48a0	NET	T2	84
002e4900	NET	T2	444
002e4ac0	NET	T2	24
002e4ae0	NET	T2	56
002e4b18	NET	T2	100
002e4ba4	NET	T2	88
002e4c14	NET	T2	104
002e4ce0	NET	T1	176
002e4d94	NET	T1	168
002e4e40	NET	T1	168
002e4eec	NET	T1	276
002e5000	NET	T2	1556
002e5690	NET	T2	248
002e5788	NET	T2	624
002e5a44	NET	T1	64
002e5a84	NET	T2	1944
002e6510	NET	T2	204
002e65f4	NET	T2	368
002e6764	NET	T2	1736
002e6f24	NET	T2	732
002e7200	NET	T2	164
002e72a4	NET	T2	16
002e72b4	NET	T2	260
002e73bc	NET	T2	240
002e74b0	NET	T2	260
002e75b8	NET	T2	240
002e76ac	NET	T2	60
002e7704	NET	T2	232
002e7810	NET	T2	48
002e7840	NET	T2	48
002e7870	NET	T2	52
002e78a4	NET	T2	48
002e78d4	NET	T2	5292
002e9030	NET	T2	2164
002e9a88	NET	T2	104
002e9af0	NET	T2	148
002e9b98	NET	T2	240
002e9ca0	NET	T2	24
002e9cc0	NET	T2	4
002e9cd0	NET	T2	4
002e9ce0	NET	T2	16
002e9cf0	NET	T2	436
002e9ea4	NET	T2	100
002e9f08	NET	T2	120
002e9f80	NET	T2	136
002ea010	NET	T2	248
002ea108	NET	T2	436
002ea2bc	NET	T2	68
002ea300	NET	T2	232
002ea3e8	NET	T2	280
002ea500	NET	T2	284
002ea61c	NET	T2	724
002ea8f0	NET	T2	320
002eaa30	NET	T2	232
002eab54	NET	T2	992
002eaf70	NET	T2	500
002eb180	NET	T2	732
002eb45c	NET	T1	200
002eb528	NET	T2	228
002eb610	NET	T1	2580
002ec030	NET	T1	448
002ec210	NET	T2	152
002ec320	NET	T2	148
002ec3c0	NET	T2	848
002ec710	NET	T1	864
002eca70	NET	T2	144
002ecb00	NET	T2	72
002ecb50	NET	T1	668
002ecdf0	NET	T2	744
002ed0e0	NET	T2	552
002ed308	NET	T1	180
002ed3d0	NET	T2	92
002ed42c	NET	T2	96
002ed490	NET	T1	504
002ed69c	NET	T2	1192
002edc3c	NET	T2	216
002edd2c	NET	T2	268
002ede38	NET	T2	1552
002ee500	NET	T2	248
002ee5f8	NET	T2	236
002ee6e4	NET	T2	160
002ee784	NET	T2	136
002ee80c	NET	T2	284
002eea08	NET	T2	160
002eeaa8	NET	T2	256
002eeba8	NET	T2	300
002eecd4	NET	T2	84
002eed28	NET	T2	64
002eed6c	NET	T1	64
002eedac	NET	T2	280
002eeec8	NET	T1	324
002ef028	NET	T1	256
002ef144	NET	T2	68
002ef188	NET	T2	88
002ef204	NET	T1	2800
002efd48	NET	T1	532
002eff60	NET	T2	500
002f0154	NET	T2	3608
002f0f70	NET	T2	404
002f1110	NET	T1	132
002f11a0	NET	T1	172
002f1250	NET	T2	20
002f1270	NET	T1	392
002f1400	NET	T1	336
002f1550	NET	T1	268
002f1660	NET	T2	296
002f1790	NET	T2	228
002f1880	NET	T2	24
002f18a0	NET	T2	12
002f18b0	NET	T2	8
002f18c0	NET	T2	20
002f18e0	NET	T2	24
002f1900	NET	T2	112
002f1970	NET	T1	132
002f1a00	NET	T1	400
002f1b90	NET	T1	344
002f1cf0	NET	T1	284
002f1e10	NET	T1	176
002f1ec0	NET	T2	512
002f20f0	NET	T2	72
002f2140	NET	T2	420
002f2350	NET	T1	128
002f23f0	NET	T2	152
002f24b0	NET	T2	12
002f24c0	NET	T2	12
002f24d0	NET	T2	4
002f24e0	NET	T2	80
002f2530	NET	T2	140
002f25c0	NET	T2	140
002f2650	NET	T2	4
002f2660	NET	T1	432
002f2900	NET	T2	220
002f2a28	NET	T2	4
002f2a2c	NET	T2	36
002f2a50	NET	T1	108
002f2abc	NET	T2	12
002f2ac8	NET	T2	4
002f2acc	NET	T1	900
002f2f48	NET	T2	24
002f2f64	NET	T2	24
002f2f80	NET	T2	396
002f3138	NET	T2	24
002f3150	NET	T2	216
002f3244	NET	T2	452
002f34d8	NET	T2	12
002f34e4	NET	T1	288
002f3604	NET	T1	188
002f36c0	NET	T1	172
002f378c	NET	T2	228
002f3870	NET	T1	212
002f3944	NET	T1	196
002f3a08	NET	T2	220
002f3ae4	NET	T2	212
002f3bc0	NET	T1	64
002f3c00	NET	T1	308
002f3e0c	NET	T1	648
002f4094	NET	T1	136
002f411c	NET	T1	136
002f41a4	NET	T1	444
002f443c	NET	T1	552
002f4740	NET	T2	76
002f478c	NET	T2	4
002f4790	NET	T2	4
002f4794	NET	T2	76
002f47e0	NET	T2	4
002f47f0	NET	T2	36
002f4820	NET	T2	36
002f4850	NET	T2	68
002f48a0	NET	T2	64
002f48e0	NET	T2	68
002f4930	NET	T2	20
002f4950	NET	T2	72
002f49a0	NET	T2	52
002f49e0	NET	T2	20
002f4a00	NET	T2	64
002f4a40	NET	T2	56
002f4a80	NET	T2	60
002f4ac0	NET	T2	20
002f4ae0	NET	T2	132
002f4b70	NET	T2	108
002f4be0	NET	T2	84
002f4c40	NET	T2	56
002f4c80	NET	T2	140
002f4d10	NET	T2	24
002f4d30	NET	T2	236
002f4e30	NET	T2	288
002f4f54	NET	T1	200
002f5020	NET	T2	120
002f50c0	NET	T2	80
002f5110	NET	T1	108
002f51a0	NET	T2	256
002f52a0	NET	T1	124
002f5320	NET	T1	376
002f54a0	NET	T2	80
002f54f0	NET	T1	100
002f5560	NET	T2	268
002f5670	NET	T2	228
002f5760	NET	T2	40
002f5790	NET	T2	24
002f57b0	NET	T2	204
002f5880	NET	T2	148
002f5920	NET	T2	60
002f5960	NET	T2	16
002f5970	NET	T2	24
002f5988	NET	T2	44
002f59b4	NET	T2	60
002f59f0	NET	T2	64
002f5a34	NET	T2	96
002f5aa0	NET	T2	80
002f5af0	NET	T1	464
002f5cc0	NET	T1	972
002f5db0	NET	T2	968
002f6180	NET	T2	8
002f6190	NET	T2	8
002f61a0	NET	T2	8
002f61b0	NET	T2	8
002f61c0	NET	T2	16
002f61d0	NET	T2	8
002f61e0	NET	T2	8
002f61f0	NET	T2	20
002f6200	NET	T2	8
002f64f0	NET	T1	260
002f6600	NET	T1	496
002f6800	NET	T2	24
002f6820	NET	T2	56
002f6860	NET	T2	60
002f68a0	NET	T2	60
002f68e0	NET	T2	20
002f68f4	NET	T2	72
002f693c	NET	T1	428
002f6af4	NET	T2	168
002f6ba0	NET	T2	24
002f6bc0	NET	T2	204
002f6c90	NET	T2	132
002f6d20	NET	T2	56
002f6d60	NET	T2	12
002f6d70	NET	T2	24
002f6d88	NET	T1	96
002f6de8	NET	T1	372
002f6f5c	NET	T1	356
002f70f8	NET	T1	208
002f71c8	NET	T2	428
002f7380	NET	T2	544
002f75a0	NET	T2	856
002f7900	NET	T2	396
002f7ad0	NET	T2	12
002f7ae0	NET	T2	536
002f7d00	NET	T2	432
002f7f70	NET	T2	316
002f80d0	NET	T2	1652
002f8780	NET	T2	96
002f87e0	NET	T1	536
002f8a00	NET	T2	96
002f8a60	NET	T2	24
002f8a80	NET	T2	40
002f8ab0	NET	T2	40
002f8ae0	NET	T2	72
002f8b30	NET	T2	12
002f8b40	NET	T2	16
002f8b50	NET	T1	44
002f8b80	NET	T2	144
002f8c10	NET	T1	168
002f8cc0	NET	T1	332
002f8e10	NET	T2	460
002f8fe0	NET	T2	132
002f9070	NET	T2	1408
002f9688	NET	T2	76
002f96d4	NET	T2	44
002f9700	NET	T1	412
002f9910	NET	T2	96
002f9970	NET	T2	112
002f9a3c	NET	T1	308
002f9b78	NET	T2	364
002f9d38	NET	T2	744
002fa020	NET	T1	272
002fa130	NET	T1	560
002fa360	NET	T2	1312
002fa880	NET	T2	252
002fa980	NET	T2	624
002fabf0	NET	T2	212
002facd0	NET	T2	704
002fafc0	NET	T2	60
002fb000	NET	T2	1108
002fb510	NET	T2	140
002fb5a0	NET	T2	116
002fb640	NET	T2	744
002fb930	NET	T2	288
002fba50	NET	T2	200
002fbb20	NET	T2	8
002fbb30	NET	T2	12
002fbb3c	NET	T2	32
002fbb60	NET	T1	760
002fbe60	NET	T1	696
002fc120	NET	T2	344
002fc280	NET	T2	96
002fc2e0	NET	T2	892
002fc660	NET	T2	504
002fc860	NET	T2	224
002fc940	NET	T2	24
002fc960	NET	T2	44
002fc990	NET	T2	416
002fcb30	NET	T2	396
002fccc0	NET	T2	256
002fcdc0	NET	T2	56
002fce00	NET	T2	304
002fcf30	NET	T2	444
002fd0f0	NET	T2	248
002fd1f0	NET	T2	248
002fd2fc	NET	T1	212
002fd3d0	NET	T1	356
002fd534	NET	T2	396
002fd708	NET	T2	184
002fd7e4	NET	T2	124
002fd880	NET	T2	80
002fd8d0	NET	T2	60
002fd90c	NET	T2	108
002fd99c	NET	T2	76
002fda40	NET	T2	8
002fda50	NET	T1	164
002fdb00	NET	T2	116
002fdb80	NET	T2	76
002fdbd0	NET	T2	504
002fddd0	NET	T2	128
002fde50	NET	T2	76
002fdea0	NET	T2	580
002fe0f0	NET	T2	48
002fe120	NET	T2	4
002fe130	NET	T2	60
002fe170	NET	T2	1888
002fe8d0	NET	T2	280
002fea20	NET	T2	52
002fea58	NET	T2	64
002fea9c	NET	T2	76
002feaf0	NET	T2	8
002feb00	NET	T2	68
002feb50	NET	T1	276
002fec70	NET	T1	660
002fef10	NET	T1	364
002ff080	NET	T1	420
002ff230	NET	T2	468
002ff410	NET	T1	332
002ff560	NET	T1	400
002ff6f0	NET	T1	620
002ff960	NET	T2	752
002ffc50	NET	T2	8
002ffc60	NET	T2	320
002ffda0	NET	T1	196
002ffe70	NET	T2	96
002ffed0	NET	T2	12
002ffee0	NET	T2	8
002ffef0	NET	T2	12
002fff00	NET	T2	48
002fff30	NET	T2	124
002fffb0	NET	T2	212
00300090	NET	T2	8
003000a0	NET	T1	124
00300120	NET	T2	24
00300140	NET	T2	24
00300160	NET	T2	24
00300180	NET	T2	44
003001b0	NET	T2	24
003001d0	NET	T2	4
003001e0	NET	T2	12
003001f0	NET	T2	28
00300210	NET	T2	8
00300220	NET	T2	64
00300260	NET	T2	64
003002a0	NET	T2	164
00300350	NET	T2	208
00300420	NET	T2	36
00300450	NET	T2	452
00300620	NET	T2	116
003006a0	NET	T2	20
003006c0	NET	T1	448
00300880	NET	T1	536
00300af0	NET	T1	692
00300db0	NET	T1	200
00300e80	NET	T1	632
00301100	NET	T2	76
00301150	NET	T2	592
003013a0	NET	T2	140
00301430	NET	T2	88
00301490	NET	T2	20
003014b0	NET	T1	236
003015a0	NET	T2	296
003016d0	NET	T1	160
00301770	NET	T2	28
00301790	NET	T1	672
00301a30	NET	T2	28
00301a50	NET	T2	28
00301a70	NET	T2	28
00301a90	NET	T2	472
00301c70	NET	T2	152
00301d10	NET	T2	200
00301de0	NET	T2	60
00301e20	NET	T1	800
00302140	NET	T2	44
00302170	NET	T2	104
003021e0	NET	T1	428
00302390	NET	T2	68
003023e0	NET	T1	248
003024e0	NET	T2	60
00302520	NET	T2	68
00302570	NET	T2	28
00302590	NET	T2	96
003025f0	NET	T1	192
003026b0	NET	T2	2672
00303120	NET	T2	168
003031d0	NET	T1	388
00303360	NET	T2	648
003035f0	NET	T2	1932
00303d80	NET	T1	348
00303ee0	NET	T1	256
00303fe0	NET	T2	4
00303ff0	NET	T1	68
00304040	NET	T2	16
00304050	NET	T2	12
00304060	NET	T2	16
00304070	NET	T2	48
003040a0	NET	T1	520
003042b0	NET	T2	48
003042e0	NET	T1	468
003044c0	NET	T1	488
003046b0	NET	T1	488
003048a0	NET	T2	96
00304900	NET	T2	24
00304920	NET	T1	348
00304be0	NET	T2	84
00304c40	NET	T2	108
00304cb0	NET	T2	8
00304cc0	NET	T2	12
00304cd0	NET	T2	52
00304d10	NET	T2	36
00304d40	NET	T2	4
00304d50	NET	T2	124
00304dd0	NET	T2	24
00304df0	NET	T2	144
00304e80	NET	T2	8
00304e90	NET	T2	60
00304ed0	NET	T2	60
00304f10	NET	T2	68
00304f60	NET	T2	132
00304ff0	NET	T2	40
00305020	NET	T1	136
003050b0	NET	T2	112
00305120	NET	T2	172
003051d0	NET	T2	44
00305200	NET	T2	316
00305340	NET	T2	204
00305410	NET	T2	24
00305430	NET	T2	40
00305460	NET	T2	32
00305480	NET	T1	120
00305500	NET	T1	64
00305540	NET	T2	32
00305560	NET	T2	128
003055e0	NET	T2	64
00305620	NET	T1	212
00305700	NET	T2	96
00305760	NET	T1	176
00305810	NET	T1	596
00305a70	NET	T1	540
00305c90	NET	T2	280
00305db0	NET	T2	108
00305e20	NET	T2	116
00305ea0	NET	T2	140
00305f30	NET	T2	12
00305f40	NET	T2	8
00305f50	NET	T2	8
00305f60	NET	T2	8
00305f70	NET	T1	372
003060f0	NET	T1	808
00306420	NET	T2	116
003064a0	NET	T2	16
003064b0	NET	T2	16
003064c0	NET	T2	16
003064d0	NET	T2	16
003064e0	NET	T2	36
00306510	NET	T2	16
00306520	NET	T2	28
00306540	NET	T2	16
00306550	NET	T2	28
00306570	NET	T2	28
00306590	NET	T2	32
003065b0	NET	T2	60
003065f0	NET	T2	24
00306610	NET	T1	104
00306680	NET	T1	76
003066d0	NET	T2	4
003066e0	NET	T2	4
003066f0	NET	T2	4
00306700	NET	T2	56
00306740	NET	T2	8
00306750	NET	T1	908
00306ae0	NET	T2	80
00306b30	NET	T1	580
00306d80	NET	T1	300
00306eb0	NET	T2	60
00306ef0	NET	T2	28
00306f10	NET	T1	244
00307010	NET	T1	68
00307060	NET	T1	376
003071e0	NET	T1	40
00307210	NET	T1	292
00307340	NET	T1	44
00307370	NET	T2	256
00307470	NET	T1	344
003075d0	NET	T2	164
00307680	NET	T2	140
00307710	NET	T2	236
00307800	NET	T2	20
00307820	NET	T2	100
00307890	NET	T2	44
003078c0	NET	T1	144
00307950	NET	T2	20
00307970	NET	T2	48
003079a0	NET	T2	64
003079e0	NET	T2	68
00307a30	NET	T2	20
00307a50	NET	T1	608
00307cb0	NET	T1	208
00307d80	NET	T1	220
00307e60	NET	T1	216
00307f40	NET	T2	372
003080c0	NET	T1	804
003083f0	NET	T2	232
003084e0	NET	T2	232
003085d0	NET	T1	1160
00308a60	NET	T2	156
00308b00	NET	T2	288
00308c20	NET	T1	644
00308eb0	NET	T2	12
00308ec0	NET	T2	12
00308ed0	NET	T2	432
00309080	NET	T2	176
00309130	NET	T1	1376
00309690	NET	T2	8
003096a0	NET	T1	328
003097f0	NET	T1	168
003098a0	NET	T1	824
00309be0	NET	T1	160
00309c80	NET	T1	84
00309ce0	NET	T1	572
00309f20	NET	T2	416
0030a0c0	NET	T2	20
0030a0e0	NET	T2	104
0030a150	NET	T2	300
0030a280	NET	T1	252
0030a380	NET	T2	200
0030a450	NET	T1	84
0030a4b0	NET	T1	88
0030a510	NET	T2	60
0030a550	NET	T1	84
0030a5b0	NET	T1	92
0030a610	NET	T2	112
0030a680	NET	T2	84
0030a6e0	NET	T2	8
0030a6f0	NET	T2	8
0030a700	NET	T2	828
0030aa40	NET	T2	32
0030aa60	NET	T2	20
0030aa80	NET	T2	244
0030ab80	NET	T2	144
0030ac10	NET	T2	484
0030ae00	NET	T2	1152
0030b280	NET	T2	760
0030b580	NET	T2	516
0030b790	NET	T2	340
0030b8f0	NET	T2	120
0030b970	NET	T2	444
0030bb30	NET	T2	120
0030bbb0	NET	T2	84
0030bc10	NET	T2	264
0030bd20	NET	T2	272
0030be30	NET	T2	272
0030bf40	NET	T2	120
0030bfc0	NET	T2	12
0030bfd0	NET	T2	148
0030c070	NET	T2	180
0030c130	NET	T2	16
0030c140	NET	T1	144
0030c1d0	NET	T2	12
0030c1e0	NET	T1	100
0030c250	NET	T2	12
0030c260	NET	T1	84
0030c2c0	NET	T2	84
0030c320	NET	T1	344
0030c480	NET	T1	328
0030c5d0	NET	T2	132
0030c660	NET	T2	20
0030c680	NET	T2	44
0030c6b0	NET	T2	84
0030c710	NET	T1	480
0030c8f0	NET	T2	72
0030c940	NET	T2	16
0030c950	NET	T2	336
0030caa0	NET	T2	352
0030cc00	NET	T2	92
0030cc60	NET	T2	168
0030cd10	NET	T2	176
0030cdc0	NET	T2	48
0030cdf0	NET	T2	164
0030cea0	NET	T2	32
0030cec0	NET	T2	88
0030cf20	NET	T2	188
0030cfe0	NET	T2	356
0030d150	NET	T2	132
0030d1e0	NET	T2	56
0030d220	NET	T2	52
0030d260	NET	T2	80
0030d2b0	NET	T2	36
0030d2e0	NET	T2	16
0030d2f0	NET	T2	16
0030d300	NET	T2	60
0030d340	NET	T2	76
0030d390	NET	T2	24
0030d3b0	NET	T2	16
0030d3d0	NET	T2	8
0030d3e0	NET	T2	44
0030d410	NET	T2	196
0030d4e0	NET	T2	748
0030d7d0	NET	T2	128
0030d850	NET	T2	120
0030d8d0	NET	T2	16
0030d8e0	NET	T1	124
0030d960	NET	T1	76
0030d9b0	NET	T2	612
0030dc20	NET	T2	132
0030dcb0	NET	T2	380
0030de30	NET	T1	88
0030de90	NET	T2	96
0030def0	NET	T1	408
0030e090	NET	T1	276
0030e1b0	NET	T2	140
0030e240	NET	T1	856
0030e5a0	NET	T1	204
0030e670	NET	T1	1764
0030ed60	NET	T1	240
0030ee50	NET	T1	300
0030ef80	NET	T1	508
0030f180	NET	T1	348
0030f2e0	NET	T1	332
0030f430	NET	T1	284
0030f550	NET	T2	1608
0030fba0	NET	T2	408
0030fd40	NET	T2	1376
003102a0	NET	T2	352
00310400	NET	T2	212
003104e0	NET	T2	284
00310600	NET	T1	92
00310660	NET	T1	304
00310790	NET	T1	620
00310a00	NET	T1	580
00310c50	NET	T2	440
00310e10	NET	T1	72
00310e60	NET	T1	2244
00311730	NET	T2	384
003118b0	NET	T2	260
003119c0	NET	T1	312
00311b00	NET	T2	392
00311c90	NET	T1	700
00311f50	NET	T2	1136
003123c0	NET	T2	316
00312500	NET	T2	1180
003129a0	NET	T2	44
003129d0	NET	T1	608
00312c30	NET	T2	120
00312cb0	NET	T2	132
00312d40	NET	T1	424
00312ef0	NET	T2	48
00312f20	NET	T2	132
00312fb0	NET	T2	384
00313130	NET	T2	72
00313180	NET	T2	232
00313270	NET	T2	76
003132c0	NET	T2	80
00313310	NET	T1	280
00313430	NET	T2	44
00313460	NET	T2	436
00313620	NET	T2	252
00313720	NET	T2	524
00313930	NET	T1	300
00313a60	NET	T2	36
00313a90	NET	T1	424
00313c40	NET	T1	612
00313eb0	NET	T2	420
00314060	NET	T2	432
00314210	NET	T2	164
003142c0	NET	T2	688
00314570	NET	T2	268
00314680	NET	T2	12
00314690	NET	T2	72
003146e0	NET	T2	132
00314770	NET	T2	84
003147d0	NET	T2	72
00314820	NET	T2	596
00314a80	NET	T2	28
00314aa0	NET	T2	68
00314af0	NET	T2	4
00314b00	NET	T2	12
00314b10	NET	T2	208
00314be0	NET	T1	48
00314c10	NET	T2	96
00314c70	NET	T2	112
00314ce0	NET	T2	20
00314d00	NET	T2	20
00314d20	NET	T1	1036
00315130	NET	T1	232
00315220	NET	T1	156
003152c0	NET	T2	40
003152f0	NET	T1	256
003153f0	NET	T2	8
00315400	NET	T1	420
003155b0	NET	T1	312
003156f0	NET	T1	292
00315820	NET	T1	364
00315990	NET	T1	200
00315a60	NET	T1	160
00315b00	NET	T2	12
00315b10	NET	T1	84
00315b70	NET	T1	140
00315c00	NET	T2	84
00315c60	NET	T1	96
00315cc0	NET	T2	20
00315ce0	NET	T1	64
00315d20	NET	T2	12
00315d30	NET	T2	112
00315da0	NET	T2	36
00315dd0	NET	T2	48
00315e00	NET	T2	24
00315e20	NET	T2	3388
00316b60	NET	T2	36
00316b90	NET	T2	36
00316bc0	NET	T2	12
00316bd0	NET	T2	168
00316c80	NET	T2	432
00316e30	NET	T2	1364
00317390	NET	T2	48
003173c0	NET	T2	84
00317420	NET	T1	76
00317470	NET	T1	96
003174d0	NET	T1	328
00317620	NET	T1	344
00317780	NET	T2	400
00317910	NET	T2	272
00317a20	NET	T2	120
00317aa0	NET	T2	52
00317ae0	NET	T2	68
00317b30	NET	T2	148
00317bd0	NET	T2	200
00317ca0	NET	T2	60
00317ce0	NET	T2	48
00317d10	NET	T2	112
00317d80	NET	T2	84
00317de0	NET	T2	28
00317e00	NET	T1	244
00317f00	NET	T2	244
00318000	NET	T2	40
00318030	NET	T2	8
00318040	NET	T2	4
00318050	NET	T2	12
00318060	NET	T2	12
00318070	NET	T2	12
00318080	NET	T2	12
00318090	NET	T2	12
003180a0	NET	T2	72
003180f0	NET	T1	264
00318200	NET	T1	500
00318400	NET	T1	692
003186c0	NET	T1	436
00318880	NET	T1	524
00318a90	NET	T1	552
00318cc0	NET	T2	204
00318d90	NET	T2	20
00318db0	NET	T2	20
00318dd0	NET	T1	328
00318f20	NET	T1	456
003190f0	NET	T2	496
003192e0	NET	T1	496
003194d0	NET	T2	264
003194e0	NET	T2	56
00319620	NET	T2	140
003196b0	NET	T2	12
003196c0	NET	T2	272
003197d0	NET	T2	160
00319870	NET	T2	44
003198a0	NET	T2	340
00319a00	NET	T2	48
00319a30	NET	T2	6504
0031b3a0	NET	T2	256
0031b4a0	NET	T1	136
0031b530	NET	T1	20
0031b550	NET	T1	136
0031b5e0	NET	T1	920
0031b980	NET	T1	120
0031ba00	NET	T2	16
0031ba10	NET	T1	60
0031ba50	NET	T1	616
0031bcc0	NET	T2	16
0031bcd0	NET	T1	320
0031be10	NET	T1	588
0031c060	NET	T2	4
0031c070	NET	T2	4
0031c080	NET	T2	8
0031c090	NET	T2	8
0031c0a0	NET	T2	60
0031c0e0	NET	T1	672
0031c380	NET	T1	232
0031c470	NET	T1	420
0031c620	NET	T2	400
0031c7b0	NET	T2	8
0031c7c0	NET	T2	8
0031c7d0	NET	T2	196
0031c820	NET	T2	424
0031c9d0	NET	T2	164
0031ca80	NET	T2	12
0031ca90	NET	T2	320
0031cbd0	NET	T2	8
0031cbe0	NET	T2	8
0031cbf0	NET	T2	12
0031cc00	NET	T2	16
0031cc10	NET	T2	8
0031cc20	NET	T2	8
0031cc30	NET	T2	8
0031cc40	NET	T2	8
0031cc50	NET	T2	8
0031cc60	NET	T2	8
0031cc70	NET	T2	8
0031cc80	NET	T2	8
0031cc90	NET	T2	8
0031cca0	NET	T2	8
0031ccb0	NET	T2	8
0031ccc0	NET	T1	60
0031cd00	NET	T2	8
0031cd10	NET	T2	12
0031cd20	NET	T2	8
0031cd30	NET	T2	12
0031cd40	NET	T2	20
0031cd60	NET	T2	24
0031cd80	NET	T2	8
0031cd90	NET	T2	8
0031cda0	NET	T2	12
0031ce30	NET	T2	144
0031cec0	NET	T2	12
0031ced0	NET	T2	12
0031cee0	NET	T2	8
0031cef0	NET	T2	4
0031cf00	NET	T2	12
0031cf10	NET	T2	12
0031cf20	NET	T2	8
0031cf30	NET	T2	4
0031cf40	NET	T2	4
0031cf50	NET	T2	8
0031cf60	NET	T2	4
0031cf70	NET	T2	8
0031cf80	NET	T2	4
0031cf90	NET	T2	12
0031cfa0	NET	T2	12
0031cfb0	NET	T2	12
0031cfc0	NET	T2	12
0031cfd0	NET	T2	12
0031cfe0	NET	T2	12
0031cff0	NET	T2	12
0031d000	NET	T2	12
0031d010	NET	T2	32
0031d030	NET	T2	120
0031d0b0	NET	T2	72
0031d100	NET	T1	2204
0031d9a0	NET	T1	456
0031db70	NET	T1	1736
0031e390	NET	T1	560
0031e5c0	NET	T1	816
0031e8f0	NET	T1	868
0031ec60	NET	T2	28
0031ec80	NET	T2	104
0031ecf0	NET	T2	116
0031ed70	NET	T2	44
0031eda0	NET	T1	268
0031eeb0	NET	T1	104
0031ef20	NET	T1	244
0031f020	NET	T2	8
0031f030	NET	T2	876
0031f3a0	NET	T1	1284
0031f8b0	NET	T2	288
0031f9d0	NET	T2	52
0031fa10	NET	T2	356
0031fc00	NET	T2	16
0031fc10	NET	T2	20
0031fc30	NET	T1	292
0031fd60	NET	T2	52
0031fda0	NET	T1	80
0031fdf0	NET	T1	216
0031fed0	NET	T2	136
0031ff60	NET	T2	16
0031ff70	NET	T1	264
00320080	NET	T2	4
00320090	NET	T2	68
003200e0	NET	T2	592
00320330	NET	T2	592
00320580	NET	T1	616
003207f0	NET	T1	376
00320970	NET	T2	348
00320ad0	NET	T2	120
00320b50	NET	T2	44
00320b80	NET	T1	332
00320ce0	NET	T1	180
00320da0	NET	T2	96
00320e00	NET	T2	180
00320ec0	NET	T2	556
00321380	NET	T2	4
00321390	NET	T2	360
00321500	NET	T2	380
00321680	NET	T2	312
003217c0	NET	T2	80
00321810	NET	T2	28
00321830	NET	T1	588
00321a80	NET	T2	8
00321a90	NET	T2	180
00321b50	NET	T1	284
00321c70	NET	T2	44
00321ca0	NET	T2	8
00321cb0	NET	T1	904
00322040	NET	T1	408
003221e0	NET	T2	172
00322290	NET	T2	4
003222a0	NET	T2	4
003222b0	NET	T2	4
003222c0	NET	T2	88
00322320	NET	T2	40
00322350	NET	T2	12
00322360	NET	T2	356
003224d0	NET	T2	716
00322520	NET	T2	40
00322550	NET	T2	88
003225b0	NET	T2	40
003225e0	NET	T2	12
003225f0	NET	T2	272
00322700	NET	T2	72
00322750	NET	T2	40
00322780	NET	T2	8
00322790	NET	T1	352
003228f0	NET	T2	12
00322900	NET	T1	264
00322a10	NET	T1	80
00322a60	NET	T1	240
00322b50	NET	T1	116
00322bd0	NET	T2	88
00322c30	NET	T1	140
00322cc0	NET	T2	12
00322cd0	NET	T2	8
00322ce0	NET	T2	8
00322cf0	NET	T2	8
00322d00	NET	T2	8
00322d10	NET	T2	24
00322d30	NET	T2	32
00322d50	NET	T2	32
00322d70	NET	T2	32
00322d90	NET	T1	428
00322f40	NET	T1	176
00322ff0	NET	T2	28
00323010	NET	T2	52
00323050	NET	T2	132
003230e0	NET	T1	196
003231b0	NET	T1	68
00323200	NET	T1	536
00323420	NET	T1	156
003234c0	NET	T2	32
003234e0	NET	T1	196
003235b0	NET	T2	8
003235c0	NET	T2	80
00323610	NET	T1	80
00323660	NET	T1	216
00323740	NET	T1	68
00323790	NET	T2	88
003237f0	NET	T2	216
003238d0	NET	T1	68
00323920	NET	T2	216
00323a00	NET	T2	76
00323a50	NET	T2	8
00323a60	NET	T2	40
00323a90	NET	T2	76
00323ae0	NET	T2	68
00323b30	NET	T1	140
00323bc0	NET	T2	112
00323c30	NET	T2	164
00323ce0	NET	T2	564
00323f20	NET	T2	256
003242e0	NET	T2	4
003242f0	NET	T1	288
00324410	NET	T1	240
00324500	NET	T1	68
00324550	NET	T2	40
00324580	NET	T2	68
003245d0	NET	T2	40
00324600	NET	T2	152
003246a0	NET	T2	28
003246c0	NET	T2	68
00324710	NET	T2	12
00324720	NET	T2	12
00324730	NET	T2	148
003247d0	NET	T2	12
003247e0	NET	T2	512
003249e0	NET	T2	404
00324b80	NET	T2	28
00324ba0	NET	T2	20
00324bc0	NET	T2	24
00324be0	NET	T1	1280
003250f0	NET	T1	1560
00325710	NET	T1	1136
00325b80	NET	T1	2560
00326580	NET	T2	472
00326760	NET	T2	36
00326790	NET	T1	64
003267d0	NET	T2	64
00326810	NET	T2	188
003268d0	NET	T1	624
00326b40	NET	T2	24
00326b60	NET	T1	596
00326dc0	NET	T2	24
00326de0	NET	T1	440
00326fa0	NET	T2	16
00326fb0	NET	T2	496
003271a0	NET	T2	720
00327470	NET	T1	208
00327540	NET	T1	156
003275e0	NET	T2	128
00327660	NET	T1	100
003276d0	NET	T2	40
00327700	NET	T1	72
00327750	NET	T2	40
00327780	NET	T2	328
003278d0	NET	T1	176
00327980	NET	T2	28
003279a0	NET	T2	68
003279f0	NET	T2	40
00327a20	NET	T2	120
00327aa0	NET	T1	120
00327b20	NET	T1	308
00327c60	NET	T1	156
00327d00	NET	T2	36
00327d30	NET	T2	872
003280a0	NET	T2	32
00328110	NET	T2	20
00328190	NET	T2	48
003281c0	NET	T2	144
00328250	NET	T2	24
00328270	NET	T2	20
00328290	NET	T2	52
00328350	NET	T2	60
00328390	NET	T2	60
003283d0	NET	T2	504
003285d0	NET	T2	4412
00329720	NET	T2	236
00329900	NET	T2	8
00329910	NET	T2	224
003299f0	NET	T2	268
00329c50	NET	T2	576
00329e90	NET	T1	168
00329f40	NET	T2	288
0032a060	NET	T2	108
0032a0d0	NET	T2	1880
0032a830	NET	T2	296
0032a960	NET	T2	1364
0032aec0	NET	T2	12
0032aed0	NET	T2	4
0032aee0	NET	T1	292
0032b010	NET	T1	192
0032b190	NET	T2	384
0032b320	NET	T2	12
0032b330	NET	T2	748
0032b620	NET	T2	868
0032b630	NET	T2	752
0032b920	NET	T2	20
0032b940	NET	T2	24
0032bcc0	NET	T2	1696
0032c360	NET	T2	12
0032c370	NET	T2	84
0032c3d0	NET	T2	56
0032c410	NET	T2	28
0032c430	NET	T2	12
0032c450	NET	T2	12
0032c460	NET	T2	12
0032c470	NET	T2	128
0032c4f0	NET	T1	348
0032c650	NET	T2	84
0032c6b0	NET	T1	160
0032c750	NET	T2	32
0032c770	NET	T2	48
0032c7a0	NET	T2	140
0032c830	NET	T2	120
0032c8b0	NET	T2	52
0032c8f0	NET	T2	32
0032c910	NET	T2	156
0032c9b0	NET	T2	12
0032c9c0	NET	T2	12
0032c9d0	NET	T2	720
0032cca0	NET	T2	8
0032ccb0	NET	T2	44
0032cce0	NET	T2	8
0032ccf0	NET	T2	8
0032cd00	NET	T2	116
0032cd80	NET	T1	208
0032ce50	NET	T1	408
0032cff0	NET	T2	88
0032d050	NET	T2	68
0032d110	NET	T2	16
0032d120	NET	T2	280
0032d240	NET	T2	88
0032d2d0	NET	T2	540
0032d4f0	NET	T2	8
0032d500	NET	T2	84
0032d560	NET	T2	8
0032d570	NET	T2	8
0032d580	NET	T2	8
0032d590	NET	T2	8
0032d5a0	NET	T2	8
0032d5b0	NET	T2	8
0032d5c0	NET	T2	16
0032d5d0	NET	T2	16
0032d5e0	NET	T2	244
0032d610	NET	T2	136
0032d6a0	NET	T2	152
0032d740	NET	T2	76
0032d790	NET	T2	152
0032d830	NET	T2	300
0032d960	NET	T2	40
0032d990	NET	T1	296
0032dac0	NET	T1	184
0032db80	NET	T1	60
0032dbc0	NET	T1	208
0032dc90	NET	T1	72
0032dce0	NET	T1	684
0032df90	NET	T1	244
0032e090	NET	T1	144
0032e120	NET	T2	92
0032e180	NET	T2	8
0032e190	NET	T2	8
0032e1a0	NET	T1	416
0032e340	NET	T2	8
0032e350	NET	T2	8
0032e360	NET	T2	12
0032e370	NET	T2	68
0032e3c0	NET	T2	8
0032e3d0	NET	T2	8
0032e3e0	NET	T2	8
0032e3f0	NET	T2	8
0032e400	NET	T2	8
0032e410	NET	T2	8
0032e420	NET	T2	8
0032e430	NET	T1	176
0032e4e0	NET	T2	8
0032e4f0	NET	T2	8
0032e500	NET	T1	64
0032e540	NET	T1	64
0032e580	NET	T1	64
0032e5c0	NET	T1	64
0032e600	NET	T2	628
0032e880	NET	T2	156
0032e920	NET	T1	96
0032e980	NET	T1	120
0032ea00	NET	T1	320
0032eb40	NET	T1	124
0032ebc0	NET	T1	316
0032ed00	NET	T1	124
0032ed80	NET	T1	184
0032ee40	NET	T1	156
0032eee0	NET	T1	124
0032ef60	NET	T2	120
0032efe0	NET	T1	172
0032f090	NET	T2	488
0032f2c0	NET	T2	16
0032f2d0	NET	T2	264
0032f3e0	NET	T2	24
0032f400	NET	T2	28
0032f420	NET	T1	180
0032f4e0	NET	T2	1724
0032fba0	NET	T1	2860
003306d0	NET	T1	1008
00330ac0	NET	T2	192
00330b80	NET	T2	460
00330d50	NET	T2	132
00330de0	NET	T2	104
00330e50	NET	T2	12
00330e60	NET	T2	12
00330e70	NET	T2	12
00330e80	NET	T2	12
00330e90	NET	T2	12
00330ea0	NET	T2	660
00331140	NET	T2	824
00331480	NET	T2	956
00331840	NET	T2	1148
00331cc0	NET	T2	1028
003320d0	NET	T2	192
00332190	NET	T2	100
00332200	NET	T2	36
00332230	NET	T2	52
00332270	NET	T2	212
00332350	NET	T2	264
00332460	NET	T2	100
003324d0	NET	T2	24
003324f0	NET	T2	176
003325a0	NET	T2	100
00332610	NET	T2	36
00332640	NET	T2	44
00332670	NET	T2	96
003326d0	NET	T2	32
003326f0	NET	T2	180
003327b0	NET	T2	212
00332890	NET	T2	972
00332c60	NET	T2	12
00332c70	NET	T2	112
00332ce0	NET	T2	8
00332cf0	NET	T2	356
00332e60	NET	T2	388
00332ff0	NET	T2	256
003330f0	NET	T2	112
00333160	NET	T2	24
00333180	NET	T2	20
003331a0	NET	T2	176
003331c0	NET	T2	12
003331d0	NET	T2	384
00333350	NET	T1	84
003333b0	NET	T2	492
003335a0	NET	T2	492
00333790	NET	T2	888
00333b10	NET	T2	208
00333be0	NET	T2	684
00333e90	NET	T1	292
00333fc0	NET	T2	212
003340a0	NET	T2	636
00334320	NET	T2	1072
00334750	NET	T1	384
003348d0	NET	T2	1948
00335110	NET	T2	320
00335250	NET	T2	160
003352f0	NET	T1	1484
003358c0	NET	T2	272
003359d0	NET	T1	68
00335a20	NET	T2	720
00335cf0	NET	T2	12
00335d00	NET	T2	24
00335d20	NET	T2	80
00335d50	NET	T2	80
00335d80	NET	T2	168
00335e30	NET	T2	340
00335f90	NET	T2	76
00335fe0	NET	T2	72
00336030	NET	T2	256
00336130	NET	T1	72
00336180	NET	T2	72
003361d0	NET	T2	80
00336220	NET	T2	104
003362f0	NET	T2	88
00336350	NET	T2	420
00336500	NET	T2	288
00336620	NET	T2	8
00336630	NET	T2	508
00336830	NET	T2	104
003368a0	NET	T2	36
003368d0	NET	T2	44
00336900	NET	T2	96
00336960	NET	T2	32
00336980	NET	T2	364
00336af0	NET	T2	324
00336c40	NET	T2	132
00336cd0	NET	T2	712
00336fa0	NET	T2	1352
003374f0	NET	T2	1052
00337910	NET	T2	76
00337960	NET	T2	8
00337970	NET	T2	656
00337c00	NET	T2	648
00337e90	NET	T2	268
00337fa0	NET	T2	1092
003383f0	NET	T2	296
00338520	NET	T2	400
003386b0	NET	T2	672
00338950	NET	T2	1324
00338e80	NET	T2	1316
003393b0	NET	T2	12
003393c0	NET	T2	12
003393d0	NET	T2	324
00339520	NET	T2	216
00339600	NET	T2	196
003396d0	NET	T1	296
00339800	NET	T2	244
00339900	NET	T2	100
00339970	NET	T2	1024
00339d80	NET	T2	1152
0033a200	NET	T2	244
0033a300	NET	T2	1032
0033a710	NET	T2	104
0033a780	NET	T2	2140
0033afe0	NET	T2	268
0033b0f0	NET	T1	1704
0033b7a0	NET	T1	268
0033b8b0	NET	T1	228
0033ba40	NET	T2	540
0033bc60	NET	T2	552
0033be90	NET	T2	220
0033bed0	NET	T1	232
0033bfc0	NET	T1	160
0033c060	NET	T2	300
0033c190	NET	T2	12
0033c1a0	NET	T2	12
0033c1b0	NET	T2	84
0033c210	NET	T2	56
0033c250	NET	T2	28
0033c270	NET	T2	68
0033c2c0	NET	T2	112
0033c330	NET	T1	184
0033c3f0	NET	T2	1380
0033c4a0	NET	T1	168
0033c620	NET	T1	608
0033c880	NET	T1	1264
0033cd70	NET	T1	788
0033d090	NET	T1	952
0033d910	NET	T1	692
0033dbd0	NET	T2	612
0033de40	NET	T1	1740
0033e510	NET	T2	64
0033e550	NET	T1	76
0033e5a0	NET	T2	64
0033e5e0	NET	T1	64
0033e620	NET	T2	192
0033e6e0	NET	T2	272
0033e7f0	NET	T2	80
0033e840	NET	T2	24
0033e860	NET	T2	8
0033e870	NET	T2	16
0033e880	NET	T2	436
0033eda0	NET	T2	408
0033ef40	NET	T2	340
0033f0a0	NET	T2	196
0033f170	NET	T2	864
0033f180	NET	T2	364
0033f2f0	NET	T2	360
0033f460	NET	T2	12
0033f470	NET	T2	8
0033f480	NET	T2	12
0033f490	NET	T2	8
0033f4a0	NET	T2	132
0033f530	NET	T2	48
0033f560	NET	T2	40
0033f590	NET	T2	84
0033f5f0	NET	T2	172
0033f6a0	NET	T2	12
0033f6b0	NET	T2	8
0033f6c0	NET	T2	64
0033f700	NET	T2	336
0033f710	NET	T2	2148
0033ff80	NET	T2	268
00340090	NET	T2	644
00340320	NET	T2	48
00340350	NET	T1	104
003403c0	NET	T2	1472
00340980	NET	T2	564
00340bc0	NET	T2	876
00340f30	NET	T2	852
00341290	NET	T2	860
003415f0	NET	T2	104
00341660	NET	T2	940
00341a10	NET	T2	260
00341b20	NET	T2	324
00341c70	NET	T2	104
00341d50	NET	T1	808
00342080	NET	T2	116
00342100	NET	T2	204
003421d0	NET	T2	8
003421e0	NET	T1	1248
003426c0	NET	T2	8
003426d0	NET	T1	1160
00342b60	NET	T1	648
00342df0	NET	T1	588
00343040	NET	T2	776
00343350	NET	T2	8
00343360	NET	T1	2196
00343c00	NET	T2	112
00343c70	NET	T2	256
00343d70	NET	T2	12
00343d80	NET	T2	12
00343d90	NET	T2	180
00343e50	NET	T2	268
00343f60	NET	T2	184
00344020	NET	T2	48
00344050	NET	T2	316
00344190	NET	T2	460
00344360	NET	T2	200
00344370	NET	T2	116
003444b0	NET	T2	8
003444c0	NET	T2	24
003444e0	NET	T2	240
003445d0	NET	T1	688
00344880	NET	T1	176
00344930	NET	T1	20
00344950	NET	T1	36
00344980	NET	T2	40
003449b0	NET	T1	284
00344ad0	NET	T2	20
00344af0	NET	T2	152
00344b90	NET	T1	144
00344c20	NET	T1	196
00344cf0	NET	T2	40
00344d20	NET	T1	372
00344ea0	NET	T1	312
00344fe0	NET	T2	52
00345020	NET	T1	256
00345130	NET	T1	108
003451a0	NET	T1	136
00345230	NET	T1	480
00345410	NET	T1	492
00345600	NET	T1	596
00345860	NET	T2	100
003458d0	NET	T2	8
003458e0	NET	T2	36
003459b0	NET	T2	28
00345a70	NET	T2	12
00345a80	NET	T2	24
00345aa0	NET	T2	12
00345ab0	NET	T1	20
00345ad0	NET	T1	16
00345ae0	NET	T2	20
00345b00	NET	T2	896
00345e80	NET	T2	332
00345fd0	NET	T2	16
00345fe0	NET	T2	540
00346200	NET	T2	416
003463a0	NET	T2	100
00346410	NET	T2	72
00346460	NET	T2	148
00346500	NET	T2	52
00346540	NET	T2	52
00346580	NET	T1	512
00346780	NET	T2	176
00346830	NET	T2	40
00346860	NET	T2	420
00346a10	NET	T2	12
00346a20	NET	T2	12
00346a30	NET	T2	12
00346a40	NET	T2	12
00346a50	NET	T2	12
00346a60	NET	T2	132
00346af0	NET	T2	60
00346b30	NET	T2	144
00346bc0	NET	T2	88
00346c20	NET	T2	1364
00347180	NET	T2	224
00347260	NET	T2	768
00347580	NET	T2	392
003475a0	NET	T2	12
003475b0	NET	T2	1780
00347cb0	NET	T2	324
00347e00	NET	T2	148
00347ea0	NET	T2	100
00347ed0	NET	T2	204
00348130	NET	T2	28
00348150	NET	T2	728
00348430	NET	T2	620
003486a0	NET	T2	976
00348a70	NET	T2	40
00348aa0	NET	T1	792
00348dc0	NET	T2	144
00348e50	NET	T1	768
00349150	NET	T2	436
00349310	NET	T2	12
00349320	NET	T1	180
003493f8	NET	T2	1116
003498e0	NET	T2	348
00349a40	NET	T2	220
00349b20	NET	T2	28
00349b40	NET	T2	36
00349b70	NET	T2	32
00349b90	NET	T2	48
00349bc0	NET	T2	716
00349e90	NET	T2	508
0034a090	NET	T2	52
0034a0d0	NET	T2	12
0034a0e0	NET	T2	76
0034a130	NET	T2	16
0034a140	NET	T2	152
0034a1e0	NET	T2	232
0034a2d0	NET	T1	392
0034a460	NET	T2	272
0034a570	NET	T2	232
0034a660	NET	T2	12
0034a670	NET	T2	8
0034a680	NET	T2	164
0034a730	NET	T2	264
0034a840	NET	T2	260
0034a950	NET	T2	440
0034ab10	NET	T2	32
0034ab30	NET	T2	28
0034ab50	NET	T2	16
0034ab60	NET	T2	24
0034ab80	NET	T2	12
0034ab90	NET	T2	12
0034aba0	NET	T2	20
0034abc0	NET	T2	12
0034abd0	NET	T2	12
0034abe0	NET	T2	12
0034abf0	NET	T2	12
0034ac00	NET	T2	20
0034ac20	NET	T1	360
0034ad90	NET	T2	204
0034ae60	NET	T2	104
0034aed0	NET	T2	524
0034b0e0	NET	T2	448
0034b2a0	NET	T2	36
0034b2d0	NET	T2	1104
0034b720	NET	T2	4
0034b730	NET	T2	12
0034b740	NET	T1	1716
0034be00	NET	T1	352
0034bf60	NET	T2	4
0034bf70	NET	T2	100
0034bfe0	NET	T2	28
0034c080	NET	T2	272
0034c190	NET	T2	124
0034c210	NET	T2	356
0034c380	NET	T1	204
0034c450	NET	T2	392
0034c5e0	NET	T2	104
0034c650	NET	T1	984
0034ca30	NET	T2	92
0034ca90	NET	T2	160
0034cb30	NET	T1	1196
0034cfe0	NET	T2	156
0034d080	NET	T2	24
0034d0a0	NET	T2	412
0034d240	NET	T2	96
0034d2a0	NET	T2	264
0034d3b0	NET	T2	236
0034d4a0	NET	T2	228
0034d590	NET	T2	212
0034d670	NET	T2	1224
0034db40	NET	T2	168
0034dbf0	NET	T2	320
0034dd30	NET	T1	416
0034ded0	NET	T1	540
0034e0f0	NET	T2	12
0034e100	NET	T2	12
0034e110	NET	T2	12
0034e120	NET	T2	12
0034e130	NET	T2	12
0034e140	NET	T2	12
0034e150	NET	T2	248
0034e250	NET	T2	152
0034e2f0	NET	T2	152
0034e390	NET	T2	152
0034e430	NET	T2	96
0034e490	NET	T2	8
0034e4a0	NET	T2	132
0034e530	NET	T2	8
0034e540	NET	T2	8
0034e550	NET	T2	272
0034e660	NET	T2	16
0034e670	NET	T1	196
0034e740	NET	T2	812
0034ea70	NET	T2	212
0034eb50	NET	T2	84
0034ebb0	NET	T2	12
0034ebc0	NET	T2	52
0034ebd0	NET	T2	296
0034ec00	NET	T2	220
0034ed20	NET	T2	2564
0034f730	NET	T2	8
0034f830	NET	T2	12
0034f840	NET	T2	12
0034f850	NET	T2	12
0034f860	NET	T2	12
0034f870	NET	T2	12
0034f880	NET	T2	12
0034f890	NET	T2	12
0034f8a0	NET	T2	16
0034f8b0	NET	T2	40
0034f8e0	NET	T2	28
0034f900	NET	T2	308
0034fa40	NET	T2	68
0034fa50	NET	T2	296
0034fa80	NET	T2	32
0034faa0	NET	T2	68
0034fab0	NET	T2	296
0034fae0	NET	T2	28
0034fb00	NET	T2	76
0034fb10	NET	T2	40
0034fb40	NET	T2	28
0034fb60	NET	T2	76
0034fb70	NET	T2	16
0034fb80	NET	T2	276
0034fbb0	NET	T2	32
0034fbd0	NET	T2	16
0034fbe0	NET	T2	256
0034fce0	NET	T2	4072
00350cd0	NET	T2	8
00350ce0	NET	T2	228
00350dd0	NET	T2	56
00350f90	NET	T2	460
00351270	NET	T2	3224
00351f10	NET	T2	8
00351f20	NET	T2	12
00351f30	NET	T2	116
00351fb0	NET	T2	256
003520b0	NET	T2	100
00352120	NET	T2	64
00352160	NET	T2	132
003521f0	NET	T2	4
00352200	NET	T2	292
00352330	NET	T1	288
00352450	NET	T1	68
00352510	NET	T2	60
00352550	NET	T1	172
003526a0	NET	T2	12
003526c0	NET	T1	80
00352710	NET	T2	320
00352850	NET	T1	468
00352a30	NET	T2	224
00352b10	NET	T1	440
00352cd0	NET	T2	12
00352cf0	NET	T2	8
00352d00	NET	T2	8
00352d10	NET	T2	12
00352d20	NET	T2	12
00352d30	NET	T2	12
00352d40	NET	T2	12
00352d50	NET	T2	12
00352d60	NET	T2	12
00352d70	NET	T2	12
00352d80	NET	T2	12
00352d90	NET	T2	132
00352e20	NET	T2	36
00352e50	NET	T2	36
00352e80	NET	T2	64
00352ec0	NET	T2	200
00352f90	NET	T2	200
00353060	NET	T2	48
00353090	NET	T2	12
003530a0	NET	T2	764
003533a0	NET	T2	824
003536e0	NET	T2	1128
00353b50	NET	T2	1192
00354000	NET	T2	2132
00354860	NET	T2	20
00354880	NET	T2	112
003548f0	NET	T2	964
00354cc0	NET	T2	320
00354e00	NET	T2	32
00354e20	NET	T1	2356
00355760	NET	T2	160
00355800	NET	T1	356
00355970	NET	T2	228
00355a60	NET	T2	1236
00355f40	NET	T2	228
00356030	NET	T2	1376
00356590	NET	T2	200
00356660	NET	T2	272
00356770	NET	T2	80
003567c0	NET	T1	108
00356830	NET	T2	8
00356840	NET	T2	40
00356870	NET	T2	12
00356880	NET	T2	12
00356890	NET	T2	12
003568a0	NET	T2	12
003568b0	NET	T2	16
003568c0	NET	T1	592
00356b10	NET	T2	196
00356be0	NET	T2	1592
00357220	NET	T2	88
00357280	NET	T2	60
003572c0	NET	T2	8
003572d0	NET	T2	112
00357340	NET	T2	196
00357410	NET	T2	244
00357510	NET	T2	24
00357530	NET	T2	44
00357560	NET	T2	164
00357610	NET	T2	172
003576c0	NET	T2	180
00357780	NET	T2	180
00357840	NET	T2	176
003578f0	NET	T2	112
00357960	NET	T2	8
00357970	NET	T2	100
003579e0	NET	T2	208
00357ab0	NET	T2	16
00357ac0	NET	T2	72
00357b10	NET	T2	344
00357c70	NET	T2	12
00357c80	NET	T2	684
00357f30	NET	T2	568
00358170	NET	T2	12
00358180	NET	T2	12
00358190	NET	T2	12
003581a0	NET	T2	548
003583d0	NET	T2	620
00358640	NET	T2	204
00358710	NET	T2	508
00358910	NET	T2	552
00358b40	NET	T2	188
00358c00	NET	T2	60
00358c40	NET	T2	608
00358ea0	NET	T2	116
00358f20	NET	T2	392
003590b0	NET	T2	696
00359370	NET	T2	884
003596f0	NET	T2	616
00359960	NET	T2	224
00359a40	NET	T2	1212
00359f10	NET	T2	468
0035a0f0	NET	T2	76
0035a140	NET	T2	2132
0035a9a0	NET	T2	28
0035a9c0	NET	T2	352
0035ab20	NET	T2	1188
0035afd0	NET	T2	292
0035b100	NET	T2	176
0035b1b0	NET	T1	80
0035b200	NET	T2	28
0035b320	NET	T2	336
0035b470	NET	T2	24
0035b490	NET	T2	12
0035b4a0	NET	T2	12
0035b4b0	NET	T2	12
0035b4c0	NET	T2	12
0035b4d0	NET	T2	148
0035b570	NET	T2	72
0035b5c0	NET	T2	12
0035b5d0	NET	T2	16
0035b5e0	NET	T2	20
0035b600	NET	T2	12
0035b610	NET	T2	308
0035b750	NET	T2	244
0035b850	NET	T2	276
0035b970	NET	T2	268
0035ba80	NET	T2	612
0035bcf0	NET	T2	480
0035bed0	NET	T2	776
0035c1e0	NET	T2	68
0035c230	NET	T2	424
0035c3e0	NET	T2	724
0035c6c0	NET	T2	1636
0035cd30	NET	T2	864
0035d090	NET	T2	308
0035d1d0	NET	T1	1436
0035d780	NET	T2	16
0035d790	NET	T2	760
0035da90	NET	T2	744
0035dd80	NET	T2	184
0035de40	NET	T2	844
0035e190	NET	T2	12
0035e1a0	NET	T2	8
0035e1b0	NET	T2	8
0035e1c0	NET	T2	8
0035e1d0	NET	T2	8
0035e1e0	NET	T2	8
0035e1f0	NET	T2	8
0035e200	NET	T2	264
0035e380	NET	T2	264
0035e490	NET	T1	548
0035e6c0	NET	T2	900
0035ea50	NET	T2	1124
0035eec0	NET	T2	92
0035ef20	NET	T1	360
0035f090	NET	T1	1280
0035f5a0	NET	T2	452
0035f770	NET	T2	216
0035f850	NET	T2	2632
003602a0	NET	T2	12
003602b0	NET	T2	12
003602c0	NET	T2	588
00360510	NET	T2	332
00360660	NET	T2	104
003606d0	NET	T2	104
00360740	NET	T2	4
00360750	NET	T2	4
00360760	NET	T2	168
00360810	NET	T2	80
00360860	NET	T2	108
003608d0	NET	T2	4
003608e0	NET	T2	8
003608f0	NET	T2	308
00360a30	NET	T2	12
00360a40	NET	T2	12
00360a50	NET	T2	12
00360a60	NET	T2	12
00360a70	NET	T2	12
00360a80	NET	T2	12
00360a90	NET	T2	240
00360b80	NET	T2	8
00360b90	NET	T2	296
00360cc0	NET	T2	456
00360e90	NET	T2	84
00360ef0	NET	T2	12
00360f00	NET	T2	400
00361090	NET	T2	344
003611f0	NET	T2	568
00361430	NET	T2	976
00361800	NET	T2	1272
00361d00	NET	T2	12
00361d10	NET	T2	12
00361d20	NET	T2	64
00361d60	NET	T1	856
003620c0	NET	T2	52
00362100	NET	T2	20
00362120	NET	T2	72
00362170	NET	T2	388
00362300	NET	T2	12
00362310	NET	T2	356
00362480	NET	T2	160
00362520	NET	T2	464
003626f0	NET	T2	12
00362700	NET	T1	88
00362760	NET	T1	276
00362880	NET	T2	376
00362a00	NET	T2	304
00362b30	NET	T2	8
00362b40	NET	T2	248
00362bc0	NET	T2	1096
00363010	NET	T2	440
003631d0	NET	T2	136
00363260	NET	T2	276
00363380	NET	T2	120
00363400	NET	T2	408
003635a0	NET	T2	156
00363640	NET	T2	176
003636f0	NET	T2	232
003637e0	NET	T2	608
00363a40	NET	T2	1424
00363fd0	NET	T2	12
00363fe0	NET	T2	12
00363ff0	NET	T2	172
003640a0	NET	T2	12
003640b0	NET	T2	408
00364250	NET	T2	184
00364310	NET	T2	264
00364420	NET	T2	496
00364610	NET	T2	188
003646d0	NET	T2	508
003648d0	NET	T2	8
003648e0	NET	T2	12
003648f0	NET	T2	88
00364950	NET	T2	20
00364970	NET	T2	20
00364990	NET	T1	284
00364ab0	NET	T2	136
00364b70	NET	T2	8
00364b80	NET	T1	464
00364d50	NET	T2	8
00364d60	NET	T2	540
00364f80	NET	T2	288
003650a0	NET	T2	296
003651d0	NET	T2	124
00365250	NET	T1	44
00365280	NET	T1	132
00365310	NET	T1	340
00365470	NET	T1	132
00365500	NET	T1	124
00365580	NET	T2	132
00365610	NET	T2	340
00365770	NET	T2	132
00365800	NET	T2	340
00365960	NET	T1	132
003659f0	NET	T2	432
00365ba0	NET	T1	300
00365cd0	NET	T2	140
00365d60	NET	T2	148
00365e00	NET	T2	16
00365e10	NET	T2	44
00365e40	NET	T1	720
00366110	NET	T2	296
00366240	NET	T2	12
00366250	NET	T2	12
00366260	NET	T2	128
003662e0	NET	T2	104
00366350	NET	T2	48
00366380	NET	T2	12
00366390	NET	T2	12
003663a0	NET	T2	12
003663b0	NET	T2	24
003663d0	NET	T2	112
00366440	NET	T2	52
00366480	NET	T2	1260
00366970	NET	T2	512
00366b70	NET	T2	28
00366b90	NET	T2	68
00366be0	NET	T2	8
00366bf0	NET	T2	8
00366c00	NET	T2	8
00366c10	NET	T2	8
00366c20	NET	T1	68
00366c70	NET	T2	8
00366c80	NET	T2	8
00366c90	NET	T2	8
00366ca0	NET	T2	8
00366cb0	NET	T2	12
00366cc0	NET	T2	116
00366d40	NET	T2	228
00366e30	NET	T2	12
00366e40	NET	T2	12
00366e50	NET	T2	12
00366e60	NET	T2	28
00366e80	NET	T2	356
00366ff0	NET	T2	308
00367130	NET	T2	820
00367470	NET	T2	4332
00368560	NET	T2	348
003686c0	NET	T2	268
003687d0	NET	T2	264
003688e0	NET	T2	268
003689f0	NET	T2	8
00368a00	NET	T2	8
00368a10	NET	T2	8
00368a20	NET	T2	16
00368a30	NET	T2	76
00368a80	NET	T2	136
00368b10	NET	T2	760
00368e10	NET	T2	236
00368f00	NET	T2	4
00368f10	NET	T2	488
00369100	NET	T2	700
003693c0	NET	T2	784
003696d0	NET	T2	176
00369780	NET	T2	472
00369960	NET	T2	8
00369970	NET	T2	8
00369980	NET	T2	44
003699b0	NET	T2	8
003699c0	NET	T2	8
003699d0	NET	T2	404
00369b70	NET	T2	708
00369e40	NET	T2	696
0036a0f0	NET	T2	84
0036a150	NET	T2	1936
0036a8e0	NET	T2	272
0036a9f0	NET	T2	36
0036aa20	NET	T2	316
0036ab60	NET	T2	76
0036abb0	NET	T1	344
0036ad10	NET	T2	76
0036ad60	NET	T1	68
0036adb0	NET	T1	348
0036af10	NET	T2	400
0036b0a0	NET	T1	68
0036b0f0	NET	T1	312
0036b230	NET	T1	76
0036b280	NET	T2	780
0036b590	NET	T2	616
0036b800	NET	T2	272
0036b910	NET	T2	700
0036bbd0	NET	T2	8
0036bbe0	NET	T1	92
0036bc40	NET	T1	132
0036bcd0	NET	T1	16
0036bce0	NET	T1	692
0036bfa0	NET	T2	204
0036c070	NET	T1	16
0036c080	NET	T2	44
0036c0b0	NET	T2	32
0036c0d0	NET	T2	8
0036c0e0	NET	T1	96
0036c140	NET	T2	104
0036c1b0	NET	T2	12
0036c1c0	NET	T2	620
0036c430	NET	T2	76
0036c480	NET	T2	12
0036c490	NET	T2	12
0036c4a0	NET	T1	192
0036c560	NET	T1	36
0036c590	NET	T1	2804
0036d090	NET	T2	32
0036d0b0	NET	T2	12
0036d0c0	NET	T2	28
0036d0e0	NET	T2	56
0036d120	NET	T2	144
0036d1b0	NET	T1	324
0036d300	NET	T1	16
0036d310	NET	T2	164
0036d3c0	NET	T2	40
0036d3f0	NET	T2	16
0036d400	NET	T1	748
0036d6f0	NET	T2	784
0036da00	NET	T2	360
0036db70	NET	T2	560
0036dda0	NET	T1	1064
0036e1d0	NET	T2	212
0036e2b0	NET	T2	24
0036e2d0	NET	T2	148
0036e370	NET	T2	24
0036e390	NET	T1	160
0036e430	NET	T1	108
0036e4a0	NET	T2	288
0036e5c0	NET	T1	368
0036e730	NET	T2	56
0036e770	NET	T2	12
0036e780	NET	T2	12
0036e790	NET	T2	512
0036e990	NET	T2	1492
0036ef70	NET	T2	688
0036f220	NET	T2	100
0036f290	NET	T2	220
0036f370	NET	T1	304
0036f4a0	NET	T2	92
0036f500	NET	T2	124
0036f580	NET	T2	8
0036f590	NET	T1	164
0036f640	NET	T2	12
0036f650	NET	T2	420
0036f800	NET	T2	300
0036f930	NET	T2	48
0036f960	NET	T2	300
0036fa90	NET	T2	1192
0036ff40	NET	T2	212
00370020	NET	T2	104
00370090	NET	T2	364
003700a0	NET	T2	8
003700b0	NET	T2	52
003700f0	NET	T2	100
00370160	NET	T2	252
00370260	NET	T2	32
00370280	NET	T1	132
00370310	NET	T1	252
00370410	NET	T2	132
003704a0	NET	T2	228
00370590	NET	T2	32
003705a0	NET	T2	48
003705d0	NET	T2	332
00370720	NET	T2	12
00370730	NET	T2	12
00370740	NET	T2	12
00370750	NET	T2	12
00370760	NET	T2	12
00370770	NET	T2	12
00370780	NET	T2	12
00370790	NET	T2	12
003707a0	NET	T2	12
003707b0	NET	T2	12
003707c0	NET	T2	12
003707d0	NET	T2	12
003707e0	NET	T2	12
003707f0	NET	T2	12
00370800	NET	T2	12
00370810	NET	T2	12
00370820	NET	T2	12
00370830	NET	T2	12
00370840	NET	T2	12
00370850	NET	T2	12
00370860	NET	T2	12
00370870	NET	T2	12
00370880	NET	T2	12
00370890	NET	T2	12
003708a0	NET	T2	12
003708b0	NET	T2	12
003708c0	NET	T2	12
003708d0	NET	T2	12
003708e0	NET	T2	12
003708f0	NET	T2	12
00370900	NET	T2	12
00370910	NET	T2	12
00370920	NET	T2	12
00370930	NET	T2	12
00370940	NET	T2	12
00370950	NET	T2	12
00370960	NET	T2	12
00370970	NET	T2	12
00370980	NET	T2	220
00370a60	NET	T2	184
00370b20	NET	T2	124
00370ba0	NET	T2	128
00370c20	NET	T2	144
00370cb0	NET	T2	364
00370e20	NET	T2	144
00370eb0	NET	T2	196
00370f80	NET	T2	240
00371070	NET	T2	584
003712c0	NET	T2	92
00371320	NET	T2	1048
00371740	NET	T2	228
00371830	NET	T2	212
00371910	NET	T2	192
003719d0	NET	T2	168
00371a80	NET	T2	844
00371dd0	NET	T2	556
00372000	NET	T2	184
003720c0	NET	T2	400
00372250	NET	T2	336
003723a0	NET	T1	732
00372680	NET	T2	28
003726a0	NET	T2	364
00372810	NET	T2	28
00372830	NET	T2	672
00372ad0	NET	T2	656
00372d60	NET	T2	40
00372d90	NET	T2	124
00372e10	NET	T2	788
00373130	NET	T2	1228
00373600	NET	T2	1052
00373a20	NET	T2	1224
00373ef0	NET	T2	1044
00374310	NET	T2	76
00374360	NET	T2	1344
003748a0	NET	T2	208
00374970	NET	T2	864
00374cd0	NET	T2	224
00374db0	NET	T2	932
00375160	NET	T2	960
00375520	NET	T2	400
003756b0	NET	T2	1144
00375b30	NET	T2	724
00375e10	NET	T2	1884
00376570	NET	T2	1912
00376cf0	NET	T2	1736
003773c0	NET	T2	1736
00377a90	NET	T2	988
00377e70	NET	T2	64
00377eb0	NET	T2	1360
00378400	NET	T2	200
003784d0	NET	T2	564
00378710	NET	T2	352
00378870	NET	T1	324
003789c0	NET	T2	584
00378c10	NET	T2	580
00378e60	NET	T2	132
00378ef0	NET	T2	136
00378f80	NET	T2	60
00378fc0	NET	T2	628
00379240	NET	T2	1036
00379650	NET	T2	12
00379660	NET	T2	12
00379670	NET	T2	12
00379680	NET	T2	12
00379690	NET	T2	12
003796a0	NET	T2	12
003796b0	NET	T2	12
003796c0	NET	T2	12
003796d0	NET	T2	12
003796e0	NET	T2	12
003796f0	NET	T2	12
00379700	NET	T2	96
00379760	NET	T2	300
00379890	NET	T2	152
00379930	NET	T2	368
00379aa0	NET	T2	328
00379bf0	NET	T2	188
00379cb0	NET	T2	76
00379d00	NET	T2	296
00379e30	NET	T2	320
00379f70	NET	T1	1020
0037a370	NET	T2	124
0037a3f0	NET	T2	3800
0037b2d0	NET	T2	3608
0037c0f0	NET	T2	256
0037c1f0	NET	T2	260
0037c300	NET	T2	680
0037c5b0	NET	T2	808
0037c8e0	NET	T2	388
0037ca70	NET	T2	1724
0037d130	NET	T2	396
0037d2c0	NET	T2	108
0037d330	NET	T2	408
0037d4d0	NET	T2	116
0037d550	NET	T2	12
0037d570	NET	T2	240
0037d660	NET	T2	132
0037d6f0	NET	T2	84
0037d750	NET	T2	424
0037d900	NET	T2	388
0037da90	NET	T2	44
0037dac0	NET	T2	12
0037dad0	NET	T2	488
0037dcc0	NET	T2	380
0037de40	NET	T2	12
0037de50	NET	T2	108
0037de60	NET	T2	16
0037de70	NET	T2	88
0037de80	NET	T2	92
0037dee0	NET	T2	8
0037def0	NET	T2	48
0037df20	NET	T2	172
0037dfd0	NET	T2	120
0037e050	NET	T2	344
0037e060	NET	T2	264
0037e170	NET	T2	8
0037e180	NET	T2	304
0037e2b0	NET	T1	92
0037e310	NET	T2	20
0037e470	NET	T2	288
0037e590	NET	T1	236
0037e680	NET	T2	292
0037e7b0	NET	T2	116
0037e830	NET	T2	12
0037e840	NET	T2	220
0037e920	NET	T2	388
0037eab0	NET	T2	12
0037eac0	NET	T2	8
0037ead0	NET	T2	20
0037eaf0	NET	T2	136
0037eb80	NET	T2	92
0037ebe0	NET	T2	8
0037ebf0	NET	T2	44
0037ec20	NET	T2	120
0037eca0	NET	T2	80
0037ecf0	NET	T2	612
0037ed00	NET	T2	8
0037ed10	NET	T2	2324
0037f630	NET	T2	92
0037f690	NET	T2	8
0037f6a0	NET	T2	172
0037f6e0	NET	T2	8
0037f6f0	NET	T2	500
0037f9a0	NET	T1	292
0037fad0	NET	T2	232
0037fbc0	NET	T2	1464
00380180	NET	T2	100
003803a0	NET	T2	84
00380400	NET	T2	304
00380530	NET	T2	100
003805a0	NET	T2	8
003805b0	NET	T2	180
00380670	NET	T2	304
003807a0	NET	T2	464
003807b0	NET	T2	48
003807e0	NET	T2	52
00380820	NET	T2	40
00380850	NET	T2	8
00380860	NET	T2	100
003808d0	NET	T2	388
00380a60	NET	T2	28
00380a80	NET	T2	224
00380b60	NET	T2	208
00380c30	NET	T2	200
00380d00	NET	T2	8
00380d10	NET	T2	28
00380d30	NET	T2	164
00380de0	NET	T2	92
00380e40	NET	T2	36
00380e70	NET	T2	8
00380e80	NET	T2	92
00380ee0	NET	T2	36
00380f10	NET	T2	756
00380f40	NET	T2	176
00380ff0	NET	T2	16
00381000	NET	T1	176
003810b0	NET	T1	104
00381120	NET	T2	156
003811c0	NET	T2	9688
00381220	NET	T2	164
003812d0	NET	T2	164
003817e0	NET	T2	3824
003826d0	NET	T2	1900
00382e40	NET	T2	1436
00385960	NET	T2	188
00385a20	NET	T2	48
00385a50	NET	T2	17740
00389fa0	NET	T2	304
0038a0d0	NET	T2	2092
0038a900	NET	T2	892
0038ac80	NET	T2	428
0038ae30	NET	T2	2684
0038b8b0	NET	T2	856
0038bc10	NET	T2	1212
0038c0d0	NET	T2	576
0038c310	NET	T2	844
0038c660	NET	T2	868
0038c9d0	NET	T2	148
0038ca70	NET	T2	192
0038cb30	NET	T2	844
0038ce80	NET	T2	500
0038d080	NET	T2	60
0038d100	NET	T2	24
0038d120	NET	T2	12
0038d130	NET	T2	92
0038d190	NET	T2	228
0038d280	NET	T2	136
0038d310	NET	T2	12
0038d320	NET	T2	12
0038d330	NET	T2	12
0038d340	NET	T2	12
0038d350	NET	T2	92
0038d3b0	NET	T2	36
0038d3e0	NET	T2	12
0038d3f0	NET	T2	192
0038d4b0	NET	T2	408
0038d650	NET	T2	396
0038d7e0	NET	T2	740
0038dad0	NET	T2	1288
0038dfe0	NET	T2	84
0038e040	NET	T2	256
0038e140	NET	T2	5316
0038f610	NET	T2	872
0038f980	NET	T2	564
0038fbc0	NET	T2	8
0038fbd0	NET	T2	644
0038fe60	NET	T2	156
0038ff00	NET	T2	5000
00391290	NET	T2	512
00391490	NET	T2	376
00391610	NET	T2	2616
00392050	NET	T2	552
00392280	NET	T2	844
003925d0	NET	T2	36
00392600	NET	T2	4
00392610	NET	T2	36
00392640	NET	T2	656
003928d0	NET	T2	400
00392a60	NET	T2	404
00392c00	NET	T2	572
00392e40	NET	T2	1436
003933e0	NET	T2	8
003933f0	NET	T1	928
00393790	NET	T2	564
003939d0	NET	T2	288
00393af0	NET	T1	488
00393ce0	NET	T1	796
00394000	NET	T2	432
003941b0	NET	T2	56
003941f0	NET	T2	420
003943a0	NET	T2	512
003945a0	NET	T2	148
00394640	NET	T2	1836
00394d70	NET	T2	1228
00395240	NET	T1	424
003953f0	NET	T2	8
00395400	NET	T2	12
00395410	NET	T2	8
00395420	NET	T2	8
00395430	NET	T2	8
00395440	NET	T2	48
00395470	NET	T2	8
00395480	NET	T2	52
003954c0	NET	T2	32
003954e0	NET	T2	132
00395570	NET	T2	152
00395610	NET	T2	48
00395640	NET	T2	8
00395650	NET	T2	52
00395690	NET	T2	8
003956a0	NET	T2	108
00395710	NET	T2	128
00395790	NET	T2	208
00395860	NET	T2	232
00395950	NET	T2	396
00395ae0	NET	T2	360
00395c50	NET	T2	252
00395d50	NET	T2	96
00395db0	NET	T2	8
00395dc0	NET	T2	356
00395f30	NET	T2	292
00396060	NET	T2	920
00396070	NET	T2	8
00396080	NET	T2	12
00396090	NET	T2	116
003960a0	NET	T2	288
003961c0	NET	T2	8
003961d0	NET	T2	1764
003968c0	NET	T2	96
00396920	NET	T2	8
00396930	NET	T2	124
003969b0	NET	T2	228
00396aa0	NET	T2	320
00396be0	NET	T2	1872
00396f80	NET	T2	804
003972b0	NET	T2	316
003973f0	NET	T2	504
00397d40	NET	T2	48
00397d70	NET	T2	8
00397d80	NET	T2	52
00397dc0	NET	T2	8
00397dd0	NET	T2	108
00397e40	NET	T2	128
00397ec0	NET	T2	36
00397ef0	NET	T2	60
00397f30	NET	T2	8
00397f40	NET	T2	96
00397fa0	NET	T2	48
00397fd0	NET	T2	708
00397fe0	NET	T2	180
003980a0	NET	T2	220
00398180	NET	T2	56
003981c0	NET	T2	136
00398250	NET	T2	288
00398370	NET	T2	84
003983d0	NET	T2	572
00398610	NET	T2	164
003986c0	NET	T2	404
00398860	NET	T2	600
00398ac0	NET	T2	460
00398c90	NET	T2	924
00399030	NET	T2	468
00399210	NET	T2	120
00399290	NET	T2	120
00399310	NET	T2	120
00399390	NET	T2	280
003994b0	NET	T2	2292
00399db0	NET	T2	2552
0039a7b0	NET	T2	84
0039a810	NET	T2	124
0039a890	NET	T2	20
0039a8b0	NET	T2	196
0039a980	NET	T2	480
0039aa00	NET	T2	144
0039aa90	NET	T2	124
0039ab10	NET	T2	588
0039ad60	NET	T2	256
0039afd0	NET	T2	96
0039b030	NET	T1	252
0039b130	NET	T2	92
0039b190	NET	T2	172
0039b240	NET	T2	304
0039b310	NET	T2	228
0039b400	NET	T2	96
0039b460	NET	T2	548
0039b690	NET	T2	968
0039ba60	NET	T2	420
0039bc10	NET	T2	404
0039bdb0	NET	T2	88
0039be10	NET	T2	88
0039be70	NET	T2	96
0039bed0	NET	T1	368
0039c040	NET	T1	428
0039c1f0	NET	T2	460
0039c3c0	NET	T2	380
0039c540	NET	T2	164
0039c5f0	NET	T2	312
0039c730	NET	T2	108
0039c7a0	NET	T2	72
0039c7f0	NET	T2	88
0039c850	NET	T2	120
0039c8d0	NET	T2	164
0039c980	NET	T2	144
0039ca10	NET	T2	60
0039ca50	NET	T2	120
0039cad0	NET	T2	416
0039cc70	NET	T1	104
0039cce0	NET	T2	80
0039cd30	NET	T2	108
0039cda0	NET	T2	40
0039cdd0	NET	T2	200
0039cea0	NET	T2	144
0039cf30	NET	T2	56
0039cf70	NET	T2	8
0039cf80	NET	T2	80
0039cfd0	NET	T2	200
0039d0a0	NET	T2	204
0039d170	NET	T2	316
0039d2b0	NET	T2	112
0039d320	NET	T1	240
0039d410	NET	T2	100
0039d480	NET	T2	292
0039d5b0	NET	T2	680
0039d860	NET	T2	508
0039da60	NET	T2	452
0039dc30	NET	T2	276
0039dd50	NET	T2	304
0039de80	NET	T2	1184
0039e320	NET	T1	1016
0039e720	NET	T2	240
0039e810	NET	T1	252
0039e910	NET	T2	2356
0039f250	NET	T2	1080
0039f690	NET	T2	1004
0039fa80	NET	T2	348
0039fbe0	NET	T2	212
0039fcc0	NET	T2	892
003a0040	NET	T2	48
003a0070	NET	T2	292
003a01a0	NET	T2	108
003a0210	NET	T2	76
003a0260	NET	T2	148
003a0300	NET	T2	560
003a0530	NET	T1	840
003a0880	NET	T2	120
003a0900	NET	T2	312
003a0a40	NET	T2	104
003a0ab0	NET	T2	80
003a0b00	NET	T2	132
003a0b90	NET	T2	504
003a0be0	NET	T2	236
003a0cd0	NET	T2	204
003a0da0	NET	T2	56
003a0de0	NET	T2	8
003a0df0	NET	T2	88
003a0e50	NET	T2	172
003a0f00	NET	T2	396
003a1240	NET	T2	88
003a12a0	NET	T2	328
003a13f0	NET	T2	84
003a1450	NET	T2	180
003a1510	NET	T2	392
003a1540	NET	T2	1828
003a15d0	NET	T2	144
003a1660	NET	T2	436
003a1820	NET	T2	280
003a1940	NET	T2	188
003a1a00	NET	T2	12
003a1a10	NET	T2	60
003a1a20	NET	T2	296
003a1a50	NET	T2	292
003a1b70	NET	T2	8360
003a3d60	NET	T1	204
003a3e30	NET	T2	164
003a3ee0	NET	T2	164
003a4630	NET	T1	1580
003a4c60	NET	T2	1064
003a5090	NET	T2	792
003a53b0	NET	T2	628
003a5630	NET	T2	184
003a5860	NET	T2	88
003a58c0	NET	T2	72
003a5910	NET	T2	648
003a5ba0	NET	T2	296
003a5cd0	NET	T2	340
003a5e30	NET	T2	692
003a60f0	NET	T2	252
003a61f0	NET	T2	68
003a6240	NET	T2	68
003a6290	NET	T2	68
003a62e0	NET	T2	68
003a6330	NET	T2	68
003a6380	NET	T2	68
003a63d0	NET	T2	68
003a6420	NET	T2	68
003a6470	NET	T2	68
003a64c0	NET	T2	68
003a6510	NET	T2	68
003a6560	NET	T2	68
003a65b0	NET	T2	64
003a65f0	NET	T2	68
003a6640	NET	T2	68
003a6690	NET	T2	68
003a66e0	NET	T2	68
003a6730	NET	T2	68
003a6780	NET	T2	68
003a67d0	NET	T2	68
003a6820	NET	T2	68
003a6870	NET	T2	68
003a68c0	NET	T2	68
003a6910	NET	T2	68
003a6960	NET	T2	68
003a69b0	NET	T2	68
003a6a00	NET	T2	68
003a6a50	NET	T2	2056
003a7260	NET	T2	8
003a7270	NET	T2	8
003a7280	NET	T2	8
003a7290	NET	T2	8
003a72a0	NET	T2	12
003a72b0	NET	T2	12
003a72c0	NET	T2	12
003a72d0	NET	T2	12
003a72e0	NET	T2	12
003a72f0	NET	T2	12
003a7300	NET	T2	12
003a7310	NET	T2	12
003a7320	NET	T2	12
003a7330	NET	T2	12
003a7340	NET	T2	12
003a7350	NET	T2	12
003a7360	NET	T2	12
003a7370	NET	T2	12
003a7380	NET	T2	12
003a7390	NET	T2	12
003a73a0	NET	T2	12
003a73b0	NET	T2	12
003a73c0	NET	T2	12
003a73d0	NET	T2	12
003a73e0	NET	T2	12
003a73f0	NET	T2	12
003a7400	NET	T2	12
003a7410	NET	T2	12
003a7420	NET	T2	12
003a7430	NET	T2	12
003a7440	NET	T2	12
003a7450	NET	T2	196
003a7520	NET	T2	324
003a7670	NET	T2	208
003a7740	NET	T2	284
003a7860	NET	T2	144
003a78f0	NET	T2	324
003a7a40	NET	T2	208
003a7b10	NET	T2	284
003a7c30	NET	T2	144
003a7cc0	NET	T2	324
003a7e10	NET	T2	208
003a7ee0	NET	T2	284
003a8000	NET	T2	144
003a8090	NET	T2	240
003a8180	NET	T2	240
003a8270	NET	T2	240
003a8360	NET	T2	208
003a8430	NET	T2	208
003a8500	NET	T2	208
003a85d0	NET	T2	148
003a8670	NET	T2	312
003a87b0	NET	T2	584
003a8a00	NET	T2	76
003a8a50	NET	T2	1108
003a8eb0	NET	T2	220
003a8f90	NET	T2	848
003a92e0	NET	T2	496
003a94d0	NET	T2	1352
003a9a20	NET	T2	2164
003aa2a0	NET	T2	364
003aa410	NET	T2	12
003aa420	NET	T2	12
003aa430	NET	T2	12
003aa440	NET	T2	12
003aa450	NET	T2	64
003aa490	NET	T2	232
003aa580	NET	T2	196
003aa650	NET	T2	256
003aa750	NET	T2	148
003aa7f0	NET	T2	1084
003aac30	NET	T2	1084
003ab070	NET	T2	784
003ab380	NET	T2	312
003ab4c0	NET	T2	96
003ab520	NET	T2	340
003ab680	NET	T2	408
003ab820	NET	T2	12
003ab830	NET	T2	12
003ab840	NET	T2	12
003ab850	NET	T2	12
003ab860	NET	T2	12
003ab870	NET	T2	12
003ab880	NET	T2	12
003ab890	NET	T2	12
003ab8a0	NET	T2	12
003ab8b0	NET	T2	12
003ab8c0	NET	T2	12
003ab8d0	NET	T2	12
003ab8e0	NET	T2	12
003ab8f0	NET	T2	12
003ab900	NET	T2	12
003ab910	NET	T2	12
003ab920	NET	T2	12
003ab930	NET	T2	12
003ab940	NET	T2	12
003ab950	NET	T2	12
003ab960	NET	T2	12
003ab970	NET	T2	208
003aba40	NET	T2	184
003abb00	NET	T2	124
003abb80	NET	T2	128
003abc00	NET	T2	144
003abc90	NET	T2	364
003abe00	NET	T2	144
003abe90	NET	T2	196
003abf60	NET	T2	28
003abf80	NET	T2	96
003abfe0	NET	T2	1012
003abff0	NET	T2	996
003ac000	NET	T2	2152
003ad040	NET	T2	12
003ad050	NET	T2	12
003ad060	NET	T2	12
003ad070	NET	T2	12
003ad080	NET	T2	64
003ad0c0	NET	T2	232
003ad1b0	NET	T2	196
003ad280	NET	T2	256
003ad380	NET	T2	148
003ad420	NET	T2	1084
003ad860	NET	T2	1076
003adca0	NET	T2	784
003adfb0	NET	T2	2672
003aea20	NET	T2	312
003aeb60	NET	T2	96
003aebc0	NET	T2	340
003aed20	NET	T2	12
003aed30	NET	T2	12
003aed40	NET	T2	120
003aedc0	NET	T2	760
003af0c0	NET	T2	180
003af180	NET	T2	1756
003af860	NET	T2	40
003af890	NET	T2	576
003afad0	NET	T2	1028
003afee0	NET	T2	12
003afef0	NET	T2	12
003aff00	NET	T2	12
003aff10	NET	T2	12
003aff20	NET	T2	12
003aff30	NET	T2	12
003aff40	NET	T2	60
003aff80	NET	T2	284
003b00a0	NET	T2	80
003b00f0	NET	T2	296
003b0220	NET	T2	256
003b0320	NET	T2	148
003b03c0	NET	T2	312
003b0500	NET	T2	240
003b05f0	NET	T2	288
003b0710	NET	T2	1852
003b0e50	NET	T2	72
003b0ea0	NET	T2	328
003b0ff0	NET	T2	12
003b1000	NET	T2	80
003b1050	NET	T2	304
003b1180	NET	T2	872
003b14f0	NET	T2	12
003b1500	NET	T2	12
003b1510	NET	T2	12
003b1520	NET	T2	12
003b1530	NET	T2	36
003b1560	NET	T2	232
003b1650	NET	T2	196
003b1720	NET	T2	256
003b1820	NET	T2	148
003b18c0	NET	T2	28
003b18e0	NET	T2	2368
003b2220	NET	T2	2848
003b2d40	NET	T2	2848
003b3860	NET	T2	12
003b3870	NET	T2	12
003b3880	NET	T2	12
003b3890	NET	T2	12
003b38a0	NET	T2	12
003b38b0	NET	T2	12
003b38c0	NET	T2	12
003b38d0	NET	T2	12
003b38e0	NET	T2	36
003b3910	NET	T2	340
003b3a70	NET	T2	208
003b3b40	NET	T2	284
003b3c60	NET	T2	180
003b3d20	NET	T2	148
003b3dc0	NET	T2	284
003b3ee0	NET	T2	2428
003b4860	NET	T2	2428
003b51e0	NET	T2	308
003b5320	NET	T2	12
003b5330	NET	T2	92
003b5340	NET	T2	292
003b5370	NET	T2	188
003b54e0	NET	T2	6924
003b7090	NET	T2	12
003b70a0	NET	T2	64
003b70b0	NET	T2	40
003b70e0	NET	T2	188
003b7130	NET	T1	252
003b7230	NET	T1	5700
003b8920	NET	T2	12
003b8930	NET	T2	40
003b8960	NET	T2	76
003b89b0	NET	T2	68
003b8a00	NET	T2	440
003b8bc0	NET	T2	12
003b8bd0	NET	T2	48
003b8be0	NET	T2	40
003b8c10	NET	T2	160
003b8c50	NET	T2	188
003b8d10	NET	T2	348
003b8f00	NET	T2	12
003b8f10	NET	T2	72
003b8f20	NET	T2	296
003b8f50	NET	T2	28
003b9070	NET	T2	5744
003ba6e0	NET	T2	200
003ba7f0	NET	T2	12
003ba800	NET	T2	52
003ba810	NET	T2	168
003ba840	NET	T2	320
003ba910	NET	T2	844
003bad90	NET	T2	3708
003bbc10	NET	T2	100
003bbc80	NET	T2	16
003bbc90	NET	T2	24
003bbcb0	NET	T2	28
003bbcd0	NET	T1	476
003bbeb0	NET	T2	4
003bbec0	NET	T2	28
003bbee0	NET	T1	888
003bc260	NET	T2	4
003bc270	NET	T2	24
003bc290	NET	T2	360
003bc400	NET	T2	40
003bc430	NET	T2	124
003bc4b0	NET	T2	24
003bc4d0	NET	T2	28
003bc4f0	NET	T1	712
003bc7c0	NET	T1	292
003bc8f0	NET	T2	444
003bcab0	NET	T2	216
003bcb90	NET	T2	80
003bcbe0	NET	T1	296
003bcd10	NET	T2	364
003bce80	NET	T2	16
003bce90	NET	T2	36
003bcec0	NET	T2	28
003bcee0	NET	T2	80
003bcf30	NET	T2	68
003bcf80	NET	T1	1488
003bd550	NET	T2	1264
003bda40	NET	T2	40
003bda70	NET	T2	56
003bdab0	NET	T2	56
003bdaf0	NET	T2	152
003bdb90	NET	T2	256
003bdc90	NET	T2	152
003bdd30	NET	T1	3832
003bec30	NET	T2	764
003bef30	NET	T1	432
003bf0e0	NET	T1	1256
003bf600	NET	T2	8
003bf610	NET	T2	132
003bf6a0	NET	T2	40
003bf6d0	NET	T2	24
003bf6f0	NET	T1	16
003bf700	NET	T2	60
003bf740	NET	T2	16
003bf750	NET	T2	400
003bf8e0	NET	T2	52
003bf920	NET	T1	152
003bf9c0	NET	T2	24
003bf9e0	NET	T1	208
003bfab0	NET	T2	164
003bfb60	NET	T2	8
003bfb70	NET	T2	8
003bfb80	NET	T1	60
003bfbc0	NET	T2	88
003bfc20	NET	T2	88
003bfc80	NET	T2	12
003bfc90	NET	T2	8
003bfca0	NET	T2	40
003bfcd0	NET	T2	100
003bfd40	NET	T2	28
003bfd60	NET	T2	76
003bfdb0	NET	T2	292
003bfdc0	NET	T2	8
003bfdd0	NET	T2	36
003bfe00	NET	T2	80
003bfe50	NET	T1	288
003bff70	NET	T2	300
003c00a0	NET	T2	1732
003c0770	NET	T2	84
003c07d0	NET	T2	60
003c0810	NET	T2	1508
003c0e00	NET	T2	20
003c0e20	NET	T2	156
003c0ec0	NET	T2	104
003c0f30	NET	T2	340
003c1090	NET	T2	120
003c1110	NET	T2	92
003c1170	NET	T2	1140
003c15f0	NET	T2	344
003c1750	NET	T2	280
003c1870	NET	T2	164
003c1920	NET	T2	140
003c19b0	NET	T2	316
003c1af0	NET	T2	12
003c1b00	NET	T2	28
003c1b20	NET	T2	96
003c1b80	NET	T1	268
003c1c90	NET	T2	504
003c1e90	NET	T2	104
003c1f00	NET	T2	376
003c2080	NET	T2	256
003c2180	NET	T2	536
003c23a0	NET	T2	44
003c23d0	NET	T1	472
003c25b0	NET	T1	952
003c2970	NET	T1	736
003c2c50	NET	T2	16
003c2c60	NET	T2	112
003c2cd0	NET	T2	908
003c3060	NET	T2	52
003c30a0	NET	T1	404
003c3240	NET	T2	296
003c3370	NET	T2	8
003c3380	NET	T2	24
003c33a0	NET	T2	60
003c33e0	NET	T2	28
003c3400	NET	T2	120
003c3480	NET	T2	124
003c3500	NET	T1	204
003c35d0	NET	T2	120
003c3650	NET	T2	12
003c3660	NET	T2	300
003c3790	NET	T1	252
003c3890	NET	T2	68
003c38e0	NET	T2	80
003c3930	NET	T1	336
003c3a80	NET	T1	80
003c3ad0	NET	T1	152
003c3b70	NET	T1	152
003c3c10	NET	T2	1208
003c40d0	NET	T2	32
003c40f0	NET	T2	44
003c4120	NET	T2	216
003c4200	NET	T2	44
003c4230	NET	T2	176
003c42e0	NET	T1	180
003c43a0	NET	T2	48
003c43d0	NET	T2	24
003c43f0	NET	T2	12
003c4400	NET	T2	152
003c44a0	NET	T2	40
003c44d0	NET	T2	880
003c4840	NET	T2	72
003c4890	NET	T2	52
003c48d0	NET	T2	12
003c48e0	NET	T2	508
003c4ae0	NET	T2	8
003c4af0	NET	T1	80
003c4b40	NET	T2	52
003c4b80	NET	T2	344
003c4ce0	NET	T2	192
003c4da0	NET	T2	408
003c4f40	NET	T2	12
003c4f50	NET	T2	44
003c4f80	NET	T2	8
003c4f90	NET	T2	8
003c4fa0	NET	T2	148
003c5040	NET	T2	8
003c5050	NET	T2	60
003c5090	NET	T2	8
003c50a0	NET	T2	80
003c50b0	NET	T2	8
003c50c0	NET	T2	40
003c50f0	NET	T2	52
003c5130	NET	T2	52
003c5180	NET	T2	12
003c5190	NET	T2	108
003c5200	NET	T1	240
003c52f0	NET	T2	8
003c5300	NET	T2	12
003c5310	NET	T2	12
003c5320	NET	T2	8
003c5330	NET	T2	20
003c5350	NET	T2	16
003c5360	NET	T2	24
003c5380	NET	T2	96
003c53e0	NET	T1	332
003c5530	NET	T2	36
003c5560	NET	T2	540
003c5780	NET	T2	828
003c5ac0	NET	T2	44
003c5af0	NET	T2	68
003c5b40	NET	T1	76
003c5b90	NET	T1	20
003c5bb0	NET	T1	152
003c5c50	NET	T2	24
003c5c70	NET	T2	124
003c5cf0	NET	T2	8
003c5d00	NET	T2	8
003c5d10	NET	T2	56
003c5d50	NET	T2	16
003c5d60	NET	T2	76
003c5db0	NET	T2	40
003c5de0	NET	T2	80
003c5e30	NET	T2	8
003c5e40	NET	T2	708
003c6110	NET	T2	1624
003c6770	NET	T2	416
003c6910	NET	T2	3148
003c7560	NET	T2	2860
003c8090	NET	T2	128
003c8110	NET	T2	16
003c8120	NET	T2	8
003c8130	NET	T2	212
003c8210	NET	T2	80
003c8260	NET	T1	356
003c83d0	NET	T2	96
003c8430	NET	T1	448
003c85f0	NET	T1	192
003c86b0	NET	T1	564
003c88f0	NET	T2	96
003c8950	NET	T1	1800
003c9060	NET	T2	1136
003c94e0	NET	T2	112
003c9550	NET	T2	8
003c9560	NET	T1	40
003c9590	NET	T1	180
003c9650	NET	T1	324
003c97a0	NET	T1	200
003c9870	NET	T1	100
003c98e0	NET	T1	44
003c9910	NET	T2	8
003c9920	NET	T2	8
003c9930	NET	T2	32
003c9950	NET	T2	32
003c9970	NET	T2	24
003c9990	NET	T2	16
003c99a0	NET	T2	128
003c9a20	NET	T2	16
003c9a30	NET	T2	8
003c9a40	NET	T2	8
003c9a50	NET	T2	28
003c9a70	NET	T2	56
003c9ab0	NET	T2	156
003c9b50	NET	T2	3316
003ca850	NET	T2	8
003ca860	NET	T2	72
003ca8b0	NET	T2	84
003ca910	NET	T2	36
003ca940	NET	T1	240
003caa30	NET	T2	212
003cab10	NET	T1	352
003cac70	NET	T1	356
003cade0	NET	T1	300
003caf10	NET	T2	40
003caf40	NET	T2	232
003cb030	NET	T1	436
003cb1f0	NET	T2	132
003cb280	NET	T1	52
003cb2c0	NET	T2	240
003cb3b0	NET	T1	336
003cb500	NET	T1	140
003cb590	NET	T1	360
003cb700	NET	T2	236
003cb7f0	NET	T1	236
003cb8e0	NET	T1	516
003cbaf0	NET	T1	52
003cbb30	NET	T1	68
003cbb80	NET	T1	80
003cbbd0	NET	T1	108
003cbc40	NET	T2	1168
003cc0d0	NET	T1	2480
003cca80	NET	T1	116
003ccb00	NET	T1	160
003ccba0	NET	T2	128
003ccc20	NET	T1	404
003ccdc0	NET	T1	564
003cd000	NET	T1	308
003cd140	NET	T2	132
003cd1d0	NET	T2	160
003cd270	NET	T2	160
003cd310	NET	T1	896
003cd690	NET	T1	276
003cd7b0	NET	T2	8
003cd7c0	NET	T2	8
003cd7d0	NET	T2	212
003cd8b0	NET	T2	80
003cd900	NET	T2	80
003cd950	NET	T2	200
003cda20	NET	T2	312
003cdb60	NET	T2	344
003cdcc0	NET	T1	444
003cde80	NET	T2	196
003cdf50	NET	T2	220
003ce030	NET	T2	140
003ce0c0	NET	T1	192
003ce180	NET	T2	4
003ce190	NET	T2	296
003ce2c0	NET	T2	40
003ce2f0	NET	T2	136
003ce380	NET	T2	80
003ce3d0	NET	T2	12
003ce3e0	NET	T2	236
003ce4d0	NET	T2	3496
003cf280	NET	T2	364
003cf3f0	NET	T2	76
003cf440	NET	T2	2456
003cfde0	NET	T2	600
003d0040	NET	T2	712
003d0310	NET	T2	1036
003d0720	NET	T2	752
003d0a10	NET	T2	128
003d0a90	NET	T2	88
003d0af0	NET	T2	140
003d0b80	NET	T2	60
003d0bc0	NET	T2	2208
003d1460	NET	T2	148
003d1500	NET	T2	184
003d15c0	NET	T2	292
003d16f0	NET	T2	644
003d1980	NET	T2	724
003d1c60	NET	T2	1352
003d21b0	NET	T2	356
003d2320	NET	T2	744
003d2610	NET	T2	572
003d2850	NET	T2	212
003d2930	NET	T2	680
003d2be0	NET	T2	196
003d2cb0	NET	T2	2812
003d37b0	NET	T2	596
003d3a10	NET	T2	40
003d3a40	NET	T2	2112
003d4280	NET	T2	124
003d4300	NET	T2	36
003d4330	NET	T2	108
003d43a0	NET	T2	6720
003d5e10	NET	T2	4024
003d6de0	NET	T2	436
003d6fa0	NET	T2	124
003d7020	NET	T2	304
003d7150	NET	T1	168
003d7200	NET	T1	184
003d72c0	NET	T2	572
003d7500	NET	T2	44
003d7530	NET	T2	236
003d7620	NET	T2	276
003d7740	NET	T2	492
003d7930	NET	T1	268
003d7a40	NET	T2	120
003d7ac0	NET	T2	4
003d7ad0	NET	T2	296
003d7c00	NET	T2	248
003d7d00	NET	T2	316
003d7e40	NET	T2	452
003d8010	NET	T2	140
003d80a0	NET	T2	424
003d8250	NET	T2	148
003d82f0	NET	T2	148
003d8390	NET	T2	424
003d8660	NET	T2	96
003d86c0	NET	T2	556
003d88f0	NET	T1	1068
003d8d20	NET	T2	896
003d90a0	NET	T1	340
003d9200	NET	T1	1352
003d9750	NET	T2	460
003d9920	NET	T2	96
003d9980	NET	T1	220
003d9a60	NET	T2	96
003d9ac0	NET	T1	292
003d9bf0	NET	T1	644
003d9e80	NET	T1	152
003d9f20	NET	T2	104
003d9f90	NET	T2	648
003da220	NET	T2	684
003da4d0	NET	T2	596
003da730	NET	T2	656
003da9c0	NET	T2	32
003da9e0	NET	T2	36
003daa10	NET	T2	652
003daca0	NET	T2	440
003dae60	NET	T2	96
003daec0	NET	T2	1248
003db3a0	NET	T1	748
003db690	NET	T2	144
003db720	NET	T2	192
003db7e0	NET	T2	236
003db8d0	NET	T1	464
003dbaa0	NET	T2	12
003dbab0	NET	T2	76
003dbb00	NET	T1	300
003dbc30	NET	T1	180
003dbcf0	NET	T2	96
003dbd50	NET	T1	256
003dbe50	NET	T2	12
003dbe60	NET	T2	12
003dbe70	NET	T2	12
003dbe80	NET	T2	12
003dbe90	NET	T2	12
003dbea0	NET	T2	12
003dbeb0	NET	T2	12
003dbec0	NET	T2	12
003dbed0	NET	T2	12
003dbee0	NET	T2	12
003dbef0	NET	T2	12
003dbf00	NET	T2	12
003dbf10	NET	T2	12
003dbf20	NET	T2	12
003dbf30	NET	T2	12
003dbf40	NET	T2	8
003dbf50	NET	T2	48
003dbf80	NET	T2	40
003dbfb0	NET	T2	52
003dbff0	NET	T2	44
003dc020	NET	T2	156
003dc0c0	NET	T2	96
003dc120	NET	T2	640
003dc3a0	NET	T2	304
003dc4d0	NET	T2	120
003dc550	NET	T2	204
003dc620	NET	T2	452
003dc7f0	NET	T2	64
003dc830	NET	T2	120
003dc8b0	NET	T2	64
003dc8f0	NET	T2	72
003dc940	NET	T2	332
003dca90	NET	T2	176
003dcb40	NET	T2	144
003dcbd0	NET	T2	568
003dce10	NET	T2	1180
003dd2b0	NET	T2	256
003dd3b0	NET	T2	188
003dd470	NET	T2	388
003dd600	NET	T2	240
003dd6f0	NET	T2	36
003dd720	NET	T2	1140
003ddba0	NET	T2	872
003ddf10	NET	T2	136
003ddfa0	NET	T2	1232
003de470	NET	T2	684
003de720	NET	T2	280
003de840	NET	T2	264
003de950	NET	T2	88
003de9b0	NET	T2	248
003deab0	NET	T2	2116
003df300	NET	T2	1140
003df780	NET	T2	1732
003dfe50	NET	T2	292
003dff80	NET	T2	224
003e0060	NET	T2	304
003e0190	NET	T2	424
003e0340	NET	T2	204
003e0410	NET	T2	1912
003e0b90	NET	T2	496
003e0d80	NET	T2	252
003e0e80	NET	T2	20
003e0ea0	NET	T2	20
003e0ec0	NET	T2	724
003e11a0	NET	T1	1176
003e1640	NET	T2	64
003e1680	NET	T2	72
003e16d0	NET	T2	216
003e17b0	NET	T2	460
003e1980	NET	T1	792
003e1ca0	NET	T1	248
003e1da0	NET	T1	596
003e2000	NET	T1	224
003e20e0	NET	T2	124
003e2160	NET	T2	152
003e2200	NET	T2	176
003e22b0	NET	T2	640
003e2530	NET	T2	140
003e25c0	NET	T1	576
003e2800	NET	T2	48
003e2830	NET	T2	48
003e2860	NET	T2	28
003e2880	NET	T2	60
003e28c0	NET	T2	148
003e2960	NET	T2	276
003e2a80	NET	T2	12
003e2c00	NET	T2	856
003e2f60	NET	T2	88
003e2fc0	NET	T2	36
003e2ff0	NET	T2	44
003e3020	NET	T2	184
003e30e0	NET	T2	236
003e31d0	NET	T2	24
003e31f0	NET	T2	36
003e3220	NET	T2	68
003e3270	NET	T2	40
003e32a0	NET	T2	140
003e3330	NET	T2	112
003e3540	NET	T1	480
003e3720	NET	T1	476
003e3900	NET	T2	40
003e3930	NET	T1	188
003e3b20	NET	T2	324
003e3b40	NET	T2	64
003e3b80	NET	T2	368
003e3cf0	NET	T2	84
003e3d50	NET	T2	28
003e3d70	NET	T2	40
003e3da0	NET	T1	260
003e3eb0	NET	T2	160
003e3f50	NET	T1	2340
003e4880	NET	T1	772
003e49f0	NET	T2	220
003e4ad0	NET	T2	200
003e4ba0	NET	T1	560
003e4dd0	NET	T1	1188
003e5280	NET	T2	160
003e5320	NET	T1	56
003e5360	NET	T2	760
003e5660	NET	T2	148
003e5700	NET	T2	44
003e5730	NET	T2	156
003e57d0	NET	T2	28
003e57f0	NET	T2	76
003e5840	NET	T2	16
003e5850	NET	T1	96
003e58b0	NET	T2	80
003e5900	NET	T2	20
003e5920	NET	T2	12
003e5930	NET	T2	40
003e5960	NET	T2	96
003e59c0	NET	T1	52
003e5a00	NET	T2	12
003e5a10	NET	T2	52
003e5a50	NET	T2	132
003e5ae0	NET	T2	12
003e5af0	NET	T2	572
003e5d30	NET	T2	204
003e5e00	NET	T2	48
003e5e30	NET	T2	96
003e5e90	NET	T1	212
003e5f70	NET	T2	192
003e6030	NET	T2	232
003e6120	NET	T2	220
003e6200	NET	T1	752
003e64f0	NET	T2	60
003e6530	NET	T1	656
003e67c0	NET	T2	60
003e6800	NET	T2	88
003e6860	NET	T2	432
003e6a10	NET	T1	144
003e6aa0	NET	T1	1680
003e7130	NET	T1	572
003e7370	NET	T2	248
003e7470	NET	T2	24
003e7490	NET	T2	372
003e7610	NET	T1	56
003e7650	NET	T1	156
003e76f0	NET	T2	52
003e7730	NET	T1	192
003e77f0	NET	T1	292
003e7920	NET	T2	1608
003e7f70	NET	T2	424
003e8120	NET	T2	188
003e81e0	NET	T2	580
003e8430	NET	T2	288
003e8550	NET	T1	668
003e87f0	NET	T2	56
003e8830	NET	T2	180
003e88f0	NET	T2	236
003e89e0	NET	T2	172
003e8a90	NET	T2	228
003e8b80	NET	T2	332
003e8cd0	NET	T2	480
003e8eb0	NET	T2	336
003e9000	NET	T2	284
003e9120	NET	T2	560
003e9350	NET	T2	168
003e9400	NET	T2	208
003e94d0	NET	T1	352
003e9630	NET	T2	144
003e96c0	NET	T2	120
003e9740	NET	T2	352
003e98a0	NET	T2	220
003e9980	NET	T2	632
003e9c00	NET	T2	204
003e9cd0	NET	T2	1048
003ea0f0	NET	T2	340
003ea250	NET	T2	1104
003ea6a0	NET	T2	156
003ea740	NET	T2	364
003ea8b0	NET	T2	192
003ea970	NET	T1	224
003eaa50	NET	T2	276
003eab70	NET	T2	196
003eac40	NET	T2	228
003ead30	NET	T2	372
003eaeb0	NET	T2	532
003eb0d0	NET	T2	352
003eb230	NET	T2	56
003eb270	NET	T2	56
003eb2b0	NET	T2	164
003eb360	NET	T2	644
003eb5f0	NET	T2	208
003eb6c0	NET	T1	256
003eb7c0	NET	T1	352
003eb920	NET	T2	44
003eb950	NET	T2	1088
003ebd90	NET	T2	796
003ec0b0	NET	T2	184
003ec170	NET	T2	544
003ec390	NET	T2	208
003ec460	NET	T1	420
003ec610	NET	T2	1968
003ecdc0	NET	T2	76
003ece10	NET	T2	368
003ecf80	NET	T2	2888
003edad0	NET	T2	180
003edb90	NET	T2	128
003edc10	NET	T1	9360
003f00d0	NET	T1	728
003f03c0	NET	T1	460
003f0590	NET	T1	296
003f06c0	NET	T1	328
003f0810	NET	T1	144
003f08a0	NET	T1	544
003f0ad0	NET	T1	336
003f0c20	NET	T1	60
003f0c60	NET	T2	308
003f0da0	NET	T2	144
003f0e30	NET	T1	60
003f0e70	NET	T2	304
003f0fa0	NET	T2	712
003f1270	NET	T2	16
003f1280	NET	T2	344
003f13e0	NET	T2	488
003f15d0	NET	T2	940
003f1980	NET	T2	216
003f1a60	NET	T2	28
003f1a80	NET	T2	224
003f1b60	NET	T2	28
003f1b80	NET	T1	572
003f1dc0	NET	T2	228
003f1eb0	NET	T2	36
003f1ee0	NET	T2	100
003f1f50	NET	T2	36
003f1f80	NET	T2	204
003f2050	NET	T2	560
003f2280	NET	T1	200
003f2350	NET	T2	232
003f2440	NET	T2	240
003f2530	NET	T2	96
003f2590	NET	T1	196
003f2660	NET	T2	204
003f2730	NET	T2	692
003f29f0	NET	T2	44
003f2a20	NET	T2	376
003f2ba0	NET	T2	416
003f2d40	NET	T2	24
003f2d60	NET	T2	176
003f2e10	NET	T1	704
003f30d0	NET	T1	1668
003f3760	NET	T2	284
003f3880	NET	T2	80
003f38d0	NET	T1	112
003f3940	NET	T1	1624
003f3fa0	NET	T2	72
003f3ff0	NET	T2	232
003f40e0	NET	T2	164
003f4190	NET	T2	188
003f4250	NET	T2	236
003f4340	NET	T2	412
003f44e0	NET	T2	160
003f4580	NET	T2	272
003f4690	NET	T2	236
003f4780	NET	T2	212
003f4860	NET	T2	216
003f4940	NET	T2	196
003f4a10	NET	T2	148
003f4ab0	NET	T2	208
003f4b80	NET	T2	628
003f4e00	NET	T2	1244
003f52e0	NET	T2	192
003f53a0	NET	T2	284
003f54c0	NET	T2	172
003f5570	NET	T2	1100
003f59c0	NET	T2	192
003f5a80	NET	T2	236
003f5b70	NET	T1	108
003f5be0	NET	T1	16
003f5bf0	NET	T1	84
003f5c50	NET	T2	16
003f5c60	NET	T2	176
003f5d10	NET	T2	8
003f5d20	NET	T2	24
003f5d40	NET	T2	68
003f5d90	NET	T2	8
003f5da0	NET	T2	28
003f5dc0	NET	T2	36
003f5df0	NET	T2	12
003f5e00	NET	T1	424
003f5fb0	NET	T2	420
003f6160	NET	T1	368
003f62d0	NET	T1	196
003f63a0	NET	T1	1256
003f6890	NET	T1	76
003f68e0	NET	T1	92
003f6940	NET	T2	188
003f6a00	NET	T1	92
003f6a60	NET	T2	12
003f6a70	NET	T2	212
003f6b50	NET	T2	64
003f6b90	NET	T2	784
003f6c10	NET	T1	1048
003f7030	NET	T2	76
003f7080	NET	T2	16
003f7320	NET	T2	32
003f7340	NET	T2	164
003f7600	NET	T2	544
003f7620	NET	T2	580
003f7870	NET	T2	388
003f7a00	NET	T2	20
003f7a20	NET	T2	984
003f7e00	NET	T2	120
003f7e80	NET	T2	232
003f7f70	NET	T2	20
003f7f90	NET	T2	84
003f7ff0	NET	T2	84
003f8050	NET	T2	80
003f80a0	NET	T2	80
003f80f0	NET	T2	80
003f8140	NET	T2	80
003f8190	NET	T2	248
003f8290	NET	T2	88
003f82f0	NET	T2	88
003f8350	NET	T2	48
003f8380	NET	T2	8
003f8390	NET	T2	324
003f83a0	NET	T2	60
003f83e0	NET	T2	60
003f8420	NET	T2	220
003f8500	NET	T2	44
003f8530	NET	T2	132
003f85c0	NET	T2	132
003f8650	NET	T2	132
003f86e0	NET	T2	132
003f8770	NET	T2	64
003f87b0	NET	T2	64
003f87f0	NET	T2	420
003f8830	NET	T2	64
003f8870	NET	T2	260
003f8980	NET	T2	88
003f89e0	NET	T2	100
003f8a40	NET	T2	444
003f8d40	NET	T2	220
003f8e20	NET	T2	532
003f9040	NET	T2	628
003f92c0	NET	T2	48
003f92f0	NET	T2	1260
003f97e0	NET	T2	56
003f9820	NET	T2	120
003f98a0	NET	T2	216
003f9980	NET	T2	336
003f9ad0	NET	T2	408
003f9c70	NET	T2	84
003f9cd0	NET	T2	84
003f9d30	NET	T2	92
003f9d90	NET	T2	8
003f9da0	NET	T2	72
003f9df0	NET	T2	12
003f9e00	NET	T2	12
003f9e10	NET	T2	584
003fa098	NET	T2	112
003fa110	NET	T2	108
003fa180	NET	T2	256
003fa280	NET	T2	348
003fa3dc	NET	T2	296
003fa504	NET	T1	880
003fa940	NET	T2	816
003facd0	NET	T2	492
003faefc	NET	T2	500
003fb140	NET	T1	420
003fb2f8	NET	T1	200
003fb3c4	NET	T2	44
003fb3f0	NET	T2	64
003fb430	NET	T2	124
003fb4ac	NET	T2	16
003fb4bc	NET	T2	180
003fb570	NET	T2	172
003fb61c	NET	T2	8
003fb630	NET	T2	320
003fb770	NET	T2	396
003fb8fc	NET	T2	332
003fba50	NET	T2	76
003fbaa0	NET	T2	336
003fbc10	NET	T2	44
003fbc40	NET	T2	312
003fbda0	NET	T2	272
003fbee0	NET	T2	988
003fc2c0	NET	T2	244
003fc3c0	NET	T2	308
003fc500	NET	T2	1368
003fca80	NET	T2	184
003fcb38	NET	T2	24
003fcb54	NET	T1	196
003fcc20	NET	T2	24
003fcc40	NET	T2	204
003fcd10	NET	T2	204
003fcde0	NET	T2	96
003fce40	NET	T2	196
003fcf10	NET	T2	16
003fcf20	NET	T1	88
003fcf80	NET	T1	80
003fcfd0	NET	T2	4
003fcfe0	NET	T2	4
003fcff0	NET	T2	572
003fd230	NET	T2	24
003fd240	NET	T2	120
003fd2c0	NET	T2	124
003fd2e0	NET	T2	28
003fd2f0	NET	T2	72
003fd340	NET	T2	20
003fd360	NET	T2	4
003fd370	NET	T2	256
003fd400	NET	T2	156
003fd4a0	NET	T2	100
003fd510	NET	T2	92
003fd570	NET	T2	508
003fd770	NET	T2	248
003fd870	NET	T2	156
003fd910	NET	T2	120
003fd990	NET	T2	92
003fd9f0	NET	T2	4
003fda00	NET	T2	120
003fda80	NET	T2	312
003fdbc0	NET	T2	24
003fdbe0	NET	T2	32
003fdc00	NET	T2	4
003fdc04	NET	T1	332
003fdd50	NET	T1	368
003fdec0	NET	T1	760
003fe1ec	NET	T1	212
003fe2c0	NET	T1	524
003fe4f4	NET	T1	272
003fe610	NET	T1	156
003fe6b0	NET	T1	284
003fe7d0	NET	T1	608
003fea40	NET	T1	516
003fec50	NET	T2	8
003fec60	NET	T2	8
003fec70	NET	T1	884
003fefe4	NET	T1	120
003ff05c	NET	T2	4
003ff060	NET	T2	4
003ff064	NET	T2	56
003ff09c	NET	T1	64
003ff0dc	NET	T2	92
003ff138	NET	T2	60
003ff174	NET	T2	52
003ff1d0	NET	T2	40
003ff1fc	NET	T2	88
003ff270	NET	T2	60
003ff2b0	NET	T2	32
003ff2d0	NET	T2	4
003ff2d4	NET	T2	4
003ff2d8	NET	T2	32
003ff2f8	NET	T1	104
003ff360	NET	T2	588
003ff5b0	NET	T2	156
003ff64c	NET	T2	8
003ff654	NET	T1	116
003ff6c8	NET	T2	1468
003ffcd0	NET	T2	60
003ffd10	NET	T2	312
003ffe70	NET	T2	304
003fffa0	NET	T2	44
003fffd0	NET	T2	200
004000a0	NET	T2	4
004000b0	NET	T2	196
004001b0	NET	T2	60
004001f0	NET	T2	240
004002e0	NET	T2	4
004002e4	NET	T2	4
004002e8	NET	T1	60
00400330	NET	T1	468
00400530	NET	T1	244
00400624	NET	T2	272
00400734	NET	T2	4
00400738	NET	T2	4
0040073c	NET	T2	4
00400740	NET	T1	92
0040088c	NET	T2	44
004008b8	NET	T1	976
00400ca8	NET	T1	976
00401098	NET	T2	428
00401244	NET	T2	428
004013f0	NET	T1	2036
00401c10	NET	T2	236
00401d00	NET	T2	44
00401d30	NET	T2	1880
004025b0	NET	T2	204
00402680	NET	T2	212
00402760	NET	T2	272
00402870	NET	T2	436
00402a30	NET	T2	1228
00402f2c	NET	T2	452
004030f0	NET	T2	12
00403100	NET	T2	1188
004035b0	NET	T2	188
00403670	NET	T2	68
004036c0	NET	T2	100
00403730	NET	T2	4
00403740	NET	T2	3788
00404610	NET	T2	208
004046f0	NET	T2	244
004047f0	NET	T2	1756
00404ed0	NET	T2	152
00404f70	NET	T2	60
00404fb0	NET	T2	244
004050b0	NET	T2	4
004050b4	NET	T2	84
00405108	NET	T2	68
0040514c	NET	T2	116
004051c0	NET	T1	344
00405318	NET	T1	512
0040551c	NET	T1	336
00405670	NET	T2	148
00405710	NET	T2	132
004057a0	NET	T2	108
00405850	NET	T2	4
00405854	NET	T1	68
00405898	NET	T2	452
00405c30	NET	T2	44
00405c5c	NET	T2	12
00405c68	NET	T2	4
00405c6c	NET	T2	4
00405c70	NET	T2	20
00405c88	NET	T2	40
00405cb4	NET	T2	208
00405d84	NET	T2	456
00405f80	NET	T2	24
00405f98	NET	T2	804
00406424	NET	T2	4
00406428	NET	T2	4
0040642c	NET	T1	104
00406498	NET	T2	4
0040649c	NET	T2	32
004064bc	NET	T1	196
00406580	NET	T2	148
00406618	NET	T2	212
004066f0	NET	T2	228
004067d8	NET	T2	456
004069d0	NET	T2	208
00406ad0	NET	T2	424
00406d80	NET	T2	24
00406d98	NET	T1	356
00406efc	NET	T1	1428
00407580	NET	T1	312
004076b8	NET	T2	216
00407790	NET	T1	1112
00407c58	NET	T2	4
00407c5c	NET	T2	92
00407cb8	NET	T2	544
00407f10	NET	T2	24
00407f28	NET	T1	2928
00408bdc	NET	T1	944
00408fd8	NET	T2	740
004092dc	NET	T1	364
0040944c	NET	T2	152
00409510	NET	T2	164
004095f0	NET	T2	392
00409778	NET	T2	560
004099a8	NET	T2	580
00409bec	NET	T2	1056
0040a00c	NET	T2	420
0040a1b0	NET	T1	4780
0040b4ac	NET	T1	924
0040b848	NET	T2	228
0040b92c	NET	T1	1176
0040bdc4	NET	T2	232
0040beac	NET	T2	136
0040bf34	NET	T2	224
0040c014	NET	T2	104
0040c130	NET	T2	256
0040c234	NET	T2	312
0040c37c	NET	T2	240
0040c46c	NET	T2	120
0040c518	NET	T1	724
0040c7ec	NET	T2	448
0040cac8	NET	T1	176
0040cbb8	NET	T1	212
0040ccb0	NET	T2	428
0040ce5c	NET	T2	60
0040ce98	NET	T1	384
0040d03c	NET	T2	24
0040d058	NET	T2	168
0040d104	NET	T2	308
0040d238	NET	T1	264
0040d35c	NET	T1	320
0040d4a0	NET	T2	192
0040d560	NET	T1	292
0040d688	NET	T1	196
0040d74c	NET	T2	468
0040d950	NET	T2	156
0040da40	NET	T2	528
0040dc60	NET	T2	24
0040dc78	NET	T1	144
0040dd54	NET	T1	348
0040dedc	NET	T2	40
0040df08	NET	T2	40
0040df34	NET	T1	200
0040e000	NET	T2	156
0040e0c8	NET	T2	24
0040e0e0	NET	T2	200
0040e1b0	NET	T2	220
0040e28c	NET	T1	248
0040e3a4	NET	T1	200
0040e470	NET	T2	532
0040e6a8	NET	T2	244
0040e79c	NET	T1	2736
0040f2c0	NET	T2	176
0040f3a4	NET	T1	200
0040f470	NET	T2	132
0040f52c	NET	T2	176
0040f610	NET	T2	8
0040f618	NET	T2	8
0040f620	NET	T1	200
0040f6ec	NET	T1	300
0040f83c	NET	T2	24
0040f854	NET	T2	104
0040f8bc	NET	T1	1576
0040ff38	NET	T1	428
00410118	NET	T2	344
00410270	NET	T1	2668
00410d48	NET	T1	5456
00412a40	NET	T2	1328
00412fa0	NET	T2	224
00413080	NET	T1	3700
00413fc0	NET	T1	284
004140dc	NET	T2	464
004142ac	NET	T2	168
00414354	NET	T1	3228
0041501c	NET	T1	172
004151b0	NET	T1	356
00415458	NET	T1	220
00415534	NET	T1	3828
004169c8	NET	T2	108
00416a34	NET	T2	72
00416a7c	NET	T1	300
00416d78	NET	T2	1128
004171e0	NET	T1	420
00417384	NET	T2	20
00417398	NET	T1	180
00417480	NET	T2	220
004179b8	NET	T2	1752
00418108	NET	T2	180
00418348	NET	T1	1504
004189b4	NET	T1	200
00418a80	NET	T2	132
00418b3c	NET	T2	132
00418bf8	NET	T2	176
00418cdc	NET	T2	40
00418d08	NET	T1	200
00418dd4	NET	T2	312
00418f34	NET	T2	24
00418f4c	NET	T2	92
00418fac	NET	T2	220
0041988c	NET	T1	2424
0041a508	NET	T2	40
0041a534	NET	T2	8
0041a53c	NET	T2	164
0041a544	NET	T2	132
0041a54c	NET	T2	184
0041a554	NET	T2	60
0041a590	NET	T2	68
0041a5d4	NET	T2	164
0041a5e8	NET	T2	72
0041a630	NET	T2	532
0041a8b4	NET	T2	24
0041a8cc	NET	T2	220
0041a9ac	NET	T1	220
0041aa88	NET	T1	908
0041ae90	NET	T2	920
0041b25c	NET	T1	1024
0041b6a4	NET	T2	1048
0041baf0	NET	T1	1256
0041c180	NET	T2	932
0041c524	NET	T2	344
0041c67c	NET	T1	1312
0041cd40	NET	T2	1384
0041d2d4	NET	T2	20
0041d2e8	NET	T1	320
0041d490	NET	T2	660
0041d770	NET	T2	1652
0041de60	NET	T2	448
0041e020	NET	T2	144
0041e0b0	NET	T1	56
0041e0e8	NET	T2	16
0041e0f8	NET	T2	24
0041e110	NET	T2	156
0041e1ac	NET	T2	36
0041e1d0	NET	T2	20
0041e1e4	NET	T2	40
0041e20c	NET	T1	360
0041e374	NET	T2	432
0041e524	NET	T1	556
0041e750	NET	T2	352
0041e8b0	NET	T2	284
0041e9cc	NET	T2	228
0041eab0	NET	T2	256
0041ebb0	NET	T1	216
0041ec90	NET	T2	104
0041ed4c	NET	T2	296
0041ee8c	NET	T2	552
0041f0b4	NET	T1	188
0041f1a8	NET	T2	344
0041f300	NET	T1	280
0041f4ac	NET	T1	200
0041f578	NET	T2	168
0041f624	NET	T2	76
0041f670	NET	T2	168
0041f718	NET	T2	68
0041f75c	NET	T2	68
0041f7a0	NET	T2	92
0041f800	NET	T2	560
0041fa54	NET	T2	344
0041fbac	NET	T2	284
0041fcc8	NET	T2	92
0041fd24	NET	T2	284
0041fe40	NET	T2	284
0041ff5c	NET	T2	160
0041fffc	NET	T2	112
0042006c	NET	T2	284
00420188	NET	T2	300
004202b4	NET	T2	112
00420324	NET	T1	188
00420414	NET	T2	176
004204f8	NET	T1	404
004206ac	NET	T1	112
00420720	NET	T2	60
00420760	NET	T2	64
004207a4	NET	T2	4
004207a8	NET	T2	48
004207d8	NET	T2	28
004207f4	NET	T2	4
004207f8	NET	T2	4
004207fc	NET	T2	188
004208b8	NET	T2	68
004208fc	NET	T2	12
00420908	NET	T1	220
004209e4	NET	T2	112
00420a54	NET	T2	136
00420adc	NET	T2	148
00420b70	NET	T1	188
00420c60	NET	T2	176
00420d44	NET	T1	404
00420ef8	NET	T1	112
00420f6c	NET	T2	60
00420fac	NET	T2	64
00420ff0	NET	T2	4
00420ff4	NET	T2	48
00421024	NET	T2	28
00421040	NET	T2	4
00421044	NET	T2	4
00421048	NET	T2	188
00421104	NET	T2	68
00421148	NET	T2	12
00421154	NET	T1	220
00421230	NET	T2	100
00421294	NET	T1	120
00421330	NET	T2	8
00421338	NET	T2	124
004213b8	NET	T2	284
004214d4	NET	T2	288
004215f4	NET	T2	68
00421638	NET	T2	272
00421748	NET	T2	184
00421800	NET	T2	344
0042197c	NET	T2	284
00421a98	NET	T1	464
00421c68	NET	T2	184
00421d54	NET	T2	216
00421e2c	NET	T2	88
00421e84	NET	T2	108
00421ef0	NET	T2	4
00421ef4	NET	T2	48
00421f24	NET	T2	28
00421f40	NET	T2	4
00421f44	NET	T2	4
00421f48	NET	T2	12
00421f54	NET	T2	68
00421f98	NET	T2	12
00421fa4	NET	T1	1836
00422700	NET	T2	272
00422810	NET	T2	200
004228dc	NET	T2	260
004229e0	NET	T2	272
00422af0	NET	T1	280
00422c08	NET	T2	568
00422e40	NET	T2	4
00422e44	NET	T2	44
00422e70	NET	T2	24
00422e88	NET	T2	4
00422e8c	NET	T2	4
00422e90	NET	T2	332
00422e9c	NET	T2	68
00422ee0	NET	T2	12
00422eec	NET	T2	4
00422ef0	NET	T2	44
00422f1c	NET	T2	24
00422f34	NET	T2	4
00422f38	NET	T2	4
00422f3c	NET	T2	8
00422f44	NET	T2	68
00422f88	NET	T2	12
00422f94	NET	T2	152
0042302c	NET	T2	100
00423090	NET	T2	4
00423094	NET	T2	44
004230c0	NET	T2	24
004230d8	NET	T2	4
004230dc	NET	T2	4
004230e0	NET	T2	440
004230ec	NET	T2	68
00423130	NET	T2	12
0042313c	NET	T1	352
0042329c	NET	T2	380
00423418	NET	T2	4
0042341c	NET	T2	44
00423448	NET	T2	24
00423460	NET	T2	4
00423464	NET	T2	4
00423468	NET	T2	1196
004234ec	NET	T2	68
00423530	NET	T2	12
0042353c	NET	T2	144
004235cc	NET	T2	4
004235d0	NET	T2	44
004235fc	NET	T2	24
00423614	NET	T2	4
00423618	NET	T2	4
0042361c	NET	T2	352
00423628	NET	T2	68
0042366c	NET	T2	12
00423678	NET	T1	236
00423778	NET	T2	4
0042377c	NET	T2	4
00423780	NET	T2	44
004237ac	NET	T2	24
004237c4	NET	T2	4
004237c8	NET	T2	4
004237cc	NET	T2	84
00423820	NET	T1	68
00423864	NET	T2	12
00423870	NET	T2	4
00423874	NET	T2	44
004238a0	NET	T2	24
004238b8	NET	T2	4
004238bc	NET	T2	4
004238c0	NET	T2	1564
004238c8	NET	T2	68
0042390c	NET	T2	12
00423918	NET	T2	4
0042391c	NET	T2	44
00423948	NET	T2	24
00423960	NET	T2	4
00423964	NET	T2	4
00423968	NET	T2	472
00423974	NET	T2	68
004239b8	NET	T2	12
004239c4	NET	T1	352
00423bb8	NET	T2	224
00423c98	NET	T2	164
00423d40	NET	T2	376
00424080	NET	T2	104
004240e8	NET	T2	272
004241f8	NET	T2	260
004242fc	NET	T2	272
0042440c	NET	T2	208
004244dc	NET	T2	92
00424538	NET	T2	496
00424728	NET	T2	336
00424878	NET	T1	248
0042498c	NET	T2	284
00424aa8	NET	T1	416
00424c80	NET	T2	296
00424da8	NET	T2	272
00424eb8	NET	T2	272
00424fc8	NET	T2	272
004250d8	NET	T2	284
004251f4	NET	T2	284
00425310	NET	T2	284
0042542c	NET	T2	272
0042553c	NET	T2	200
00425604	NET	T2	272
00425714	NET	T1	384
004258b4	NET	T2	260
004259b8	NET	T2	312
00425b10	NET	T2	380
00425c8c	NET	T2	240
00425d80	NET	T2	24
00425d98	NET	T1	1452
004262b8	NET	T2	420
00426490	NET	T2	464
00426674	NET	T2	12
00426680	NET	T1	608
00426938	NET	T2	1668
00427290	NET	T2	712
0042763c	NET	T2	96
004276c0	NET	T2	392
00427880	NET	T2	1996
00428250	NET	T1	424
00428460	NET	T1	376
0042860c	NET	T1	1344
00428bc0	NET	T2	8
00428bc8	NET	T1	1032
004290c8	NET	T1	72
00429110	NET	T1	536
00429338	NET	T2	4
0042933c	NET	T2	4
00429340	NET	T2	252
0042943c	NET	T2	36
00429460	NET	T2	8
00429468	NET	T2	48
00429498	NET	T2	40
004294c0	NET	T1	140
00429550	NET	T2	48
00429580	NET	T1	472
00429758	NET	T1	3648
0042a600	NET	T2	12
0042a60c	NET	T1	576
0042a870	NET	T1	472
0042aa64	NET	T1	668
0042ad00	NET	T1	232
0042adec	NET	T1	2332
0042b78c	NET	T2	24
0042b7a8	NET	T2	180
0042b85c	NET	T1	264
0042b964	NET	T2	12
0042b970	NET	T2	128
0042ba1c	NET	T1	1388
0042bf88	NET	T1	1132
0042c3f8	NET	T1	3276
0042d130	NET	T1	1204
0042d5e4	NET	T1	3860
0042e5f4	NET	T1	640
0042e8bc	NET	T1	460
0042ea88	NET	T1	200
0042eb54	NET	T1	120
0042ec04	NET	T2	48
0042ec34	NET	T2	4
0042ec38	NET	T2	44
0042ec64	NET	T2	24
0042ec7c	NET	T2	4
0042ec80	NET	T2	4
0042ec84	NET	T2	44
0042ecb0	NET	T2	68
0042ecf4	NET	T2	12
0042ed00	NET	T1	404
0042eeb0	NET	T2	16
0042eec0	NET	T1	200
0042ef8c	NET	T2	68
0042efd0	NET	T2	4
0042efd4	NET	T2	8
0042efdc	NET	T2	332
0042f130	NET	T2	48
0042f160	NET	T1	200
0042f22c	NET	T2	8
0042f234	NET	T2	4
0042f238	NET	T2	44
0042f264	NET	T2	24
0042f27c	NET	T2	4
0042f280	NET	T2	4
0042f284	NET	T2	1052
0042f764	NET	T2	68
0042f7a8	NET	T2	12
0042f7b4	NET	T1	1716
0042fec4	NET	T2	60
0042ff00	NET	T1	200
0042ffcc	NET	T2	84
00430020	NET	T1	200
004300ec	NET	T2	4
004300f0	NET	T2	4
004300f4	NET	T2	60
00430130	NET	T2	88
00430188	NET	T2	84
004301dc	NET	T2	92
00430238	NET	T2	68
0043027c	NET	T2	84
00430284	NET	T2	32
004302a8	NET	T2	8
004302b0	NET	T2	76
004302b8	NET	T2	76
004302c0	NET	T2	40
004302ec	NET	T2	24
00430308	NET	T2	4
0043030c	NET	T2	3240
00431174	NET	T2	1480
0043187c	NET	T2	92
004318f4	NET	T2	4
004318f8	NET	T1	200
004319c4	NET	T2	144
00431ac4	NET	T2	60
00431b00	NET	T1	340
00431ca4	NET	T2	24
00431cbc	NET	T2	280
00431e08	NET	T2	44
00431ec0	NET	T2	180
00431ef0	NET	T2	264
00431ff8	NET	T2	4
00431ffc	NET	T2	44
00432028	NET	T2	24
00432040	NET	T2	4
00432044	NET	T2	4
00432048	NET	T2	60
00432084	NET	T1	68
004320c8	NET	T2	12
004320d4	NET	T1	220
004321b0	NET	T2	4
004321b4	NET	T2	44
004321e0	NET	T2	24
004321f8	NET	T2	4
004321fc	NET	T2	4
00432200	NET	T2	360
00432398	NET	T2	68
004323dc	NET	T2	12
004323e8	NET	T1	868
00432768	NET	T1	200
00432834	NET	T2	160
004328d4	NET	T2	160
00432974	NET	T2	20
00432988	NET	T2	40
004329b0	NET	T2	64
00432a34	NET	T2	40
00432a5c	NET	T2	48
00432a8c	NET	T2	8
00432a94	NET	T2	20
00432aa8	NET	T2	196
00432bb8	NET	T2	200
00432d0c	NET	T2	4
00432d10	NET	T2	44
00432d3c	NET	T2	24
00432d54	NET	T2	4
00432d58	NET	T2	4
00432d5c	NET	T2	792
00433170	NET	T2	68
004331b4	NET	T2	12
004331c0	NET	T2	44
004331f0	NET	T2	52
00433228	NET	T2	1140
00433720	NET	T2	260
0043385c	NET	T2	4
00433860	NET	T2	92
004338bc	NET	T2	76
004338c4	NET	T2	648
00433b84	NET	T2	24
00433b9c	NET	T2	96
00433c2c	NET	T2	604
00433efc	NET	T2	252
00433ff8	NET	T2	60
00434000	NET	T2	100
00434008	NET	T2	12
00434058	NET	T2	4
0043405c	NET	T2	4
00434060	NET	T2	44
0043408c	NET	T2	24
004340a4	NET	T2	4
004340a8	NET	T2	4
004340ac	NET	T2	16
004340bc	NET	T2	68
00434100	NET	T2	12
0043410c	NET	T2	60
0043414c	NET	T2	64
00434190	NET	T2	256
004342c4	NET	T2	4
004342c8	NET	T2	44
004342f4	NET	T2	24
0043430c	NET	T2	4
00434310	NET	T2	4
00434314	NET	T2	108
004343ac	NET	T2	68
004343f0	NET	T2	12
004343fc	NET	T2	4
00434400	NET	T2	44
0043442c	NET	T2	24
00434444	NET	T2	4
00434448	NET	T2	4
0043444c	NET	T2	16
0043445c	NET	T2	68
004344a0	NET	T2	12
004344ac	NET	T2	4
004344b0	NET	T2	44
004344dc	NET	T2	24
004344f4	NET	T2	4
004344f8	NET	T2	4
004344fc	NET	T2	140
004345b8	NET	T2	68
004345fc	NET	T2	12
00434608	NET	T2	4
0043460c	NET	T2	44
00434638	NET	T2	24
00434650	NET	T2	4
00434654	NET	T2	4
00434658	NET	T2	72
004346a0	NET	T1	68
004346e4	NET	T2	12
004346f0	NET	T2	56
00434728	NET	T2	160
004347d0	NET	T2	180
00434888	NET	T2	40
004348c0	NET	T1	580
00434b10	NET	T2	124
00434b90	NET	T2	156
00434c30	NET	T2	176
00434ce0	NET	T2	44
00434d10	NET	T2	64
00434d50	NET	T2	4
00434d60	NET	T2	236
00434e50	NET	T2	60
00434e90	NET	T2	76
00434ee0	NET	T2	124
00434f60	NET	T2	4
00434f70	NET	T1	268
00435080	NET	T1	160
00435120	NET	T1	56
00435160	NET	T2	136
004351f0	NET	T2	120
00435270	NET	T2	536
00435490	NET	T2	36
004354c0	NET	T1	460
00435690	NET	T2	4
004356a0	NET	T1	220
004357e0	NET	T2	324
00435930	NET	T2	252
00435a2c	NET	T2	12
00435a40	NET	T2	368
00435bb0	NET	T2	56
00435be8	NET	T2	68
00435c40	NET	T1	200
00435d0c	NET	T2	76
00435d6c	NET	T2	80
00435dbc	NET	T2	36
00435de0	NET	T2	232
00435edc	NET	T1	236
00435fe4	NET	T2	64
00436038	NET	T1	248
00436130	NET	T2	32
00436150	NET	T1	108
004361bc	NET	T1	244
004362b0	NET	T1	252
004363ac	NET	T2	16
004363bc	NET	T2	12
004363c8	NET	T2	400
00436558	NET	T2	272
00436668	NET	T2	328
004367ec	NET	T2	336
00436940	NET	T2	372
00436ab8	NET	T2	168
00436b7c	NET	T2	340
00436cec	NET	T1	1352
004373d0	NET	T1	224
004374b0	NET	T2	144
00437568	NET	T2	852
004378d8	NET	T2	8
004378e0	NET	T2	56
00437918	NET	T2	8
00437920	NET	T2	40
0043794c	NET	T1	440
00437b64	NET	T2	528
00437e24	NET	T1	168
00437ecc	NET	T1	340
00438020	NET	T1	536
00438258	NET	T2	220
00438334	NET	T1	168
004383e0	NET	T2	40
00438408	NET	T2	68
0043844c	NET	T2	8
00438454	NET	T2	216
00438548	NET	T1	308
0043867c	NET	T2	248
004387bc	NET	T2	32
004387e0	NET	T2	132
004388d0	NET	T2	620
00438bb4	NET	T2	72
00438bfc	NET	T2	384
00438d7c	NET	T2	588
00438ff0	NET	T2	696
00439310	NET	T2	24
00439328	NET	T1	200
004393f4	NET	T1	192
004394c8	NET	T1	204
004395c8	NET	T2	64
00439608	NET	T1	420
00439870	NET	T2	40
0043989c	NET	T1	524
00439b8c	NET	T2	100
00439bf4	NET	T2	76
00439c40	NET	T2	228
00439d24	NET	T2	192
00439df8	NET	T2	116
00439e90	NET	T1	272
0043a038	NET	T2	244
0043a130	NET	T2	400
0043a2f4	NET	T2	24
0043a30c	NET	T2	212
0043a3fc	NET	T2	272
0043a50c	NET	T2	1868
0043ac58	NET	T2	512
0043ae58	NET	T2	528
0043b068	NET	T2	288
0043b188	NET	T2	124
0043b230	NET	T2	192
0043b304	NET	T2	232
0043b400	NET	T2	400
0043b5e4	NET	T2	148
0043b68c	NET	T2	328
0043b7e8	NET	T2	408
0043b9b0	NET	T2	56
0043b9f0	NET	T1	296
0043bc60	NET	T2	128
0043c0c0	NET	T2	128
0043c140	NET	T1	1020
0043c220	NET	T2	48
0043c250	NET	T2	28
0043c26c	NET	T2	20
0043c284	NET	T2	28
0043c2a0	NET	T2	12
0043c2ac	NET	T2	24
0043c2c4	NET	T2	56
0043c300	NET	T2	96
0043c360	NET	T2	196
0043c430	NET	T2	16
0043c440	NET	T2	24
0043c458	NET	T1	308
0043c80c	NET	T2	180
0043c8dc	NET	T2	40
0043c908	NET	T2	24
0043c924	NET	T2	664
0043cc04	NET	T2	24
0043cc1c	NET	T1	152
0043ccd0	NET	T2	396
0043ce7c	NET	T2	220
0043cf58	NET	T1	428
0043d124	NET	T1	200
0043d1f0	NET	T1	1936
0043db60	NET	T1	448
0043dd20	NET	T2	312
0043de6c	NET	T2	40
0043de98	NET	T2	268
0043dfd4	NET	T2	24
0043dfec	NET	T2	228
0043e0d0	NET	T2	48
0043e100	NET	T1	208
0043e1d4	NET	T2	112
0043e244	NET	T1	104
0043e2ac	NET	T1	296
0043e3d4	NET	T1	364
0043e55c	NET	T2	12
0043e568	NET	T2	96
0043e5c8	NET	T1	128
0043e648	NET	T1	1056
0043eabc	NET	T2	300
0043ebe8	NET	T2	196
0043ecb0	NET	T2	24
0043ecc8	NET	T2	60
0043ed04	NET	T2	20
0043ed18	NET	T2	224
0043ee00	NET	T2	144
0043ee90	NET	T2	184
0043ef50	NET	T2	16
0043ef60	NET	T2	92
0043efc0	NET	T2	244
0043f0c0	NET	T1	440
0043f280	NET	T2	120
0043f300	NET	T2	16
0043f310	NET	T2	20
0043f330	NET	T1	212
0043f410	NET	T1	272
0043f520	NET	T2	196
0043f5f0	NET	T1	220
0043f6d0	NET	T1	144
0043f760	NET	T1	656
0043f9f0	NET	T2	88
0043fa50	NET	T2	76
0043faa0	NET	T1	112
0043fb10	NET	T1	308
0043fc50	NET	T1	120
0043fcd0	NET	T2	88
0043fd30	NET	T2	552
0043ff60	NET	T1	660
00440200	NET	T2	12
00440210	NET	T2	64
00440250	NET	T2	388
004403e0	NET	T2	140
00440470	NET	T2	340
00440f50	NET	T2	16
00440f60	NET	T2	76
00440fb0	NET	T1	4072
00441fa0	NET	T1	1496
00442580	NET	T1	148
00442620	NET	T1	312
00442758	NET	T2	64
00442798	NET	T2	192
00442858	NET	T2	1672
00442ee0	NET	T2	180
00442f94	NET	T2	180
00443048	NET	T2	584
00443290	NET	T2	708
00443570	NET	T1	348
004436d4	NET	T2	24
004436ec	NET	T2	8
004436f4	NET	T2	252
0044380c	NET	T1	2800
00444584	NET	T2	216
00444674	NET	T2	160
00444714	NET	T2	160
004447b4	NET	T2	64
004447f4	NET	T2	44
00444824	NET	T2	52
0044485c	NET	T2	208
0044492c	NET	T2	40
00444954	NET	T1	64
004449a0	NET	T2	40
004449d0	NET	T2	64
00444a10	NET	T2	20
00444a30	NET	T2	4
00444a40	NET	T2	4
00444a44	NET	T2	24
00444a5c	NET	T2	56
00444aa0	NET	T2	4
00444ab0	NET	T2	4
00444ac0	NET	T2	16
00444ad0	NET	T2	48
00444b04	NET	T2	52
00444b3c	NET	T2	336
00444c90	NET	T2	524
00444ea0	NET	T2	216
00444f78	NET	T1	488
00445160	NET	T2	236
0044524c	NET	T2	136
004452e0	NET	T2	40
00445310	NET	T2	64
00445350	NET	T2	20
00445370	NET	T2	24
00445390	NET	T2	44
004453c0	NET	T2	980
004457fc	NET	T2	352
0044595c	NET	T2	60
00445998	NET	T2	240
00445a88	NET	T2	388
00445c1c	NET	T1	516
00445e20	NET	T1	584
004460a0	NET	T1	912
00446430	NET	T2	428
004465dc	NET	T2	164
00446680	NET	T2	1048
00446c78	NET	T2	40
00446ca4	NET	T1	200
00446d70	NET	T2	40
00446d9c	NET	T2	32
00446dc0	NET	T2	212
00446edc	NET	T2	24
00446ef4	NET	T2	136
00446f84	NET	T2	24
00446f9c	NET	T2	76
00446fe8	NET	T1	412
004471bc	NET	T1	428
004473a0	NET	T1	532
00447658	NET	T2	184
00447730	NET	T2	664
004479c8	NET	T1	336
00447b58	NET	T1	1972
0044852c	NET	T2	12
00448538	NET	T2	4
0044853c	NET	T1	200
00448608	NET	T2	92
00448678	NET	T2	104
004486f4	NET	T2	52
0044873c	NET	T2	8
00448744	NET	T2	20
00448758	NET	T2	40
00448780	NET	T2	36
004487a4	NET	T2	108
00448848	NET	T2	108
004488b4	NET	T2	32
004488d4	NET	T2	204
00448a10	NET	T2	204
00448b50	NET	T2	220
00448c38	NET	T2	24
00448c50	NET	T1	156
00448cf0	NET	T2	96
00448d50	NET	T2	196
00448e20	NET	T2	16
00448e30	NET	T2	88
00448ed0	NET	T2	156
00448f88	NET	T2	60
00448fc8	NET	T2	76
00449014	NET	T1	220
004490f0	NET	T1	264
00449214	NET	T1	252
00449314	NET	T2	240
00449404	NET	T1	80
0044953c	NET	T2	96
004495b0	NET	T2	104
0044962c	NET	T2	56
00449668	NET	T2	64
004496ac	NET	T2	4
004496b0	NET	T1	224
004497fc	NET	T2	4
00449800	NET	T2	4
00449804	NET	T2	44
00449830	NET	T2	24
00449848	NET	T2	4
0044984c	NET	T2	4
00449850	NET	T2	216
00449928	NET	T2	68
0044996c	NET	T2	12
00449978	NET	T1	196
00449a3c	NET	T1	196
00449b00	NET	T2	24
00449b18	NET	T2	280
00449c38	NET	T2	748
00449f3c	NET	T2	952
0044a3cc	NET	T2	60
0044a408	NET	T2	60
0044a444	NET	T2	80
0044a494	NET	T2	180
0044a5b8	NET	T2	280
0044a6dc	NET	T2	24
0044a6f4	NET	T2	12
0044a700	NET	T2	24
0044a71c	NET	T2	96
0044a790	NET	T2	104
0044a80c	NET	T2	120
0044a884	NET	T2	356
0044aa24	NET	T2	136
0044aaac	NET	T1	116
0044ab20	NET	T1	216
0044abfc	NET	T2	24
0044ac14	NET	T2	84
0044ac68	NET	T2	48
0044ac98	NET	T2	44
0044acc4	NET	T2	36
0044ace8	NET	T2	980
0044b110	NET	T2	4
0044b120	NET	T2	4
0044b130	NET	T2	20
0044b150	NET	T2	196
0044b220	NET	T2	116
0044b2a0	NET	T2	80
0044b2f0	NET	T2	12
0044b2fc	NET	T2	120
0044b3ac	NET	T2	6368
0044ce24	NET	T1	228
0044cf08	NET	T2	5020
0044e420	NET	T2	536
0044e664	NET	T2	4
0044e668	NET	T2	60
0044e6a4	NET	T2	68
0044e6e8	NET	T2	44
0044e714	NET	T2	60
0044e750	NET	T1	1488
0044ee04	NET	T2	160
0044ef10	NET	T1	276
0044f038	NET	T2	256
0044f1b0	NET	T2	284
0044f2e0	NET	T2	404
0044f474	NET	T2	376
0044f610	NET	T2	556
0044f850	NET	T2	2924
004503fc	NET	T2	156
004504a0	NET	T2	16
004504b0	NET	T2	16
004504c0	NET	T1	168
004505b8	NET	T1	180
00450688	NET	T2	28
004506a4	NET	T2	28
004506c0	NET	T2	4
004506d0	NET	T2	4
004506e0	NET	T2	136
00450770	NET	T2	268
004508c0	NET	T2	92
00450920	NET	T2	236
00450a10	NET	T2	192
00450ad0	NET	T2	84
00450b30	NET	T2	372
00450cc8	NET	T2	2688
00451750	NET	T2	48
00451780	NET	T2	2724
00452270	NET	T1	180
00452374	NET	T2	924
00452710	NET	T1	180
004527e0	NET	T1	412
0045297c	NET	T1	268
00452a88	NET	T1	60
00452ac4	NET	T1	80
00452b14	NET	T1	64
00452b54	NET	T1	64
00452b94	NET	T1	60
00452bd0	NET	T1	60
00452c0c	NET	T1	60
00452c48	NET	T2	68
00452c8c	NET	T2	28
00452ca8	NET	T2	28
00452cc4	NET	T2	124
00452d64	NET	T2	28
00452d80	NET	T1	852
004530e4	NET	T2	368
00453254	NET	T1	472
0045342c	NET	T1	848
0045377c	NET	T2	336
004538cc	NET	T1	428
00453a78	NET	T1	1336
00454074	NET	T1	1612
00454818	NET	T1	2260
004550ec	NET	T2	20
00455100	NET	T1	1352
00455648	NET	T1	2040
00455e40	NET	T1	500
00456034	NET	T1	796
00456350	NET	T1	192
00456410	NET	T2	1588
00456a50	NET	T2	380
00456bd0	NET	T2	376
00456d50	NET	T2	880
004570c0	NET	T1	368
00457230	NET	T1	272
00457340	NET	T1	324
00457484	NET	T2	612
004576f8	NET	T2	432
004578ac	NET	T2	1168
00457d80	NET	T2	1400
004582f8	NET	T2	768
00458600	NET	T2	908
00458994	NET	T2	104
00458a1c	NET	T2	872
00458d9c	NET	T2	376
00458f14	NET	T2	168
00458fe4	NET	T2	1772
00459774	NET	T2	16
00459784	NET	T2	16
00459794	NET	T2	16
004597a4	NET	T2	16
004597b4	NET	T2	16
004597c4	NET	T2	16
004597d4	NET	T2	16
004597e4	NET	T2	444
004599b0	NET	T2	236
00459aa0	NET	T2	492
00459ca0	NET	T2	216
00459d78	NET	T2	44
00459da4	NET	T2	460
00459f70	NET	T1	652
0045a1fc	NET	T1	1208
0045a6c0	NET	T2	92
0045a720	NET	T2	80
0045a770	NET	T2	132
0045a7f4	NET	T2	384
0045a97c	NET	T2	1376
0045aedc	NET	T2	708
0045b1a0	NET	T2	292
0045b338	NET	T2	232
0045b45c	NET	T2	404
0045b5f0	NET	T2	372
0045b764	NET	T2	180
0045b834	NET	T2	264
0045b93c	NET	T2	1652
0045bfb0	NET	T2	1140
0045c424	NET	T2	1496
0045ca0c	NET	T2	212
0045caf4	NET	T2	1868
0045d240	NET	T2	512
0045d440	NET	T2	528
0045d650	NET	T2	28
0045d66c	NET	T1	368
0045d7dc	NET	T1	272
0045d8ec	NET	T1	336
0045da3c	NET	T2	40
0045da64	NET	T1	276
0045db84	NET	T2	40
0045dbac	NET	T2	648
0045de34	NET	T1	1240
0045e314	NET	T1	284
0045e430	NET	T2	312
0045e568	NET	T2	16
0045e578	NET	T2	16
0045e588	NET	T2	16
0045e598	NET	T1	1008
0045e9f0	NET	T2	24
0045ea08	NET	T2	24
0045ea20	NET	T2	104
0045ea88	NET	T2	116
0045eafc	NET	T2	280
0045ec14	NET	T2	88
0045ec6c	NET	T2	56
0045eca4	NET	T1	932
0045f0b0	NET	T1	476
0045f294	NET	T2	548
0045f4d8	NET	T2	100
0045f550	NET	T1	288
0045f690	NET	T2	508
0045f890	NET	T2	468
0045fa64	NET	T2	216
0045fb3c	NET	T2	28
0045fb58	NET	T2	1232
00460028	NET	T2	140
004600b4	NET	T2	72
004600fc	NET	T2	684
004603a8	NET	T2	1424
00460954	NET	T2	252
00460a50	NET	T2	96
00460ab0	NET	T1	272
00460bc0	NET	T2	24
00460bd8	NET	T2	32
00460bf8	NET	T2	8
00460c00	NET	T2	8
00460c08	NET	T1	60
00460c50	NET	T2	8
00460c58	NET	T2	108
00460cc4	NET	T2	236
00460db0	NET	T2	68
00460df4	NET	T2	44
00460e20	NET	T2	68
00460e70	NET	T2	108
00460edc	NET	T2	484
004610c0	NET	T1	1044
004614e4	NET	T2	1896
00461c6c	NET	T2	520
00461e74	NET	T2	532
00462088	NET	T2	284
004621a4	NET	T2	308
004622d8	NET	T2	844
00462624	NET	T2	168
004626cc	NET	T2	200
00462794	NET	T2	356
004628f8	NET	T2	56
00462930	NET	T2	152
004629c8	NET	T1	60
00462a0c	NET	T2	496
00462c10	NET	T2	288
00462d30	NET	T2	348
00462e8c	NET	T2	324
00462fd0	NET	T2	208
004630a0	NET	T2	232
00463188	NET	T1	512
00463390	NET	T2	1156
004638e4	NET	T2	512
00463ae4	NET	T2	832
00463e24	NET	T2	812
00464150	NET	T2	808
004644b4	NET	T2	168
00464560	NET	T2	28
0046457c	NET	T2	532
004647e0	NET	T1	456
004649b0	NET	T2	976
00464d80	NET	T2	664
00465040	NET	T1	1520
00465648	NET	T2	504
00465840	NET	T2	1260
00465d2c	NET	T1	1288
0046623c	NET	T2	3012
00466eec	NET	T2	24
00466f04	NET	T2	204
00467000	NET	T1	432
004671c0	NET	T2	28
004671dc	NET	T1	288
00467318	NET	T2	8
00467320	NET	T2	60
00467364	NET	T2	1544
0046796c	NET	T2	656
00467bfc	NET	T2	856
00467f5c	NET	T2	8
00467f64	NET	T2	60
00467fa8	NET	T2	32
00467fc8	NET	T1	960
0046839c	NET	T1	956
004687d4	NET	T1	184
0046888c	NET	T2	24
004688a4	NET	T2	8
004688ac	NET	T2	24
004688c8	NET	T2	8
004688d0	NET	T2	8
004688d8	NET	T2	108
00468944	NET	T2	240
00468a40	NET	T2	68
00468a84	NET	T2	44
00468ab0	NET	T1	1124
00468f24	NET	T2	1896
004696ac	NET	T2	520
004698b4	NET	T2	532
00469ac8	NET	T2	144
00469b84	NET	T2	472
00469d5c	NET	T2	1440
0046a340	NET	T2	652
0046a46c	NET	T2	24
0046a484	NET	T2	8
0046a648	NET	T2	32
0046a668	NET	T2	92
0046a6c4	NET	T2	336
0046a8b0	NET	T2	160
0046a950	NET	T2	24
0046a968	NET	T1	444
0046ab24	NET	T1	472
0046acfc	NET	T1	460
0046aec8	NET	T1	484
0046b0ac	NET	T2	252
0046b1a8	NET	T2	292
0046b2cc	NET	T2	252
0046b3c8	NET	T2	268
0046b4d4	NET	T1	452
0046b698	NET	T1	344
0046b7f0	NET	T2	332
0046b93c	NET	T2	584
0046bba4	NET	T1	368
0046bd14	NET	T2	320
0046be54	NET	T1	976
0046c224	NET	T1	528
0046c43c	NET	T1	1052
0046c858	NET	T1	268
0046c964	NET	T1	1024
0046cd64	NET	T2	60
0046cda8	NET	T2	16
0046cdb8	NET	T2	24
0046cdd0	NET	T2	228
0046ceb4	NET	T1	1664
0046d544	NET	T2	860
0046d8d0	NET	T1	460
0046dad0	NET	T1	472
0046dcd4	NET	T2	372
0046de6c	NET	T2	12
0046de78	NET	T2	12
0046de90	NET	T2	68
0046ded4	NET	T2	44
0046df00	NET	T1	288
0046e040	NET	T2	8
0046e048	NET	T2	8
0046e050	NET	T2	8
0046e058	NET	T2	108
0046e0c4	NET	T2	240
0046e1b4	NET	T2	888
0046e52c	NET	T1	1220
0046ea00	NET	T2	1896
0046f188	NET	T2	520
0046f390	NET	T2	536
0046f5a8	NET	T2	24
0046f5c0	NET	T2	12
0046f5d0	NET	T2	48
0046f600	NET	T1	1868
0046ff5c	NET	T1	1488
0047058c	NET	T1	1072
00470a04	NET	T1	2420
004713e4	NET	T1	1452
004719f4	NET	T1	1072
00471e6c	NET	T1	1504
004724a0	NET	T1	1652
00472b68	NET	T2	448
00472d28	NET	T2	252
00472e24	NET	T2	272
00472f34	NET	T2	344
004730d0	NET	T2	136
004731cc	NET	T2	136
004732f0	NET	T2	132
00473418	NET	T2	392
00473630	NET	T1	984
00473aec	NET	T1	228
00473bd0	NET	T1	1112
00474050	NET	T2	60
00474090	NET	T2	24
004740a8	NET	T2	8
004740b0	NET	T2	4
004740b4	NET	T2	528
00474444	NET	T2	108
004744b0	NET	T2	8
004744c0	NET	T2	628
004748cc	NET	T2	68
00474924	NET	T2	76
00474984	NET	T2	404
00474b18	NET	T2	148
00474bac	NET	T1	360
00474d14	NET	T2	36
00474d38	NET	T1	264
00474f00	NET	T2	804
00475268	NET	T2	292
00475390	NET	T2	96
004753f0	NET	T2	52
00475430	NET	T2	1524
00475a30	NET	T2	408
00475bd0	NET	T2	128
00475c50	NET	T2	100
00475cc0	NET	T2	76
00475d10	NET	T2	24
00475d30	NET	T2	28
00475d50	NET	T2	460
00475f20	NET	T2	244
00476020	NET	T2	392
004761b0	NET	T2	44
004761e0	NET	T2	176
00476290	NET	T1	488
00476480	NET	T2	44
004764ac	NET	T2	100
00476594	NET	T2	160
00476634	NET	T2	244
00476744	NET	T1	144
004767f0	NET	T2	324
00476948	NET	T2	24
00476960	NET	T1	1040
00476dbc	NET	T1	200
00476e88	NET	T2	272
00476fb4	NET	T2	272
004770c4	NET	T1	752
004773d8	NET	T2	396
00477570	NET	T2	24
00477588	NET	T2	512
00477868	NET	T2	108
004778e0	NET	T1	2552
004784a0	NET	T2	12
004784b0	NET	T1	1696
00478bb8	NET	T1	228
00478c9c	NET	T2	44
00478cc8	NET	T2	64
00478d10	NET	T1	220
00478df0	NET	T2	4
00478e00	NET	T2	4
00478e10	NET	T2	24
00478e30	NET	T2	8
00478e40	NET	T2	276
00478f80	NET	T2	528
00479190	NET	T2	300
004792e0	NET	T2	304
00479410	NET	T1	92
00479470	NET	T1	76
004794c0	NET	T1	368
00479630	NET	T1	504
00479880	NET	T1	112
004798f0	NET	T2	296
00479a20	NET	T2	60
00479a60	NET	T2	4
00479a70	NET	T2	92
00479ad0	NET	T1	2956
0047a660	NET	T1	92
0047a6c0	NET	T2	24
0047a6e0	NET	T2	396
0047a940	NET	T2	448
0047ab00	NET	T2	1340
0047b0e0	NET	T2	708
0047b4c0	NET	T2	404
0047b730	NET	T1	44
0047b760	NET	T2	12
0047b770	NET	T2	40
0047b7a0	NET	T2	564
0047b9e0	NET	T2	96
0047ba40	NET	T2	516
0047bc50	NET	T2	2104
0047c860	NET	T2	248
0047c958	NET	T2	164
0047c9fc	NET	T2	204
0047cae0	NET	T2	260
0047cbe4	NET	T2	260
0047cce8	NET	T2	336
0047ce70	NET	T1	756
0047d180	NET	T2	108
0047d1f0	NET	T2	40
0047d220	NET	T1	316
0047d360	NET	T2	2624
0047de28	NET	T2	812
0047e170	NET	T2	100
0047e1d4	NET	T2	256
0047e2d4	NET	T2	76
0047e320	NET	T1	312
0047e458	NET	T2	344
0047e4d4	NET	T2	24
0047e4ec	NET	T2	376
0047e690	NET	T1	264
0047e798	NET	T2	180
0047e870	NET	T2	164
0047ea08	NET	T2	24
0047ea20	NET	T2	152
0047eadc	NET	T2	240
0047ebd0	NET	T2	924
0047f180	NET	T2	324
0047f2c4	NET	T2	444
0047f600	NET	T2	68
0047f658	NET	T2	76
0047f6b8	NET	T2	372
0047f82c	NET	T2	12
0047f838	NET	T2	12
0047f844	NET	T2	36
0047f868	NET	T1	324
0047fa70	NET	T1	260
0047fb74	NET	T1	240
0047fc64	NET	T2	52
0047fc9c	NET	T2	56
0047fcd8	NET	T2	864
00480078	NET	T2	36
0048009c	NET	T1	204
00480170	NET	T1	160
00480210	NET	T2	200
00480300	NET	T2	336
00480474	NET	T2	60
004804b0	NET	T2	336
00480600	NET	T2	640
00480880	NET	T2	592
00480ad0	NET	T2	660
00480d64	NET	T2	4
00480d68	NET	T2	208
00480e50	NET	T2	848
004811a8	NET	T2	984
004815cc	NET	T2	424
00481774	NET	T2	544
00481998	NET	T2	284
00481ab4	NET	T2	1128
00481f1c	NET	T2	544
00482160	NET	T2	4
00482164	NET	T2	1032
0048256c	NET	T2	776
00482874	NET	T2	460
00482a40	NET	T1	2752
00483594	NET	T1	3608
00484450	NET	T2	248
004845c4	NET	T2	860
00484920	NET	T2	3908
00485864	NET	T2	192
00485924	NET	T2	436
00485b4c	NET	T2	408
00485ce4	NET	T2	512
00485ee4	NET	T2	184
00485f9c	NET	T2	192
00486060	NET	T2	824
004863a0	NET	T2	1272
004868a0	NET	T2	488
00486a88	NET	T2	392
00486c10	NET	T2	352
00486d70	NET	T2	392
00486ef8	NET	T2	4
00486efc	NET	T2	32
00486f1c	NET	T2	16
00486f2c	NET	T2	4
00486f30	NET	T2	4
00486f34	NET	T2	1564
00487588	NET	T2	68
004875cc	NET	T2	12
004875d8	NET	T2	4
004875dc	NET	T2	52
00487614	NET	T2	60
00487654	NET	T2	56
0048768c	NET	T2	80
004876dc	NET	T2	12
004876e8	NET	T2	84
00487740	NET	T2	92
004877a0	NET	T2	196
00487870	NET	T2	44
004878a0	NET	T2	48
004878d0	NET	T2	560
00487b00	NET	T2	680
00487db0	NET	T2	996
00488194	NET	T2	120
0048820c	NET	T2	320
0048834c	NET	T2	1468
00488910	NET	T2	260
00488a14	NET	T2	8
00488a1c	NET	T2	8
00488a24	NET	T2	12
00488a30	NET	T2	96
00488a90	NET	T2	24
00488ab0	NET	T2	8740
0048add0	NET	T2	996
0048b1c0	NET	T2	32
0048b1e0	NET	T2	180
0048b2a0	NET	T2	56
0048b2e0	NET	T1	68
0048b330	NET	T1	68
0048b380	NET	T2	128
0048b400	NET	T1	132
0048b490	NET	T2	316
0048b5f0	NET	T1	156
0048b690	NET	T2	260
0048b794	NET	T2	48
0048b7c8	NET	T2	52
0048b800	NET	T2	524
0048bb90	NET	T2	152
0048bc30	NET	T1	72
0048bc80	NET	T2	52
0048bcc0	NET	T2	40
0048bcf0	NET	T2	1092
0048c180	NET	T2	556
0048c544	NET	T2	48
0048c588	NET	T2	56
0048c5d4	NET	T2	196
0048c5e8	NET	T2	56
0048c620	NET	T2	184
0048c6d8	NET	T2	32
0048c6f8	NET	T1	392
0048ca10	NET	T2	808
0048cd90	NET	T2	100
0048ce00	NET	T1	304
0048cf30	NET	T2	200
0048d000	NET	T2	528
0048d210	NET	T2	228
0048d300	NET	T2	120
0048d380	NET	T2	92
0048d3e0	NET	T2	332
0048d530	NET	T2	240
0048d620	NET	T2	384
0048d810	NET	T2	116
0048d8a0	NET	T2	496
0048dab0	NET	T2	176
0048db60	NET	T2	768
0048de80	NET	T2	56
0048dec0	NET	T2	116
0048df34	NET	T2	4
0048df40	NET	T2	468
0048e120	NET	T2	272
0048e230	NET	T1	380
0048e3b0	NET	T2	776
0048e6c0	NET	T2	76
0048e710	NET	T2	100
0048e780	NET	T2	32
0048e7a0	NET	T2	52
0048e7e0	NET	T2	8
0048e7f0	NET	T1	132
0048e880	NET	T2	256
0048e980	NET	T2	36
0048e9b0	NET	T2	24
0048e9d0	NET	T2	4
0048e9e0	NET	T2	8
0048e9f0	NET	T2	52
0048ea30	NET	T2	16
0048ea40	NET	T2	28
0048ea60	NET	T2	8
0048ea70	NET	T2	36
0048eaa0	NET	T2	436
0048ec60	NET	T2	8
0048ec70	NET	T2	8
0048ec80	NET	T2	4
0048ec90	NET	T2	136
0048ed20	NET	T2	504
0048ee80	NET	T2	184
0048eff0	NET	T2	68
0048f040	NET	T2	36
0048f070	NET	T2	200
0048f140	NET	T2	276
0048f260	NET	T2	232
0048f350	NET	T2	12
0048f360	NET	T2	12
0048f370	NET	T2	36
0048f3a0	NET	T2	168
0048f450	NET	T2	112
0048f4c0	NET	T2	168
0048f570	NET	T2	116
0048f5f0	NET	T2	100
0048f660	NET	T2	100
0048f6d0	NET	T2	52
0048f710	NET	T2	132
0048f7a0	NET	T2	260
0048f8b0	NET	T2	560
0048fae0	NET	T2	308
0048fc20	NET	T2	36
0048fc50	NET	T2	784
0048ff60	NET	T2	1244
00490440	NET	T2	64
00490480	NET	T2	84
004904e0	NET	T2	60
00490520	NET	T2	60
00490560	NET	T2	60
004905a0	NET	T2	188
00490660	NET	T2	196
00490730	NET	T2	1180
00490b40	NET	T2	956
00490f00	NET	T2	132
00490f90	NET	T2	72
00490fe0	NET	T2	72
00491030	NET	T2	72
00491080	NET	T2	28
004910a0	NET	T2	516
004913c0	NET	T2	992
004917f0	NET	T2	932
00491be0	NET	T2	832
00491f50	NET	T2	80
00491fa0	NET	T2	208
00492070	NET	T2	844
004923d0	NET	T2	4
004923e0	NET	T2	68
00492430	NET	T2	540
00492650	NET	T2	464
00492820	NET	T2	244
00492920	NET	T2	320
004929d0	NET	T2	572
00492c10	NET	T2	68
00492c60	NET	T2	32
00492c80	NET	T1	228
00492d70	NET	T2	184
00492e30	NET	T2	256
00492f30	NET	T2	252
004930c0	NET	T2	144
00493150	NET	T2	80
004931a0	NET	T2	40
004931b0	NET	T2	8
004931c0	NET	T2	12
004931f0	NET	T2	956
004935b0	NET	T2	1080
004939f0	NET	T2	868
00493d60	NET	T2	1184
00494200	NET	T2	276
00494320	NET	T2	44
00494350	NET	T2	208
00494420	NET	T1	676
004946d0	NET	T2	544
004948f0	NET	T2	36
00494920	NET	T2	176
004949d0	NET	T1	444
00494b90	NET	T2	556
00494dbc	NET	T2	68
00494e10	NET	T2	12
00494e20	NET	T2	348
00494f80	NET	T2	192
00495040	NET	T2	48
00495070	NET	T1	680
004953d0	NET	T2	56
00495408	NET	T2	4
0049540c	NET	T2	120
004954b0	NET	T2	4
004954c0	NET	T2	244
004955f0	NET	T2	112
00495660	NET	T1	736
00495968	NET	T2	24
00495984	NET	T2	236
00495a94	NET	T2	24
00495aac	NET	T2	360
00495c30	NET	T2	204
00495d18	NET	T1	312
00495f08	NET	T2	1240
004964c4	NET	T2	276
004965d8	NET	T1	196
0049669c	NET	T1	996
00496ab0	NET	T1	868
00496e14	NET	T1	4164
00497ea0	NET	T2	564
00497fd0	NET	T2	448
00498190	NET	T1	2440
00498b70	NET	T1	232
00498c60	NET	T2	8
00498c68	NET	T2	960
004990b0	NET	T2	292
004991d4	NET	T2	40
00499200	NET	T2	1176
004996b0	NET	T2	236
004997a0	NET	T2	264
004998b0	NET	T1	868
00499c20	NET	T2	52
00499c60	NET	T2	480
00499e40	NET	T2	472
0049a020	NET	T2	128
0049a0a0	NET	T2	244
0049a1a0	NET	T2	168
0049a250	NET	T2	196
0049a320	NET	T1	328
0049a470	NET	T2	868
0049a7e0	NET	T2	44
0049a810	NET	T2	124
0049a890	NET	T2	760
0049ab90	NET	T2	544
0049adb0	NET	T1	1792
0049b4b0	NET	T1	1560
0049bad0	NET	T1	504
0049bcd0	NET	T2	348
0049be30	NET	T2	248
0049bf30	NET	T2	268
0049c03c	NET	T2	84
0049c090	NET	T2	228
0049c174	NET	T2	72
0049c1bc	NET	T2	912
0049c54c	NET	T2	212
0049c620	NET	T2	452
0049c7e4	NET	T2	296
0049c90c	NET	T1	364
0049ca78	NET	T1	364
0049cbe4	NET	T2	48
0049cc20	NET	T2	124
0049cca0	NET	T2	96
0049cd00	NET	T1	240
0049cdf0	NET	T1	1604
0049d434	NET	T2	4
0049d438	NET	T2	4
0049d43c	NET	T2	528
0049d6a0	NET	T2	132
0049d730	NET	T2	1464
0049dce8	NET	T1	388
0049de70	NET	T2	668
0049e110	NET	T2	132
0049e1a0	NET	T2	132
0049e230	NET	T2	132
0049e2c0	NET	T1	384
0049e440	NET	T2	124
0049e4c0	NET	T1	880
0049e830	NET	T2	124
0049e8b0	NET	T2	72
0049e900	NET	T1	952
0049edd0	NET	T2	132
0049ee60	NET	T2	132
0049eef0	NET	T2	312
0049f030	NET	T2	640
0049f2b0	NET	T2	132
0049f340	NET	T2	316
0049f480	NET	T2	132
0049f510	NET	T1	448
0049f6d0	NET	T2	132
0049f760	NET	T1	632
0049f9e0	NET	T2	32
0049fa00	NET	T2	12
0049fa10	NET	T2	12
0049fa20	NET	T2	392
0049fbd0	NET	T2	320
0049fd40	NET	T2	148
0049fde0	NET	T2	108
0049fe50	NET	T2	8
0049fe60	NET	T2	3956
004a0e20	NET	T2	596
004a1080	NET	T2	128
004a1100	NET	T2	288
004a1230	NET	T2	440
004a1410	NET	T2	4
004a1420	NET	T2	288
004a1540	NET	T2	4
004a1544	NET	T2	4
004a1548	NET	T2	12
004a1554	NET	T2	12
004a1560	NET	T2	4
004a1564	NET	T2	8
004a156c	NET	T2	8
004a1574	NET	T2	4
004a1578	NET	T2	4
004a157c	NET	T2	4
004a1580	NET	T2	80
004a15d0	NET	T1	4736
004a2860	NET	T1	348
004a29c0	NET	T1	376
004a2b40	NET	T2	12
004a2b50	NET	T2	12
004a2b60	NET	T1	116
004a2be0	NET	T2	12
004a2bf0	NET	T2	300
004a2d20	NET	T2	112
004a2d90	NET	T2	2148
004a2df0	NET	T2	236
004a2ee0	NET	T2	72
004a37d0	NET	T2	76
004a3820	NET	T2	92
004a3880	NET	T2	20
004a3894	NET	T1	44
004a38c0	NET	T2	4
004a38c4	NET	T1	152
004a3970	NET	T1	224
004a3a80	NET	T1	288
004a3ba0	NET	T1	1600
004a4230	NET	T2	620
004a44a0	NET	T2	144
004a4530	NET	T1	224
004a4640	NET	T2	492
004a4830	NET	T2	104
004a48a0	NET	T2	28
004a48c0	NET	T1	448
004a4a80	NET	T2	84
004a4ae0	NET	T1	408
004a4c80	NET	T2	12
004a4c90	NET	T1	224
004a4d70	NET	T2	120
004a4df0	NET	T2	92
004a4e50	NET	T1	428
004a5000	NET	T2	20
004a5020	NET	T1	512
004a5220	NET	T1	200
004a52f0	NET	T1	916
004a5690	NET	T2	236
004a5780	NET	T1	2468
004a6140	NET	T1	292
004a6270	NET	T1	196
004a6340	NET	T1	224
004a6420	NET	T1	1284
004a6930	NET	T1	576
004a6b70	NET	T1	652
004a6e00	NET	T1	308
004a6f40	NET	T1	296
004a7070	NET	T1	404
004a7204	NET	T1	180
004a72c0	NET	T2	392
004a7450	NET	T2	516
004a7660	NET	T2	340
004a77c0	NET	T1	448
004a7990	NET	T2	20
004a79b0	NET	T2	80
004a7a00	NET	T2	56
004a7a40	NET	T2	108
004a7ab0	NET	T1	284
004a7bd0	NET	T2	64
004a7c10	NET	T1	104
004a7c80	NET	T1	484
004a7e70	NET	T2	900
004a8220	NET	T2	984
004a8620	NET	T2	172
004a86d0	NET	T1	3396
004a9420	NET	T1	684
004a96d0	NET	T1	228
004a97c0	NET	T2	1216
004a9cb0	NET	T2	8
004a9cc0	NET	T2	8
004a9cd0	NET	T1	220
004a9dd0	NET	T2	584
004aa020	NET	T1	372
004aa1a0	NET	T2	68
004aa1e4	NET	T2	32
004aa204	NET	T1	452
004aa3d0	NET	T2	316
004aa550	NET	T2	60
004aa58c	NET	T2	416
004aa738	NET	T2	208
004aa80c	NET	T1	188
004aa8ec	NET	T2	28
004aa908	NET	T1	472
004aab2c	NET	T2	236
004aac1c	NET	T2	252
004aad38	NET	T2	960
004ab0f8	NET	T2	76
004ab144	NET	T2	4
004ab148	NET	T2	4
004ab14c	NET	T2	8
004ab154	NET	T2	52
004ab188	NET	T2	16
004ab198	NET	T2	184
004ab270	NET	T2	128
004ab2f4	NET	T2	8
004ab2fc	NET	T2	16
004ab30c	NET	T2	48
004ab33c	NET	T2	48
004ab36c	NET	T2	132
004ab3f0	NET	T2	172
004ab4a0	NET	T2	152
004ab53c	NET	T2	20
004ab550	NET	T2	4
004ab554	NET	T2	4
004ab558	NET	T2	8
004ab560	NET	T2	8
004ab568	NET	T2	12
004ab574	NET	T2	12
004ab580	NET	T2	4
004ab584	NET	T2	8
004ab58c	NET	T2	4
004ab590	NET	T2	8
004ab598	NET	T2	8
004ab5a0	NET	T2	4
004ab5b0	NET	T2	24
004ab5c8	NET	T2	72
004ab610	NET	T2	588
004ab860	NET	T2	24
004ab878	NET	T2	40
004ab8a0	NET	T2	180
004ab960	NET	T2	156
004aba00	NET	T2	196
004abad0	NET	T1	204
004abbc0	NET	T2	512
004abdf0	NET	T1	196
004abec0	NET	T1	216
004abfc0	NET	T2	576
004ac230	NET	T1	228
004ac320	NET	T1	236
004ac410	NET	T1	256
004ac510	NET	T1	184
004ac5d0	NET	T1	236
004ac6c0	NET	T2	140
004ac750	NET	T1	236
004ac840	NET	T1	220
004ac920	NET	T1	236
004aca10	NET	T1	236
004acb00	NET	T2	220
004acbe0	NET	T1	236
004accd0	NET	T1	236
004acdc0	NET	T2	256
004acec0	NET	T2	24
004aced8	NET	T2	124
004acf54	NET	T2	216
004ad030	NET	T1	3204
004add20	NET	T1	340
004ade80	NET	T2	112
004adef0	NET	T1	1236
004ae3d0	NET	T1	972
004ae7a0	NET	T1	548
004ae9d0	NET	T1	484
004aebc0	NET	T1	168
004aec70	NET	T1	480
004aee50	NET	T1	436
004af010	NET	T1	336
004af160	NET	T2	4
004af170	NET	T1	192
004af230	NET	T2	8
004af240	NET	T2	112
004af2b0	NET	T1	240
004af3a0	NET	T2	60
004af3e0	NET	T2	24
004af400	NET	T2	168
004af4b0	NET	T1	336
004af600	NET	T2	668
004af8a0	NET	T2	104
004af910	NET	T2	608
004af930	NET	T2	44
004af960	NET	T2	688
004afc10	NET	T2	44
004afc40	NET	T2	132
004afcd0	NET	T2	652
004aff60	NET	T2	44
004aff90	NET	T2	132
004b0020	NET	T2	652
004b02b0	NET	T2	44
004b02e0	NET	T2	132
004b0370	NET	T2	400
004b0500	NET	T2	568
004b0600	NET	T2	372
004b09f0	NET	T2	224
004b0c10	NET	T2	272
004b0d30	NET	T2	900
004b1110	NET	T2	32
004b1130	NET	T2	1968
004b1350	NET	T2	892
004b16d0	NET	T2	104
004b1d20	NET	T2	1440
004b22d0	NET	T2	212
004b23b0	NET	T2	180
004b2470	NET	T2	12
004b2480	NET	T2	148
004b2520	NET	T2	912
004b28c0	NET	T2	712
004b2b90	NET	T2	780
004b2ea0	NET	T2	712
004b3170	NET	T2	780
004b3480	NET	T2	264
004b3590	NET	T2	136
004b3620	NET	T2	104
004b3690	NET	T2	72
004b36e0	NET	T2	40
004b3710	NET	T2	24
004b3730	NET	T2	188
004b37f0	NET	T1	460
004b39c0	NET	T2	8
004b39d0	NET	T2	8
004b39e0	NET	T2	136
004b3a70	NET	T2	348
004b3c10	NET	T2	20
004b3c30	NET	T2	56
004b3c70	NET	T2	156
004b3d10	NET	T2	32
004b3d40	NET	T2	4
004b3d50	NET	T1	480
004b3fa0	NET	T2	396
004b412c	NET	T1	244
004b4220	NET	T2	96
004b4288	NET	T2	100
004b42f4	NET	T2	780
004b4810	NET	T1	244
004b4910	NET	T2	1484
004b5160	NET	T2	120
004b51fc	NET	T2	24
004b5214	NET	T2	476
004b5414	NET	T2	268
004b5520	NET	T2	244
004b5614	NET	T2	36
004b5638	NET	T1	416
004b58a0	NET	T2	408
004b5a40	NET	T1	740
004b5de0	NET	T2	56
004b5e18	NET	T2	4
004b5e1c	NET	T2	172
004b5ef4	NET	T2	1524
004b66c0	NET	T2	24
004b66e0	NET	T2	84
004b6740	NET	T2	96
004b67a0	NET	T2	196
004b6870	NET	T2	4
004b6874	NET	T2	296
004b699c	NET	T2	28
004b69b8	NET	T2	92
004b6ad0	NET	T2	332
004b6c4c	NET	T2	8
004b6c54	NET	T2	24
004b6c6c	NET	T2	100
004b6cd4	NET	T2	72
004b6d38	NET	T2	132
004b6f38	NET	T2	520
004b717c	NET	T2	8
004b7184	NET	T2	24
004b719c	NET	T2	200
004b7280	NET	T2	44
004b72ac	NET	T2	56
004b72e4	NET	T1	480
004b74c4	NET	T2	60
004b7500	NET	T2	172
004b75ac	NET	T2	232
004b76c8	NET	T2	592
004b7918	NET	T2	404
004b7b7c	NET	T2	448
004b7d3c	NET	T2	492
004b7ffc	NET	T2	248
004b80f4	NET	T1	1396
004b8800	NET	T2	964
004b8bc4	NET	T1	14220
004bcd00	NET	T2	324
004bce70	NET	T1	1744
004bd7f8	NET	T2	1576
004bde88	NET	T2	344
004be030	NET	T2	312
004be170	NET	T2	508
004be370	NET	T1	212
004be470	NET	T1	1772
004bec2c	NET	T2	724
004bef00	NET	T2	448
004bf0c0	NET	T2	424
004bf268	NET	T2	724
004bf53c	NET	T2	724
004bf810	NET	T2	448
004bf9d0	NET	T2	444
004bfb90	NET	T1	884
004c0030	NET	T2	440
004c01f0	NET	T1	11012
004c32fc	NET	T2	248
004c33f4	NET	T2	724
004c36c8	NET	T2	728
004c39a0	NET	T1	220
004c3aa0	NET	T2	448
004c3c60	NET	T2	456
004c3e28	NET	T2	728
004c4100	NET	T2	120
004c41d4	NET	T2	236
004c4304	NET	T1	248
004c43fc	NET	T1	744
004c46e4	NET	T2	208
004c47b4	NET	T2	224
004c4894	NET	T2	724
004c4b68	NET	T2	724
004c4e3c	NET	T2	284
004c4f58	NET	T1	228
004c503c	NET	T2	724
004c5310	NET	T2	724
004c55e4	NET	T2	156
004c5680	NET	T2	168
004c5728	NET	T2	388
004c58d0	NET	T2	228
004c59b4	NET	T2	216
004c5a8c	NET	T2	392
004c5c14	NET	T2	360
004c5d7c	NET	T2	284
004c5e98	NET	T2	616
004c6100	NET	T2	560
004c6330	NET	T2	272
004c6440	NET	T1	348
004c65c0	NET	T2	380
004c673c	NET	T2	56
004c6774	NET	T2	40
004c679c	NET	T2	112
004c6810	NET	T2	44
004c6840	NET	T2	4
004c6850	NET	T2	4
004c6860	NET	T2	4
004c6870	NET	T2	24
004c6890	NET	T2	796
004c6c30	NET	T2	1060
004c70c0	NET	T2	108
004c7170	NET	T2	4
004c7174	NET	T2	4
004c7178	NET	T2	4
004c717c	NET	T2	376
004c73c4	NET	T2	12
004c73d0	NET	T1	1148
004c788c	NET	T2	40
004c78b8	NET	T1	200
004c7984	NET	T2	140
004c7a40	NET	T2	24
004c7a58	NET	T2	12
004c7a64	NET	T1	952
004c7e80	NET	T2	24
004c7e98	NET	T1	516
004c80a4	NET	T2	212
004c817c	NET	T1	228
004c8264	NET	T1	3640
004c9564	NET	T2	280
004c96b4	NET	T2	472
004c9904	NET	T2	216
004c99f4	NET	T2	324
004c9b44	NET	T2	160
004c9be4	NET	T2	160
004c9c84	NET	T2	212
004c9d5c	NET	T2	228
004c9e44	NET	T2	36
004c9e68	NET	T2	228
004c9f84	NET	T2	100
004c9fe8	NET	T2	32
004ca008	NET	T2	44
004ca034	NET	T2	56
004ca06c	NET	T2	12
004ca080	NET	T2	24
004ca0a0	NET	T2	108
004ca150	NET	T2	4
004ca154	NET	T2	4
004ca158	NET	T2	220
004ca2a4	NET	T2	12
004ca2b0	NET	T1	4812
004cb848	NET	T2	100
004cb8b4	NET	T2	492
004cbaa0	NET	T2	612
004cc020	NET	T2	40
004cc04c	NET	T2	200
004cc118	NET	T1	200
004cc1e4	NET	T2	24
004cc200	NET	T2	32
004cc220	NET	T2	176
004cc2d0	NET	T2	40
004cc2fc	NET	T1	200
004cc3c8	NET	T2	736
004cc71c	NET	T2	24
004cc734	NET	T2	12
004cc740	NET	T1	1728
004ccedc	NET	T2	52
004ccf10	NET	T1	848
004cd264	NET	T2	196
004cd328	NET	T1	276
004cd450	NET	T1	272
004cd560	NET	T1	288
004cd68c	NET	T2	228
004cd7c0	NET	T1	9284
004d04dc	NET	T2	240
004d0640	NET	T1	420
004d08d4	NET	T2	56
004d0910	NET	T2	244
004d0a08	NET	T2	244
004d0be4	NET	T2	216
004d0cd4	NET	T2	324
004d0e24	NET	T2	168
004d0ecc	NET	T2	160
004d0f6c	NET	T2	160
004d1010	NET	T2	248
004d1108	NET	T2	284
004d1224	NET	T2	392
004d13d0	NET	T2	200
004d149c	NET	T2	100
004d1514	NET	T2	96
004d1588	NET	T2	36
004d15ac	NET	T2	236
004d16ac	NET	T2	4
004d16b0	NET	T2	32
004d16d0	NET	T2	72
004d1718	NET	T2	84
004d176c	NET	T1	216
004d1844	NET	T2	100
004d18bc	NET	T2	96
004d1930	NET	T2	3104
004d267c	NET	T2	248
004d27ac	NET	T2	276
004d28fc	NET	T2	268
004d2a08	NET	T2	68
004d2a4c	NET	T2	252
004d2b48	NET	T2	80
004d2b98	NET	T2	68
004d2bdc	NET	T2	128
004d2c5c	NET	T2	148
004d2cf0	NET	T2	12
004d2d00	NET	T2	24
004d2d20	NET	T2	24
004d2d40	NET	T2	388
004d2f6c	NET	T2	344
004d30c4	NET	T2	468
004d32a0	NET	T2	64
004d32e0	NET	T2	164
004d3390	NET	T2	256
004d3490	NET	T2	472
004d3668	NET	T2	236
004d3758	NET	T2	284
004d3880	NET	T2	108
004d3930	NET	T2	4
004d3934	NET	T2	4
004d3938	NET	T2	404
004d3bac	NET	T2	12
004d3bb8	NET	T1	6148
004d56bc	NET	T2	200
004d5788	NET	T2	40
004d57b4	NET	T1	200
004d5880	NET	T1	200
004d594c	NET	T2	148
004d5a20	NET	T2	24
004d5a38	NET	T2	12
004d5a44	NET	T1	3100
004d683c	NET	T2	24
004d6854	NET	T2	24
004d686c	NET	T1	500
004d6a64	NET	T1	412
004d6c60	NET	T2	36
004d6c84	NET	T2	44
004d6cb0	NET	T2	292
004d6ec0	NET	T2	4
004d6ec4	NET	T2	44
004d6ef0	NET	T2	24
004d6f08	NET	T2	4
004d6f0c	NET	T2	4
004d6f10	NET	T2	84
004d6f64	NET	T1	68
004d6fa8	NET	T2	12
004d6fb4	NET	T2	4
004d6fb8	NET	T1	220
004d7094	NET	T2	20
004d70ac	NET	T2	92
004d711c	NET	T2	96
004d7190	NET	T2	36
004d71b4	NET	T2	224
004d72a8	NET	T2	32
004d72c8	NET	T2	32
004d72e8	NET	T2	72
004d7330	NET	T2	84
004d7384	NET	T1	216
004d745c	NET	T2	204
004d7598	NET	T2	744
004d788c	NET	T2	136
004d7914	NET	T2	136
004d799c	NET	T2	12
004d79b0	NET	T2	24
004d79c8	NET	T1	512
004d7d7c	NET	T1	492
004d7fec	NET	T1	200
004d80b8	NET	T1	200
004d8184	NET	T2	24
004d81a0	NET	T2	364
004d833c	NET	T2	24
004d8354	NET	T2	464
004d8554	NET	T2	356
004d8720	NET	T2	248
004d88f8	NET	T2	64
004d8938	NET	T2	68
004d8980	NET	T2	72
004d89cc	NET	T2	404
004d8c24	NET	T2	228
004d8d08	NET	T2	36
004d8d30	NET	T2	108
004d8de0	NET	T2	4
004d8df0	NET	T2	96
004d8e50	NET	T2	196
004d8f20	NET	T2	16
004d8f30	NET	T2	196
004d8ff4	NET	T2	4
004d8ff8	NET	T2	4
004d8ffc	NET	T2	44
004d9028	NET	T2	24
004d9040	NET	T2	4
004d9044	NET	T2	4
004d9048	NET	T2	212
004d9050	NET	T2	68
004d9094	NET	T2	12
004d90a0	NET	T1	224
004d9180	NET	T2	4
004d9184	NET	T2	44
004d91b0	NET	T2	24
004d91c8	NET	T2	4
004d91cc	NET	T2	4
004d91d0	NET	T2	84
004d9224	NET	T2	68
004d9268	NET	T2	12
004d9274	NET	T2	4
004d9278	NET	T2	44
004d92a4	NET	T2	24
004d92bc	NET	T2	4
004d92c0	NET	T2	4
004d92c4	NET	T2	84
004d9318	NET	T2	68
004d935c	NET	T2	12
004d9368	NET	T2	8
004d9370	NET	T2	28
004d938c	NET	T2	12
004d9398	NET	T2	4
004d939c	NET	T2	212
004d94e0	NET	T2	172
004d9530	NET	T2	12
004d9540	NET	T2	276
004d9570	NET	T2	116
004d961c	NET	T2	344
004d9850	NET	T2	4
004d9854	NET	T2	104
004d98d4	NET	T2	24
004d98ec	NET	T2	208
004d99d8	NET	T2	772
004d9d08	NET	T2	12
004d9d14	NET	T1	136
004d9d9c	NET	T1	368
004d9f28	NET	T1	248
004da020	NET	T1	136
004da0a8	NET	T1	1140
004da580	NET	T2	112
004da628	NET	T2	4
004da62c	NET	T2	1764
004dad70	NET	T2	8
004dad78	NET	T2	4
004dad80	NET	T2	112
004dadf0	NET	T2	8
004dae00	NET	T2	1384
004db370	NET	T2	12
004db380	NET	T2	24
004db3a0	NET	T2	148
004db440	NET	T2	4
004db450	NET	T1	460
004db620	NET	T2	552
004db850	NET	T2	640
004dbad0	NET	T2	32
004dbaf0	NET	T2	676
004dbdf0	NET	T2	376
004dbf68	NET	T2	140
004dc008	NET	T2	152
004dc0b4	NET	T2	244
004dc1d0	NET	T2	136
004dc290	NET	T2	108
004dc300	NET	T2	4
004dc304	NET	T2	4
004dc308	NET	T2	732
004dc8e4	NET	T2	12
004dc8f0	NET	T1	2504
004dd414	NET	T2	248
004dd574	NET	T2	40
004dd5a0	NET	T2	200
004dd66c	NET	T2	40
004dd698	NET	T2	20
004dd6b0	NET	T2	604
004dd964	NET	T2	24
004dd97c	NET	T2	12
004dd988	NET	T2	3080
004de76c	NET	T2	52
004de7a0	NET	T1	224
004de888	NET	T2	4
004de88c	NET	T2	44
004de8b8	NET	T2	24
004de8d0	NET	T2	4
004de8d4	NET	T2	4
004de8d8	NET	T2	252
004de9d4	NET	T2	68
004dea18	NET	T2	12
004dea24	NET	T1	2740
004df840	NET	T2	4
004df850	NET	T2	4
004df860	NET	T2	8
004df870	NET	T2	116
004df8f0	NET	T2	196
004df9b4	NET	T2	200
004dfa80	NET	T2	392
004dfc2c	NET	T2	200
004dfcf8	NET	T2	20
004dfd0c	NET	T2	40
004dfd34	NET	T2	36
004dfd58	NET	T2	1036
004e0204	NET	T2	48
004e0234	NET	T2	32
004e0254	NET	T2	88
004e02ac	NET	T2	96
004e030c	NET	T2	920
004e06e8	NET	T2	248
004e07e4	NET	T2	4
004e07e8	NET	T2	44
004e0814	NET	T2	24
004e082c	NET	T2	4
004e0830	NET	T2	4
004e0834	NET	T2	188
004e08f0	NET	T2	68
004e0934	NET	T2	12
004e0940	NET	T1	1976
004e1154	NET	T1	224
004e12a0	NET	T1	224
004e13ec	NET	T1	252
004e1550	NET	T1	252
004e16b4	NET	T2	92
004e1710	NET	T2	284
004e1848	NET	T2	24
004e1860	NET	T2	4
004e1864	NET	T2	44
004e1890	NET	T2	24
004e18a8	NET	T2	4
004e18ac	NET	T2	4
004e18b0	NET	T2	112
004e1920	NET	T1	68
004e1964	NET	T2	12
004e1970	NET	T1	740
004e1ca0	NET	T2	220
004e1d7c	NET	T1	252
004e1ee0	NET	T2	212
004e1fb8	NET	T2	4
004e1fbc	NET	T2	44
004e1fe8	NET	T2	24
004e2000	NET	T2	4
004e2004	NET	T2	4
004e2008	NET	T2	264
004e2110	NET	T1	68
004e2154	NET	T2	12
004e2160	NET	T2	4
004e2164	NET	T2	44
004e2190	NET	T2	24
004e21a8	NET	T2	4
004e21ac	NET	T2	4
004e21b0	NET	T2	3348
004e2fdc	NET	T2	68
004e3020	NET	T2	12
004e302c	NET	T2	216
004e3104	NET	T2	44
004e3130	NET	T2	56
004e3168	NET	T2	48
004e319c	NET	T2	64
004e31e0	NET	T2	4
004e31e4	NET	T2	4
004e31e8	NET	T2	44
004e3214	NET	T2	24
004e322c	NET	T2	4
004e3230	NET	T2	4
004e3234	NET	T2	1056
004e366c	NET	T2	68
004e36b0	NET	T2	12
004e36bc	NET	T2	4
004e36c0	NET	T2	44
004e36ec	NET	T2	24
004e3704	NET	T2	4
004e3708	NET	T2	4
004e370c	NET	T2	156
004e37a8	NET	T2	68
004e37ec	NET	T2	12
004e37f8	NET	T2	392
004e39a4	NET	T2	188
004e3a7c	NET	T2	24
004e3a94	NET	T2	196
004e3b58	NET	T2	56
004e3b90	NET	T2	64
004e3bd0	NET	T2	12
004e3bdc	NET	T2	160
004e3c7c	NET	T2	160
004e3d20	NET	T2	24
004e3d38	NET	T2	24
004e3d50	NET	T2	72
004e3d98	NET	T2	492
004e3fc4	NET	T2	324
004e4110	NET	T2	408
004e42ac	NET	T2	128
004e4330	NET	T2	176
004e43e0	NET	T2	524
004e45f0	NET	T2	620
004e485c	NET	T2	716
004e4b30	NET	T2	2244
004e5800	NET	T2	148
004e58a0	NET	T2	12
004e58ac	NET	T2	316
004e59ec	NET	T2	328
004e5b44	NET	T2	24
004e5b60	NET	T2	56
004e5ba0	NET	T2	12
004e5bb0	NET	T2	512
004e5db0	NET	T2	100
004e5e20	NET	T2	232
004e5f10	NET	T2	8
004e5f20	NET	T2	4
004e5f30	NET	T2	104
004e5fa0	NET	T2	108
004e6010	NET	T2	4
004e6020	NET	T2	4
004e6030	NET	T2	204
004e6150	NET	T2	4
004e6154	NET	T2	676
004e6168	NET	T2	196
004e629c	NET	T2	12
004e62a8	NET	T2	4
004e6580	NET	T2	4
004e6590	NET	T2	852
004e6b4c	NET	T2	304
004e6c9c	NET	T2	24
004e6cb4	NET	T2	116
004e6d58	NET	T2	4
004e6d5c	NET	T2	20
004e6d70	NET	T2	196
004e6ea4	NET	T2	12
004e6eb0	NET	T2	4
004e6ec0	NET	T2	24
004e6ee0	NET	T2	152
004e6f80	NET	T2	4
004e6f84	NET	T2	244
004e7078	NET	T2	208
004e7148	NET	T2	528
004e7358	NET	T2	332
004e74cc	NET	T2	40
004e74f8	NET	T2	1180
004e7994	NET	T2	16
004e79b0	NET	T2	24
004e79d0	NET	T2	108
004e7a80	NET	T2	4
004e7a84	NET	T2	4
004e7a88	NET	T2	364
004e7d48	NET	T2	12
004e7d54	NET	T1	5828
004e95b0	NET	T2	8
004e95b8	NET	T2	8
004e95c0	NET	T2	20
004e95d8	NET	T2	312
004e9740	NET	T2	24
004e9758	NET	T2	12
004e9764	NET	T1	788
004e9a8c	NET	T1	196
004e9b50	NET	T2	144
004e9be0	NET	T1	96
004e9c40	NET	T2	124
004e9cc0	NET	T2	560
004e9ef0	NET	T1	436
004ea0a4	NET	T1	968
004ea530	NET	T1	2160
004eaf20	NET	T2	272
004eb030	NET	T1	200
004eb0fc	NET	T2	40
004eb128	NET	T2	96
004eb19c	NET	T2	92
004eb20c	NET	T2	40
004eb234	NET	T2	108
004eb2d8	NET	T2	36
004eb2fc	NET	T2	36
004eb320	NET	T2	220
004eb3fc	NET	T2	1260
004eb948	NET	T2	200
004eba14	NET	T2	72
004eba5c	NET	T2	84
004ebab0	NET	T2	216
004ebb88	NET	T1	524
004ebdcc	NET	T2	20
004ebde0	NET	T2	40
004ebe08	NET	T2	56
004ebe40	NET	T2	272
004ebf50	NET	T2	20
004ebf68	NET	T1	252
004ec0cc	NET	T1	252
004ec230	NET	T1	308
004ec364	NET	T2	340
004ec4bc	NET	T2	336
004ec640	NET	T2	24
004ec658	NET	T2	4
004ec65c	NET	T2	44
004ec688	NET	T2	24
004ec6a0	NET	T2	4
004ec6a4	NET	T2	4
004ec6a8	NET	T2	272
004ec7f0	NET	T2	68
004ec834	NET	T2	12
004ec840	NET	T2	4
004ec844	NET	T2	4
004ec848	NET	T2	44
004ec874	NET	T2	24
004ec88c	NET	T2	4
004ec890	NET	T2	4
004ec894	NET	T2	484
004eca7c	NET	T2	68
004ecac0	NET	T2	12
004ecacc	NET	T2	344
004ecc24	NET	T2	284
004ecd40	NET	T2	272
004ece50	NET	T2	164
004ecef4	NET	T2	172
004ecfa0	NET	T2	12
004ecfac	NET	T2	100
004ed010	NET	T2	24
004ed030	NET	T2	296
004ed1e0	NET	T2	4
004ed1e4	NET	T1	68
004ed228	NET	T2	436
004ed4b4	NET	T2	12
004ed4c0	NET	T2	4
004ed4c4	NET	T2	184
004ed590	NET	T2	24
004ed5a8	NET	T2	4
004ed5ac	NET	T2	16
004ed5bc	NET	T2	36
004ed5e0	NET	T2	28
004ed5fc	NET	T1	804
004ed7c8	NET	T1	248
004eda80	NET	T2	4
004eda84	NET	T2	44
004edab0	NET	T2	24
004edac8	NET	T2	4
004edacc	NET	T2	4
004edad0	NET	T2	124
004edb4c	NET	T1	68
004edb90	NET	T2	12
004edb9c	NET	T1	220
004edc78	NET	T1	248
004eddd8	NET	T2	4
004edddc	NET	T2	4
004edde0	NET	T2	44
004ede0c	NET	T2	24
004ede24	NET	T2	4
004ede28	NET	T2	4
004ede2c	NET	T2	1084
004ee2b0	NET	T2	68
004ee2f4	NET	T2	12
004ee300	NET	T2	396
004ee4b0	NET	T2	12
004ee4c0	NET	T2	108
004ee570	NET	T2	4
004ee574	NET	T2	4
004ee578	NET	T2	288
004ee75c	NET	T2	12
004ee768	NET	T2	64
004ee7a8	NET	T2	40
004ee7d4	NET	T2	204
004ee8cc	NET	T2	24
004ee8e4	NET	T2	12
004ee8f0	NET	T1	192
004ee9b0	NET	T1	120
004eea28	NET	T2	232
004eeb10	NET	T1	124
004eeb94	NET	T1	3348
004efb5c	NET	T1	512
004efd94	NET	T1	648
004f0060	NET	T1	272
004f0170	NET	T2	92
004f01e0	NET	T2	100
004f0258	NET	T2	176
004f0308	NET	T2	248
004f0414	NET	T2	24
004f0430	NET	T1	300
004f05b0	NET	T2	88
004f061c	NET	T2	100
004f0694	NET	T2	2668
004f1214	NET	T2	16
004f1224	NET	T2	36
004f1248	NET	T2	324
004f13cc	NET	T1	220
004f14a8	NET	T1	540
004f16c4	NET	T1	200
004f1790	NET	T2	96
004f1804	NET	T2	92
004f1874	NET	T2	352
004f19d4	NET	T2	16
004f19e4	NET	T2	4
004f19e8	NET	T2	12
004f1a00	NET	T2	24
004f1a20	NET	T2	108
004f1ad0	NET	T2	4
004f1ad4	NET	T2	4
004f1ad8	NET	T2	284
004f1cb0	NET	T2	12
004f1cbc	NET	T2	64
004f1cfc	NET	T2	40
004f1d28	NET	T2	196
004f1e10	NET	T2	24
004f1e28	NET	T2	12
004f1e34	NET	T1	2828
004f2b84	NET	T2	228
004f2c68	NET	T1	124
004f2cec	NET	T1	892
004f30a0	NET	T2	832
004f33e0	NET	T1	92
004f3450	NET	T2	100
004f34c8	NET	T2	176
004f3578	NET	T1	248
004f3684	NET	T2	24
004f36a0	NET	T1	304
004f3824	NET	T2	88
004f3890	NET	T2	100
004f3908	NET	T2	188
004f39c8	NET	T1	404
004f3b5c	NET	T1	1168
004f4124	NET	T1	360
004f428c	NET	T2	176
004f433c	NET	T2	168
004f43e4	NET	T2	492
004f4610	NET	T2	396
004f479c	NET	T1	220
004f4878	NET	T1	200
004f4944	NET	T2	96
004f49b8	NET	T2	92
004f4a28	NET	T2	352
004f4b88	NET	T2	16
004f4b98	NET	T2	4
004f4b9c	NET	T2	12
004f4bb0	NET	T2	24
004f4bd0	NET	T2	108
004f4c80	NET	T2	4
004f4c84	NET	T2	4
004f4c88	NET	T2	240
004f4de8	NET	T2	12
004f4df4	NET	T1	6272
004f6850	NET	T2	112
004f68e4	NET	T2	24
004f68fc	NET	T2	12
004f6908	NET	T1	2656
004f7598	NET	T2	144
004f7628	NET	T2	144
004f76b8	NET	T1	96
004f7718	NET	T2	8
004f7720	NET	T1	200
004f77ec	NET	T2	124
004f786c	NET	T1	200
004f7938	NET	T2	272
004f7a48	NET	T2	284
004f7b64	NET	T2	20
004f7b7c	NET	T1	252
004f7ce0	NET	T2	200
004f7dac	NET	T2	40
004f7dd8	NET	T2	356
004f7f40	NET	T2	392
004f8100	NET	T2	24
004f8118	NET	T2	4
004f811c	NET	T2	4
004f8120	NET	T2	44
004f814c	NET	T2	24
004f8164	NET	T2	4
004f8168	NET	T2	4
004f816c	NET	T2	344
004f82c8	NET	T2	68
004f830c	NET	T2	12
004f8318	NET	T1	220
004f83f4	NET	T2	216
004f84cc	NET	T2	96
004f8540	NET	T2	92
004f85b0	NET	T2	40
004f85d8	NET	T2	3120
004f9318	NET	T2	36
004f933c	NET	T2	36
004f9360	NET	T2	112
004f93d0	NET	T2	108
004f943c	NET	T2	124
004f94b8	NET	T2	120
004f9530	NET	T2	3052
004fa250	NET	T2	420
004fa418	NET	T1	9380
004fcaf8	NET	T2	212
004fcbcc	NET	T2	40
004fcbf4	NET	T2	48
004fcc24	NET	T2	12
004fcc30	NET	T2	24
004fcc50	NET	T2	192
004fcd10	NET	T2	20
004fcd30	NET	T2	4
004fcd40	NET	T2	380
004fcec0	NET	T2	356
004fd030	NET	T2	72
004fd080	NET	T2	92
004fd0e0	NET	T2	4
004fd0f0	NET	T2	108
004fd1a0	NET	T2	4
004fd1a4	NET	T2	4
004fd1a8	NET	T2	304
004fd418	NET	T2	12
004fd424	NET	T1	4320
004fe634	NET	T2	8
004fe63c	NET	T2	20
004fe654	NET	T2	292
004fe7a0	NET	T2	24
004fe7b8	NET	T2	12
004fe7c4	NET	T1	3820
004ff98c	NET	T2	144
004ffa1c	NET	T1	96
004ffa7c	NET	T2	124
004ffafc	NET	T2	272
004ffc0c	NET	T1	1492
00500530	NET	T1	200
005005fc	NET	T2	272
0050070c	NET	T2	284
00500828	NET	T2	20
00500840	NET	T1	252
005009a4	NET	T1	200
00500a70	NET	T2	40
00500a9c	NET	T2	360
00500c08	NET	T2	416
00500de0	NET	T2	24
00500df8	NET	T2	4
00500dfc	NET	T2	4
00500e00	NET	T2	44
00500e2c	NET	T2	24
00500e44	NET	T2	4
00500e48	NET	T2	4
00500e4c	NET	T2	364
00500fbc	NET	T2	68
00501000	NET	T2	12
0050100c	NET	T1	220
005010e8	NET	T2	216
005011c0	NET	T2	96
00501234	NET	T2	92
005012a4	NET	T2	40
005012cc	NET	T2	356
00501474	NET	T2	36
00501498	NET	T2	36
005014bc	NET	T2	72
00501504	NET	T2	84
00501558	NET	T2	172
00501604	NET	T2	164
005016a8	NET	T2	436
0050185c	NET	T2	28
00501878	NET	T2	40
005018a0	NET	T2	12
005018ac	NET	T1	284
005019d0	NET	T2	24
005019f0	NET	T2	24
00501a10	NET	T2	96
00501a70	NET	T2	4
00501a80	NET	T2	312
00501bd0	NET	T2	4
00501be0	NET	T2	480
00501dc0	NET	T2	8
00501dd0	NET	T2	76
00501e20	NET	T2	68
00501e70	NET	T2	4
00501e80	NET	T2	8
00501e90	NET	T2	4
00501ea0	NET	T2	116
00501ed0	NET	T2	80
00501f20	NET	T2	356
00502090	NET	T2	4
005020a0	NET	T2	148
00502140	NET	T2	128
005021c0	NET	T2	4
00502220	NET	T2	4
00502230	NET	T2	72
00502278	NET	T2	28
00502294	NET	T1	232
005023ac	NET	T2	24
005023c4	NET	T2	8
005023cc	NET	T2	44
005023f8	NET	T2	448
005025b8	NET	T2	396
00502744	NET	T2	140
005027d0	NET	T2	228
005028cc	NET	T1	216
005029bc	NET	T2	88
00502a14	NET	T2	88
00502a6c	NET	T2	8
00502a74	NET	T2	192
00502b34	NET	T2	40
00502b5c	NET	T2	112
00502bcc	NET	T2	8
00502bd4	NET	T2	8
00502bdc	NET	T2	8
00502be4	NET	T2	12
00502bf0	NET	T2	32
00502c10	NET	T2	100
00502c80	NET	T2	72
00502cc8	NET	T2	28
00502ce4	NET	T1	232
00502dfc	NET	T2	24
00502e14	NET	T2	8
00502e1c	NET	T2	36
00502e40	NET	T2	248
00502f38	NET	T2	28
00502f54	NET	T2	40
00502f7c	NET	T2	228
00503078	NET	T1	180
00503144	NET	T2	80
00503194	NET	T2	80
005031e4	NET	T2	8
005031ec	NET	T2	144
0050327c	NET	T2	40
005032a4	NET	T2	112
00503314	NET	T2	8
0050331c	NET	T2	8
00503324	NET	T2	8
0050332c	NET	T2	12
00503338	NET	T2	32
00503360	NET	T2	100
005033d0	NET	T2	152
00503470	NET	T2	120
00503500	NET	T1	240
00503638	NET	T2	24
00503650	NET	T2	8
00503658	NET	T2	60
00503694	NET	T2	700
00503950	NET	T2	356
00503ab4	NET	T2	192
00503b74	NET	T2	228
00503c70	NET	T1	180
00503d3c	NET	T2	88
00503d94	NET	T2	8
00503d9c	NET	T2	40
00503dc4	NET	T2	228
00503ed0	NET	T2	8
00503ed8	NET	T2	8
00503ee0	NET	T2	8
00503ee8	NET	T2	12
00503ef4	NET	T2	32
00503f20	NET	T2	100
00503f84	NET	T1	568
005041f0	NET	T2	168
00504298	NET	T2	16
005042a8	NET	T1	388
00504468	NET	T2	8
00504470	NET	T2	8
00504478	NET	T2	24
00504490	NET	T2	28
005044ac	NET	T2	28
005044c8	NET	T2	1016
005048c0	NET	T2	8
005048c8	NET	T2	20
005048dc	NET	T2	20
005048f0	NET	T2	844
0050493c	NET	T2	556
00504948	NET	T2	1192
005049bc	NET	T2	264
00504ad8	NET	T2	212
00504bd4	NET	T2	4
00504bdc	NET	T2	8
00504be4	NET	T2	4
00504bec	NET	T2	284
00504d54	NET	T2	468
00504f30	NET	T2	48
00504f60	NET	T2	4
00504f64	NET	T2	4
00504f68	NET	T2	48
00504f98	NET	T2	76
00504ff0	NET	T2	220
005050cc	NET	T1	176
00505180	NET	T2	164
00505230	NET	T2	220
00505310	NET	T2	188
00505b00	NET	T2	64
00505b40	NET	T2	748
00505b80	NET	T2	64
00505e70	NET	T2	160
00505f10	NET	T1	208
00505ff8	NET	T2	300
00506144	NET	T2	92
005061a0	NET	T2	8
005061a8	NET	T2	48
005061d8	NET	T2	24
005061f0	NET	T1	608
005065d0	NET	T2	264
005066d8	NET	T2	244
00506854	NET	T2	24
0050686c	NET	T2	48
0050689c	NET	T2	68
005068e0	NET	T2	20
005068f4	NET	T2	192
00506a3c	NET	T2	304
00506c20	NET	T2	452
00506e3c	NET	T2	56
00506e88	NET	T2	228
00506f80	NET	T2	4
00506f84	NET	T2	24
00506f9c	NET	T2	56
00506fd4	NET	T2	68
00507018	NET	T2	20
0050702c	NET	T2	196
005070f0	NET	T2	220
005071cc	NET	T1	148
00507260	NET	T1	116
005072dc	NET	T2	8
005072f0	NET	T2	220
005073cc	NET	T2	440
00507584	NET	T2	16
00507594	NET	T2	8
0050759c	NET	T2	88
00507680	NET	T2	92
005076dc	NET	T2	4
005076e0	NET	T2	4
005076f0	NET	T2	4
00507700	NET	T2	20
00507720	NET	T2	48
00507750	NET	T2	8
00507760	NET	T2	908
00507af0	NET	T2	308
00507c30	NET	T2	552
00507e88	NET	T2	4
00507e8c	NET	T2	4
00507e90	NET	T2	12
00507e9c	NET	T2	64
00507ee0	NET	T2	100
00507f44	NET	T1	1200
00508580	NET	T2	32
005085a0	NET	T2	352
00508754	NET	T1	164
00508800	NET	T1	1804
00509040	NET	T3	16
00509174	NN_SDK	T1	364
005094b0	NN_SDK	T3	92
00509510	NET	T3	176
005095c0	NET	T3	380
00509740	NET	T3	224
00509820	NET	T3	224
00509900	NET	T3	224
005099e0	NET	T3	224
00509ac0	NET	T3	224
00509ba0	NET	T3	224
00509c80	NET	T3	220
00509d60	NET	T3	216
0050a3d0	NET	T3	116
0050a80c	NET	T3	148
0050a8b8	NET	T1	240
0050a9c0	NET	T2	24
0050a9d8	NET	T2	8
0050a9e0	NET	T2	152
0050aa78	NET	T2	628
0050acec	NET	T2	456
0050aeb4	NET	T2	212
0050af88	NET	T2	228
0050b084	NET	T1	452
0050fd9c	NN_SDK	T1	120
0050fe14	NN_SDK	T1	120
0050fe8c	NN_SDK	T1	120
0050ff04	NN_SDK	T1	68
00511bac	NET	T3	72
00512430	NET	T3	80
00512480	NET	T3	80
00512620	NET	T3	200
00516c3c	NET	T3	72
00519a40	NET	T3	16
0051a470	NET	T3	892
0051a7ec	NET	T3	864
0051abf0	NET	T3	936
0051ae38	NET	T3	1280
0051b3a8	NET	T3	1284
0051b920	NET	T3	528
0051bb30	NET	T3	452
0051bd88	NET	T3	220
0051be64	NET	T3	428
0051c010	NET	T3	864
0051c370	NET	T3	220
0051c44c	NET	T3	868
0051c880	NET	T3	204
0051c950	NET	T3	404
0051cb80	NET	T3	512
0051d73c	NET	T3	72
00523034	NET	T1	640
00523338	NET	T1	336
00523488	NET	T2	404
00523620	NET	T2	4
00523624	NET	T2	4
00523628	NET	T2	60
00523664	NET	T2	8
0052366c	NET	T2	32
0052368c	NET	T2	76
005236d8	NET	T2	12
005236e4	NET	T2	2776
00524290	NET	T2	748
0052457c	NET	T2	72
005245c4	NET	T2	80
00524614	NET	T2	88
0052466c	NET	T2	56
005246a4	NET	T2	28
005246c0	NET	T2	24
005246d8	NET	T2	4
005246dc	NET	T2	68
00524720	NET	T2	28
0052473c	NET	T2	40
00524764	NET	T2	48
00524794	NET	T2	12
005247a0	NET	T2	28
005247c0	NET	T2	388
00524944	NET	T2	476
00524b20	NET	T2	76
00524b6c	NET	T2	84
00524bc0	NET	T2	44
00524bec	NET	T2	28
00524c08	NET	T2	488
00524df0	NET	T2	8
00524df8	NET	T2	12
00524e04	NET	T2	40
00524e2c	NET	T2	48
00524e5c	NET	T2	44
00524e88	NET	T2	236
00524f74	NET	T2	24
00524f8c	NET	T2	20
00524fa0	NET	T2	48
00524fd0	NET	T2	36
00524ff4	NET	T2	244
005250ec	NET	T1	872
0052c848	NN_SDK	T1	344
0052c9a0	NN_SDK	T2	160
0052ca40	NN_SDK	T2	4
0052ca44	NN_SDK	T2	324
0052cba0	NN_SDK	T2	8
0052cba8	NN_SDK	T2	76
0052cbf4	NN_SDK	T2	28
0052cc10	NN_SDK	T2	196
0052ccf0	NN_SDK	T2	24
0052cd08	NN_SDK	T2	44
0052cd34	NN_SDK	T2	252
0052ce30	NN_SDK	T2	144
0052cec0	NN_SDK	T2	68
0052cf04	NN_SDK	T2	4
0052cf08	NN_SDK	T2	200
0052cfe8	NN_SDK	T2	56
0052d020	NN_SDK	T2	8
0052d028	NN_SDK	T2	152
0052d0c0	NN_SDK	T2	76
0052d10c	NN_SDK	T2	172
0052d1bc	NN_SDK	T2	172
0052d26c	NN_SDK	T2	84
0052d2c0	NN_SDK	T2	196
0052d384	NN_SDK	T2	108
0052d3f4	NN_SDK	T2	176
0052d4bc	NN_SDK	T2	132
0052d544	NN_SDK	T2	100
0052d5a8	NN_SDK	T2	468
0052d77c	NN_SDK	T1	344
00530418	NET	T1	200
00530500	NET	T2	200
005305e8	NET	T2	200
005306d0	NET	T2	200
005307b8	NET	T1	264
005308d8	NET	T1	264
005309f8	NET	T1	148
00530aa4	NET	T1	348
00530c18	NET	T2	16
00530c28	NET	T1	148
00530cd4	NET	T1	348
00530e48	NET	T2	16
00530e58	NET	T1	348
00530fcc	NET	T2	16
00530fdc	NET	T1	348
00531150	NET	T3	16
00531978	NN_SDK	T3	108
00531be0	NET	T3	312
005329a8	NN_SDK	T3	108
00532be0	NET	T3	204
00532f64	NN_SDK	T1	768
00533674	NN_SDK	T3	668
00533cac	NET	T1	552
00533efc	NET	T1	260
00534018	NET	T1	264
00534138	NET	T1	336
005342a8	NET	T2	500
0053449c	NET	T2	292
005345c0	NET	T2	52
005345f4	NET	T2	324
00534738	NET	T2	76
00534784	NET	T1	644
00534a20	NET	T2	156
00534abc	NET	T1	260
00534be0	NET	T2	316
00534d1c	NET	T2	396
00534ea8	NET	T1	492
005350bc	NET	T1	336
00535224	NET	T2	260
00535328	NET	T1	120
005353b8	NET	T1	580
0053561c	NET	T1	180
005356e8	NET	T2	212
005357bc	NET	T2	468
00535990	NET	T2	228
00535a74	NET	T2	20
00535a88	NET	T2	192
00535b48	NET	T1	260
00535c64	NET	T1	264
00535d84	NET	T1	336
00535f00	NN_SDK	T3	2396
00536860	NN_SDK	T3	560
00536a90	NN_SDK	T3	448
00536c50	NN_SDK	T3	572
00536e90	NN_SDK	T3	392
00537020	NN_SDK	T3	712
005372e8	NET	T3	344
00537454	NET	T3	216
00537570	NN_SDK	T1	236
0053918c	NET	T3	156
0053aa10	NET	T1	748
0053ad98	NET	T2	868
0053b1f4	NET	T2	868
0053b650	NET	T2	752
0053bc40	NET	T2	16
0053bc50	NET	T2	4
0053bc54	NET	T2	4
0053bc58	NET	T1	752
0053c248	NET	T1	692
0053c5a4	NET	T2	168
0053c650	NET	T2	244
0053c74c	NET	T2	188
0053c80c	NET	T2	188
0053c8cc	NET	T2	144
0053c95c	NET	T2	204
0053ca28	NET	T2	24
0053ca40	NET	T2	588
0053cc8c	NET	T2	116
0053cd00	NET	T2	8
0053cd08	NET	T2	80
0053cd58	NET	T2	504
0053cf50	NET	T2	140
0053cfdc	NET	T2	224
0053d0bc	NET	T2	172
0053d16c	NET	T2	296
0053d294	NET	T2	220
0053d370	NET	T2	8
0053d378	NET	T2	48
0053d3a8	NET	T1	288
0053d4c8	NET	T2	140
0053d554	NET	T2	1332
0053db0c	NET	T2	244
0053dc08	NET	T2	24
0053dc20	NET	T2	588
0053de6c	NET	T2	112
0053dedc	NET	T2	8
0053dee4	NET	T2	80
0053df34	NET	T2	504
0053e12c	NET	T2	140
0053e1b8	NET	T2	264
0053e2c0	NET	T2	1356
0053e850	NET	T2	224
0053e930	NET	T2	264
0053ea38	NET	T2	48
0053ea68	NET	T2	28
0053ea84	NET	T2	4
0053ea88	NET	T2	4
0053ea8c	NET	T2	8
0053ea94	NET	T2	68
0053ead8	NET	T2	12
0053eae4	NET	T2	180
0053ebf0	NET	T1	748
0053ef78	NET	T2	868
0053f3d4	NET	T2	868
0053f830	NET	T2	752
0053fe20	NET	T2	16
0053fe30	NET	T2	4
0053fe34	NET	T1	752
00540424	NET	T2	692
00540780	NET	T2	168
0054082c	NET	T2	244
00540928	NET	T2	188
005409e8	NET	T2	188
00540aa8	NET	T2	144
00540b38	NET	T2	204
00540c04	NET	T2	336
00540d54	NET	T2	24
00540d6c	NET	T2	588
00540fb8	NET	T2	116
0054102c	NET	T2	8
00541034	NET	T2	80
00541084	NET	T2	504
0054127c	NET	T2	140
00541308	NET	T2	224
005413e8	NET	T2	172
00541498	NET	T2	296
005415c0	NET	T2	220
0054169c	NET	T2	8
005416a4	NET	T2	48
005416d4	NET	T1	288
005417f4	NET	T2	140
00541880	NET	T2	1332
00541e38	NET	T2	244
00541f34	NET	T2	24
00541f4c	NET	T2	588
00542198	NET	T2	112
00542208	NET	T2	8
00542210	NET	T2	80
00542260	NET	T2	504
00542458	NET	T2	140
005424e4	NET	T2	264
005425f0	NET	T2	1356
00542b80	NET	T2	224
00542c60	NET	T2	264
00542d68	NET	T2	48
00542d98	NET	T2	28
00542db4	NET	T2	4
00542db8	NET	T2	4
00542dbc	NET	T2	8
00542dc4	NET	T2	68
00542e08	NET	T2	12
00542e14	NET	T2	180
00542f20	NET	T1	748
005432a8	NET	T2	868
00543704	NET	T2	868
00543b60	NET	T2	752
00544150	NET	T2	16
00544160	NET	T2	4
00544164	NET	T2	752
00544754	NET	T2	692
00544ab0	NET	T2	168
00544b5c	NET	T2	244
00544c58	NET	T2	188
00544d18	NET	T2	188
00544dd8	NET	T2	144
00544e68	NET	T2	204
00544f34	NET	T2	336
00545084	NET	T2	24
0054509c	NET	T2	588
005452e8	NET	T2	116
0054535c	NET	T2	8
00545364	NET	T2	80
005453b4	NET	T2	504
005455ac	NET	T2	140
00545638	NET	T2	224
00545718	NET	T2	172
005457c8	NET	T2	296
005458f0	NET	T2	220
005459cc	NET	T2	8
005459d4	NET	T2	48
00545a04	NET	T1	288
00545b24	NET	T2	140
00545bb0	NET	T1	952
00546064	NET	T2	212
0054613c	NET	T2	32
0054615c	NET	T2	52
00546190	NET	T2	648
005464d4	NET	T2	576
00546794	NET	T2	24
005467ac	NET	T2	600
00546aac	NET	T2	36
00546ad0	NET	T2	56
00546b08	NET	T2	24
00546b20	NET	T2	8
00546b28	NET	T2	216
00546c04	NET	T2	480
00546de4	NET	T2	248
00546edc	NET	T2	8
00546ee4	NET	T2	20
00546ef8	NET	T2	252
00546ff4	NET	T2	140
00547080	NET	T2	264
00547188	NET	T2	48
005471b8	NET	T2	28
005471d4	NET	T2	4
005471d8	NET	T2	4
005471dc	NET	T2	8
005471e4	NET	T2	68
00547228	NET	T2	12
00547234	NET	T2	180
00547340	NET	T1	748
005476c8	NET	T2	144
00547758	NET	T2	140
005477e4	NET	T2	252
005478e0	NET	T2	200
005479a8	NET	T2	8
005479b0	NET	T2	24
005479c8	NET	T1	224
00547aa8	NET	T2	140
00547b34	NET	T2	144
00547bc4	NET	T2	140
00547c50	NET	T2	240
00547d40	NET	T2	196
00547e04	NET	T2	8
00547e0c	NET	T2	24
00547e24	NET	T1	188
00547ee0	NET	T2	140
00547f6c	NET	T2	168
00548018	NET	T2	172
005480c8	NET	T2	292
005481ec	NET	T2	216
005482c4	NET	T2	8
005482cc	NET	T2	48
005482fc	NET	T1	252
005483f8	NET	T2	140
00548484	NET	T2	264
00548590	NET	T2	1356
00548b20	NET	T1	852
00549238	NET	T2	168
005492e4	NET	T2	952
005496e4	NET	T2	4
005496e8	NET	T2	1204
00549c30	NET	T2	184
00549cf0	NET	T2	28
00549d0c	NET	T2	8
00549d14	NET	T2	172
00549dc4	NET	T2	268
00549ed0	NET	T2	208
00549fa0	NET	T2	8
00549fa8	NET	T2	28
00549fc4	NET	T1	192
0054a084	NET	T2	140
0054a110	NET	T2	4
0054a114	NET	T2	48
0054a144	NET	T2	28
0054a160	NET	T2	4
0054a164	NET	T2	4
0054a168	NET	T2	52
0054a19c	NET	T2	68
0054a1e0	NET	T2	12
0054a1ec	NET	T2	400
0054a418	NET	T2	4
0054a41c	NET	T2	48
0054a44c	NET	T2	28
0054a468	NET	T2	4
0054a46c	NET	T2	4
0054a470	NET	T2	52
0054a4a4	NET	T2	68
0054a4e8	NET	T2	12
0054a4f4	NET	T2	4
0054a4f8	NET	T2	48
0054a528	NET	T2	28
0054a544	NET	T2	4
0054a548	NET	T2	4
0054a54c	NET	T2	12
0054a558	NET	T2	68
0054a59c	NET	T2	12
0054a5a8	NET	T1	1080
0054ac08	NET	T2	144
0054ac98	NET	T2	608
0054af00	NET	T2	4
0054af04	NET	T2	180
0054afb8	NET	T2	196
0054b07c	NET	T2	236
0054b168	NET	T2	160
0054b208	NET	T2	8
0054b210	NET	T2	8
0054b218	NET	T2	160
0054b2b8	NET	T2	140
0054b344	NET	T2	276
0054b458	NET	T2	208
0054b528	NET	T2	8
0054b530	NET	T2	44
0054b55c	NET	T1	284
0054b678	NET	T2	140
0054b704	NET	T2	4
0054b708	NET	T2	144
0054b798	NET	T2	140
0054b824	NET	T2	272
0054b934	NET	T2	208
0054ba04	NET	T2	8
0054ba0c	NET	T2	12
0054ba18	NET	T2	180
0054bacc	NET	T2	140
0054bb58	NET	T2	280
0054bc70	NET	T2	64
0054bcb4	NET	T2	16
0054bcc4	NET	T2	132
0054bd48	NET	T2	908
0054c0d4	NET	T2	152
0054c1b0	NET	T2	52
0054c1e4	NET	T2	76
0054c230	NET	T2	140
0054c2bc	NET	T2	40
0054c2e4	NET	T2	248
0054c3dc	NET	T2	212
0054c4b0	NET	T2	40
0054c4d8	NET	T2	48
0054c508	NET	T2	8
0054c510	NET	T2	28
0054c52c	NET	T2	336
0054c67c	NET	T2	404
0054c814	NET	T2	156
0054c8b0	NET	T2	164
0054c954	NET	T2	12
0054c960	NET	T2	28
0054c97c	NET	T2	132
0054ca00	NET	T2	140
0054ca8c	NET	T2	16
0054ca9c	NET	T2	8
0054caa4	NET	T2	8
0054caac	NET	T2	8
0054cab4	NET	T2	176
0054cb64	NET	T2	64
0054cba4	NET	T2	20
0054cbbc	NET	T2	132
0054cc48	NET	T2	336
0054cd98	NET	T2	124
0054ce14	NET	T2	40
0054ce3c	NET	T2	48
0054ce6c	NET	T2	12
0054ce78	NET	T2	28
0054ce94	NET	T2	268
0054cfa0	NET	T2	348
0054d0fc	NET	T2	24
0054d114	NET	T2	88
0054d16c	NET	T2	116
0054d1e0	NET	T2	40
0054d208	NET	T2	48
0054d238	NET	T2	12
0054d244	NET	T2	28
0054d260	NET	T2	440
0054d4e8	NET	T2	408
0054d680	NET	T2	24
0054d698	NET	T2	504
0054d890	NET	T2	40
0054d8b8	NET	T2	48
0054d8e8	NET	T2	8
0054d8f0	NET	T2	28
0054d90c	NET	T2	316
0054da48	NET	T2	68
0054da8c	NET	T2	76
0054dad8	NET	T2	40
0054db00	NET	T2	28
0054db1c	NET	T2	8
0054db24	NET	T2	12
0054db30	NET	T2	36
0054db54	NET	T2	44
0054db80	NET	T2	24
0054db98	NET	T2	280
0054dcb0	NET	T2	24
0054dcc8	NET	T2	124
0054dd44	NET	T2	48
0054dd74	NET	T2	92
0054ddd0	NET	T2	28
0054ddf0	NET	T2	48
0054de20	NET	T2	292
0054df44	NET	T2	136
0054dfcc	NET	T2	20
0054dfe0	NET	T2	16
0054dff0	NET	T2	204
0054e0c0	NET	T2	40
0054e0e8	NET	T2	320
0054e240	NET	T2	724
0054e514	NET	T2	316
0054e650	NET	T2	284
0054e76c	NET	T2	24
0054e784	NET	T2	264
0054e894	NET	T2	68
0054e8d8	NET	T2	8
0054e8e0	NET	T2	16
0054e8f0	NET	T2	420
0054ea94	NET	T2	4
0054ea98	NET	T2	4
0054ea9c	NET	T2	4
0054eaa0	NET	T2	4
0054eaa4	NET	T2	4
0054eaa8	NET	T2	4
0054eaac	NET	T2	16
0054eabc	NET	T2	60
0054eaf8	NET	T2	92
0054eb58	NET	T2	212
0054ec48	NET	T2	212
0054ed38	NET	T2	216
0054ee18	NET	T2	216
0054eef8	NET	T2	16
0054ef08	NET	T2	16
0054ef18	NET	T2	16
0054ef28	NET	T2	16
0054ef38	NET	T2	8
0054ef40	NET	T2	60
0054ef7c	NET	T2	28
0054ef98	NET	T2	16
0054efa8	NET	T2	656
0054f280	NET	T2	420
0054f424	NET	T2	248
0054f51c	NET	T2	72
0054f564	NET	T2	40
0054f58c	NET	T2	188
0054f65c	NET	T2	72
0054f6a4	NET	T2	20
0054f6b8	NET	T1	336
0054f808	NET	T2	788
0054fba0	NET	T2	472
0054fd7c	NET	T2	40
0054fdb0	NET	T2	256
0054feb0	NET	T2	672
00550150	NET	T2	108
005501bc	NET	T2	396
00550348	NET	T2	412
005504e4	NET	T2	108
00550550	NET	T2	1060
005509b4	NET	T2	420
00550b58	NET	T2	420
00550cfc	NET	T2	32
00550d1c	NET	T2	996
00551100	NET	T2	240
005511d0	NET	T2	20
005511e4	NET	T2	160
00551284	NET	T2	168
0055132c	NET	T2	12
00551338	NET	T2	28
00551354	NET	T2	136
005513dc	NET	T2	144
0055146c	NET	T2	16
0055147c	NET	T2	8
00551484	NET	T2	8
0055148c	NET	T2	8
00551494	NET	T2	236
00551580	NET	T2	64
005515c0	NET	T2	20
005515d8	NET	T2	68
0055161c	NET	T2	76
00551668	NET	T2	40
00551690	NET	T2	28
005516ac	NET	T2	8
005516b4	NET	T2	12
005516c0	NET	T2	36
005516e4	NET	T2	44
00551710	NET	T2	24
00551728	NET	T2	280
00551840	NET	T2	24
00551858	NET	T2	912
00551be8	NET	T2	48
00551c18	NET	T2	92
00551c74	NET	T2	28
00551c90	NET	T2	404
00551e5c	NET	T2	380
00551ff0	NET	T2	408
00552188	NET	T2	80
005521e0	NET	T2	388
00552364	NET	T2	476
00552540	NET	T2	156
005525dc	NET	T2	164
00552680	NET	T2	12
0055268c	NET	T2	28
005526a8	NET	T2	132
0055272c	NET	T2	140
005527b8	NET	T2	16
005527c8	NET	T2	8
005527d0	NET	T2	8
005527d8	NET	T2	8
005527e0	NET	T2	176
00552890	NET	T2	64
005528d0	NET	T2	20
005528e8	NET	T2	132
00552974	NET	T2	76
005529c0	NET	T2	84
00552a14	NET	T2	44
00552a40	NET	T2	28
00552a5c	NET	T2	392
00552be4	NET	T2	8
00552bec	NET	T2	12
00552bf8	NET	T2	40
00552c20	NET	T2	48
00552c50	NET	T2	44
00552c7c	NET	T2	236
00552d68	NET	T2	24
00552d80	NET	T2	280
00552e9c	NET	T2	48
00552ecc	NET	T2	36
00552ef0	NET	T2	276
00553004	NET	T1	640
00553308	NET	T1	336
00553458	NET	T2	4
0055345c	NET	T2	4
00553460	NET	T2	60
0055349c	NET	T2	8
005534a4	NET	T2	32
005534c4	NET	T2	76
00553510	NET	T2	12
0055351c	NET	T2	40
00553544	NET	T2	48
00553574	NET	T2	12
00553580	NET	T2	28
0055359c	NET	T2	188
00553658	NET	T2	24
00553670	NET	T2	16
00553680	NET	T2	8
00553688	NET	T2	8
00553690	NET	T2	8
00553698	NET	T2	176
00553748	NET	T2	64
00553788	NET	T2	20
005537a0	NET	T2	68
005537e4	NET	T2	76
00553830	NET	T2	40
00553858	NET	T2	28
00553874	NET	T2	8
0055387c	NET	T2	12
00553888	NET	T2	36
005538ac	NET	T2	44
005538d8	NET	T2	24
005538f0	NET	T2	336
00553a40	NET	T2	24
00553a58	NET	T2	740
00553d3c	NET	T2	48
00553d6c	NET	T2	148
00553e00	NET	T2	28
00553e1c	NET	T2	68
00553e60	NET	T2	76
00553eac	NET	T2	40
00553ed4	NET	T2	28
00553ef0	NET	T2	8
00553ef8	NET	T2	12
00553f04	NET	T2	36
00553f28	NET	T2	44
00553f54	NET	T2	24
00553f6c	NET	T2	280
00554084	NET	T2	24
0055409c	NET	T2	676
00554340	NET	T2	48
00554370	NET	T2	92
005543cc	NET	T2	28
005543e8	NET	T2	120
00554460	NET	T2	112
005544d0	NET	T2	52
00554504	NET	T2	8
0055450c	NET	T2	12
00554518	NET	T2	28
00554534	NET	T2	64
00554574	NET	T2	64
005545b4	NET	T2	28
005545d0	NET	T2	240
005546c0	NET	T2	24
005546d8	NET	T2	216
005547b0	NET	T2	28
005547cc	NET	T2	620
00554a40	NET	T2	880
00554ea8	NET	T2	3968
00555e70	NET	T2	656
00556100	NET	T2	232
005561e8	NET	T2	800
00556508	NET	T2	440
005566c0	NET	T2	156
0055675c	NET	T2	304
005568a4	NET	T2	40
005568cc	NET	T2	48
005568fc	NET	T2	12
00556908	NET	T2	28
00556924	NET	T2	188
005569e0	NET	T2	24
005569f8	NET	T2	16
00556a08	NET	T2	8
00556a10	NET	T2	8
00556a18	NET	T2	8
00556a20	NET	T2	176
00556ad0	NET	T2	64
00556b10	NET	T2	20
00556b28	NET	T2	200
00556bf0	NET	T2	208
00556cc0	NET	T2	192
00556d80	NET	T2	28
00556d9c	NET	T2	196
00556e60	NET	T2	184
00556f18	NET	T2	1284
00557528	NET	T2	48
00557558	NET	T2	16
00557568	NET	T2	28
00557584	NET	T2	300
005576b0	NET	T2	468
005578a4	NET	T2	68
005578e8	NET	T2	76
00557934	NET	T2	40
0055795c	NET	T2	28
00557978	NET	T2	8
00557980	NET	T2	12
0055798c	NET	T2	36
005579b0	NET	T2	44
005579dc	NET	T2	24
005579f4	NET	T2	432
00557ba4	NET	T2	24
00557bbc	NET	T2	4332
00558dc8	NET	T2	48
00558df8	NET	T2	36
00558e1c	NET	T2	28
00558e38	NET	T2	468
0055902c	NET	T2	936
005593f4	NET	T2	272
00559504	NET	T2	412
005596a0	NET	T2	368
00559810	NET	T2	444
00559a04	NET	T2	100
00559a68	NET	T2	108
00559ad4	NET	T2	12
00559ae0	NET	T2	28
00559afc	NET	T2	76
00559b48	NET	T2	84
00559b9c	NET	T2	16
00559bac	NET	T2	8
00559bb4	NET	T2	8
00559bbc	NET	T2	8
00559bc4	NET	T2	280
00559cdc	NET	T2	64
00559d1c	NET	T2	20
00559d34	NET	T2	4
00559d38	NET	T2	4
00559d3c	NET	T2	60
00559d78	NET	T2	8
00559d80	NET	T2	28
00559d9c	NET	T2	72
00559de4	NET	T2	768
0055a0e4	NET	T2	4
0055a0e8	NET	T2	444
0055a2dc	NET	T2	420
0055a530	NET	T2	4
0055a534	NET	T2	4
0055a538	NET	T2	60
0055a574	NET	T2	8
0055a57c	NET	T2	20
0055a590	NET	T2	52
0055a5c4	NET	T2	4
0055a5c8	NET	T2	40
0055a5f0	NET	T2	60
0055a62c	NET	T2	8
0055a634	NET	T2	20
0055a648	NET	T2	40
0055a670	NET	T2	8
0055a678	NET	T2	16
0055a688	NET	T2	28
0055a6a4	NET	T2	8
0055a6ac	NET	T2	136
0055a734	NET	T2	284
0055a850	NET	T2	260
0055a954	NET	T2	68
0055a998	NET	T2	76
0055a9e4	NET	T2	40
0055aa0c	NET	T2	28
0055aa28	NET	T2	8
0055aa30	NET	T2	12
0055aa3c	NET	T2	36
0055aa60	NET	T2	44
0055aa8c	NET	T2	24
0055aaa4	NET	T2	336
0055abf4	NET	T2	24
0055ac0c	NET	T2	412
0055ada8	NET	T2	48
0055add8	NET	T2	148
0055ae6c	NET	T2	28
0055ae88	NET	T2	336
0055afd8	NET	T2	420
0055b17c	NET	T2	420
0055b320	NET	T2	536
0055b538	NET	T2	804
0055b85c	NET	T2	180
0055b910	NET	T2	112
0055b980	NET	T2	1220
0055be44	NET	T2	1372
0055c500	NET	T2	420
0055c6a4	NET	T2	360
0055c824	NET	T2	420
0055c9c8	NET	T2	420
0055cb6c	NET	T2	388
0055ccf0	NET	T2	576
0055cfe0	NET	T2	420
0055d184	NET	T2	1212
0055d640	NET	T2	432
0055d7f0	NET	T2	1784
0055df7c	NET	T2	796
0055e298	NET	T2	736
0055e57c	NET	T2	716
0055e848	NET	T2	1844
0055ef88	NET	T2	308
0055f0c4	NET	T2	8
0055f0cc	NET	T2	56
0055f108	NET	T2	376
0055f280	NET	T2	416
0055f420	NET	T2	148
0055f4f8	NET	T1	3260
00560298	NET	T2	748
00560584	NET	T2	160
00560658	NET	T2	88
005606b0	NET	T2	96
00560710	NET	T2	64
00560750	NET	T2	28
0056076c	NET	T2	24
00560784	NET	T2	4
00560788	NET	T2	68
005607cc	NET	T2	28
005607f0	NET	T2	388
00560974	NET	T2	476
00560b50	NET	T2	76
00560b9c	NET	T2	84
00560bf0	NET	T2	44
00560c1c	NET	T2	28
00560c38	NET	T2	488
00560e20	NET	T2	8
00560e28	NET	T2	12
00560e34	NET	T2	40
00560e5c	NET	T2	48
00560e8c	NET	T2	44
00560eb8	NET	T2	236
00560fa4	NET	T2	24
00560fbc	NET	T2	20
00560fd0	NET	T2	48
00561000	NET	T2	36
00561024	NET	T2	244
0056111c	NET	T1	936
00561528	NET	T2	4
0056152c	NET	T2	4
00561530	NET	T2	60
0056156c	NET	T2	8
00561574	NET	T2	32
00561594	NET	T2	76
005615e0	NET	T2	8
005615e8	NET	T2	88
00561640	NET	T2	116
005616b4	NET	T2	40
005616e0	NET	T2	124
00561760	NET	T2	64
005617a0	NET	T1	328
005618e8	NET	T2	264
005619f0	NET	T2	4
005619f4	NET	T2	48
00561a24	NET	T2	28
00561a40	NET	T2	4
00561a44	NET	T2	4
00561a48	NET	T2	8
00561a50	NET	T2	68
00561a94	NET	T2	12
00561aa0	NET	T2	180
00561ba0	NET	T1	748
00561f30	NET	T2	48
00561f60	NET	T2	488
00562148	NET	T2	452
0056230c	NET	T2	160
005623ac	NET	T2	68
005623f0	NET	T2	76
0056243c	NET	T2	40
00562464	NET	T2	28
00562480	NET	T2	8
00562488	NET	T2	12
00562494	NET	T2	36
005624b8	NET	T2	44
005624e4	NET	T2	24
005624fc	NET	T2	336
0056264c	NET	T2	24
00562664	NET	T2	3628
00563490	NET	T2	48
005634c0	NET	T2	148
00563554	NET	T2	28
00563570	NET	T2	68
005635b4	NET	T2	76
00563600	NET	T2	40
00563628	NET	T2	28
00563644	NET	T2	8
0056364c	NET	T2	12
00563658	NET	T2	36
0056367c	NET	T2	44
005636a8	NET	T2	24
005636c0	NET	T2	280
005637d8	NET	T2	24
005637f0	NET	T2	504
005639ec	NET	T2	48
00563a1c	NET	T2	92
00563a78	NET	T2	28
00563a94	NET	T2	68
00563ad8	NET	T2	76
00563b24	NET	T2	40
00563b4c	NET	T2	28
00563b68	NET	T2	8
00563b70	NET	T2	12
00563b7c	NET	T2	36
00563ba0	NET	T2	44
00563bcc	NET	T2	24
00563be4	NET	T2	280
00563cfc	NET	T2	24
00563d14	NET	T2	24
00563d2c	NET	T2	48
00563d5c	NET	T2	92
00563db8	NET	T2	28
00563dd4	NET	T2	68
00563e18	NET	T2	76
00563e64	NET	T2	40
00563e8c	NET	T2	28
00563ea8	NET	T2	8
00563eb0	NET	T2	12
00563ebc	NET	T2	36
00563ee0	NET	T2	44
00563f0c	NET	T2	24
00563f24	NET	T2	336
00564074	NET	T2	24
0056408c	NET	T2	92
005640e8	NET	T2	48
00564118	NET	T2	148
005641ac	NET	T2	28
005641c8	NET	T2	424
00564370	NET	T2	132
005643fc	NET	T2	248
005644f4	NET	T2	408
0056468c	NET	T2	68
005646d0	NET	T2	76
0056471c	NET	T2	40
00564744	NET	T2	28
00564760	NET	T2	8
00564768	NET	T2	12
00564774	NET	T2	36
00564798	NET	T2	44
005647c4	NET	T2	24
005647dc	NET	T2	280
005648f4	NET	T2	24
0056490c	NET	T2	200
005649d4	NET	T2	48
00564a04	NET	T2	92
00564a60	NET	T2	28
00564a80	NET	T2	388
00564c04	NET	T2	376
00564d7c	NET	T2	76
00564dc8	NET	T2	84
00564e1c	NET	T2	44
00564e48	NET	T2	28
00564e64	NET	T2	352
00564fc4	NET	T2	8
00564fcc	NET	T2	12
00564fd8	NET	T2	40
00565000	NET	T2	48
00565030	NET	T2	44
0056505c	NET	T2	236
00565148	NET	T2	24
00565160	NET	T2	76
005651ac	NET	T2	48
005651dc	NET	T2	36
00565200	NET	T2	68
00565244	NET	T2	76
00565290	NET	T2	40
005652b8	NET	T2	28
005652d4	NET	T2	8
005652dc	NET	T2	12
005652e8	NET	T2	36
0056530c	NET	T2	44
00565338	NET	T2	24
00565350	NET	T2	224
00565430	NET	T2	24
00565448	NET	T2	252
00565544	NET	T2	48
00565574	NET	T2	16
00565584	NET	T2	28
005655a0	NET	T2	308
005656d4	NET	T2	216
005657b0	NET	T2	388
00565934	NET	T2	448
00565af4	NET	T2	100
00565b58	NET	T2	108
00565bc4	NET	T2	12
00565bd0	NET	T2	28
00565bec	NET	T2	76
00565c38	NET	T2	84
00565c8c	NET	T2	16
00565c9c	NET	T2	8
00565ca4	NET	T2	8
00565cac	NET	T2	8
00565cb4	NET	T2	76
00565d00	NET	T2	64
00565d40	NET	T2	20
00565d58	NET	T2	132
00565de4	NET	T2	76
00565e30	NET	T2	84
00565e84	NET	T2	44
00565eb0	NET	T2	28
00565ecc	NET	T2	8
00565ed4	NET	T2	12
00565ee0	NET	T2	40
00565f08	NET	T2	48
00565f38	NET	T2	44
00565f64	NET	T2	228
00566048	NET	T2	24
00566060	NET	T2	116
005660d8	NET	T2	48
00566108	NET	T2	16
00566118	NET	T2	452
00566314	NET	T2	132
00566398	NET	T2	140
00566424	NET	T2	124
005664a0	NET	T2	28
005664bc	NET	T2	132
00566540	NET	T2	116
005665b4	NET	T2	336
00566708	NET	T2	48
00566738	NET	T2	16
00566748	NET	T2	28
00566764	NET	T2	328
005668ac	NET	T2	132
00566930	NET	T2	140
005669bc	NET	T2	124
00566a38	NET	T2	28
00566a54	NET	T2	132
00566ad8	NET	T2	116
00566b4c	NET	T2	416
00566cf0	NET	T2	48
00566d20	NET	T2	16
00566d30	NET	T2	28
00566d4c	NET	T2	328
00566e94	NET	T2	132
00566f18	NET	T2	140
00566fa4	NET	T2	124
00567020	NET	T2	28
0056703c	NET	T2	132
005670c0	NET	T2	116
00567134	NET	T2	132
005671bc	NET	T2	48
005671ec	NET	T2	16
005671fc	NET	T2	28
0056724c	NET	T2	264
00567354	NET	T2	12
00567360	NET	T2	420
00567504	NET	T2	1012
005678fc	NET	T2	692
00567bb4	NET	T2	628
00567e28	NET	T2	4
00567e2c	NET	T2	624
0056809c	NET	T2	1104
00568538	NET	T2	208
00568620	NET	T2	324
00568784	NET	T2	396
00568910	NET	T2	104
0056898c	NET	T2	680
00568c40	NET	T2	212
00568d28	NET	T2	1388
00569294	NET	T2	1380
005697f8	NET	T2	696
00569ab0	NET	T2	152
00569b48	NET	T2	688
00569df8	NET	T2	1404
0056a374	NET	T2	1396
0056a8e8	NET	T2	1472
0056aea8	NET	T2	972
0056b274	NET	T2	2188
0056bb18	NET	T2	48
0056bb48	NET	T2	2676
0056c5e4	NET	T2	436
0056c7b8	NET	T2	176
0056c868	NET	T2	784
0056cb78	NET	T2	708
0056ce3c	NET	T2	716
0056d108	NET	T2	940
0056d4b4	NET	T2	24
0056d4cc	NET	T2	16
0056d4dc	NET	T2	16
0056d4ec	NET	T2	12
0056d4f8	NET	T2	12
0056d504	NET	T2	24
0056d51c	NET	T2	28
0056d53c	NET	T2	8
0056d544	NET	T2	8
0056d54c	NET	T2	100
0056d5b0	NET	T2	108
0056d61c	NET	T2	12
0056d628	NET	T2	28
0056d644	NET	T2	76
0056d690	NET	T2	84
0056d6e4	NET	T2	16
0056d6f4	NET	T2	8
0056d6fc	NET	T2	8
0056d704	NET	T2	8
0056d70c	NET	T2	272
0056d81c	NET	T2	64
0056d85c	NET	T2	20
0056d874	NET	T2	256
0056d974	NET	T2	200
0056da3c	NET	T2	208
0056db0c	NET	T2	192
0056dbcc	NET	T2	28
0056dbe8	NET	T2	196
0056dcac	NET	T2	184
0056dd64	NET	T2	656
0056dff4	NET	T2	48
0056e024	NET	T2	16
0056e034	NET	T2	28
0056e050	NET	T2	444
0056e244	NET	T2	896
0056e5dc	NET	T2	304
0056e724	NET	T2	8
0056e72c	NET	T2	44
0056e758	NET	T2	72
0056e7a0	NET	T2	16
0056e7b0	NET	T2	92
0056e80c	NET	T2	188
0056e8c8	NET	T2	40
0056e8f0	NET	T2	48
0056e920	NET	T2	12
0056e92c	NET	T2	28
0056e948	NET	T2	1232
0056ef24	NET	T2	24
0056ef3c	NET	T2	24
0056ef54	NET	T2	4
0056ef58	NET	T2	28
0056ef80	NET	T2	48
0056efb0	NET	T2	68
0056eff4	NET	T2	76
0056f040	NET	T2	40
0056f068	NET	T2	28
0056f084	NET	T2	8
0056f08c	NET	T2	12
0056f098	NET	T2	36
0056f0bc	NET	T2	44
0056f0e8	NET	T2	24
0056f100	NET	T2	336
0056f250	NET	T2	24
0056f268	NET	T2	2196
0056fb00	NET	T2	48
0056fb30	NET	T2	148
0056fbc4	NET	T2	28
0056fbe0	NET	T2	72
0056fc28	NET	T2	212
0056fcfc	NET	T2	220
0056fdd8	NET	T2	204
0056fea4	NET	T2	28
0056fec0	NET	T2	208
0056ff90	NET	T2	196
00570054	NET	T2	1504
0057073c	NET	T2	48
0057076c	NET	T2	40
00570794	NET	T2	28
005707b0	NET	T2	68
005707f4	NET	T2	76
00570840	NET	T2	40
00570868	NET	T2	28
00570884	NET	T2	8
0057088c	NET	T2	12
00570898	NET	T2	36
005708bc	NET	T2	44
005708e8	NET	T2	24
00570900	NET	T2	336
00570a50	NET	T2	24
00570a68	NET	T2	44
00570a94	NET	T2	48
00570ac4	NET	T2	148
00570b58	NET	T2	28
00570b74	NET	T2	68
00570bb8	NET	T2	76
00570c04	NET	T2	40
00570c2c	NET	T2	28
00570c48	NET	T2	8
00570c50	NET	T2	12
00570c5c	NET	T2	36
00570c80	NET	T2	44
00570cac	NET	T2	24
00570cc4	NET	T2	280
00570ddc	NET	T2	24
00570df4	NET	T2	140
00570e80	NET	T2	48
00570eb0	NET	T2	92
00570f0c	NET	T2	28
00570f28	NET	T2	724
005711fc	NET	T2	688
005714c4	NET	T2	272
005715d4	NET	T2	68
00571618	NET	T2	76
00571664	NET	T2	40
0057168c	NET	T2	28
005716a8	NET	T2	8
005716b0	NET	T2	12
005716bc	NET	T2	36
005716e0	NET	T2	44
0057170c	NET	T2	24
00571724	NET	T2	336
00571874	NET	T2	24
0057188c	NET	T2	600
00571ae4	NET	T2	48
00571b14	NET	T2	148
00571ba8	NET	T2	28
00571bc4	NET	T2	68
00571c08	NET	T2	76
00571c54	NET	T2	40
00571c7c	NET	T2	28
00571c98	NET	T2	8
00571ca0	NET	T2	12
00571cac	NET	T2	36
00571cd0	NET	T2	44
00571cfc	NET	T2	24
00571d14	NET	T2	336
00571e64	NET	T2	24
00571e7c	NET	T2	600
005720d4	NET	T2	48
00572104	NET	T2	148
00572198	NET	T2	28
005721b4	NET	T2	68
005721f8	NET	T2	76
00572244	NET	T2	40
0057226c	NET	T2	28
00572288	NET	T2	8
00572290	NET	T2	12
0057229c	NET	T2	36
005722c0	NET	T2	44
005722ec	NET	T2	24
00572304	NET	T2	336
00572454	NET	T2	24
0057246c	NET	T2	600
005726c4	NET	T2	48
005726f4	NET	T2	148
00572788	NET	T2	28
005727a4	NET	T2	68
005727e8	NET	T2	76
00572834	NET	T2	40
0057285c	NET	T2	28
00572878	NET	T2	8
00572880	NET	T2	12
0057288c	NET	T2	36
005728b0	NET	T2	44
005728dc	NET	T2	24
005728f4	NET	T2	336
00572a44	NET	T2	24
00572a5c	NET	T2	600
00572cb4	NET	T2	48
00572ce4	NET	T2	148
00572d78	NET	T2	28
00572d94	NET	T2	68
00572dd8	NET	T2	76
00572e24	NET	T2	40
00572e4c	NET	T2	28
00572e68	NET	T2	8
00572e70	NET	T2	12
00572e7c	NET	T2	36
00572ea0	NET	T2	44
00572ecc	NET	T2	24
00572ee4	NET	T2	392
0057306c	NET	T2	24
00573084	NET	T2	160
00573124	NET	T2	48
00573154	NET	T2	204
00573220	NET	T2	28
0057323c	NET	T2	28
00573258	NET	T2	44
00573284	NET	T2	16
00573294	NET	T2	60
005732d0	NET	T2	8
005732d8	NET	T2	56
00573310	NET	T2	104
00573378	NET	T2	8
00573380	NET	T2	28
0057339c	NET	T2	44
005733c8	NET	T2	16
005733d8	NET	T2	60
00573414	NET	T2	8
0057341c	NET	T2	56
00573454	NET	T2	104
005734bc	NET	T2	564
00573504	NET	T2	72
00573888	NET	T2	28
005738a4	NET	T2	44
005738d0	NET	T2	16
005738e0	NET	T2	60
0057391c	NET	T2	8
00573924	NET	T2	56
0057395c	NET	T2	104
005739c4	NET	T2	120
00573a3c	NET	T2	28
00573a58	NET	T2	44
00573a84	NET	T2	16
00573a94	NET	T2	60
00573ad0	NET	T2	8
00573ad8	NET	T2	56
00573b10	NET	T2	104
00573b78	NET	T2	120
00573bf0	NET	T2	28
00573c0c	NET	T2	44
00573c38	NET	T2	16
00573c48	NET	T2	60
00573c84	NET	T2	8
00573c8c	NET	T2	56
00573cc4	NET	T2	104
00573d2c	NET	T2	120
00573da4	NET	T2	28
00573dc0	NET	T2	44
00573dec	NET	T2	16
00573dfc	NET	T2	60
00573e38	NET	T2	8
00573e40	NET	T2	56
00573e78	NET	T2	104
00573ee0	NET	T2	120
00573f58	NET	T2	4
00573f5c	NET	T2	4
00573f60	NET	T2	60
00573f9c	NET	T2	8
00573fa4	NET	T2	28
00573fc0	NET	T2	72
00574008	NET	T2	1800
0057480c	NET	T2	272
0057491c	NET	T2	320
00574a5c	NET	T2	4
00574a60	NET	T2	4
00574a64	NET	T2	60
00574aa0	NET	T2	8
00574aa8	NET	T2	28
00574ac4	NET	T2	72
00574b0c	NET	T2	88
00574b64	NET	T2	296
00574c8c	NET	T2	132
00574d10	NET	T2	140
00574d9c	NET	T2	124
00574e18	NET	T2	28
00574e34	NET	T2	132
00574eb8	NET	T2	116
00574f2c	NET	T2	180
00574fe0	NET	T2	48
00575010	NET	T2	16
00575020	NET	T2	28
0057503c	NET	T2	132
005750c0	NET	T2	140
0057514c	NET	T2	124
005751c8	NET	T2	28
005751e4	NET	T2	132
00575268	NET	T2	116
005752dc	NET	T2	72
00575324	NET	T2	48
00575354	NET	T2	16
00575364	NET	T2	28
00575380	NET	T2	132
00575404	NET	T2	140
00575490	NET	T2	124
0057550c	NET	T2	28
00575528	NET	T2	132
005755ac	NET	T2	116
00575620	NET	T2	92
0057567c	NET	T2	48
005756ac	NET	T2	16
005756bc	NET	T2	28
005756d8	NET	T2	184
005757d8	NET	T2	208
005758a8	NET	T2	200
00575970	NET	T2	88
005759c8	NET	T2	608
00575c30	NET	T2	368
00575dd8	NET	T2	12
00575de4	NET	T2	8
00575dec	NET	T2	8
00575df4	NET	T2	12
00575e00	NET	T2	8
00575e08	NET	T2	8
00575e10	NET	T2	8
00575e18	NET	T2	8
00575e20	NET	T2	8
00575e28	NET	T2	172
00575ed4	NET	T2	12
00575ee0	NET	T2	1060
00576308	NET	T2	164
005763ac	NET	T2	628
00576620	NET	T2	4
00576624	NET	T2	8
0057662c	NET	T2	8
00576634	NET	T2	288
00576754	NET	T2	540
00576994	NET	T2	12
005769a0	NET	T2	12
005769ac	NET	T2	12
005769b8	NET	T2	12
005769c4	NET	T2	12
005769d0	NET	T2	12
005769dc	NET	T2	108
00576a48	NET	T2	108
00576ab4	NET	T2	8
00576abc	NET	T2	8
00576ac4	NET	T2	8
00576acc	NET	T2	12
00576ad8	NET	T2	12
00576ae4	NET	T2	3440
005779b0	NET	T2	988
00577de0	NET	T2	988
00578210	NET	T2	236
005782fc	NET	T2	420
005784a0	NET	T2	384
00578644	NET	T2	380
005787d8	NET	T2	408
00578970	NET	T2	80
005789c0	NET	T2	388
00578b44	NET	T2	476
00578d20	NET	T2	156
00578dbc	NET	T2	164
00578e60	NET	T2	12
00578e6c	NET	T2	28
00578e88	NET	T2	132
00578f0c	NET	T2	140
00578f98	NET	T2	16
00578fa8	NET	T2	8
00578fb0	NET	T2	8
00578fb8	NET	T2	8
00578fc0	NET	T2	176
00579070	NET	T2	64
005790b0	NET	T2	20
005790c8	NET	T2	132
00579154	NET	T2	76
005791a0	NET	T2	84
005791f4	NET	T2	44
00579220	NET	T2	28
0057923c	NET	T2	392
005793c4	NET	T2	8
005793cc	NET	T2	12
005793d8	NET	T2	40
00579400	NET	T2	48
00579430	NET	T2	44
0057945c	NET	T2	236
00579548	NET	T2	24
00579560	NET	T2	284
00579680	NET	T2	48
005796b0	NET	T2	36
005796d4	NET	T2	276
005797e8	NET	T1	632
00579ae4	NET	T1	336
00579c34	NET	T2	4
00579c38	NET	T2	4
00579c3c	NET	T2	60
00579c78	NET	T2	8
00579c80	NET	T2	32
00579ca0	NET	T2	76
00579cec	NET	T2	12
00579cf8	NET	T2	200
00579dc0	NET	T2	208
00579e90	NET	T2	192
00579f50	NET	T2	28
00579f6c	NET	T2	196
0057a030	NET	T2	184
0057a0e8	NET	T2	644
0057a3a8	NET	T2	48
0057a3d8	NET	T2	16
0057a3e8	NET	T2	28
0057a410	NET	T2	224
0057a4f0	NET	T2	420
0057a694	NET	T2	420
0057a838	NET	T2	380
0057a9cc	NET	T2	408
0057ab70	NET	T2	388
0057acf4	NET	T2	476
0057aed0	NET	T2	156
0057af6c	NET	T2	164
0057b010	NET	T2	12
0057b01c	NET	T2	28
0057b038	NET	T2	132
0057b0bc	NET	T2	140
0057b148	NET	T2	16
0057b158	NET	T2	8
0057b160	NET	T2	8
0057b168	NET	T2	8
0057b170	NET	T2	176
0057b220	NET	T2	64
0057b260	NET	T2	20
0057b278	NET	T2	132
0057b304	NET	T2	76
0057b350	NET	T2	84
0057b3a4	NET	T2	44
0057b3d0	NET	T2	28
0057b3ec	NET	T2	392
0057b574	NET	T2	8
0057b57c	NET	T2	12
0057b588	NET	T2	40
0057b5b0	NET	T2	48
0057b5e0	NET	T2	44
0057b60c	NET	T2	236
0057b6f8	NET	T2	24
0057b710	NET	T2	284
0057b830	NET	T2	48
0057b860	NET	T2	36
0057b884	NET	T2	276
0057b998	NET	T1	632
0057bc94	NET	T1	336
0057bde4	NET	T2	4
0057bde8	NET	T2	4
0057bdec	NET	T2	60
0057be28	NET	T2	8
0057be30	NET	T2	32
0057be50	NET	T2	76
0057be9c	NET	T2	12
0057bea8	NET	T2	200
0057bf70	NET	T2	208
0057c040	NET	T2	192
0057c100	NET	T2	28
0057c11c	NET	T2	196
0057c1e0	NET	T2	184
0057c298	NET	T2	644
0057c558	NET	T2	48
0057c588	NET	T2	16
0057c598	NET	T2	28
0057c5b4	NET	T2	304
0057c6fc	NET	T2	4
0057c700	NET	T2	4
0057c704	NET	T2	4
0057c708	NET	T2	60
0057c744	NET	T2	8
0057c74c	NET	T2	32
0057c76c	NET	T2	76
0057c7b8	NET	T2	24
0057c7d0	NET	T2	32
0057c7f0	NET	T2	48
0057c820	NET	T2	300
0057c94c	NET	T2	172
0057c9f8	NET	T2	68
0057ca44	NET	T2	284
0057cbac	NET	T2	72
0057cbf4	NET	T2	1316
0057d184	NET	T2	40
0057d1ac	NET	T2	48
0057d1dc	NET	T2	448
0057d1e4	NET	T2	28
0057d3b8	NET	T2	368
0057d528	NET	T2	12
0057d534	NET	T2	12
0057d540	NET	T2	12
0057d54c	NET	T2	12
0057d558	NET	T2	12
0057d564	NET	T2	12
0057d570	NET	T2	12
0057d580	NET	T2	132
0057d640	NET	T2	40
0057d670	NET	T2	180
0057d730	NET	T2	16
0057d740	NET	T2	84
0057d7a0	NET	T2	332
0057d8ec	NET	T2	112
0057d95c	NET	T2	140
0057d9fc	NET	T2	144
0057daa0	NET	T2	348
0057dbfc	NET	T2	60
0057dc4c	NET	T2	348
0057dda8	NET	T2	260
0057dec0	NET	T2	836
0057e204	NET	T2	248
0057e2fc	NET	T2	460
0057e4c8	NET	T2	100
0057e52c	NET	T2	252
0057e628	NET	T2	12
0057e634	NET	T2	28
0057e650	NET	T2	76
0057e69c	NET	T2	228
0057e780	NET	T2	16
0057e790	NET	T2	8
0057e798	NET	T2	8
0057e7a0	NET	T2	8
0057e7a8	NET	T2	196
0057e86c	NET	T2	64
0057e8ac	NET	T2	20
0057e8c4	NET	T2	68
0057e908	NET	T2	76
0057e954	NET	T2	40
0057e97c	NET	T2	28
0057e998	NET	T2	8
0057e9a0	NET	T2	12
0057e9ac	NET	T2	36
0057e9d0	NET	T2	44
0057e9fc	NET	T2	24
0057ea14	NET	T2	440
0057ebcc	NET	T2	24
0057ebe4	NET	T2	1360
0057f168	NET	T2	48
0057f198	NET	T2	36
0057f1bc	NET	T2	28
0057f1d8	NET	T2	340
0057f260	NET	T2	20
0057f274	NET	T2	16
0057f350	NET	T2	40
0057f378	NET	T2	380
0057f50c	NET	T2	408
0057f6a4	NET	T2	80
0057f700	NET	T2	388
0057f884	NET	T2	476
0057fa60	NET	T2	156
0057fafc	NET	T2	164
0057fba0	NET	T2	12
0057fbac	NET	T2	28
0057fbc8	NET	T2	132
0057fc4c	NET	T2	140
0057fcd8	NET	T2	16
0057fce8	NET	T2	8
0057fcf0	NET	T2	8
0057fcf8	NET	T2	8
0057fd00	NET	T2	176
0057fdb0	NET	T2	64
0057fdf0	NET	T2	20
0057fe08	NET	T2	132
0057fe94	NET	T2	76
0057fee0	NET	T2	84
0057ff34	NET	T2	44
0057ff60	NET	T2	28
0057ff7c	NET	T2	392
00580104	NET	T2	8
0058010c	NET	T2	12
00580118	NET	T2	40
00580140	NET	T2	48
00580170	NET	T2	44
0058019c	NET	T2	236
00580288	NET	T2	24
005802a0	NET	T2	280
005803bc	NET	T2	48
005803ec	NET	T2	36
00580410	NET	T2	276
00580524	NET	T1	640
00580828	NET	T1	336
00580a3c	NET	T3	248
00580b34	NET	T3	60
00580b70	NET	T3	8
00580b78	NET	T3	136
00580c08	NET	T3	28
00580c24	NET	T3	24
00580c3c	NET	T3	16
00580c4c	NET	T3	304
00580d7c	NET	T3	256
00580eb4	NET	T3	108
00580f20	NET	T3	1016
005813bc	NET	T3	32
005813dc	NET	T3	752
00581724	NET	T3	420
005818c8	NET	T3	8
005818d0	NET	T3	284
00581a00	NET	T3	8
00581a08	NET	T3	476
00581c5c	NET	T3	88
00581cb4	NET	T3	292
00581dec	NET	T3	8
00581df4	NET	T3	324
00581f40	NET	T3	88
00581fa0	NET	T3	652
00582270	NET	T3	400
00582430	NET	T3	536
00582690	NET	T3	96
005826f0	NET	T3	108
00582760	NET	T3	428
00582930	NET	T3	428
00582b00	NET	T3	680
00582e10	NET	T3	680
005836f4	NET	T3	88
0058374c	NET	T3	108
005841a8	NET	T3	84
005841fc	NET	T3	108
00584954	NET	T3	160
005849fc	NET	T3	184
00584b00	NET	T3	88
00584b58	NET	T3	108
005855b4	NET	T3	84
00585608	NET	T3	108
00585d60	NET	T3	160
00585e08	NET	T3	184
00585f0c	NET	T3	92
00585f68	NET	T3	108
00586c90	NET	T3	100
0058782c	NET	T3	96
00588310	NET	T3	168
005883c0	NET	T3	196
005885cc	NET	T3	88
00588624	NN_SDK	T3	304
005888c8	NET	T3	108
00588f84	NN_SDK	T1	916
00589318	NN_SDK	T2	556
00589544	NN_SDK	T2	4
00589548	NN_SDK	T2	704
00589820	NN_SDK	T2	160
005898c0	NN_SDK	T2	8
005898c8	NN_SDK	T2	392
00589a50	NN_SDK	T2	76
00589a9c	NN_SDK	T2	244
00589b90	NN_SDK	T2	84
00589be4	NN_SDK	T2	208
00589cd0	NN_SDK	T2	24
00589ce8	NN_SDK	T2	64
00589d28	NN_SDK	T2	1008
0058a118	NN_SDK	T1	716
0058a3e4	NN_SDK	T2	240
0058a4d4	NN_SDK	T2	4
0058a4d8	NN_SDK	T2	592
0058a740	NN_SDK	T2	92
0058a79c	NN_SDK	T2	8
0058a7a4	NN_SDK	T2	200
0058a86c	NN_SDK	T2	76
0058a8b8	NN_SDK	T2	108
0058a928	NN_SDK	T2	160
0058a9e0	NN_SDK	T2	132
0058aa68	NN_SDK	T2	144
0058aaf8	NN_SDK	T2	496
0058ace8	NN_SDK	T2	320
0058ae28	NN_SDK	T2	156
0058aec4	NN_SDK	T2	4
0058aec8	NN_SDK	T2	8
0058aed0	NN_SDK	T2	76
0058af1c	NN_SDK	T2	108
0058af8c	NN_SDK	T2	176
0058b054	NN_SDK	T2	132
0058b0dc	NN_SDK	T2	100
0058b140	NN_SDK	T2	468
0058b314	NN_SDK	T1	344
0058bfb0	NET	T1	200
0058c098	NET	T2	200
0058c180	NET	T2	200
0058c268	NET	T2	148
0058c314	NET	T2	136
0058c3a0	NET	T2	136
0058c42c	NET	T2	148
0058c4d8	NET	T1	348
0058c64c	NET	T2	348
0058c7c0	NET	T1	148
0058c86c	NET	T1	348
0058c9e0	NET	T3	16
0058d4e0	NET	T3	88
0058d538	NET	T3	108
0058d770	NN_SDK	T3	340
0058d8c4	NN_SDK	T3	356
0058dc9c	NN_SDK	T1	856
0058dff4	NN_SDK	T2	340
0058e148	NN_SDK	T2	4
0058e14c	NN_SDK	T2	560
0058e394	NN_SDK	T2	52
0058e3c8	NN_SDK	T2	8
0058e3d0	NN_SDK	T2	392
0058e558	NN_SDK	T2	76
0058e5a4	NN_SDK	T2	132
0058e63c	NN_SDK	T2	176
0058e704	NN_SDK	T2	24
0058e71c	NN_SDK	T2	128
0058e79c	NN_SDK	T2	848
0058eaec	NN_SDK	T1	556
0058ed18	NN_SDK	T2	256
0058ee18	NN_SDK	T2	4
0058ee1c	NN_SDK	T2	328
0058ef7c	NN_SDK	T2	8
0058ef84	NN_SDK	T2	76
0058efd0	NN_SDK	T2	160
0058f070	NN_SDK	T2	208
0058f158	NN_SDK	T2	324
0058f2b4	NN_SDK	T2	108
0058f324	NN_SDK	T2	312
0058f474	NN_SDK	T2	132
0058f4fc	NN_SDK	T2	264
0058f604	NN_SDK	T2	1068
0058fa30	NN_SDK	T1	688
0058fce0	NN_SDK	T2	568
0058ff18	NN_SDK	T2	4
0058ff1c	NN_SDK	T2	652
005901c0	NN_SDK	T2	8
005901c8	NN_SDK	T2	76
00590214	NN_SDK	T2	280
0059032c	NN_SDK	T2	136
005903b4	NN_SDK	T2	84
00590408	NN_SDK	T2	440
005905d8	NN_SDK	T2	304
00590720	NN_SDK	T2	328
00590880	NN_SDK	T2	432
00590a48	NN_SDK	T2	208
00590b34	NN_SDK	T2	24
00590b4c	NN_SDK	T2	64
00590b8c	NN_SDK	T2	360
0059102c	NN_SDK	T2	820
00591360	NN_SDK	T2	364
005914cc	NN_SDK	T2	4
005914d0	NN_SDK	T2	252
0059177c	NN_SDK	T2	92
005917d8	NN_SDK	T2	8
005917e0	NN_SDK	T2	76
0059182c	NN_SDK	T2	196
0059190c	NN_SDK	T2	24
00591924	NN_SDK	T2	44
00591950	NN_SDK	T2	252
00591a4c	NN_SDK	T2	144
00591adc	NN_SDK	T2	68
00591b20	NN_SDK	T2	4
00591b24	NN_SDK	T2	200
00591c04	NN_SDK	T2	8
00591c0c	NN_SDK	T2	68
00591c50	NN_SDK	T2	196
00591d30	NN_SDK	T2	24
00591d48	NN_SDK	T2	44
00591d74	NN_SDK	T2	252
00591e70	NN_SDK	T2	144
00591f00	NN_SDK	T2	68
00591f44	NN_SDK	T2	4
00591f48	NN_SDK	T2	200
00592028	NN_SDK	T2	8
00592030	NN_SDK	T2	68
00592074	NN_SDK	T2	212
0059217c	NN_SDK	T2	24
00592194	NN_SDK	T2	68
005921d8	NN_SDK	T2	616
00592440	NN_SDK	T2	360
005925a8	NN_SDK	T2	172
00592654	NN_SDK	T2	4
00592658	NN_SDK	T2	208
00592740	NN_SDK	T2	8
00592748	NN_SDK	T2	80
00592798	NN_SDK	T2	212
0059286c	NN_SDK	T2	208
00592958	NN_SDK	T2	24
00592970	NN_SDK	T2	64
005929b0	NN_SDK	T2	964
00592d74	NN_SDK	T2	892
005930f0	NN_SDK	T2	384
00593270	NN_SDK	T2	4
00593274	NN_SDK	T2	536
005934a4	NN_SDK	T2	8
005934ac	NN_SDK	T2	76
005934f8	NN_SDK	T2	108
00593568	NN_SDK	T2	184
00593638	NN_SDK	T2	132
005936c0	NN_SDK	T2	240
005937b0	NN_SDK	T2	876
00593b1c	NN_SDK	T2	648
00593da4	NN_SDK	T2	392
00593f2c	NN_SDK	T2	4
00593f30	NN_SDK	T2	420
005940ec	NN_SDK	T2	8
005940f4	NN_SDK	T2	76
00594140	NN_SDK	T2	216
00594234	NN_SDK	T2	24
0059424c	NN_SDK	T2	112
005942bc	NN_SDK	T2	496
005944ac	NN_SDK	T2	320
005945ec	NN_SDK	T2	156
00594688	NN_SDK	T2	4
0059468c	NN_SDK	T2	8
00594694	NN_SDK	T2	76
005946e0	NN_SDK	T2	108
005947b0	NN_SDK	T2	112
00594824	NN_SDK	T2	196
00594900	NN_SDK	T2	176
005949c8	NN_SDK	T2	24
005949e0	NN_SDK	T2	128
00594a60	NN_SDK	T2	848
00594db0	NN_SDK	T1	556
00594fdc	NN_SDK	T2	256
005950dc	NN_SDK	T2	4
005950e0	NN_SDK	T2	8
005950e8	NN_SDK	T2	76
00595134	NN_SDK	T2	108
005951a4	NN_SDK	T2	208
0059528c	NN_SDK	T2	132
00595314	NN_SDK	T2	176
005953c4	NN_SDK	T2	736
005956a4	NN_SDK	T1	528
005958b4	NN_SDK	T2	368
00595a24	NN_SDK	T2	4
00595a28	NN_SDK	T2	8
00595a30	NN_SDK	T2	76
00595a7c	NN_SDK	T2	100
00595ae0	NN_SDK	T2	108
00595b50	NN_SDK	T2	200
00595c30	NN_SDK	T2	132
00595cb8	NN_SDK	T2	148
00595d4c	NN_SDK	T2	736
0059602c	NN_SDK	T2	404
005961c0	NN_SDK	T2	152
00596258	NN_SDK	T2	4
0059625c	NN_SDK	T2	8
00596264	NN_SDK	T2	68
005962a8	NN_SDK	T2	208
00596378	NN_SDK	T2	88
005963d0	NN_SDK	T2	108
00596440	NN_SDK	T2	200
00596520	NN_SDK	T2	132
005965a8	NN_SDK	T2	136
00596630	NN_SDK	T2	372
00596b10	NN_SDK	T1	1740
005971dc	NN_SDK	T2	212
0059735c	NN_SDK	T2	4
00597360	NN_SDK	T2	380
005976d8	NN_SDK	T2	160
00597778	NN_SDK	T2	8
00597780	NN_SDK	T2	76
005977cc	NN_SDK	T2	124
00597848	NN_SDK	T2	84
0059789c	NN_SDK	T2	304
005979e4	NN_SDK	T2	324
00597b40	NN_SDK	T2	108
00597bb0	NN_SDK	T2	216
00597ca0	NN_SDK	T2	132
00597d28	NN_SDK	T2	172
00597dd4	NN_SDK	T2	824
0059810c	NN_SDK	T2	484
005982f0	NN_SDK	T2	452
005984b4	NN_SDK	T2	4
005984b8	NN_SDK	T2	500
005986c4	NN_SDK	T2	8
005986cc	NN_SDK	T2	76
00598718	NN_SDK	T2	108
00598788	NN_SDK	T2	160
00598840	NN_SDK	T2	132
005988c8	NN_SDK	T2	144
00598958	NN_SDK	T2	496
00598b48	NN_SDK	T2	320
00598c88	NN_SDK	T2	156
00598d24	NN_SDK	T2	4
00598d28	NN_SDK	T2	8
00598d30	NN_SDK	T2	76
00598d7c	NN_SDK	T2	108
00598dec	NN_SDK	T2	176
00598eb4	NN_SDK	T2	132
00598f3c	NN_SDK	T2	100
00598fa0	NN_SDK	T2	468
00599174	NN_SDK	T1	344
005992cc	NN_SDK	T2	160
0059936c	NN_SDK	T2	4
00599370	NN_SDK	T2	8
00599378	NN_SDK	T2	76
005993c4	NN_SDK	T2	212
005994cc	NN_SDK	T2	24
005994e4	NN_SDK	T2	68
00599528	NN_SDK	T2	696
005997e0	NN_SDK	T1	420
00599984	NN_SDK	T2	196
00599a48	NN_SDK	T2	4
00599a4c	NN_SDK	T2	8
00599a54	NN_SDK	T2	80
00599aa4	NN_SDK	T2	108
00599b14	NN_SDK	T2	176
00599bdc	NN_SDK	T2	132
00599c64	NN_SDK	T2	100
00599cc8	NN_SDK	T2	468
00599e9c	NN_SDK	T1	344
00599ff4	NN_SDK	T2	160
0059a094	NN_SDK	T2	4
0059a098	NN_SDK	T2	8
0059a0a0	NN_SDK	T2	80
0059a0f0	NN_SDK	T2	108
0059a160	NN_SDK	T2	208
0059a248	NN_SDK	T2	132
0059a2d0	NN_SDK	T2	180
0059a384	NN_SDK	T2	844
0059a6d0	NN_SDK	T1	708
0059a994	NN_SDK	T2	296
0059aabc	NN_SDK	T2	4
0059aac0	NN_SDK	T2	444
0059ac94	NN_SDK	T2	8
0059ac9c	NN_SDK	T2	76
0059ace8	NN_SDK	T2	108
0059ad58	NN_SDK	T2	232
0059ae58	NN_SDK	T2	132
0059aee0	NN_SDK	T2	212
0059afb4	NN_SDK	T2	844
0059b300	NN_SDK	T1	708
0059b5c4	NN_SDK	T2	296
0059b6ec	NN_SDK	T2	4
0059b6f0	NN_SDK	T2	444
0059b8c4	NN_SDK	T2	8
0059b8cc	NN_SDK	T2	68
0059b910	NN_SDK	T2	108
0059b980	NN_SDK	T2	344
0059baf0	NN_SDK	T2	132
0059bb78	NN_SDK	T2	312
0059bcb0	NN_SDK	T2	376
0059c07c	NN_SDK	T1	952
0059dc00	NET	T1	200
0059dce8	NN_SDK	T3	136
0059dd74	NN_SDK	T3	136
0059de00	NN_SDK	T3	136
0059de8c	NN_SDK	T3	136
0059df18	NN_SDK	T3	136
0059dfa4	NN_SDK	T3	288
0059e0dc	NN_SDK	T3	136
0059e168	NN_SDK	T3	136
0059e1f4	NN_SDK	T3	136
0059e280	NN_SDK	T3	348
0059e3f4	NET	T3	68
0059e438	NN_SDK	T1	492
0059ede4	NET	T3	152
0059f624	NET	T3	152
0059fe64	NET	T3	152
005a1f64	NET	T3	152
005a4348	NET	T3	144
005a5bc0	NET	T1	748
005a5f48	NET	T2	868
005a63a4	NET	T2	868
005a6800	NET	T2	752
005a6df0	NET	T2	16
005a6e00	NET	T2	4
005a6e04	NET	T2	4
005a6e08	NET	T1	752
005a73f8	NET	T2	692
005a7754	NET	T2	168
005a7800	NET	T2	244
005a78fc	NET	T2	188
005a79bc	NET	T2	188
005a7a7c	NET	T2	144
005a7b0c	NET	T2	204
005a7bd8	NET	T2	24
005a7bf0	NET	T2	588
005a7e3c	NET	T2	116
005a7eb0	NET	T2	8
005a7eb8	NET	T2	80
005a7f08	NET	T2	504
005a8100	NET	T2	140
005a818c	NET	T2	224
005a826c	NET	T2	172
005a831c	NET	T2	296
005a8444	NET	T2	220
005a8520	NET	T2	8
005a8528	NET	T2	48
005a8558	NET	T1	288
005a8678	NET	T2	140
005a8704	NET	T2	1332
005a8cbc	NET	T2	244
005a8db8	NET	T2	24
005a8dd0	NET	T2	588
005a901c	NET	T2	112
005a908c	NET	T2	8
005a9094	NET	T2	80
005a90e4	NET	T2	504
005a92dc	NET	T2	140
005a9368	NET	T2	264
005a9470	NET	T2	1356
005a9a00	NET	T2	224
005a9ae0	NET	T2	264
005a9be8	NET	T2	48
005a9c18	NET	T2	28
005a9c34	NET	T2	4
005a9c38	NET	T2	4
005a9c3c	NET	T2	8
005a9c44	NET	T2	68
005a9c88	NET	T2	12
005a9c94	NET	T2	180
005a9da0	NET	T1	748
005aa128	NET	T2	868
005aa584	NET	T2	868
005aa9e0	NET	T2	752
005aafd0	NET	T2	16
005aafe0	NET	T2	4
005aafe4	NET	T2	752
005ab5d4	NET	T2	692
005ab930	NET	T2	168
005ab9dc	NET	T2	244
005abad8	NET	T2	188
005abb98	NET	T2	188
005abc58	NET	T2	144
005abce8	NET	T2	204
005abdb4	NET	T2	24
005abdcc	NET	T2	588
005ac018	NET	T2	116
005ac08c	NET	T2	8
005ac094	NET	T2	80
005ac0e4	NET	T2	504
005ac2dc	NET	T2	140
005ac368	NET	T2	224
005ac448	NET	T2	172
005ac4f8	NET	T2	296
005ac620	NET	T2	220
005ac6fc	NET	T2	8
005ac704	NET	T2	48
005ac734	NET	T1	288
005ac854	NET	T2	140
005ac8e0	NET	T2	1332
005ace98	NET	T2	244
005acf94	NET	T2	24
005acfac	NET	T2	588
005ad1f8	NET	T2	112
005ad268	NET	T2	8
005ad270	NET	T2	80
005ad2c0	NET	T2	504
005ad4b8	NET	T2	140
005ad544	NET	T2	264
005ad650	NET	T2	1356
005adbe0	NET	T2	224
005adcc0	NET	T2	264
005addc8	NET	T2	48
005addf8	NET	T2	28
005ade14	NET	T2	4
005ade18	NET	T2	4
005ade1c	NET	T2	8
005ade24	NET	T2	68
005ade68	NET	T2	12
005ade74	NET	T2	180
005adf80	NET	T1	748
005ae308	NET	T2	868
005ae764	NET	T2	868
005aebc0	NET	T2	752
005af1b0	NET	T2	16
005af1c0	NET	T2	4
005af1c4	NET	T2	752
005af7b4	NET	T1	692
005afb10	NET	T2	168
005afbbc	NET	T2	244
005afcb8	NET	T2	188
005afd78	NET	T2	188
005afe38	NET	T2	144
005afec8	NET	T2	204
005aff94	NET	T2	24
005affac	NET	T2	588
005b01f8	NET	T2	116
005b026c	NET	T2	8
005b0274	NET	T2	80
005b02c4	NET	T2	504
005b04bc	NET	T2	140
005b0548	NET	T2	224
005b0628	NET	T2	172
005b06d8	NET	T2	296
005b0800	NET	T2	220
005b08dc	NET	T2	8
005b08e4	NET	T2	48
005b0914	NET	T1	288
005b0a34	NET	T2	140
005b0ac0	NET	T2	1332
005b1078	NET	T2	244
005b1174	NET	T2	24
005b118c	NET	T2	588
005b13d8	NET	T2	112
005b1448	NET	T2	8
005b1450	NET	T2	80
005b14a0	NET	T2	504
005b1698	NET	T2	140
005b1724	NET	T2	264
005b1830	NET	T2	1356
005b1dc0	NET	T2	224
005b1ea0	NET	T2	264
005b1fa8	NET	T2	48
005b1fd8	NET	T2	28
005b1ff4	NET	T2	4
005b1ff8	NET	T2	4
005b1ffc	NET	T2	8
005b2004	NET	T2	68
005b2048	NET	T2	12
005b2054	NET	T2	180
005b2160	NET	T1	748
005b24e8	NET	T2	868
005b2944	NET	T2	868
005b2da0	NET	T2	752
005b3390	NET	T2	16
005b33a0	NET	T2	4
005b33a4	NET	T2	752
005b3994	NET	T2	692
005b3cf0	NET	T2	168
005b3d9c	NET	T2	244
005b3e98	NET	T2	188
005b3f58	NET	T2	188
005b4018	NET	T2	144
005b40a8	NET	T2	204
005b4174	NET	T2	336
005b42c4	NET	T2	24
005b42dc	NET	T2	588
005b4528	NET	T2	116
005b459c	NET	T2	8
005b45a4	NET	T2	80
005b45f4	NET	T2	504
005b47ec	NET	T2	140
005b4878	NET	T2	224
005b4958	NET	T2	172
005b4a08	NET	T2	296
005b4b30	NET	T2	220
005b4c0c	NET	T2	8
005b4c14	NET	T2	48
005b4c44	NET	T1	288
005b4d64	NET	T2	140
005b4df0	NET	T2	1332
005b53a8	NET	T2	244
005b54a4	NET	T2	24
005b54bc	NET	T2	588
005b5708	NET	T2	112
005b5778	NET	T2	8
005b5780	NET	T2	80
005b57d0	NET	T2	504
005b59c8	NET	T2	140
005b5a54	NET	T2	264
005b5b60	NET	T2	1356
005b60f0	NET	T2	224
005b61d0	NET	T2	264
005b62d8	NET	T2	48
005b6308	NET	T2	28
005b6324	NET	T2	4
005b6328	NET	T2	4
005b632c	NET	T2	8
005b6334	NET	T2	68
005b6378	NET	T2	12
005b6384	NET	T2	180
005b6490	NET	T1	748
005b6818	NET	T2	868
005b6c74	NET	T2	868
005b70d0	NET	T2	752
005b76c0	NET	T2	16
005b76d0	NET	T2	4
005b76d4	NET	T2	752
005b7cc4	NET	T2	692
005b8020	NET	T2	168
005b80cc	NET	T2	244
005b81c8	NET	T2	188
005b8288	NET	T2	188
005b8348	NET	T2	144
005b83d8	NET	T2	204
005b84a4	NET	T2	24
005b84bc	NET	T2	588
005b8708	NET	T2	116
005b877c	NET	T2	8
005b8784	NET	T2	80
005b87d4	NET	T2	504
005b89cc	NET	T2	140
005b8a58	NET	T2	224
005b8b38	NET	T2	172
005b8be8	NET	T2	296
005b8d10	NET	T2	220
005b8dec	NET	T2	8
005b8df4	NET	T2	48
005b8e24	NET	T1	288
005b8f44	NET	T2	140
005b8fd0	NET	T2	1332
005b9588	NET	T2	244
005b9684	NET	T2	24
005b969c	NET	T2	588
005b98e8	NET	T2	112
005b9958	NET	T2	8
005b9960	NET	T2	80
005b99b0	NET	T2	504
005b9ba8	NET	T2	140
005b9c34	NET	T2	264
005b9d40	NET	T2	1356
005ba2d0	NET	T2	224
005ba3b0	NET	T2	264
005ba4b8	NET	T2	48
005ba4e8	NET	T2	28
005ba504	NET	T2	4
005ba508	NET	T2	4
005ba50c	NET	T2	8
005ba514	NET	T2	68
005ba558	NET	T2	12
005ba564	NET	T2	180
005ba670	NET	T1	748
005ba9f8	NET	T2	868
005bae54	NET	T2	868
005bb2b0	NET	T2	752
005bb8a0	NET	T2	16
005bb8b0	NET	T2	4
005bb8b4	NET	T2	752
005bbea4	NET	T2	692
005bc200	NET	T2	168
005bc2ac	NET	T2	244
005bc3a8	NET	T2	188
005bc468	NET	T2	188
005bc528	NET	T2	144
005bc5b8	NET	T2	204
005bc684	NET	T2	336
005bc7d4	NET	T2	24
005bc7ec	NET	T2	588
005bca38	NET	T2	116
005bcaac	NET	T2	8
005bcab4	NET	T2	80
005bcb04	NET	T2	504
005bccfc	NET	T2	140
005bcd88	NET	T2	224
005bce68	NET	T2	172
005bcf18	NET	T2	296
005bd040	NET	T2	220
005bd11c	NET	T2	8
005bd124	NET	T2	48
005bd154	NET	T1	288
005bd274	NET	T2	140
005bd300	NET	T2	1332
005bd8b8	NET	T2	244
005bd9b4	NET	T2	24
005bd9cc	NET	T2	588
005bdc18	NET	T2	112
005bdc88	NET	T2	8
005bdc90	NET	T2	80
005bdce0	NET	T2	504
005bded8	NET	T2	140
005bdf64	NET	T2	264
005be070	NET	T2	1356
005be600	NET	T2	224
005be6e0	NET	T2	264
005be7e8	NET	T2	48
005be818	NET	T2	28
005be834	NET	T2	4
005be838	NET	T2	4
005be83c	NET	T2	8
005be844	NET	T2	68
005be888	NET	T2	12
005be894	NET	T2	180
005be9a0	NET	T1	748
005bed28	NET	T2	868
005bf184	NET	T2	868
005bf5e0	NET	T2	752
005bfbd0	NET	T2	16
005bfbe0	NET	T2	4
005bfbe4	NET	T2	752
005c01d4	NET	T1	692
005c0530	NET	T2	168
005c05dc	NET	T2	244
005c06d8	NET	T2	188
005c0798	NET	T2	188
005c0858	NET	T2	144
005c08e8	NET	T2	204
005c09b4	NET	T2	24
005c09cc	NET	T2	588
005c0c18	NET	T2	116
005c0c8c	NET	T2	8
005c0c94	NET	T2	80
005c0ce4	NET	T2	504
005c0edc	NET	T2	140
005c0f68	NET	T2	224
005c1048	NET	T2	172
005c10f8	NET	T2	296
005c1220	NET	T2	220
005c12fc	NET	T2	8
005c1304	NET	T2	48
005c1334	NET	T1	288
005c1454	NET	T2	140
005c14e0	NET	T2	1332
005c1a98	NET	T2	244
005c1b94	NET	T2	24
005c1bac	NET	T2	588
005c1df8	NET	T2	112
005c1e68	NET	T2	8
005c1e70	NET	T2	80
005c1ec0	NET	T2	504
005c20b8	NET	T2	140
005c2144	NET	T2	264
005c2250	NET	T2	1356
005c27e0	NET	T2	224
005c28c0	NET	T2	264
005c29c8	NET	T2	48
005c29f8	NET	T2	28
005c2a14	NET	T2	4
005c2a18	NET	T2	4
005c2a1c	NET	T2	8
005c2a24	NET	T2	68
005c2a68	NET	T2	12
005c2a74	NET	T2	180
005c2b80	NET	T1	748
005c2f08	NET	T2	868
005c3364	NET	T2	868
005c37c0	NET	T2	752
005c3db0	NET	T2	16
005c3dc0	NET	T2	4
005c3dc4	NET	T2	752
005c43b4	NET	T2	692
005c4710	NET	T2	168
005c47bc	NET	T2	244
005c48b8	NET	T2	188
005c4978	NET	T2	188
005c4a38	NET	T2	144
005c4ac8	NET	T2	204
005c4b94	NET	T2	24
005c4bac	NET	T2	588
005c4df8	NET	T2	116
005c4e6c	NET	T2	8
005c4e74	NET	T2	80
005c4ec4	NET	T2	504
005c50bc	NET	T2	140
005c5148	NET	T2	224
005c5228	NET	T2	172
005c52d8	NET	T2	296
005c5400	NET	T2	220
005c54dc	NET	T2	8
005c54e4	NET	T2	48
005c5514	NET	T1	288
005c5634	NET	T2	140
005c56c0	NET	T2	1332
005c5c78	NET	T2	244
005c5d74	NET	T2	24
005c5d8c	NET	T2	588
005c5fd8	NET	T2	112
005c6048	NET	T2	8
005c6050	NET	T2	80
005c60a0	NET	T2	504
005c6298	NET	T2	140
005c6324	NET	T2	264
005c6430	NET	T2	1356
005c69c0	NET	T2	224
005c6aa0	NET	T2	264
005c6ba8	NET	T2	48
005c6bd8	NET	T2	28
005c6bf4	NET	T2	4
005c6bf8	NET	T2	4
005c6bfc	NET	T2	8
005c6c04	NET	T2	68
005c6c48	NET	T2	12
005c6c54	NET	T2	180
005c6d60	NET	T1	748
005c70e8	NET	T2	868
005c7544	NET	T2	868
005c79a0	NET	T2	752
005c7f90	NET	T2	16
005c7fa0	NET	T2	4
005c7fa4	NET	T2	752
005c8594	NET	T2	692
005c88f0	NET	T2	168
005c899c	NET	T2	244
005c8a98	NET	T2	188
005c8b58	NET	T2	188
005c8c18	NET	T2	144
005c8ca8	NET	T2	204
005c8d74	NET	T2	24
005c8d8c	NET	T2	588
005c8fd8	NET	T2	116
005c904c	NET	T2	8
005c9054	NET	T2	80
005c90a4	NET	T2	504
005c929c	NET	T2	140
005c9328	NET	T2	224
005c9408	NET	T2	172
005c94b8	NET	T2	296
005c95e0	NET	T2	220
005c96bc	NET	T2	8
005c96c4	NET	T2	48
005c96f4	NET	T1	288
005c9814	NET	T2	140
005c98a0	NET	T2	1332
005c9e58	NET	T2	244
005c9f54	NET	T2	24
005c9f6c	NET	T2	588
005ca1b8	NET	T2	112
005ca228	NET	T2	8
005ca230	NET	T2	80
005ca280	NET	T2	504
005ca478	NET	T2	140
005ca504	NET	T2	264
005ca610	NET	T2	1356
005caba0	NET	T2	224
005cac80	NET	T2	264
005cad88	NET	T2	48
005cadb8	NET	T2	28
005cadd4	NET	T2	4
005cadd8	NET	T2	4
005caddc	NET	T2	8
005cade4	NET	T2	68
005cae28	NET	T2	12
005cae34	NET	T2	180
005caf40	NET	T1	748
005cb2c8	NET	T2	868
005cb724	NET	T2	868
005cbb80	NET	T2	752
005cc170	NET	T2	16
005cc180	NET	T2	4
005cc184	NET	T2	752
005cc774	NET	T2	692
005ccad0	NET	T2	168
005ccb7c	NET	T2	244
005ccc78	NET	T2	188
005ccd38	NET	T2	188
005ccdf8	NET	T2	144
005cce88	NET	T2	204
005ccf54	NET	T2	24
005ccf6c	NET	T2	588
005cd1b8	NET	T2	116
005cd22c	NET	T2	8
005cd234	NET	T2	80
005cd284	NET	T2	504
005cd47c	NET	T2	140
005cd508	NET	T2	224
005cd5e8	NET	T2	172
005cd698	NET	T2	296
005cd7c0	NET	T2	220
005cd89c	NET	T2	8
005cd8a4	NET	T2	48
005cd8d4	NET	T1	288
005cd9f4	NET	T2	140
005cda80	NET	T2	1332
005ce038	NET	T2	264
005ce140	NET	T2	48
005ce170	NET	T2	28
005ce18c	NET	T2	4
005ce190	NET	T2	4
005ce194	NET	T2	8
005ce19c	NET	T2	68
005ce1e0	NET	T2	12
005ce1ec	NET	T2	180
005ce2f0	NET	T1	748
005ce678	NET	T2	868
005cead4	NET	T2	752
005cf0c4	NET	T2	692
005cf420	NET	T2	704
005cf790	NET	T2	40
005cf7b8	NET	T2	64
005cf7f8	NET	T2	688
005cfb64	NET	T2	576
005cfe24	NET	T2	528
005d00b4	NET	T2	24
005d00cc	NET	T2	600
005d03cc	NET	T2	868
005d080c	NET	T2	44
005d0838	NET	T2	64
005d0878	NET	T2	8
005d0880	NET	T2	40
005d08a8	NET	T2	60
005d08e4	NET	T2	24
005d08fc	NET	T2	8
005d0904	NET	T2	144
005d0994	NET	T2	140
005d0a20	NET	T2	216
005d0af8	NET	T2	200
005d0bc0	NET	T2	8
005d0bc8	NET	T2	12
005d0bd4	NET	T1	184
005d0c8c	NET	T2	140
005d0d18	NET	T2	168
005d0dc4	NET	T2	172
005d0e74	NET	T2	292
005d0f98	NET	T2	216
005d1070	NET	T2	8
005d1078	NET	T2	48
005d10a8	NET	T1	252
005d11a4	NET	T2	140
005d1230	NET	T2	264
005d1340	NET	T2	1356
005d18d0	NET	T1	2236
005d2814	NET	T2	168
005d28c0	NET	T2	144
005d2950	NET	T2	144
005d29e0	NET	T2	1448
005d2ff8	NET	T2	4
005d2ffc	NET	T2	328
005d316c	NET	T2	448
005d3334	NET	T2	592
005d35c8	NET	T2	184
005d3688	NET	T2	28
005d36a4	NET	T2	8
005d36ac	NET	T2	140
005d3738	NET	T2	288
005d3858	NET	T2	216
005d3930	NET	T2	8
005d3938	NET	T2	28
005d3954	NET	T2	240
005d3a44	NET	T2	140
005d3ad0	NET	T2	140
005d3b5c	NET	T2	264
005d3c64	NET	T2	228
005d3d48	NET	T2	8
005d3d50	NET	T2	16
005d3d60	NET	T2	236
005d3e4c	NET	T2	140
005d3ed8	NET	T2	172
005d3f88	NET	T2	268
005d4094	NET	T2	208
005d4164	NET	T2	8
005d416c	NET	T2	28
005d4188	NET	T1	192
005d4248	NET	T2	140
005d42d4	NET	T2	4
005d42d8	NET	T2	48
005d4308	NET	T2	28
005d4324	NET	T2	4
005d4328	NET	T2	4
005d432c	NET	T2	52
005d4360	NET	T2	68
005d43a4	NET	T2	12
005d43b0	NET	T2	400
005d45dc	NET	T2	4
005d45e0	NET	T2	48
005d4610	NET	T2	28
005d462c	NET	T2	4
005d4630	NET	T2	4
005d4634	NET	T2	52
005d4668	NET	T2	68
005d46ac	NET	T2	12
005d46b8	NET	T2	4
005d46bc	NET	T2	48
005d46ec	NET	T2	28
005d4708	NET	T2	4
005d470c	NET	T2	4
005d4710	NET	T2	52
005d4744	NET	T2	68
005d4788	NET	T2	12
005d4794	NET	T2	4
005d4798	NET	T2	48
005d47c8	NET	T2	28
005d47e4	NET	T2	4
005d47e8	NET	T2	4
005d47ec	NET	T2	12
005d47f8	NET	T2	68
005d483c	NET	T2	12
005d4848	NET	T2	4
005d484c	NET	T2	48
005d487c	NET	T2	28
005d4898	NET	T2	4
005d489c	NET	T2	4
005d48a0	NET	T2	52
005d48d4	NET	T2	68
005d4918	NET	T2	12
005d4924	NET	T1	888
005d4ec4	NET	T2	632
005d5144	NET	T2	4
005d5148	NET	T2	196
005d520c	NET	T2	196
005d52d0	NET	T2	236
005d53bc	NET	T2	120
005d5434	NET	T2	160
005d54d4	NET	T2	272
005d55e4	NET	T2	8
005d55ec	NET	T2	8
005d55f4	NET	T2	8
005d55fc	NET	T2	8
005d5604	NET	T2	8
005d560c	NET	T2	8
005d5614	NET	T2	160
005d56b4	NET	T2	4
005d56b8	NET	T2	2492
005d6074	NET	T2	200
005d613c	NET	T2	208
005d620c	NET	T2	192
005d62cc	NET	T2	28
005d62e8	NET	T2	196
005d63ac	NET	T2	184
005d6464	NET	T2	200
005d652c	NET	T2	48
005d655c	NET	T2	16
005d656c	NET	T2	28
005d6588	NET	T2	104
005d6600	NET	T2	36
005d6628	NET	T2	36
005d664c	NET	T2	48
005d667c	NET	T2	48
005d66ac	NET	T2	32
005d66cc	NET	T2	36
005d66f0	NET	T2	48
005d6720	NET	T2	32
005d6740	NET	T2	48
005d6770	NET	T2	8
005d6778	NET	T2	60
005d67b4	NET	T2	248
005d68b4	NET	T2	80
005d6908	NET	T2	136
005d6990	NET	T2	20
005d69a4	NET	T2	204
005d6a70	NET	T2	40
005d6a98	NET	T2	44
005d6ac4	NET	T2	1872
005d72c0	NET	T2	580
005d7544	NET	T2	304
005d768c	NET	T2	272
005d779c	NET	T2	68
005d77e0	NET	T2	76
005d782c	NET	T2	40
005d7854	NET	T2	28
005d7870	NET	T2	8
005d7878	NET	T2	12
005d7884	NET	T2	36
005d78a8	NET	T2	44
005d78d4	NET	T2	24
005d78ec	NET	T2	280
005d7a04	NET	T2	24
005d7a1c	NET	T2	340
005d7bf0	NET	T2	48
005d7c20	NET	T2	92
005d7c7c	NET	T2	28
005d7c98	NET	T2	104
005d7d0c	NET	T2	216
005d7de8	NET	T2	92
005d7e44	NET	T2	716
005d8110	NET	T2	276
005d8228	NET	T2	24
005d8240	NET	T2	76
005d8290	NET	T2	792
005d8614	NET	T2	68
005d8658	NET	T2	76
005d86a4	NET	T2	40
005d86cc	NET	T2	28
005d86e8	NET	T2	8
005d86f0	NET	T2	12
005d86fc	NET	T2	36
005d8720	NET	T2	44
005d874c	NET	T2	24
005d8764	NET	T2	224
005d8844	NET	T2	24
005d885c	NET	T2	132
005d88e8	NET	T2	48
005d8918	NET	T2	16
005d8928	NET	T2	28
005d8944	NET	T2	4
005d8948	NET	T2	248
005d8a44	NET	T2	40
005d8a6c	NET	T2	48
005d8a9c	NET	T2	12
005d8aa8	NET	T2	28
005d8ac4	NET	T2	292
005d8c84	NET	T2	344
005d8de0	NET	T2	72
005d8e28	NET	T2	204
005d8ef4	NET	T2	200
005d8fbc	NET	T2	276
005d90d4	NET	T2	688
005d9404	NET	T2	8
005d940c	NET	T2	216
005d94e4	NET	T2	224
005d95c4	NET	T2	12
005d95d0	NET	T2	28
005d95ec	NET	T2	292
005d97ac	NET	T2	340
005d9900	NET	T2	204
005d99cc	NET	T2	4
005d99d0	NET	T2	8
005d99d8	NET	T2	8
005d99e0	NET	T2	84
005d9a3c	NET	T2	168
005d9aec	NET	T2	112
005d9b5c	NET	T2	340
005d9cd8	NET	T2	60
005d9d14	NET	T2	60
005d9d50	NET	T2	180
005d9e10	NET	T2	92
005d9e70	NET	T2	28
005d9e8c	NET	T2	88
005d9ee4	NET	T2	392
005da0a0	NET	T2	372
005da248	NET	T2	468
005da41c	NET	T2	380
005da5cc	NET	T2	372
005da740	NET	T2	380
005da8f0	NET	T2	496
005dab18	NET	T2	80
005dab6c	NET	T2	272
005daca0	NET	T2	484
005daeb0	NET	T2	516
005db0e0	NET	T2	348
005db270	NET	T2	180
005db330	NET	T2	1748
005dbb74	NET	T2	316
005dbd30	NET	T2	284
005dbe4c	NET	T2	388
005dbfd0	NET	T2	432
005dc180	NET	T2	164
005dc224	NET	T2	268
005dc330	NET	T2	404
005dc50c	NET	T2	816
005dc840	NET	T2	584
005dcac0	NET	T2	636
005dcd6c	NET	T2	1124
005dd1d4	NET	T2	204
005dd2e8	NET	T2	164
005dd38c	NET	T2	188
005dd448	NET	T2	92
005dd4a4	NET	T2	152
005dd53c	NET	T2	28
005dd558	NET	T2	12
005dd564	NET	T2	104
005dd5cc	NET	T2	4
005dd5d0	NET	T2	8
005dd5d8	NET	T2	12
005dd5e4	NET	T2	8
005dd5f0	NET	T2	480
005dd800	NET	T2	1096
005ddd30	NET	T2	188
005dddf0	NET	T2	136
005dde80	NET	T2	156
005ddf20	NET	T2	16
005ddf40	NET	T2	20
005ddf60	NET	T2	16
005ddf80	NET	T2	16
005ddfa0	NET	T2	20
005ddfb8	NET	T2	228
005de0bc	NET	T2	4
005de0c0	NET	T2	252
005de1d0	NET	T2	984
005de5b4	NET	T2	116
005de628	NET	T2	1860
005ded70	NET	T2	304
005deec0	NET	T2	48
005deef0	NET	T2	160
005def90	NET	T2	160
005df030	NET	T2	148
005df0c4	NET	T2	60
005df100	NET	T2	8
005df108	NET	T2	204
005df1d4	NET	T2	264
005df2dc	NET	T2	2108
005dfb70	NET	T2	592
005dfdc0	NET	T2	68
005dfe04	NET	T2	76
005dfe50	NET	T2	40
005dfe78	NET	T2	28
005dfe94	NET	T2	8
005dfe9c	NET	T2	12
005dfea8	NET	T2	36
005dfecc	NET	T2	44
005dfef8	NET	T2	372
005e0214	NET	T2	256
005e0314	NET	T2	24
005e032c	NET	T2	1244
005e0810	NET	T2	48
005e0840	NET	T2	36
005e0864	NET	T2	28
005e0880	NET	T2	444
005e0a74	NET	T2	200
005e0b3c	NET	T2	200
005e0c04	NET	T2	188
005e0cc0	NET	T2	60
005e0cfc	NET	T2	8
005e0d04	NET	T2	304
005e0e34	NET	T2	348
005e0f90	NET	T2	2276
005e18cc	NET	T2	676
005e1b70	NET	T2	68
005e1bb4	NET	T2	76
005e1c00	NET	T2	40
005e1c28	NET	T2	28
005e1c44	NET	T2	8
005e1c4c	NET	T2	12
005e1c58	NET	T2	36
005e1c7c	NET	T2	44
005e1ca8	NET	T2	468
005e204c	NET	T2	260
005e2150	NET	T2	24
005e2168	NET	T2	1300
005e2684	NET	T2	48
005e26b4	NET	T2	36
005e26d8	NET	T2	28
005e26f4	NET	T2	744
005e2a64	NET	T2	2016
005e32dc	NET	T1	360
005e345c	NET	T2	916
005e3810	NET	T2	572
005e3a8c	NET	T2	292
005e3bc8	NET	T2	284
005e3ce4	NET	T2	372
005e3e58	NET	T2	272
005e3f68	NET	T2	128
005e3ff0	NET	T2	428
005e41d0	NET	T2	1532
005e48b4	NET	T2	8
005e48bc	NET	T2	84
005e4918	NET	T2	108
005e498c	NET	T2	104
005e49fc	NET	T2	108
005e4a70	NET	T2	84
005e4acc	NET	T2	100
005e4b38	NET	T2	92
005e4b9c	NET	T2	60
005e4bd8	NET	T2	20
005e4bf0	NET	T2	172
005e4ca4	NET	T2	92
005e4d04	NET	T2	28
005e4d20	NET	T2	116
005e4d98	NET	T2	80
005e4dec	NET	T2	548
005e5010	NET	T2	140
005e50b0	NET	T2	108
005e5130	NET	T2	172
005e51e0	NET	T2	212
005e52e0	NET	T2	160
005e53a8	NET	T2	176
005e5470	NET	T2	24
005e5488	NET	T2	8
005e5490	NET	T2	124
005e550c	NET	T2	948
005e58c0	NET	T2	680
005e5b68	NET	T2	304
005e5c98	NET	T2	228
005e5d94	NET	T2	320
005e5eec	NET	T2	152
005e5f84	NET	T2	8
005e5f8c	NET	T2	40
005e5fb4	NET	T2	244
005e60d0	NET	T2	8
005e60d8	NET	T2	8
005e60e0	NET	T2	8
005e60e8	NET	T2	12
005e60f4	NET	T1	200
005e61dc	NET	T1	148
005e6288	NET	T2	32
005e62a8	NET	T1	348
005e641c	NET	T3	16
005e651c	NET	T3	88
005e6574	NET	T3	108
005e70d0	NN_SDK	T1	3656
005ef978	NET	T1	632
005efc74	NET	T1	336
005efdc4	NET	T2	404
005eff5c	NET	T2	4
005eff60	NET	T2	4
005eff64	NET	T2	60
005effa0	NET	T2	8
005effa8	NET	T2	32
005effc8	NET	T2	76
005f0014	NET	T2	12
005f0020	NET	T2	372
005f0194	NET	T2	444
005f0388	NET	T2	84
005f03dc	NET	T2	112
005f044c	NET	T2	72
005f0494	NET	T2	60
005f04d0	NET	T2	8
005f04d8	NET	T2	64
005f0518	NET	T2	112
005f0588	NET	T2	196
005f0660	NET	T2	420
005f0804	NET	T2	380
005f0998	NET	T2	408
005f0b30	NET	T2	388
005f0cb4	NET	T2	476
005f0e90	NET	T2	76
005f0edc	NET	T2	84
005f0f30	NET	T2	44
005f0f5c	NET	T2	28
005f0f78	NET	T2	392
005f1100	NET	T2	8
005f1108	NET	T2	12
005f1114	NET	T2	40
005f113c	NET	T2	48
005f116c	NET	T2	44
005f1198	NET	T2	236
005f1284	NET	T2	24
005f129c	NET	T2	280
005f13b8	NET	T2	48
005f13e8	NET	T2	36
005f140c	NET	T2	276
005f1520	NET	T1	640
005f1824	NET	T2	4
005f1828	NET	T2	4
005f182c	NET	T2	60
005f1868	NET	T2	8
005f1870	NET	T2	32
005f1890	NET	T2	76
005f18dc	NET	T2	12
005f18e8	NET	T2	2776
005f2494	NET	T2	748
005f2780	NET	T2	416
005f2920	NET	T2	72
005f2968	NET	T2	80
005f29b8	NET	T2	88
005f2a10	NET	T2	56
005f2a48	NET	T2	28
005f2a64	NET	T2	24
005f2a7c	NET	T2	4
005f2a80	NET	T2	68
005f2ac4	NET	T2	28
005f2ae0	NET	T2	388
005f2c64	NET	T2	476
005f2e40	NET	T2	76
005f2e8c	NET	T2	84
005f2ee0	NET	T2	44
005f2f0c	NET	T2	28
005f2f28	NET	T2	488
005f3110	NET	T2	8
005f3118	NET	T2	12
005f3124	NET	T2	40
005f314c	NET	T2	48
005f317c	NET	T2	44
005f31a8	NET	T2	236
005f3294	NET	T2	24
005f32ac	NET	T2	20
005f32c0	NET	T2	48
005f32f0	NET	T2	36
005f3314	NET	T2	244
005f340c	NET	T1	872
005f37d4	NET	T2	4
005f37d8	NET	T2	4
005f37dc	NET	T2	60
005f3818	NET	T2	8
005f3820	NET	T2	32
005f3840	NET	T2	76
005f388c	NET	T2	8
005f3894	NET	T2	488
005f3a7c	NET	T2	484
005f3cac	NET	T2	16
005f3cbc	NET	T2	308
005f3df8	NET	T2	288
005f3f24	NET	T2	368
005f40a8	NET	T2	1108
005f4520	NET	T2	264
005f4628	NET	T2	308
005f475c	NET	T2	216
005f4840	NET	T2	388
005f49c4	NET	T2	448
005f4b84	NET	T2	100
005f4be8	NET	T2	108
005f4c54	NET	T2	12
005f4c60	NET	T2	28
005f4c7c	NET	T2	76
005f4cc8	NET	T2	84
005f4d1c	NET	T2	16
005f4d2c	NET	T2	8
005f4d34	NET	T2	8
005f4d3c	NET	T2	8
005f4d44	NET	T2	76
005f4d90	NET	T2	64
005f4dd0	NET	T2	20
005f4de8	NET	T2	76
005f4e34	NET	T2	84
005f4e88	NET	T2	44
005f4eb4	NET	T2	28
005f4ed0	NET	T2	8
005f4ed8	NET	T2	12
005f4ee4	NET	T2	40
005f4f0c	NET	T2	48
005f4f3c	NET	T2	44
005f4f68	NET	T2	228
005f504c	NET	T2	24
005f5064	NET	T2	116
005f50dc	NET	T2	48
005f510c	NET	T2	16
005f511c	NET	T2	452
005f5318	NET	T2	996
005f572c	NET	T2	300
005f5858	NET	T2	172
005f5904	NET	T2	200
005f59cc	NET	T2	360
005f5b4c	NET	T2	260
005f5c50	NET	T2	336
005f5da0	NET	T2	404
005f5f38	NET	T2	336
005f6088	NET	T1	336
005f61d8	NET	T1	336
005f6328	NET	T1	336
005f6478	NET	T1	336
005f65c8	NET	T1	336
005f6718	NET	T1	336
005f6868	NET	T2	132
005f68ec	NET	T2	124
005f6968	NET	T2	12
005f6974	NET	T2	28
005f6990	NET	T2	88
005f69e8	NET	T2	116
005f6a5c	NET	T2	116
005f6ad0	NET	T2	40
005f6af8	NET	T2	48
005f6b28	NET	T2	12
005f6b34	NET	T2	28
005f6b50	NET	T2	440
005f6dd8	NET	T2	408
005f6f70	NET	T2	24
005f6f88	NET	T2	132
005f700c	NET	T2	124
005f7088	NET	T2	12
005f7094	NET	T2	28
005f70b0	NET	T2	116
005f7124	NET	T2	88
005f717c	NET	T2	116
005f71f0	NET	T2	40
005f7218	NET	T2	48
005f7248	NET	T2	12
005f7254	NET	T2	28
005f7270	NET	T2	440
005f74f8	NET	T2	408
005f7690	NET	T2	24
005f76a8	NET	T2	84
005f76fc	NET	T2	112
005f776c	NET	T2	72
005f77b4	NET	T2	60
005f77f0	NET	T2	8
005f77f8	NET	T2	56
005f7830	NET	T2	104
005f7898	NET	T2	700
005f7b54	NET	T2	192
005f7c14	NET	T2	24
005f7c2c	NET	T2	12
005f7c38	NET	T2	28
005f7c54	NET	T2	76
005f7ca0	NET	T2	176
005f7d50	NET	T2	16
005f7d60	NET	T2	8
005f7d68	NET	T2	8
005f7d70	NET	T2	8
005f7d78	NET	T2	232
005f7e60	NET	T2	64
005f7ea0	NET	T2	20
005f7eb8	NET	T2	120
005f7f30	NET	T2	256
005f8030	NET	T2	68
005f8074	NET	T2	76
005f80c0	NET	T2	40
005f80e8	NET	T2	28
005f8104	NET	T2	8
005f810c	NET	T2	12
005f8118	NET	T2	36
005f813c	NET	T2	44
005f8168	NET	T2	24
005f8180	NET	T2	280
005f8298	NET	T2	24
005f82b0	NET	T2	616
005f8518	NET	T2	48
005f8548	NET	T2	92
005f85a4	NET	T2	28
005f85c0	NET	T2	336
005f8710	NET	T2	2148
005f9110	NET	T2	480
005f92f0	NET	T2	644
005f95ac	NET	T2	420
005f9750	NET	T2	360
005f98d0	NET	T2	360
005f9a50	NET	T2	380
005f9be4	NET	T2	408
005f9d7c	NET	T2	80
005f9dd0	NET	T2	388
005f9f54	NET	T2	476
005fa130	NET	T2	156
005fa1cc	NET	T2	164
005fa270	NET	T2	12
005fa27c	NET	T2	28
005fa298	NET	T2	132
005fa31c	NET	T2	140
005fa3a8	NET	T2	16
005fa3b8	NET	T2	8
005fa3c0	NET	T2	8
005fa3c8	NET	T2	8
005fa3d0	NET	T2	176
005fa480	NET	T2	64
005fa4c0	NET	T2	20
005fa4d8	NET	T2	132
005fa564	NET	T2	76
005fa5b0	NET	T2	84
005fa604	NET	T2	44
005fa630	NET	T2	28
005fa64c	NET	T2	392
005fa7d4	NET	T2	8
005fa7dc	NET	T2	12
005fa7e8	NET	T2	40
005fa810	NET	T2	48
005fa840	NET	T2	44
005fa86c	NET	T2	236
005fa958	NET	T2	24
005fa970	NET	T2	284
005faa90	NET	T2	48
005faac0	NET	T2	36
005faae4	NET	T2	276
005fabf8	NET	T1	632
005faef4	NET	T1	336
005fb044	NET	T2	4
005fb048	NET	T2	4
005fb04c	NET	T2	60
005fb088	NET	T2	8
005fb090	NET	T2	32
005fb0b0	NET	T2	76
005fb0fc	NET	T2	12
005fb110	NET	T2	172
005fb1d8	NET	T2	8
005fb1e0	NET	T2	552
005fb488	NET	T2	240
005fb578	NET	T1	336
005fb6e8	NET	T1	260
005fb804	NET	T1	264
005fb924	NET	T1	336
005fba94	NET	T2	500
005fbc88	NET	T2	240
005fbddc	NET	T2	312
005fbf14	NET	T2	284
005fc030	NET	T2	396
005fc1bc	NET	T2	340
005fc310	NET	T1	492
005fc524	NET	T1	336
005fc68c	NET	T1	260
005fc7b0	NET	T2	260
005fc8b4	NET	T1	120
005fc944	NET	T1	580
005fcba8	NET	T1	180
005fcc74	NET	T2	240
005fcd64	NET	T2	748
005fd050	NET	T2	1064
005fd478	NET	T2	72
005fd4c0	NET	T2	404
005fd654	NET	T2	160
005fd6f4	NET	T2	168
005fd79c	NET	T2	12
005fd7a8	NET	T2	28
005fd7c4	NET	T2	136
005fd84c	NET	T2	144
005fd8dc	NET	T2	16
005fd8ec	NET	T2	8
005fd8f4	NET	T2	8
005fd8fc	NET	T2	8
005fd904	NET	T2	236
005fd9f0	NET	T2	64
005fda30	NET	T2	20
005fda48	NET	T2	68
005fda8c	NET	T2	76
005fdad8	NET	T2	40
005fdb00	NET	T2	28
005fdb1c	NET	T2	8
005fdb24	NET	T2	12
005fdb30	NET	T2	36
005fdb54	NET	T2	44
005fdb80	NET	T2	24
005fdb98	NET	T2	336
005fdce8	NET	T2	24
005fdd00	NET	T2	2580
005fe72c	NET	T2	48
005fe75c	NET	T2	148
005fe7f0	NET	T2	28
005fe80c	NET	T2	420
005fe9b0	NET	T2	656
005fec84	NET	T2	380
005fee18	NET	T2	408
005fefb0	NET	T2	80
005ff000	NET	T2	388
005ff184	NET	T2	476
005ff360	NET	T2	156
005ff3fc	NET	T2	164
005ff4a0	NET	T2	12
005ff4ac	NET	T2	28
005ff4c8	NET	T2	132
005ff54c	NET	T2	140
005ff5d8	NET	T2	16
005ff5e8	NET	T2	8
005ff5f0	NET	T2	8
005ff5f8	NET	T2	8
005ff600	NET	T2	176
005ff6b0	NET	T2	64
005ff6f0	NET	T2	20
005ff708	NET	T2	132
005ff794	NET	T2	76
005ff7e0	NET	T2	84
005ff834	NET	T2	44
005ff860	NET	T2	28
005ff87c	NET	T2	392
005ffa04	NET	T2	8
005ffa0c	NET	T2	12
005ffa18	NET	T2	40
005ffa40	NET	T2	48
005ffa70	NET	T2	44
005ffa9c	NET	T2	236
005ffb88	NET	T2	24
005ffba0	NET	T2	280
005ffcbc	NET	T2	48
005ffcec	NET	T2	36
005ffd10	NET	T2	276
005ffe24	NET	T1	640
00600128	NET	T1	336
00600278	NET	T2	4
0060027c	NET	T2	4
00600280	NET	T2	60
006002bc	NET	T2	8
006002c4	NET	T2	32
006002e4	NET	T2	76
00600330	NET	T2	12
0060033c	NET	T2	380
006004bc	NET	T2	352
00600620	NET	T2	92
0060067c	NET	T2	284
00600798	NET	T2	16
006007a8	NET	T2	800
00600b04	NET	T2	420
00600ca8	NET	T2	40
00600cd0	NET	T2	200
00600d98	NET	T2	208
00600e68	NET	T2	192
00600f28	NET	T2	28
00600f44	NET	T2	196
00601008	NET	T2	184
006010c0	NET	T2	2088
00601948	NET	T2	48
00601978	NET	T2	16
00601988	NET	T2	28
006019a4	NET	T2	584
00601bf4	NET	T2	236
00601ce0	NET	T2	672
00601f8c	NET	T2	380
00602120	NET	T2	408
006022b8	NET	T2	80
00602310	NET	T2	388
00602494	NET	T2	476
00602670	NET	T2	156
0060270c	NET	T2	164
006027b0	NET	T2	12
006027bc	NET	T2	28
006027d8	NET	T2	132
0060285c	NET	T2	140
006028e8	NET	T2	16
006028f8	NET	T2	8
00602900	NET	T2	8
00602908	NET	T2	8
00602910	NET	T2	176
006029c0	NET	T2	64
00602a00	NET	T2	20
00602a18	NET	T2	132
00602aa4	NET	T2	76
00602af0	NET	T2	84
00602b44	NET	T2	44
00602b70	NET	T2	28
00602b8c	NET	T2	392
00602d14	NET	T2	8
00602d1c	NET	T2	12
00602d28	NET	T2	40
00602d50	NET	T2	48
00602d80	NET	T2	44
00602dac	NET	T2	236
00602e98	NET	T2	24
00602eb0	NET	T2	280
00602fcc	NET	T2	48
00602ffc	NET	T2	36
00603020	NET	T2	276
00603134	NET	T1	632
00603430	NET	T1	336
0060519c	NET	T3	3768
00606274	NET	T3	376
00606710	NET	T3	300
0060ffdc	NET	T3	88
00610034	NET	T3	108
00610a98	NET	T3	92
00610af4	NET	T3	108
00611054	NN_SDK	T1	728
006116b8	NET	T3	104
006121d0	NET	T3	152
00612270	NET	T3	364
0061272c	NET	T1	200
00612814	NET	T2	200
006128fc	NET	T2	200
006129e4	NET	T2	200
00612acc	NET	T1	148
00612b78	NET	T1	148
00612c24	NET	T2	148
00612cd0	NET	T1	348
00612e44	NET	T2	16
00612e54	NET	T1	348
00612fc8	NET	T2	16
00612fd8	NET	T1	348
0061314c	NET	T2	16
0061315c	NET	T1	148
00613208	NET	T1	348
0061337c	NET	T3	16
00614d80	NN_SDK	T1	860
006150dc	NN_SDK	T2	396
00615268	NN_SDK	T2	4
0061526c	NN_SDK	T2	340
006153d8	NN_SDK	T2	8
006153e0	NN_SDK	T2	88
00615438	NN_SDK	T2	84
0061548c	NN_SDK	T2	108
006154fc	NN_SDK	T2	176
006155c4	NN_SDK	T2	132
0061564c	NN_SDK	T2	100
006156b0	NN_SDK	T2	468
00615884	NN_SDK	T1	344
006159dc	NN_SDK	T2	160
00615a7c	NN_SDK	T2	4
00615a80	NN_SDK	T2	324
00615bdc	NN_SDK	T2	8
00615be4	NN_SDK	T2	84
00615c38	NN_SDK	T2	84
00615c8c	NN_SDK	T2	108
00615cfc	NN_SDK	T2	232
00615dfc	NN_SDK	T2	132
00615e84	NN_SDK	T2	208
00615f54	NN_SDK	T2	736
00616234	NN_SDK	T2	528
00616444	NN_SDK	T2	244
00616538	NN_SDK	T2	4
0061653c	NN_SDK	T2	432
00616704	NN_SDK	T2	8
0061670c	NN_SDK	T2	76
00616758	NN_SDK	T2	240
00616b44	NN_SDK	T2	8
00616b4c	NN_SDK	T2	8
00616b54	NN_SDK	T2	8
00616b5c	NN_SDK	T2	276
00616b64	NN_SDK	T2	8
00616b6c	NN_SDK	T2	8
00616b74	NN_SDK	T2	208
00616b7c	NN_SDK	T2	8
00616b84	NN_SDK	T2	8
00616b8c	NN_SDK	T2	208
00616b94	NN_SDK	T2	8
00616b9c	NN_SDK	T2	8
00616bb0	NN_SDK	T2	144
00616c60	NN_SDK	T2	128
00616ce0	NN_SDK	T2	92
00616d40	NN_SDK	T2	104
00616db0	NN_SDK	T2	132
00616e50	NN_SDK	T2	84
00616eb0	NN_SDK	T2	128
00616f30	NN_SDK	T2	144
00616fc0	NN_SDK	T2	104
00617030	NN_SDK	T2	120
006170b0	NN_SDK	T2	128
00617130	NN_SDK	T2	152
006171d0	NN_SDK	T2	172
0061727c	NN_SDK	T2	856
006175ec	NN_SDK	T2	108
0061765c	NN_SDK	T2	408
0061780c	NN_SDK	T2	132
00617894	NN_SDK	T2	448
00617a54	NN_SDK	T2	368
00617f9c	NN_SDK	T2	1464
00618554	NN_SDK	T2	544
00618774	NN_SDK	T2	4
00618778	NN_SDK	T2	852
00618ae4	NN_SDK	T2	208
00618bcc	NN_SDK	T2	8
00618bd4	NN_SDK	T2	76
00618c20	NN_SDK	T2	128
00618d5c	NN_SDK	T2	284
00618e9c	NN_SDK	T2	328
00618ffc	NN_SDK	T2	24
00619014	NN_SDK	T2	392
0061919c	NN_SDK	T2	364
00619934	NN_SDK	T2	1660
00619fb0	NN_SDK	T2	624
0061a220	NN_SDK	T2	4
0061a224	NN_SDK	T2	740
0061a520	NN_SDK	T2	488
0061a720	NN_SDK	T2	52
0061a754	NN_SDK	T2	8
0061a75c	NN_SDK	T2	632
0061a9d4	NN_SDK	T2	76
0061aa20	NN_SDK	T2	108
0061aa90	NN_SDK	T2	240
0061ab98	NN_SDK	T2	132
0061ac20	NN_SDK	T2	172
0061accc	NN_SDK	T2	692
0061af80	NN_SDK	T1	732
0061b25c	NN_SDK	T2	300
0061b388	NN_SDK	T2	4
0061b38c	NN_SDK	T2	8
0061b394	NN_SDK	T2	76
0061b3e0	NN_SDK	T2	128
0061b4c4	NN_SDK	T2	196
0061b5a0	NN_SDK	T2	376
0061b730	NN_SDK	T2	24
0061b748	NN_SDK	T2	392
0061b8d0	NN_SDK	T2	364
0061c07c	NN_SDK	T2	2140
0061c8d8	NN_SDK	T2	772
0061cbdc	NN_SDK	T2	4
0061cbe0	NN_SDK	T2	8
0061cbe8	NN_SDK	T2	76
0061cc34	NN_SDK	T2	108
0061cca4	NN_SDK	T2	264
0061cdc4	NN_SDK	T2	132
0061ce4c	NN_SDK	T2	228
0061cf30	NN_SDK	T2	844
0061d27c	NN_SDK	T2	728
0061d554	NN_SDK	T2	312
0061d68c	NN_SDK	T2	4
0061d690	NN_SDK	T2	576
0061d8e8	NN_SDK	T2	644
0061db84	NN_SDK	T2	8
0061db8c	NN_SDK	T2	76
0061dbd8	NN_SDK	T2	108
0061dc48	NN_SDK	T2	320
0061dda0	NN_SDK	T2	132
0061de28	NN_SDK	T2	324
0061df6c	NN_SDK	T2	368
0061e368	NN_SDK	T2	888
0061e6e0	NN_SDK	T2	360
0061e848	NN_SDK	T2	4
0061e84c	NN_SDK	T2	8
0061e854	NN_SDK	T2	76
0061e8a0	NN_SDK	T2	320
0061e9e0	NN_SDK	T2	4
0061e9e4	NN_SDK	T2	176
0061ea94	NN_SDK	T2	212
0061eb9c	NN_SDK	T2	24
0061ebb4	NN_SDK	T2	68
0061ebf8	NN_SDK	T2	472
0061edd0	NN_SDK	T2	568
0061f050	NN_SDK	T2	668
0061f2ec	NN_SDK	T2	268
0061f3f8	NN_SDK	T2	4
0061f3fc	NN_SDK	T2	8
0061f404	NN_SDK	T2	76
0061f450	NN_SDK	T2	120
0061f4e4	NN_SDK	T2	124
0061f57c	NN_SDK	T2	176
0061f644	NN_SDK	T2	24
0061f65c	NN_SDK	T2	144
0061f6ec	NN_SDK	T2	380
0061fc7c	NN_SDK	T1	924
00620018	NN_SDK	T2	408
006201b0	NN_SDK	T2	4
006201b4	NN_SDK	T2	364
00620338	NN_SDK	T2	168
006203e0	NN_SDK	T2	8
006203e8	NN_SDK	T2	400
00620578	NN_SDK	T2	76
006205c4	NN_SDK	T2	116
0062069c	NN_SDK	T2	112
00620710	NN_SDK	T2	196
006207ec	NN_SDK	T2	304
00620934	NN_SDK	T2	24
0062094c	NN_SDK	T2	396
00620ad8	NN_SDK	T2	368
006210b8	NN_SDK	T2	1244
00621594	NN_SDK	T2	464
00621764	NN_SDK	T2	4
00621768	NN_SDK	T2	632
006219f8	NN_SDK	T2	356
00621b74	NN_SDK	T2	52
00621ba8	NN_SDK	T2	8
00621bb0	NN_SDK	T2	404
00621d44	NN_SDK	T2	80
00621d94	NN_SDK	T2	108
00621e04	NN_SDK	T2	176
00621ecc	NN_SDK	T2	132
00621f54	NN_SDK	T2	108
00621fc0	NN_SDK	T2	672
00622260	NN_SDK	T2	692
00622514	NN_SDK	T2	268
00622620	NN_SDK	T2	4
00622624	NN_SDK	T2	8
0062262c	NN_SDK	T2	76
00622678	NN_SDK	T2	108
006226e8	NN_SDK	T2	296
00622828	NN_SDK	T2	132
006228b0	NN_SDK	T2	212
00622984	NN_SDK	T2	376
00622ce8	NN_SDK	T1	1120
00623148	NN_SDK	T2	436
006232fc	NN_SDK	T2	4
00623300	NN_SDK	T2	628
0062358c	NN_SDK	T2	8
00623594	NN_SDK	T2	76
006235e0	NN_SDK	T2	108
00623650	NN_SDK	T2	296
00623790	NN_SDK	T2	132
00623818	NN_SDK	T2	212
006238ec	NN_SDK	T2	376
00623c50	NN_SDK	T1	1116
006240ac	NN_SDK	T2	436
00624260	NN_SDK	T2	4
00624264	NN_SDK	T2	628
006244f0	NN_SDK	T2	8
006244f8	NN_SDK	T2	76
00624544	NN_SDK	T2	28
00624560	NN_SDK	T2	216
00624638	NN_SDK	T2	136
006246c0	NN_SDK	T2	208
00624790	NN_SDK	T2	136
00624818	NN_SDK	T2	208
006248e8	NN_SDK	T2	208
006249b8	NN_SDK	T2	124
00624a34	NN_SDK	T2	252
00624b50	NN_SDK	T2	272
00624d20	NN_SDK	T2	200
00624de8	NN_SDK	T2	208
00624eb8	NN_SDK	T2	208
00624f88	NN_SDK	T2	8
00624f90	NN_SDK	T2	8
00624f98	NN_SDK	T2	8
00624fa0	NN_SDK	T2	8
00624fa8	NN_SDK	T2	8
00624fb0	NN_SDK	T2	8
00624fb8	NN_SDK	T2	8
00624fc0	NN_SDK	T2	8
00624fc8	NN_SDK	T2	8
00624fd0	NN_SDK	T2	8
00624fd8	NN_SDK	T2	8
00624fe0	NN_SDK	T2	8
00624fe8	NN_SDK	T2	8
00624ff0	NN_SDK	T2	8
00624ff8	NN_SDK	T2	8
00625000	NN_SDK	T2	8
00625008	NN_SDK	T2	8
00625010	NN_SDK	T2	8
00625018	NN_SDK	T2	8
00625020	NN_SDK	T2	8
00625028	NN_SDK	T2	8
00625030	NN_SDK	T2	8
00625038	NN_SDK	T2	8
00625040	NN_SDK	T2	8
00625048	NN_SDK	T2	144
00625050	NN_SDK	T2	8
00625058	NN_SDK	T2	8
00625060	NN_SDK	T2	8
00625068	NN_SDK	T2	8
00625070	NN_SDK	T2	8
00625078	NN_SDK	T2	8
00625080	NN_SDK	T2	8
00625088	NN_SDK	T2	8
00625090	NN_SDK	T2	8
00625098	NN_SDK	T2	8
006250a0	NN_SDK	T2	8
006250a8	NN_SDK	T2	24
006250c0	NN_SDK	T2	12
006250cc	NN_SDK	T2	64
0062510c	NN_SDK	T2	8
00625114	NN_SDK	T2	96
00625174	NN_SDK	T2	16
00625184	NN_SDK	T2	4
00625188	NN_SDK	T2	192
00625248	NN_SDK	T2	184
00625300	NN_SDK	T1	784
006257b4	NN_SDK	T3	88
00625814	NN_SDK	T3	220
006258f0	NET	T1	552
00625b40	NET	T1	260
00625c5c	NET	T1	264
00625d7c	NET	T2	52
00625db0	NET	T1	644
0062604c	NET	T2	200
00626134	NET	T2	88
0062618c	NET	T2	136
00626218	NET	T2	136
006262a4	NET	T2	136
00626330	NET	T1	368
006264b8	NN_SDK	T3	136
00626544	NN_SDK	T3	136
00626834	NN_SDK	T3	156
006268d0	NN_SDK	T3	316
00626a0c	NN_SDK	T3	396
00626b98	NN_SDK	T3	228
00626c7c	NN_SDK	T3	156
00626d78	NN_SDK	T1	1044
0062718c	NN_SDK	T3	192
0062724c	NN_SDK	T3	320
00627390	NN_SDK	T3	2788
00627cf0	NN_SDK	T3	560
00627f20	NN_SDK	T3	448
006280e0	NN_SDK	T3	572
006284b0	NN_SDK	T3	712
00628778	NN_SDK	T3	136
00628804	NET	T1	348
00628978	NET	T2	16
00628990	NET	T2	764
00628c8c	NET	T2	68
00628cd0	NET	T2	652
00628fa0	NET	T2	4
00628fa4	NET	T2	160
00629090	NET	T2	324
00629264	NET	T2	324
00629438	NET	T2	212
00629540	NET	T2	212
00629648	NET	T2	152
00629714	NET	T2	152
006297e0	NET	T2	96
00629840	NET	T2	196
00629938	NET	T2	160
00629a0c	NET	T2	156
00629adc	NET	T2	160
00629bd0	NET	T2	324
00629da4	NET	T2	324
00629f78	NET	T2	212
0062a080	NET	T2	212
0062a188	NET	T2	152
0062a254	NET	T2	152
0062a320	NET	T2	160
0062a410	NET	T2	324
0062a5e4	NET	T2	324
0062a7b8	NET	T2	212
0062a8c0	NET	T2	212
0062a9c8	NET	T2	152
0062aa94	NET	T2	152
0062ab60	NET	T2	160
0062ac50	NET	T2	324
0062ae24	NET	T2	324
0062aff8	NET	T2	212
0062b100	NET	T2	212
0062b208	NET	T2	152
0062b2d4	NET	T2	152
0062b3a0	NET	T2	160
0062b490	NET	T2	324
0062b664	NET	T2	324
0062b838	NET	T2	212
0062b940	NET	T2	212
0062ba48	NET	T2	152
0062bb14	NET	T2	152
0062bbe0	NET	T2	160
0062bcd0	NET	T2	324
0062bea4	NET	T2	324
0062c078	NET	T2	212
0062c180	NET	T2	212
0062c288	NET	T2	152
0062c354	NET	T2	152
0062c420	NET	T2	160
0062c510	NET	T2	324
0062c6e4	NET	T2	324
0062c8b8	NET	T2	212
0062c9c0	NET	T2	212
0062cac8	NET	T2	152
0062cb94	NET	T2	152
0062cc60	NET	T2	160
0062cd50	NET	T2	324
0062cf24	NET	T2	324
0062d0f8	NET	T2	212
0062d200	NET	T2	212
0062d308	NET	T2	152
0062d3d4	NET	T2	152
0062d4a0	NET	T2	160
0062d590	NET	T2	324
0062d764	NET	T2	324
0062d938	NET	T2	212
0062da40	NET	T2	212
0062db48	NET	T2	152
0062dc14	NET	T2	152
0062dce0	NET	T2	160
0062ddd0	NET	T2	324
0062dfa4	NET	T2	324
0062e178	NET	T2	212
0062e280	NET	T2	212
0062e388	NET	T2	152
0062e454	NET	T2	152
0062e520	NET	T2	160
0062e610	NET	T2	324
0062e7e4	NET	T2	324
0062e9b8	NET	T2	212
0062eac0	NET	T2	212
0062ebc8	NET	T2	152
0062ec94	NET	T2	152
0062ed60	NET	T2	160
0062ee50	NET	T2	324
0062f024	NET	T2	324
0062f1f8	NET	T2	212
0062f300	NET	T2	212
0062f408	NET	T2	152
0062f4d4	NET	T2	152
0062f5a0	NET	T2	160
0062f690	NET	T2	324
0062f864	NET	T2	324
0062fa38	NET	T2	212
0062fb40	NET	T2	212
0062fc48	NET	T2	152
0062fd14	NET	T2	152
0062fde0	NET	T2	160
0062fed0	NET	T2	324
006300a4	NET	T2	324
00630278	NET	T2	212
00630380	NET	T2	212
00630488	NET	T2	152
00630554	NET	T2	152
00630620	NET	T2	160
00630710	NET	T2	324
006308e4	NET	T2	324
00630ab8	NET	T2	212
00630bc0	NET	T2	212
00630cc8	NET	T2	152
00630d94	NET	T2	152
00630e60	NET	T2	160
00630f50	NET	T2	324
00631124	NET	T2	324
006312f8	NET	T2	212
00631400	NET	T2	212
00631508	NET	T2	152
006315d4	NET	T2	152
006316a0	NET	T2	4
006316a4	NET	T2	88
006316fc	NET	T2	116
00631770	NET	T2	8
00631778	NET	T2	1332
00631d30	NET	T2	244
00631e2c	NET	T2	24
00631e44	NET	T2	588
00632090	NET	T2	112
00632100	NET	T2	8
00632108	NET	T2	80
00632158	NET	T2	504
00632350	NET	T2	140
006323e0	NET	T2	48
00632410	NET	T2	264
00632520	NET	T2	1356
00632ab0	NET	T2	224
00632b90	NET	T2	264
00632c98	NET	T2	48
00632cc8	NET	T2	28
00632ce4	NET	T2	4
00632ce8	NET	T2	4
00632cec	NET	T2	8
00632cf4	NET	T2	68
00632d38	NET	T2	12
00632d44	NET	T2	180
00632e50	NET	T1	748
006331d8	NET	T2	868
00633634	NET	T2	868
00633a90	NET	T2	752
00634080	NET	T2	16
00634090	NET	T2	4
00634094	NET	T2	752
00634684	NET	T2	692
006349e0	NET	T2	168
00634a8c	NET	T2	244
00634b88	NET	T2	188
00634c48	NET	T2	188
00634d08	NET	T2	144
00634d98	NET	T2	204
00634e64	NET	T2	24
00634e7c	NET	T2	588
006350c8	NET	T2	116
0063513c	NET	T2	8
00635144	NET	T2	80
00635194	NET	T2	504
0063538c	NET	T2	140
00635418	NET	T2	224
006354f8	NET	T2	172
006355a8	NET	T2	296
006356d0	NET	T2	220
006357ac	NET	T2	8
006357b4	NET	T2	48
006357e4	NET	T1	288
00635904	NET	T2	140
00635990	NET	T1	952
00635e44	NET	T2	32
00635e64	NET	T2	52
00635e98	NET	T2	648
006361dc	NET	T2	576
0063649c	NET	T2	24
006364b4	NET	T2	600
006367b4	NET	T2	36
006367d8	NET	T2	56
00636810	NET	T2	24
00636828	NET	T2	8
00636830	NET	T2	264
00636938	NET	T2	48
00636968	NET	T2	28
00636984	NET	T2	4
00636988	NET	T2	4
0063698c	NET	T2	8
00636994	NET	T2	68
006369d8	NET	T2	12
006369e4	NET	T2	180
00636af0	NET	T1	748
00636e78	NET	T2	168
00636f24	NET	T2	172
00636fd4	NET	T2	292
006370f8	NET	T2	216
006371d0	NET	T2	8
006371d8	NET	T2	48
00637208	NET	T1	252
00637304	NET	T2	140
00637390	NET	T1	852
00637aa8	NET	T2	168
00637b54	NET	T2	952
00637f54	NET	T2	4
00637f58	NET	T2	1204
006384a0	NET	T2	184
00638560	NET	T2	28
0063857c	NET	T2	8
00638584	NET	T2	172
00638634	NET	T2	268
00638740	NET	T2	208
00638810	NET	T2	8
00638818	NET	T2	28
00638834	NET	T1	192
006388f4	NET	T2	140
00638980	NET	T2	4
00638984	NET	T2	4
00638988	NET	T2	48
006389b8	NET	T2	28
006389d4	NET	T2	4
006389d8	NET	T2	4
006389dc	NET	T2	52
00638a10	NET	T2	68
00638a54	NET	T2	12
00638a60	NET	T2	400
00638c8c	NET	T2	4
00638c90	NET	T2	48
00638cc0	NET	T2	28
00638cdc	NET	T2	4
00638ce0	NET	T2	4
00638ce4	NET	T2	52
00638d18	NET	T2	68
00638d5c	NET	T2	12
00638d68	NET	T2	4
00638d6c	NET	T2	48
00638d9c	NET	T2	28
00638db8	NET	T2	4
00638dbc	NET	T2	4
00638dc0	NET	T2	12
00638dcc	NET	T2	68
00638e10	NET	T2	12
00638e1c	NET	T1	1080
0063947c	NET	T2	608
006396e4	NET	T2	4
006396e8	NET	T2	180
0063979c	NET	T2	196
00639860	NET	T2	236
0063994c	NET	T2	160
006399ec	NET	T2	8
006399f4	NET	T2	8
006399fc	NET	T2	160
00639a9c	NET	T2	1332
0063a054	NET	T2	264
0063a15c	NET	T2	48
0063a18c	NET	T2	28
0063a1a8	NET	T2	4
0063a1ac	NET	T2	4
0063a1b0	NET	T2	8
0063a1b8	NET	T2	68
0063a1fc	NET	T2	12
0063a208	NET	T2	180
0063a310	NET	T1	748
0063a698	NET	T2	868
0063aaf4	NET	T2	752
0063b0e4	NET	T2	692
0063b440	NET	T2	1332
0063b9f8	NET	T2	244
0063baf4	NET	T2	24
0063bb0c	NET	T2	588
0063bd58	NET	T2	112
0063bdc8	NET	T2	8
0063bdd0	NET	T2	80
0063be20	NET	T2	504
0063c018	NET	T2	140
0063c0a4	NET	T2	264
0063c1b0	NET	T2	1356
0063c740	NET	T2	224
0063c820	NET	T2	264
0063c928	NET	T2	48
0063c958	NET	T2	28
0063c974	NET	T2	4
0063c978	NET	T2	4
0063c97c	NET	T2	8
0063c984	NET	T2	68
0063c9c8	NET	T2	12
0063c9d4	NET	T2	180
0063cae0	NET	T1	748
0063ce68	NET	T2	868
0063d2c4	NET	T2	868
0063d720	NET	T2	752
0063dd10	NET	T2	16
0063dd20	NET	T2	4
0063dd24	NET	T2	752
0063e314	NET	T2	692
0063e670	NET	T2	168
0063e71c	NET	T2	244
0063e818	NET	T2	188
0063e8d8	NET	T2	188
0063e998	NET	T2	144
0063ea28	NET	T2	204
0063eaf4	NET	T2	24
0063eb0c	NET	T2	588
0063ed58	NET	T2	116
0063edcc	NET	T2	8
0063edd4	NET	T2	80
0063ee24	NET	T2	504
0063f01c	NET	T2	140
0063f0a8	NET	T2	224
0063f188	NET	T2	172
0063f238	NET	T2	296
0063f360	NET	T2	220
0063f43c	NET	T2	8
0063f444	NET	T2	48
0063f474	NET	T1	288
0063f594	NET	T2	140
0063f620	NET	T2	1332
0063fbd8	NET	T2	244
0063fcd4	NET	T2	24
0063fcec	NET	T2	588
0063ff38	NET	T2	112
0063ffa8	NET	T2	8
0063ffb0	NET	T2	80
00640000	NET	T2	504
006401f8	NET	T2	140
00640284	NET	T2	264
00640390	NET	T2	1356
00640920	NET	T2	224
00640a00	NET	T2	264
00640b08	NET	T2	48
00640b38	NET	T2	28
00640b54	NET	T2	4
00640b58	NET	T2	4
00640b5c	NET	T2	8
00640b64	NET	T2	68
00640ba8	NET	T2	12
00640bb4	NET	T2	180
00640cc0	NET	T1	748
00641048	NET	T2	868
006414a4	NET	T2	868
00641900	NET	T2	752
00641ef0	NET	T2	16
00641f00	NET	T2	4
00641f04	NET	T2	752
006424f4	NET	T2	692
00642850	NET	T2	168
006428fc	NET	T2	244
006429f8	NET	T2	188
00642ab8	NET	T2	188
00642b78	NET	T2	144
00642c08	NET	T2	204
00642cd4	NET	T2	24
00642cec	NET	T2	588
00642f38	NET	T2	116
00642fac	NET	T2	8
00642fb4	NET	T2	80
00643004	NET	T2	504
006431fc	NET	T2	140
00643288	NET	T2	224
00643368	NET	T2	172
00643418	NET	T2	296
00643540	NET	T2	220
0064361c	NET	T2	8
00643624	NET	T2	48
00643654	NET	T1	288
00643774	NET	T2	140
00643800	NET	T2	1332
00643db8	NET	T2	244
00643eb4	NET	T2	24
00643ecc	NET	T2	588
00644118	NET	T2	112
00644188	NET	T2	8
00644190	NET	T2	80
006441e0	NET	T2	504
006443d8	NET	T2	140
00644464	NET	T2	264
00644570	NET	T2	1356
00644b00	NET	T2	224
00644be0	NET	T2	264
00644ce8	NET	T2	48
00644d18	NET	T2	28
00644d34	NET	T2	4
00644d38	NET	T2	4
00644d3c	NET	T2	8
00644d44	NET	T2	68
00644d88	NET	T2	12
00644d94	NET	T2	180
00644ea0	NET	T1	748
00645228	NET	T2	868
00645684	NET	T2	868
00645ae0	NET	T2	752
006460d0	NET	T2	16
006460e0	NET	T2	4
006460e4	NET	T2	752
006466d4	NET	T2	692
00646a30	NET	T2	168
00646adc	NET	T2	244
00646bd8	NET	T2	188
00646c98	NET	T2	188
00646d58	NET	T2	144
00646de8	NET	T2	204
00646eb4	NET	T2	24
00646ecc	NET	T2	588
00647118	NET	T2	116
0064718c	NET	T2	8
00647194	NET	T2	80
006471e4	NET	T2	504
006473dc	NET	T2	140
00647468	NET	T2	224
00647548	NET	T2	172
006475f8	NET	T2	296
00647720	NET	T2	220
006477fc	NET	T2	8
00647804	NET	T2	48
00647834	NET	T1	288
00647954	NET	T2	140
006479e0	NET	T2	1332
00647f98	NET	T2	244
00648094	NET	T2	24
006480ac	NET	T2	588
006482f8	NET	T2	112
00648368	NET	T2	8
00648370	NET	T2	80
006483c0	NET	T2	504
006485b8	NET	T2	140
00648644	NET	T2	264
00648750	NET	T2	1356
00648ce0	NET	T2	224
00648dc0	NET	T2	264
00648ec8	NET	T2	48
00648ef8	NET	T2	28
00648f14	NET	T2	4
00648f18	NET	T2	4
00648f1c	NET	T2	8
00648f24	NET	T2	68
00648f68	NET	T2	12
00648f74	NET	T2	180
00649080	NET	T1	748
00649408	NET	T2	868
00649864	NET	T2	868
00649cc0	NET	T2	752
0064a2b0	NET	T2	16
0064a2c0	NET	T2	4
0064a2c4	NET	T2	752
0064a8b4	NET	T2	692
0064ac10	NET	T2	168
0064acbc	NET	T2	244
0064adb8	NET	T2	188
0064ae78	NET	T2	188
0064af38	NET	T2	144
0064afc8	NET	T2	204
0064b094	NET	T2	24
0064b0ac	NET	T2	588
0064b2f8	NET	T2	116
0064b36c	NET	T2	8
0064b374	NET	T2	80
0064b3c4	NET	T2	504
0064b5bc	NET	T2	140
0064b648	NET	T2	224
0064b728	NET	T2	172
0064b7d8	NET	T2	296
0064b900	NET	T2	220
0064b9dc	NET	T2	8
0064b9e4	NET	T2	48
0064ba14	NET	T1	288
0064bb34	NET	T2	140
0064bbc0	NET	T2	1332
0064c178	NET	T2	244
0064c274	NET	T2	24
0064c28c	NET	T2	588
0064c4d8	NET	T2	112
0064c548	NET	T2	8
0064c550	NET	T2	80
0064c5a0	NET	T2	504
0064c798	NET	T2	140
0064c824	NET	T2	264
0064c930	NET	T2	1356
0064cec0	NET	T2	224
0064cfa0	NET	T2	264
0064d0a8	NET	T2	48
0064d0d8	NET	T2	28
0064d0f4	NET	T2	4
0064d0f8	NET	T2	4
0064d0fc	NET	T2	8
0064d104	NET	T2	68
0064d148	NET	T2	12
0064d154	NET	T2	180
0064d260	NET	T1	748
0064d5e8	NET	T2	868
0064da44	NET	T2	868
0064dea0	NET	T2	752
0064e490	NET	T2	16
0064e4a0	NET	T2	4
0064e4a4	NET	T2	752
0064ea94	NET	T2	692
0064edf0	NET	T2	168
0064ee9c	NET	T2	244
0064ef98	NET	T2	188
0064f058	NET	T2	188
0064f118	NET	T2	144
0064f1a8	NET	T2	204
0064f274	NET	T2	336
0064f3c4	NET	T2	24
0064f3dc	NET	T2	588
0064f628	NET	T2	116
0064f69c	NET	T2	8
0064f6a4	NET	T2	80
0064f6f4	NET	T2	504
0064f8ec	NET	T2	140
0064f978	NET	T2	224
0064fa58	NET	T2	172
0064fb08	NET	T2	296
0064fc30	NET	T2	220
0064fd0c	NET	T2	8
0064fd14	NET	T2	48
0064fd44	NET	T1	288
0064fe64	NET	T2	140
0064fef0	NET	T2	1332
006504a8	NET	T2	244
006505a4	NET	T2	24
006505bc	NET	T2	588
00650808	NET	T2	112
00650878	NET	T2	8
00650880	NET	T2	80
006508d0	NET	T2	504
00650ac8	NET	T2	140
00650b54	NET	T2	264
00650c60	NET	T2	1356
006511f0	NET	T2	224
006512d0	NET	T2	264
006513d8	NET	T2	48
00651408	NET	T2	28
00651424	NET	T2	4
00651428	NET	T2	4
0065142c	NET	T2	8
00651434	NET	T2	68
00651478	NET	T2	12
00651484	NET	T2	180
00651590	NET	T1	748
00651918	NET	T2	868
00651d74	NET	T2	868
006521d0	NET	T2	752
006527c0	NET	T2	16
006527d0	NET	T2	4
006527d4	NET	T2	752
00652dc4	NET	T2	692
00653120	NET	T2	168
006531cc	NET	T2	244
006532c8	NET	T2	188
00653388	NET	T2	188
00653448	NET	T2	144
006534d8	NET	T2	204
006535a4	NET	T2	24
006535bc	NET	T2	588
00653808	NET	T2	116
0065387c	NET	T2	8
00653884	NET	T2	80
006538d4	NET	T2	504
00653acc	NET	T2	140
00653b58	NET	T2	224
00653c38	NET	T2	172
00653ce8	NET	T2	296
00653e10	NET	T2	220
00653eec	NET	T2	8
00653ef4	NET	T2	48
00653f24	NET	T1	288
00654044	NET	T2	140
006540d0	NET	T2	1332
00654688	NET	T2	244
00654784	NET	T2	24
0065479c	NET	T2	588
006549e8	NET	T2	112
00654a58	NET	T2	8
00654a60	NET	T2	80
00654ab0	NET	T2	504
00654ca8	NET	T2	140
00654d34	NET	T2	264
00654e40	NET	T2	1356
006553d0	NET	T2	224
006554b0	NET	T2	264
006555b8	NET	T2	48
006555e8	NET	T2	28
00655604	NET	T2	4
00655608	NET	T2	4
0065560c	NET	T2	8
00655614	NET	T2	68
00655658	NET	T2	12
00655664	NET	T2	180
00655770	NET	T1	748
00655af8	NET	T2	868
00655f54	NET	T2	868
006563b0	NET	T2	752
006569a0	NET	T2	16
006569b0	NET	T2	4
006569b4	NET	T2	752
00656fa4	NET	T2	692
00657300	NET	T2	168
006573ac	NET	T2	244
006574a8	NET	T2	188
00657568	NET	T2	188
00657628	NET	T2	144
006576b8	NET	T2	204
00657784	NET	T2	336
006578d4	NET	T2	24
006578ec	NET	T2	588
00657b38	NET	T2	116
00657bac	NET	T2	8
00657bb4	NET	T2	80
00657c04	NET	T2	504
00657dfc	NET	T2	140
00657e88	NET	T2	224
00657f68	NET	T2	172
00658018	NET	T2	296
00658140	NET	T2	220
0065821c	NET	T2	8
00658224	NET	T2	48
00658254	NET	T1	288
00658374	NET	T2	140
00658400	NET	T2	1332
006589b8	NET	T2	244
00658ab4	NET	T2	24
00658acc	NET	T2	588
00658d18	NET	T2	112
00658d88	NET	T2	8
00658d90	NET	T2	80
00658de0	NET	T2	504
00658fd8	NET	T2	140
00659064	NET	T2	264
00659170	NET	T2	1356
00659700	NET	T2	224
006597e0	NET	T2	264
006598e8	NET	T2	48
00659918	NET	T2	28
00659934	NET	T2	4
00659938	NET	T2	4
0065993c	NET	T2	8
00659944	NET	T2	68
00659988	NET	T2	12
00659994	NET	T2	180
00659aa0	NET	T1	748
00659e28	NET	T2	868
0065a284	NET	T2	868
0065a6e0	NET	T2	752
0065acd0	NET	T2	16
0065ace0	NET	T2	4
0065ace4	NET	T2	752
0065b2d4	NET	T2	692
0065b630	NET	T2	168
0065b6dc	NET	T2	244
0065b7d8	NET	T2	188
0065b898	NET	T2	188
0065b958	NET	T2	144
0065b9e8	NET	T2	204
0065bab4	NET	T2	24
0065bacc	NET	T2	588
0065bd18	NET	T2	116
0065bd8c	NET	T2	8
0065bd94	NET	T2	80
0065bde4	NET	T2	504
0065bfdc	NET	T2	140
0065c068	NET	T2	224
0065c148	NET	T2	172
0065c1f8	NET	T2	296
0065c320	NET	T2	220
0065c3fc	NET	T2	8
0065c404	NET	T2	48
0065c434	NET	T1	288
0065c554	NET	T2	140
0065c5e0	NET	T2	1332
0065cb98	NET	T2	244
0065cc94	NET	T2	24
0065ccac	NET	T2	588
0065cef8	NET	T2	112
0065cf68	NET	T2	8
0065cf70	NET	T2	80
0065cfc0	NET	T2	504
0065d1b8	NET	T2	140
0065d244	NET	T2	264
0065d350	NET	T2	1356
0065d8e0	NET	T2	224
0065d9c0	NET	T2	264
0065dac8	NET	T2	48
0065daf8	NET	T2	28
0065db14	NET	T2	4
0065db18	NET	T2	4
0065db1c	NET	T2	8
0065db24	NET	T2	68
0065db68	NET	T2	12
0065db74	NET	T2	180
0065dc80	NET	T1	748
0065e008	NET	T2	868
0065e464	NET	T2	868
0065e8c0	NET	T2	752
0065eeb0	NET	T2	16
0065eec0	NET	T2	4
0065eec4	NET	T2	752
0065f4b4	NET	T2	692
0065f810	NET	T2	168
0065f8bc	NET	T2	244
0065f9b8	NET	T2	188
0065fa78	NET	T2	188
0065fb38	NET	T2	144
0065fbc8	NET	T2	204
0065fc94	NET	T2	24
0065fcac	NET	T2	588
0065fef8	NET	T2	116
0065ff6c	NET	T2	8
0065ff74	NET	T2	80
0065ffc4	NET	T2	504
006601bc	NET	T2	140
00660248	NET	T2	224
00660328	NET	T2	172
006603d8	NET	T2	296
00660500	NET	T2	220
006605dc	NET	T2	8
006605e4	NET	T2	48
00660614	NET	T1	288
00660734	NET	T2	140
006607c0	NET	T2	1332
00660d78	NET	T2	244
00660e74	NET	T2	24
00660e8c	NET	T2	588
006610d8	NET	T2	112
00661148	NET	T2	8
00661150	NET	T2	80
006611a0	NET	T2	504
00661398	NET	T2	140
00661424	NET	T2	264
00661530	NET	T2	1356
00661ac0	NET	T2	224
00661ba0	NET	T2	264
00661ca8	NET	T2	48
00661cd8	NET	T2	28
00661cf4	NET	T2	4
00661cf8	NET	T2	4
00661cfc	NET	T2	8
00661d04	NET	T2	68
00661d48	NET	T2	12
00661d54	NET	T2	180
00661e60	NET	T1	748
006621e8	NET	T2	868
00662644	NET	T2	868
00662aa0	NET	T2	752
00663090	NET	T2	16
006630a0	NET	T2	4
006630a4	NET	T2	752
00663694	NET	T2	692
006639f0	NET	T2	168
00663a9c	NET	T2	244
00663b98	NET	T2	188
00663c58	NET	T2	188
00663d18	NET	T2	144
00663da8	NET	T2	204
00663e74	NET	T2	336
00663fc4	NET	T2	24
00663fdc	NET	T2	588
00664228	NET	T2	116
0066429c	NET	T2	8
006642a4	NET	T2	80
006642f4	NET	T2	504
006644ec	NET	T2	140
00664578	NET	T2	224
00664658	NET	T2	172
00664708	NET	T2	296
00664830	NET	T2	220
0066490c	NET	T2	8
00664914	NET	T2	48
00664944	NET	T1	288
00664a64	NET	T2	140
00664af0	NET	T2	1332
006650a8	NET	T2	244
006651a4	NET	T2	24
006651bc	NET	T2	588
00665408	NET	T2	112
00665478	NET	T2	8
00665480	NET	T2	80
006654d0	NET	T2	504
006656c8	NET	T2	140
00665754	NET	T2	264
00665860	NET	T2	1356
00665df0	NET	T2	224
00665ed0	NET	T2	264
00665fd8	NET	T2	48
00666008	NET	T2	28
00666024	NET	T2	4
00666028	NET	T2	4
0066602c	NET	T2	8
00666034	NET	T2	68
00666078	NET	T2	12
00666084	NET	T2	180
00666190	NET	T1	748
00666518	NET	T2	868
00666974	NET	T2	868
00666dd0	NET	T2	752
006673c0	NET	T2	16
006673d0	NET	T2	4
006673d4	NET	T2	752
006679c4	NET	T2	692
00667d20	NET	T2	168
00667dcc	NET	T2	244
00667ec8	NET	T2	188
00667f88	NET	T2	188
00668048	NET	T2	144
006680d8	NET	T2	204
006681a4	NET	T2	24
006681bc	NET	T2	588
00668408	NET	T2	116
0066847c	NET	T2	8
00668484	NET	T2	80
006684d4	NET	T2	504
006686cc	NET	T2	140
00668758	NET	T2	224
00668838	NET	T2	172
006688e8	NET	T2	296
00668a10	NET	T2	220
00668aec	NET	T2	8
00668af4	NET	T2	48
00668b24	NET	T1	288
00668c44	NET	T2	140
00668cd0	NET	T2	1332
00669288	NET	T2	264
00669390	NET	T2	48
006693c0	NET	T2	28
006693dc	NET	T2	4
006693e0	NET	T2	4
006693e4	NET	T2	8
006693ec	NET	T2	68
00669430	NET	T2	12
0066943c	NET	T2	180
00669540	NET	T1	748
006698c8	NET	T2	868
00669d24	NET	T2	752
0066a314	NET	T2	692
0066a670	NET	T2	1332
0066ac28	NET	T2	244
0066ad24	NET	T2	24
0066ad3c	NET	T2	588
0066af88	NET	T2	112
0066aff8	NET	T2	8
0066b000	NET	T2	80
0066b050	NET	T2	504
0066b248	NET	T2	140
0066b2d4	NET	T2	264
0066b3e0	NET	T2	1356
0066b970	NET	T2	224
0066ba50	NET	T2	264
0066bb58	NET	T2	48
0066bb88	NET	T2	28
0066bba4	NET	T2	4
0066bba8	NET	T2	4
0066bbac	NET	T2	8
0066bbb4	NET	T2	68
0066bbf8	NET	T2	12
0066bc04	NET	T2	180
0066bd10	NET	T1	748
0066c098	NET	T2	868
0066c4f4	NET	T2	868
0066c950	NET	T2	752
0066cf40	NET	T2	16
0066cf50	NET	T2	4
0066cf54	NET	T2	752
0066d544	NET	T1	692
0066d8a0	NET	T2	168
0066d94c	NET	T2	244
0066da48	NET	T2	188
0066db08	NET	T2	188
0066dbc8	NET	T2	144
0066dc58	NET	T2	204
0066dd24	NET	T2	24
0066dd3c	NET	T2	588
0066df88	NET	T2	116
0066dffc	NET	T2	8
0066e004	NET	T2	80
0066e054	NET	T2	504
0066e24c	NET	T2	140
0066e2d8	NET	T2	224
0066e3b8	NET	T2	172
0066e468	NET	T2	296
0066e590	NET	T2	220
0066e66c	NET	T2	8
0066e674	NET	T2	48
0066e6a4	NET	T1	288
0066e7c4	NET	T2	140
0066e850	NET	T2	1332
0066ee08	NET	T2	244
0066ef04	NET	T2	24
0066ef1c	NET	T2	588
0066f168	NET	T2	112
0066f1d8	NET	T2	8
0066f1e0	NET	T2	80
0066f230	NET	T2	504
0066f428	NET	T2	140
0066f4b4	NET	T2	264
0066f5c0	NET	T2	1356
0066fb50	NET	T2	224
0066fc30	NET	T2	264
0066fd38	NET	T2	48
0066fd68	NET	T2	28
0066fd84	NET	T2	4
0066fd88	NET	T2	4
0066fd8c	NET	T2	8
0066fd94	NET	T2	68
0066fdd8	NET	T2	12
0066fde4	NET	T2	180
0066fef0	NET	T1	748
00670278	NET	T2	868
006706d4	NET	T2	868
00670b30	NET	T2	752
00671120	NET	T2	16
00671130	NET	T2	4
00671134	NET	T2	752
00671724	NET	T2	692
00671a80	NET	T2	168
00671b2c	NET	T2	244
00671c28	NET	T2	188
00671ce8	NET	T2	188
00671da8	NET	T2	144
00671e38	NET	T2	204
00671f04	NET	T2	24
00671f1c	NET	T2	588
00672168	NET	T2	116
006721dc	NET	T2	8
006721e4	NET	T2	80
00672234	NET	T2	504
0067242c	NET	T2	140
006724b8	NET	T2	224
00672598	NET	T2	172
00672648	NET	T2	296
00672770	NET	T2	220
0067284c	NET	T2	8
00672854	NET	T2	48
00672884	NET	T1	288
00672a34	NET	T3	68
00672a78	NN_SDK	T1	236
0067361c	NET	T3	156
00673e64	NET	T3	152
006746a4	NET	T3	152
00675f20	NET	T1	748
006762a8	NET	T2	868
00676704	NET	T2	868
00676b60	NET	T2	752
00677150	NET	T2	16
00677160	NET	T2	4
00677164	NET	T2	4
00677168	NET	T1	752
00677758	NET	T2	692
00677ab4	NET	T2	168
00677b60	NET	T2	244
00677c5c	NET	T2	188
00677d1c	NET	T2	188
00677ddc	NET	T2	144
00677e6c	NET	T2	204
00677f38	NET	T2	24
00677f50	NET	T2	588
0067819c	NET	T2	116
00678210	NET	T2	8
00678218	NET	T2	80
00678268	NET	T2	504
00678460	NET	T2	140
006784ec	NET	T2	224
006785cc	NET	T2	172
0067867c	NET	T2	296
006787a4	NET	T2	220
00678880	NET	T2	8
00678888	NET	T2	48
006788b8	NET	T1	288
006789d8	NET	T2	140
00678a64	NET	T1	952
00678f18	NET	T2	32
00678f38	NET	T2	52
00678f6c	NET	T2	648
006792b0	NET	T2	576
00679570	NET	T2	24
00679588	NET	T2	600
00679888	NET	T2	36
006798ac	NET	T2	56
006798e4	NET	T2	24
006798fc	NET	T2	8
00679904	NET	T2	264
00679a0c	NET	T2	48
00679a3c	NET	T2	28
00679a58	NET	T2	4
00679a5c	NET	T2	4
00679a60	NET	T2	8
00679a68	NET	T2	68
00679aac	NET	T2	12
00679ab8	NET	T2	180
00679bc0	NET	T1	748
00679f48	NET	T2	168
00679ff4	NET	T2	172
0067a0a4	NET	T2	292
0067a1c8	NET	T2	216
0067a2a0	NET	T2	8
0067a2a8	NET	T2	48
0067a2d8	NET	T1	252
0067a3d4	NET	T2	140
0067a460	NET	T1	852
0067ab78	NET	T2	168
0067ac24	NET	T2	952
0067b024	NET	T2	4
0067b028	NET	T2	1204
0067b570	NET	T2	184
0067b630	NET	T2	28
0067b64c	NET	T2	8
0067b654	NET	T2	172
0067b704	NET	T2	268
0067b810	NET	T2	208
0067b8e0	NET	T2	8
0067b8e8	NET	T2	28
0067b904	NET	T1	192
0067b9c4	NET	T2	140
0067ba50	NET	T2	4
0067ba54	NET	T2	48
0067ba84	NET	T2	28
0067baa0	NET	T2	4
0067baa4	NET	T2	4
0067baa8	NET	T2	52
0067badc	NET	T2	68
0067bb20	NET	T2	12
0067bb2c	NET	T2	400
0067bd58	NET	T2	4
0067bd5c	NET	T2	48
0067bd8c	NET	T2	28
0067bda8	NET	T2	4
0067bdac	NET	T2	4
0067bdb0	NET	T2	52
0067bde4	NET	T2	68
0067be28	NET	T2	12
0067be34	NET	T2	4
0067be38	NET	T2	48
0067be68	NET	T2	28
0067be84	NET	T2	4
0067be88	NET	T2	4
0067be8c	NET	T2	12
0067be98	NET	T2	68
0067bedc	NET	T2	12
0067bee8	NET	T1	1080
0067c548	NET	T2	608
0067c7b0	NET	T2	4
0067c7b4	NET	T2	180
0067c868	NET	T2	196
0067c92c	NET	T2	236
0067ca18	NET	T2	160
0067cab8	NET	T2	8
0067cac0	NET	T2	8
0067cac8	NET	T2	160
0067cb68	NET	T2	1332
0067d120	NET	T2	264
0067d228	NET	T2	48
0067d258	NET	T2	28
0067d274	NET	T2	4
0067d278	NET	T2	4
0067d27c	NET	T2	8
0067d284	NET	T2	68
0067d2c8	NET	T2	12
0067d2d4	NET	T2	180
0067d3e0	NET	T1	748
0067d768	NET	T2	868
0067dbc4	NET	T2	752
0067e1b4	NET	T1	692
0067e510	NET	T2	1332
0067eac8	NET	T2	244
0067ebc4	NET	T2	24
0067ebdc	NET	T2	588
0067ee28	NET	T2	112
0067ee98	NET	T2	8
0067eea0	NET	T2	80
0067eef0	NET	T2	504
0067f0e8	NET	T2	140
0067f174	NET	T2	264
0067f280	NET	T2	1356
0067f810	NET	T2	224
0067f8f0	NET	T2	264
0067f9f8	NET	T2	48
0067fa28	NET	T2	28
0067fa44	NET	T2	4
0067fa48	NET	T2	4
0067fa4c	NET	T2	8
0067fa54	NET	T2	68
0067fa98	NET	T2	12
0067faa4	NET	T2	180
0067fbb0	NET	T1	748
0067ff38	NET	T2	868
00680394	NET	T2	868
006807f0	NET	T2	752
00680de0	NET	T2	16
00680df0	NET	T2	4
00680df4	NET	T2	752
006813e4	NET	T2	692
00681740	NET	T2	168
006817ec	NET	T2	244
006818e8	NET	T2	188
006819a8	NET	T2	188
00681a68	NET	T2	144
00681af8	NET	T2	204
00681bc4	NET	T2	24
00681bdc	NET	T2	588
00681e28	NET	T2	116
00681e9c	NET	T2	8
00681ea4	NET	T2	80
00681ef4	NET	T2	504
006820ec	NET	T2	140
00682178	NET	T2	224
00682258	NET	T2	172
00682308	NET	T2	296
00682430	NET	T2	220
0068250c	NET	T2	8
00682514	NET	T2	48
00682544	NET	T1	288
00682664	NET	T2	140
006826f0	NET	T2	4
006826f4	NET	T2	8
006826fc	NET	T2	8
00682704	NET	T2	16
00682714	NET	T2	8
0068271c	NET	T2	68
00682760	NET	T2	84
006827b4	NET	T2	48
006827e4	NET	T2	100
00682848	NET	T2	4
0068284c	NET	T2	4
00682850	NET	T2	96
006828b0	NET	T2	8
006828b8	NET	T2	4
006828bc	NET	T2	20
006828d0	NET	T2	8
006828d8	NET	T2	76
006829d8	NET	T2	72
00682a20	NET	T2	196
00682ae4	NET	T2	344
00682c44	NET	T2	184
00682cfc	NET	T2	112
00682d6c	NET	T2	52
00682da0	NET	T2	8
00682da8	NET	T2	308
00682edc	NET	T2	8
00682ee4	NET	T2	16
00682ef8	NET	T2	24
00682f10	NET	T2	4
00682f18	NET	T2	20
00682f2c	NET	T2	260
00683030	NET	T2	52
00683064	NET	T2	228
00683148	NET	T2	8
00683150	NET	T2	8
00683158	NET	T2	8
00683160	NET	T2	8
00683168	NET	T2	12
00683174	NET	T2	36
00683198	NET	T2	256
00683298	NET	T2	204
00683364	NET	T2	68
006833a8	NET	T2	296
006834d0	NET	T2	116
00683550	NET	T2	4
00683554	NET	T2	236
00683640	NET	T2	172
006836ec	NET	T2	48
0068371c	NET	T2	112
00683790	NET	T2	164
00683834	NET	T2	304
00683964	NET	T2	368
00683ad4	NET	T2	8
00683ae0	NET	T2	4
00683af0	NET	T2	124
00683b70	NET	T2	32
00683b90	NET	T2	116
00683c10	NET	T2	116
00683c84	NET	T2	72
00683cd0	NET	T2	12
00683cdc	NET	T2	24
00683cf4	NET	T2	28
00683d10	NET	T2	4
00683d20	NET	T2	4
00683d24	NET	T2	132
00683da8	NET	T2	16
00683db8	NET	T2	16
00683dc8	NET	T2	60
00683e04	NET	T2	104
00683e6c	NET	T2	108
00683ed8	NET	T2	96
00683f38	NET	T2	116
00683fac	NET	T2	148
00684040	NET	T2	8
00684048	NET	T2	52
0068407c	NET	T2	60
006840b8	NET	T2	8
006840c0	NET	T2	28
006840dc	NET	T2	60
00684118	NET	T2	20
00684130	NET	T2	128
006841b0	NET	T2	212
00684290	NET	T2	144
00684320	NET	T2	72
00684368	NET	T2	80
006843b8	NET	T2	24
006843d0	NET	T2	28
006843ec	NET	T2	20
00684400	NET	T2	52
00684434	NET	T2	16
00684444	NET	T2	4
00684448	NET	T2	8
00684450	NET	T2	8
00684458	NET	T2	4
0068445c	NET	T2	4
00684460	NET	T2	60
0068449c	NET	T2	96
006844fc	NET	T2	104
00684564	NET	T2	196
00684628	NET	T2	332
00684774	NET	T2	76
006847c0	NET	T2	104
00684828	NET	T2	8
00684830	NET	T2	68
00684874	NET	T2	232
0068495c	NET	T2	128
006849dc	NET	T2	244
00684ad0	NET	T2	148
00684b64	NET	T2	340
00684cb8	NET	T2	248
00684db0	NET	T2	344
00684f08	NET	T2	300
00685034	NET	T2	180
006850e8	NET	T2	476
006852c4	NET	T2	228
006853a8	NET	T2	484
0068558c	NET	T2	232
00685674	NET	T2	160
00685714	NET	T2	348
00685870	NET	T2	424
00685a18	NET	T2	132
00685a9c	NET	T2	516
00685ca0	NET	T2	52
00685cd4	NET	T2	56
00685d0c	NET	T2	64
00685d4c	NET	T2	92
00685db0	NET	T2	4
00685db4	NET	T2	356
00685f18	NET	T2	168
00685fc0	NET	T2	180
00686074	NET	T2	420
00686218	NET	T2	1072
0068667c	NET	T2	420
00686820	NET	T2	420
006869c4	NET	T2	420
00686b68	NET	T2	1076
00686ffc	NET	T2	420
006871a0	NET	T2	1184
006876e0	NET	T2	420
00687884	NET	T2	420
00687a28	NET	T2	420
00687bcc	NET	T2	3100
0068883c	NET	T2	420
006889e0	NET	T2	420
00688b84	NET	T2	132
00688c10	NET	T2	624
00688ed4	NET	T2	984
006892fc	NET	T2	420
006894a0	NET	T2	80
006894f0	NET	T2	4
006894f4	NET	T2	336
00689644	NET	T2	404
006897dc	NET	T2	1612
00689e5c	NET	T2	380
00689ff0	NET	T2	408
0068a190	NET	T2	388
0068a314	NET	T2	476
0068a4f0	NET	T2	156
0068a58c	NET	T2	164
0068a630	NET	T2	12
0068a63c	NET	T2	28
0068a658	NET	T2	132
0068a6dc	NET	T2	140
0068a768	NET	T2	16
0068a778	NET	T2	8
0068a780	NET	T2	8
0068a788	NET	T2	8
0068a790	NET	T2	176
0068a840	NET	T2	64
0068a880	NET	T2	20
0068a898	NET	T2	84
0068a8ec	NET	T2	132
0068a978	NET	T2	76
0068a9c4	NET	T2	84
0068aa18	NET	T2	44
0068aa44	NET	T2	28
0068aa60	NET	T2	392
0068abe8	NET	T2	8
0068abf0	NET	T2	12
0068abfc	NET	T2	40
0068ac24	NET	T2	48
0068ac54	NET	T2	44
0068ac80	NET	T2	236
0068ad6c	NET	T2	24
0068ad84	NET	T2	284
0068aea4	NET	T2	48
0068aed4	NET	T2	36
0068aef8	NET	T2	276
0068b00c	NET	T1	632
0068b308	NET	T1	336
0068b458	NET	T2	4
0068b45c	NET	T2	4
0068b460	NET	T2	60
0068b49c	NET	T2	8
0068b4a4	NET	T2	32
0068b4c4	NET	T2	76
0068b510	NET	T2	12
0068b51c	NET	T2	240
0068b60c	NET	T2	24
0068b624	NET	T2	12
0068b630	NET	T2	28
0068b64c	NET	T2	76
0068b698	NET	T2	224
0068b778	NET	T2	16
0068b788	NET	T2	8
0068b790	NET	T2	8
0068b798	NET	T2	8
0068b7a0	NET	T2	188
0068b85c	NET	T2	64
0068b89c	NET	T2	20
0068b8b4	NET	T2	172
0068b960	NET	T2	200
0068ba28	NET	T2	208
0068baf8	NET	T2	192
0068bbb8	NET	T2	28
0068bbd4	NET	T2	196
0068bc98	NET	T2	184
0068bd50	NET	T2	704
0068c080	NET	T2	48
0068c0b0	NET	T2	16
0068c0c0	NET	T2	28
0068c0dc	NET	T2	516
0068c2ec	NET	T2	380
0068c480	NET	T2	408
0068c620	NET	T2	388
0068c7a4	NET	T2	476
0068c980	NET	T2	156
0068ca1c	NET	T2	164
0068cac0	NET	T2	12
0068cacc	NET	T2	28
0068cae8	NET	T2	132
0068cb6c	NET	T2	140
0068cbf8	NET	T2	16
0068cc08	NET	T2	8
0068cc10	NET	T2	8
0068cc18	NET	T2	8
0068cc20	NET	T2	176
0068ccd0	NET	T2	64
0068cd10	NET	T2	20
0068cd28	NET	T2	84
0068cd7c	NET	T2	132
0068ce08	NET	T2	76
0068ce54	NET	T2	84
0068cea8	NET	T2	44
0068ced4	NET	T2	28
0068cef0	NET	T2	392
0068d078	NET	T2	8
0068d080	NET	T2	12
0068d08c	NET	T2	40
0068d0b4	NET	T2	48
0068d0e4	NET	T2	44
0068d110	NET	T2	236
0068d1fc	NET	T2	24
0068d214	NET	T2	284
0068d334	NET	T2	48
0068d364	NET	T2	36
0068d388	NET	T2	276
0068d49c	NET	T1	632
0068d798	NET	T1	336
0068d8e8	NET	T2	4
0068d8ec	NET	T2	4
0068d8f0	NET	T2	60
0068d92c	NET	T2	8
0068d934	NET	T2	32
0068d954	NET	T2	76
0068d9a0	NET	T2	12
0068d9ac	NET	T2	240
0068da9c	NET	T2	24
0068dab4	NET	T2	12
0068dac0	NET	T2	28
0068dadc	NET	T2	76
0068db28	NET	T2	224
0068dc08	NET	T2	16
0068dc18	NET	T2	8
0068dc20	NET	T2	8
0068dc28	NET	T2	8
0068dc30	NET	T2	188
0068dcec	NET	T2	64
0068dd2c	NET	T2	20
0068dd44	NET	T2	172
0068ddf0	NET	T2	200
0068deb8	NET	T2	208
0068df88	NET	T2	192
0068e048	NET	T2	28
0068e064	NET	T2	196
0068e128	NET	T2	184
0068e1e0	NET	T2	1340
0068e71c	NET	T2	48
0068e74c	NET	T2	16
0068e75c	NET	T2	28
0068e778	NET	T2	4
0068e77c	NET	T2	4
0068e780	NET	T2	380
0068e914	NET	T2	408
0068eab0	NET	T2	388
0068ec34	NET	T2	476
0068ee10	NET	T2	156
0068eeac	NET	T2	164
0068ef50	NET	T2	12
0068ef5c	NET	T2	28
0068ef78	NET	T2	132
0068effc	NET	T2	140
0068f088	NET	T2	16
0068f098	NET	T2	8
0068f0a0	NET	T2	8
0068f0a8	NET	T2	8
0068f0b0	NET	T2	176
0068f160	NET	T2	64
0068f1a0	NET	T2	20
0068f1b8	NET	T2	84
0068f20c	NET	T2	132
0068f298	NET	T2	76
0068f2e4	NET	T2	84
0068f338	NET	T2	44
0068f364	NET	T2	28
0068f380	NET	T2	392
0068f508	NET	T2	8
0068f510	NET	T2	12
0068f51c	NET	T2	40
0068f544	NET	T2	48
0068f574	NET	T2	44
0068f5a0	NET	T2	236
0068f68c	NET	T2	24
0068f6a4	NET	T2	280
0068f7c0	NET	T2	48
0068f7f0	NET	T2	36
0068f814	NET	T2	276
0068f928	NET	T1	640
0068fc2c	NET	T1	336
0068fd7c	NET	T2	4
0068fd80	NET	T2	4
0068fd84	NET	T2	60
0068fdc0	NET	T2	8
0068fdc8	NET	T2	32
0068fde8	NET	T2	76
0068fe34	NET	T2	12
0068fe40	NET	T2	256
0068ff40	NET	T2	24
0068ff58	NET	T2	12
0068ff64	NET	T2	28
0068ff80	NET	T2	76
0068ffcc	NET	T2	240
006900bc	NET	T2	16
006900cc	NET	T2	8
006900d4	NET	T2	8
006900dc	NET	T2	8
006900e4	NET	T2	204
00690214	NET	T2	64
00690254	NET	T2	20
0069026c	NET	T2	188
00690328	NET	T2	292
00690458	NET	T2	200
00690520	NET	T2	208
006905f0	NET	T2	192
006906b0	NET	T2	28
006906cc	NET	T2	196
00690790	NET	T2	184
00690848	NET	T2	936
00690cf4	NET	T2	48
00690d24	NET	T2	16
00690d34	NET	T2	28
00690d50	NET	T2	420
00690ef4	NET	T2	420
00691098	NET	T2	420
0069123c	NET	T2	336
0069138c	NET	T2	380
00691520	NET	T2	408
006916c0	NET	T2	388
00691844	NET	T2	476
00691a20	NET	T2	156
00691abc	NET	T2	164
00691b60	NET	T2	12
00691b6c	NET	T2	28
00691b88	NET	T2	132
00691c0c	NET	T2	140
00691c98	NET	T2	16
00691ca8	NET	T2	8
00691cb0	NET	T2	8
00691cb8	NET	T2	8
00691cc0	NET	T2	176
00691d70	NET	T2	64
00691db0	NET	T2	20
00691dc8	NET	T2	84
00691e1c	NET	T2	132
00691ea8	NET	T2	76
00691ef4	NET	T2	84
00691f48	NET	T2	44
00691f74	NET	T2	28
00691f90	NET	T2	392
00692118	NET	T2	8
00692120	NET	T2	12
0069212c	NET	T2	40
00692154	NET	T2	48
00692184	NET	T2	44
006921b0	NET	T2	236
0069229c	NET	T2	24
006922b4	NET	T2	284
006923d4	NET	T2	48
00692404	NET	T2	36
00692428	NET	T2	276
0069253c	NET	T1	632
00692838	NET	T1	336
00692988	NET	T2	4
0069298c	NET	T2	4
00692990	NET	T2	60
006929cc	NET	T2	8
006929d4	NET	T2	32
006929f4	NET	T2	76
00692a40	NET	T2	12
00692a4c	NET	T2	240
00692b3c	NET	T2	24
00692b54	NET	T2	12
00692b60	NET	T2	28
00692b7c	NET	T2	76
00692bc8	NET	T2	224
00692ca8	NET	T2	16
00692cb8	NET	T2	8
00692cc0	NET	T2	8
00692cc8	NET	T2	8
00692cd0	NET	T2	188
00692d8c	NET	T2	64
00692dcc	NET	T2	20
00692de4	NET	T2	172
00692e90	NET	T2	200
00692f58	NET	T2	208
00693028	NET	T2	192
006930e8	NET	T2	28
00693104	NET	T2	196
006931c8	NET	T2	184
00693280	NET	T2	1340
006937bc	NET	T2	48
006937ec	NET	T2	16
006937fc	NET	T2	28
00693818	NET	T2	4
0069381c	NET	T2	4
00693820	NET	T2	132
006938a4	NET	T2	124
00693920	NET	T2	12
0069392c	NET	T2	28
00693948	NET	T2	88
006939a0	NET	T2	116
00693a14	NET	T2	116
00693a88	NET	T2	40
00693ab0	NET	T2	48
00693ae0	NET	T2	12
00693aec	NET	T2	28
00693b08	NET	T2	440
00693d90	NET	T2	408
00693f28	NET	T2	24
00693f40	NET	T2	460
0069410c	NET	T2	396
00694298	NET	T1	492
006944ac	NET	T2	500
006946a0	NET	T1	336
00694808	NET	T1	260
0069492c	NET	T2	260
00694a30	NET	T1	120
00694ac0	NET	T1	580
00694d24	NET	T1	180
00694df0	NET	T2	68
00694e34	NET	T2	76
00694e80	NET	T2	40
00694ea8	NET	T2	28
00694ec4	NET	T2	8
00694ecc	NET	T2	12
00694ed8	NET	T2	36
00694efc	NET	T2	44
00694f28	NET	T2	24
00694f40	NET	T2	440
006950f8	NET	T2	24
00695110	NET	T2	4980
006964e0	NET	T2	48
00696510	NET	T2	36
00696534	NET	T2	28
00696550	NET	T2	2776
006970fc	NET	T2	748
006973e8	NET	T2	416
00697588	NET	T2	72
006975d0	NET	T2	80
00697620	NET	T2	88
00697678	NET	T2	56
006976b0	NET	T2	28
006976cc	NET	T2	24
006976e4	NET	T2	4
006976e8	NET	T2	68
0069772c	NET	T2	28
00697750	NET	T2	388
006978d4	NET	T2	476
00697ab0	NET	T2	76
00697afc	NET	T2	84
00697b50	NET	T2	44
00697b7c	NET	T2	28
00697b98	NET	T2	488
00697d80	NET	T2	8
00697d88	NET	T2	12
00697d94	NET	T2	40
00697dbc	NET	T2	48
00697dec	NET	T2	44
00697e18	NET	T2	236
00697f04	NET	T2	24
00697f1c	NET	T2	20
00697f30	NET	T2	48
00697f60	NET	T2	36
00697f84	NET	T2	244
0069807c	NET	T1	872
00698444	NET	T2	4
00698448	NET	T2	4
0069844c	NET	T2	60
00698488	NET	T2	8
00698490	NET	T2	32
006984b0	NET	T2	76
006984fc	NET	T2	8
00698504	NET	T2	488
006986ec	NET	T2	132
00698770	NET	T2	308
006988b0	NET	T2	576
00698af0	NET	T2	140
00698b7c	NET	T2	148
00698c10	NET	T2	128
00698c90	NET	T2	28
00698cac	NET	T2	28
00698cc8	NET	T2	128
00698d48	NET	T2	120
00698dc0	NET	T2	36
00698de8	NET	T2	48
00698e18	NET	T2	16
00698e28	NET	T2	128
00698ea8	NET	T2	308
00698fdc	NET	T2	216
006990c0	NET	T2	388
00699244	NET	T2	448
00699404	NET	T2	100
00699468	NET	T2	108
006994d4	NET	T2	12
006994e0	NET	T2	28
006994fc	NET	T2	76
00699548	NET	T2	84
0069959c	NET	T2	16
006995ac	NET	T2	8
006995b4	NET	T2	8
006995bc	NET	T2	8
006995c4	NET	T2	76
00699610	NET	T2	64
00699650	NET	T2	20
00699668	NET	T2	132
006996f4	NET	T2	76
00699740	NET	T2	84
00699794	NET	T2	44
006997c0	NET	T2	28
006997dc	NET	T2	8
006997e4	NET	T2	12
006997f0	NET	T2	40
00699818	NET	T2	48
00699848	NET	T2	44
00699874	NET	T2	228
00699958	NET	T2	24
00699970	NET	T2	116
006999e8	NET	T2	48
00699a18	NET	T2	16
00699a28	NET	T2	452
00699c24	NET	T2	268
00699d30	NET	T2	48
00699d70	NET	T2	28
00699d90	NET	T2	28
00699db0	NET	T2	40
00699de0	NET	T1	992
0069a250	NET	T2	420
0069a3f4	NET	T2	420
0069a598	NET	T2	324
0069a6dc	NET	T2	172
0069a788	NET	T2	420
0069a930	NET	T2	1808
0069b080	NET	T2	424
0069b228	NET	T2	584
0069b470	NET	T1	624
0069b708	NET	T1	448
0069b8e0	NET	T1	260
0069ba04	NET	T2	76
0069ba50	NET	T1	120
0069bae0	NET	T1	580
0069bd44	NET	T1	180
0069be10	NET	T2	308
0069bf44	NET	T1	336
0069c0b4	NET	T1	260
0069c1d0	NET	T1	400
0069c378	NET	T1	336
0069c4e8	NET	T2	296
0069c640	NET	T2	72
0069c688	NET	T2	448
0069c848	NET	T2	420
0069ca54	NET	T2	68
0069caa0	NET	T2	908
0069ce40	NET	T2	92
0069cea0	NET	T2	116
0069cf20	NET	T2	400
0069d0e0	NET	T2	384
0069d260	NET	T2	680
0069d570	NET	T2	188
0069d660	NET	T2	68
0069d6a4	NET	T2	156
0069d740	NET	T2	4
0069d744	NET	T2	124
0069d7dc	NET	T2	448
0069d9b4	NET	T2	24
0069d9cc	NET	T2	592
0069dc1c	NET	T2	408
0069e37c	CONFLICT	T1	2320
0069ecf4	NET	T2	704
0069efb4	NET	T2	1008
0069f3a4	NET	T2	4
0069f3a8	NET	T2	1200
0069f870	NET	T2	8
0069f878	NET	T2	76
0069f8c4	NET	T2	112
0069f934	NET	T2	316
0069faa8	NET	T2	8
0069fab0	NET	T2	8
0069fab8	NET	T2	8
0069fac0	NET	T2	124
0069fb3c	NET	T2	128
0069fbbc	NET	T2	12
0069fbc8	NET	T2	56
0069fc00	NET	T2	8
0069fc08	NET	T2	20
0069fc1c	NET	T2	8
0069fc24	NET	T2	120
0069fc9c	NET	T2	216
0069fd74	NET	T2	216
0069fe4c	NET	T2	432
0069fffc	NET	T2	364
006a0168	NET	T2	8
006a0170	NET	T2	8
006a0178	NET	T2	264
006a028c	NET	T1	552
006a04dc	NET	T1	260
006a05f8	NET	T1	400
006a07a0	NET	T2	52
006a07d4	NET	T2	276
006a08e8	NET	T1	644
006a2a6c	NN_SDK	T3	736
006a2d4c	NN_SDK	T3	528
006a2f5c	NN_SDK	T3	244
006a3510	NN_SDK	T3	596
006a3764	NN_SDK	T3	556
006a3990	NN_SDK	T3	248
006a3ccc	NET	T3	128
006a54ac	NET	T3	104
006a5fc4	NET	T3	152
006a6064	NET	T3	364
006a621c	NN_SDK	T3	432
006a63cc	NET	T3	116
006a66e0	NET	T3	288
006a7640	NET	T3	52
006a767c	NET	T3	572
006a8034	NET	T3	96
006a83b0	NET	T3	216
006a9040	NET	T3	52
006a907c	NET	T3	212
006a959c	NN_SDK	T3	964
006a9960	NN_SDK	T1	752
006a9c50	NN_SDK	T2	340
006a9da4	NN_SDK	T2	4
006a9da8	NN_SDK	T2	472
006a9f98	NN_SDK	T2	8
006a9fa0	NN_SDK	T2	76
006a9fec	NN_SDK	T2	108
006aa0bc	NN_SDK	T2	112
006aa130	NN_SDK	T2	196
006aa20c	NN_SDK	T2	176
006aa2d4	NN_SDK	T2	24
006aa2ec	NN_SDK	T2	128
006aa36c	NN_SDK	T2	848
006aa6bc	NN_SDK	T2	556
006aa8e8	NN_SDK	T2	256
006aa9e8	NN_SDK	T2	4
006aa9ec	NN_SDK	T2	328
006aab4c	NN_SDK	T2	8
006aab54	NN_SDK	T2	76
006aaba0	NN_SDK	T2	88
006aac0c	NN_SDK	T2	212
006aad14	NN_SDK	T2	24
006aad2c	NN_SDK	T2	68
006aad70	NN_SDK	T2	616
006aafd8	NN_SDK	T2	360
006ab140	NN_SDK	T2	172
006ab1ec	NN_SDK	T2	4
006ab1f0	NN_SDK	T2	208
006ab2d8	NN_SDK	T2	96
006ab338	NN_SDK	T2	8
006ab340	NN_SDK	T2	176
006ab3f0	NN_SDK	T2	76
006ab43c	NN_SDK	T2	112
006ab4b0	NN_SDK	T2	108
006ab580	NN_SDK	T2	196
006ab65c	NN_SDK	T2	176
006ab724	NN_SDK	T2	24
006ab73c	NN_SDK	T2	128
006ab7bc	NN_SDK	T2	848
006abb0c	NN_SDK	T2	556
006abd38	NN_SDK	T2	256
006abe38	NN_SDK	T2	4
006abe3c	NN_SDK	T2	328
006abf9c	NN_SDK	T2	8
006abfa4	NN_SDK	T2	76
006abff0	NN_SDK	T2	88
006ac05c	NN_SDK	T2	172
006ac10c	NN_SDK	T2	212
006ac214	NN_SDK	T2	24
006ac22c	NN_SDK	T2	68
006ac270	NN_SDK	T2	616
006ac4d8	NN_SDK	T2	360
006ac640	NN_SDK	T2	172
006ac6ec	NN_SDK	T2	4
006ac6f0	NN_SDK	T2	208
006ac7d8	NN_SDK	T2	96
006ac838	NN_SDK	T2	8
006ac840	NN_SDK	T2	176
006ac8f0	NN_SDK	T2	76
006ac93c	NN_SDK	T2	172
006ac9ec	NN_SDK	T2	104
006aca68	NN_SDK	T2	132
006acb00	NN_SDK	T2	176
006acbc8	NN_SDK	T2	24
006acbe0	NN_SDK	T2	128
006acc60	NN_SDK	T2	848
006acfb0	NN_SDK	T2	556
006ad1dc	NN_SDK	T2	256
006ad2dc	NN_SDK	T2	4
006ad2e0	NN_SDK	T2	328
006ad440	NN_SDK	T2	8
006ad448	NN_SDK	T2	76
006ad494	NN_SDK	T2	88
006ad500	NN_SDK	T2	212
006ad608	NN_SDK	T2	24
006ad620	NN_SDK	T2	68
006ad664	NN_SDK	T2	616
006ad8cc	NN_SDK	T2	360
006ada34	NN_SDK	T2	172
006adae0	NN_SDK	T2	4
006adae4	NN_SDK	T2	208
006adbcc	NN_SDK	T2	96
006adc2c	NN_SDK	T2	8
006adc34	NN_SDK	T2	176
006adce4	NN_SDK	T2	76
006add30	NN_SDK	T2	184
006adde8	NN_SDK	T2	108
006ade58	NN_SDK	T2	160
006adf10	NN_SDK	T2	132
006adf98	NN_SDK	T2	144
006ae028	NN_SDK	T2	496
006ae218	NN_SDK	T2	320
006ae358	NN_SDK	T2	156
006ae3f4	NN_SDK	T2	4
006ae3f8	NN_SDK	T2	8
006ae400	NN_SDK	T2	76
006ae44c	NN_SDK	T2	140
006ae4d8	NN_SDK	T2	108
006ae548	NN_SDK	T2	200
006ae628	NN_SDK	T2	132
006ae6b0	NN_SDK	T2	136
006ae738	NN_SDK	T2	848
006aea88	NN_SDK	T1	688
006aed38	NN_SDK	T2	232
006aee20	NN_SDK	T2	4
006aee24	NN_SDK	T2	516
006af040	NN_SDK	T2	8
006af048	NN_SDK	T2	76
006af094	NN_SDK	T2	200
006af15c	NN_SDK	T2	204
006af228	NN_SDK	T2	112
006af4e8	NN_SDK	T2	128
006af568	NN_SDK	T2	268
006af694	NN_SDK	T2	228
006af8b0	NN_SDK	T2	136
006afe84	NN_SDK	T2	192
006aff44	NN_SDK	T2	204
006b0010	NN_SDK	T2	8
006b0018	NN_SDK	T2	8
006b0020	NN_SDK	T2	8
006b0028	NN_SDK	T2	8
006b0030	NN_SDK	T2	8
006b0038	NN_SDK	T2	8
006b0040	NN_SDK	T2	288
006b0048	NN_SDK	T2	8
006b0050	NN_SDK	T2	8
006b0058	NN_SDK	T2	248
006b0060	NN_SDK	T2	8
006b0068	NN_SDK	T2	8
006b0070	NN_SDK	T2	8
006b0078	NN_SDK	T2	8
006b0080	NN_SDK	T2	8
006b0088	NN_SDK	T2	8
006b0090	NN_SDK	T2	8
006b0098	NN_SDK	T2	8
006b00a0	NN_SDK	T2	240
006b00a8	NN_SDK	T2	8
006b00b0	NN_SDK	T2	8
006b00b8	NN_SDK	T2	8
006b00c0	NN_SDK	T2	8
006b00c8	NN_SDK	T2	8
006b00d0	NN_SDK	T2	144
006b00d8	NN_SDK	T2	8
006b00e0	NN_SDK	T2	8
006b00e8	NN_SDK	T2	236
006b00f0	NN_SDK	T2	8
006b00f8	NN_SDK	T2	8
006b0100	NN_SDK	T2	144
006b0108	NN_SDK	T2	8
006b0110	NN_SDK	T2	8
006b0118	NN_SDK	T2	236
006b0120	NN_SDK	T2	8
006b0128	NN_SDK	T2	8
006b0130	NN_SDK	T2	248
006b0138	NN_SDK	T2	8
006b0140	NN_SDK	T2	8
006b0148	NN_SDK	T2	236
006b0150	NN_SDK	T2	8
006b0158	NN_SDK	T2	8
006b0160	NN_SDK	T2	8
006b0168	NN_SDK	T2	8
006b0170	NN_SDK	T2	8
006b0178	NN_SDK	T2	8
006b0180	NN_SDK	T2	8
006b0188	NN_SDK	T2	8
006b0190	NN_SDK	T2	124
006b020c	NN_SDK	T2	128
006b028c	NN_SDK	T2	12
006b0298	NN_SDK	T2	56
006b02d0	NN_SDK	T2	8
006b02d8	NN_SDK	T2	20
006b02ec	NN_SDK	T2	8
006b02f4	NN_SDK	T2	120
006b036c	NN_SDK	T2	216
006b0444	NN_SDK	T2	216
006b051c	NN_SDK	T2	432
006b06cc	NN_SDK	T2	364
006b0838	NN_SDK	T2	8
006b0840	NN_SDK	T2	8
006b0848	NN_SDK	T2	320
006b08c8	NN_SDK	T2	120
006b0940	NN_SDK	T2	12
006b094c	NN_SDK	T2	68
006b0990	NN_SDK	T2	8
006b0998	NN_SDK	T2	140
006b0a24	NN_SDK	T2	8
006b0a2c	NN_SDK	T2	4
006b0a30	NN_SDK	T2	208
006b0b00	NN_SDK	T2	200
006b0bc8	NN_SDK	T1	808
006b109c	NET	T1	200
006b1184	NET	T2	200
006b1258	NET	T2	188
006b1314	NET	T1	552
006b1564	NET	T1	260
006b1680	NET	T1	264
006b17a0	NET	T1	336
006b1910	NET	T2	52
006b1944	NET	T1	644
006b1be0	NET	T1	200
006b1cc8	NET	T2	200
006b1db0	NET	T2	200
006b1e98	NET	T1	200
006b1f80	NET	T2	200
006b2068	NET	T2	136
006b20f4	NET	T2	288
006b222c	NET	T2	364
006b23b0	NET	T2	304
006b24f8	NET	T2	312
006b2648	NET	T2	128
006b26c8	NET	T2	20
006b26dc	NET	T2	4
006b26e0	NET	T2	116
006b279c	NET	T2	596
006b29f0	NET	T1	148
006b2a9c	NET	T1	348
006b2c10	NET	T3	16
006b2f08	NN_SDK	T1	1156
006b338c	NN_SDK	T3	332
006b34d8	NET	T1	260
006b35f4	NET	T1	264
006b3714	NET	T1	336
006b3890	NET	T2	2788
006b41f0	NET	T2	560
006b4420	NET	T2	448
006b45e0	NET	T2	572
006b49b0	NET	T2	712
006b4c78	NET	T2	212
006b4d60	NET	T2	212
006b4e34	NET	T2	256
006b4f34	NET	T2	136
006b4fc0	NET	T2	348
006b5134	NET	T2	16
006b5144	NET	T2	136
006b51d0	NET	T2	348
006b5344	NET	T2	16
006b5354	NET	T2	136
006b53e0	NET	T2	348
006b5554	NET	T2	16
006b5564	NET	T1	148
006b5610	NET	T1	348
006b5784	NET	T2	16
006b5794	NET	T2	348
006b5908	NET	T2	16
006b5918	NET	T2	68
006b595c	NET	T2	460
006b5b6c	NET	T2	4
006b5b70	NET	T2	160
006b5c60	NET	T2	324
006b5e34	NET	T2	324
006b6008	NET	T2	212
006b6110	NET	T2	212
006b6218	NET	T2	152
006b62e4	NET	T2	152
006b63b0	NET	T2	160
006b64a0	NET	T2	324
006b6674	NET	T2	324
006b6848	NET	T2	212
006b6950	NET	T2	212
006b6a58	NET	T2	152
006b6b24	NET	T2	152
006b6bf0	NET	T2	160
006b6ce0	NET	T2	324
006b6eb4	NET	T2	324
006b7088	NET	T2	212
006b7190	NET	T2	212
006b7298	NET	T2	152
006b7364	NET	T2	152
006b7430	NET	T2	160
006b7520	NET	T2	324
006b76f4	NET	T2	324
006b78c8	NET	T2	212
006b79d0	NET	T2	212
006b7ad8	NET	T2	152
006b7ba4	NET	T2	152
006b7c70	NET	T2	96
006b7cd0	NET	T2	196
006b7dc8	NET	T2	160
006b7e9c	NET	T2	156
006b7f6c	NET	T2	160
006b8060	NET	T2	324
006b8234	NET	T2	324
006b8408	NET	T2	212
006b8510	NET	T2	212
006b8618	NET	T2	152
006b86e4	NET	T2	152
006b87b0	NET	T2	160
006b88a0	NET	T2	324
006b8a74	NET	T2	324
006b8c48	NET	T2	212
006b8d50	NET	T2	212
006b8e58	NET	T2	152
006b8f24	NET	T2	152
006b8ff0	NET	T2	160
006b90e0	NET	T2	324
006b92b4	NET	T2	324
006b9488	NET	T2	212
006b9590	NET	T2	212
006b9698	NET	T2	152
006b9764	NET	T2	152
006b9830	NET	T2	160
006b9920	NET	T2	324
006b9af4	NET	T2	324
006b9cc8	NET	T2	212
006b9dd0	NET	T2	212
006b9ed8	NET	T2	152
006b9fa4	NET	T2	152
006ba070	NET	T2	160
006ba160	NET	T2	324
006ba334	NET	T2	324
006ba508	NET	T2	212
006ba610	NET	T2	212
006ba718	NET	T2	152
006ba7e4	NET	T2	152
006ba8b0	NET	T2	160
006ba9a0	NET	T2	324
006bab74	NET	T2	324
006bad48	NET	T2	212
006bae50	NET	T2	212
006baf58	NET	T2	152
006bb024	NET	T2	152
006bb0f0	NET	T2	4
006bb0f4	NET	T2	88
006bb14c	NET	T2	116
006bb1c0	NET	T2	8
006bb1c8	NET	T2	1332
006bb780	NET	T2	244
006bb87c	NET	T2	24
006bb894	NET	T2	588
006bbae0	NET	T2	112
006bbb50	NET	T2	8
006bbb58	NET	T2	80
006bbba8	NET	T2	504
006bbda0	NET	T2	140
006bbe30	NET	T2	48
006bbe60	NET	T2	264
006bbf70	NET	T2	1356
006bc500	NET	T2	224
006bc5e0	NET	T2	264
006bc6e8	NET	T2	48
006bc718	NET	T2	28
006bc734	NET	T2	4
006bc738	NET	T2	4
006bc73c	NET	T2	8
006bc744	NET	T2	68
006bc788	NET	T2	12
006bc794	NET	T2	180
006bc8a0	NET	T1	748
006bcc28	NET	T2	868
006bd084	NET	T2	868
006bd4e0	NET	T2	752
006bdad0	NET	T2	16
006bdae0	NET	T2	4
006bdae4	NET	T2	752
006be0d4	NET	T2	692
006be430	NET	T2	168
006be4dc	NET	T2	244
006be5d8	NET	T2	188
006be698	NET	T2	188
006be758	NET	T2	144
006be7e8	NET	T2	204
006be8b4	NET	T2	24
006be8cc	NET	T2	588
006beb18	NET	T2	116
006beb8c	NET	T2	8
006beb94	NET	T2	80
006bebe4	NET	T2	504
006beddc	NET	T2	140
006bee68	NET	T2	224
006bef48	NET	T2	172
006beff8	NET	T2	296
006bf120	NET	T2	220
006bf1fc	NET	T2	8
006bf204	NET	T2	48
006bf234	NET	T1	288
006bf354	NET	T2	140
006bf3e0	NET	T2	1332
006bf998	NET	T2	264
006bfaa0	NET	T2	48
006bfad0	NET	T2	28
006bfaec	NET	T2	4
006bfaf0	NET	T2	4
006bfaf4	NET	T2	8
006bfafc	NET	T2	68
006bfb40	NET	T2	12
006bfb4c	NET	T2	180
006bfc50	NET	T1	748
006bffd8	NET	T2	868
006c0434	NET	T2	752
006c0a24	NET	T2	692
006c0d80	NET	T2	1332
006c1338	NET	T2	264
006c1440	NET	T2	48
006c1470	NET	T2	28
006c148c	NET	T2	4
006c1490	NET	T2	4
006c1494	NET	T2	8
006c149c	NET	T2	68
006c14e0	NET	T2	12
006c14ec	NET	T2	180
006c15f0	NET	T1	748
006c1978	NET	T2	868
006c1dd4	NET	T2	752
006c23c4	NET	T2	692
006c2720	NET	T2	1332
006c2cd8	NET	T2	244
006c2dd4	NET	T2	24
006c2dec	NET	T2	588
006c3038	NET	T2	112
006c30a8	NET	T2	8
006c30b0	NET	T2	80
006c3100	NET	T2	504
006c32f8	NET	T2	140
006c3384	NET	T2	264
006c3490	NET	T2	1356
006c3a20	NET	T2	224
006c3b00	NET	T2	264
006c3c08	NET	T2	48
006c3c38	NET	T2	28
006c3c54	NET	T2	4
006c3c58	NET	T2	4
006c3c5c	NET	T2	8
006c3c64	NET	T2	68
006c3ca8	NET	T2	12
006c3cb4	NET	T2	180
006c3dc0	NET	T1	748
006c4148	NET	T2	868
006c45a4	NET	T2	868
006c4a00	NET	T2	752
006c4ff0	NET	T2	16
006c5000	NET	T2	4
006c5004	NET	T2	752
006c55f4	NET	T1	692
006c5950	NET	T2	168
006c59fc	NET	T2	244
006c5af8	NET	T2	188
006c5bb8	NET	T2	188
006c5c78	NET	T2	144
006c5d08	NET	T2	204
006c5dd4	NET	T2	24
006c5dec	NET	T2	588
006c6038	NET	T2	116
006c60ac	NET	T2	8
006c60b4	NET	T2	80
006c6104	NET	T2	504
006c62fc	NET	T2	140
006c6388	NET	T2	224
006c6468	NET	T2	172
006c6518	NET	T2	296
006c6640	NET	T2	220
006c671c	NET	T2	8
006c6724	NET	T2	48
006c6754	NET	T1	288
006c6874	NET	T2	140
006c6900	NET	T1	952
006c6db4	NET	T2	32
006c6dd4	NET	T2	52
006c6e08	NET	T2	648
006c714c	NET	T2	576
006c740c	NET	T2	24
006c7424	NET	T2	600
006c7724	NET	T2	36
006c7748	NET	T2	56
006c7780	NET	T2	24
006c7798	NET	T2	8
006c77a0	NET	T2	264
006c78a8	NET	T2	48
006c78d8	NET	T2	28
006c78f4	NET	T2	4
006c78f8	NET	T2	4
006c78fc	NET	T2	8
006c7904	NET	T2	68
006c7948	NET	T2	12
006c7954	NET	T2	180
006c7a60	NET	T1	748
006c7de8	NET	T2	168
006c7e94	NET	T2	172
006c7f44	NET	T2	292
006c8068	NET	T2	216
006c8140	NET	T2	8
006c8148	NET	T2	48
006c8178	NET	T1	252
006c8274	NET	T2	140
006c8300	NET	T2	264
006c8410	NET	T2	1356
006c89a0	NET	T1	852
006c90b8	NET	T2	168
006c9164	NET	T2	952
006c9564	NET	T2	4
006c9568	NET	T2	1204
006c9ab0	NET	T2	184
006c9b70	NET	T2	28
006c9b8c	NET	T2	8
006c9b94	NET	T2	172
006c9c44	NET	T2	268
006c9d50	NET	T2	208
006c9e20	NET	T2	8
006c9e28	NET	T2	28
006c9e44	NET	T1	192
006c9f04	NET	T2	140
006c9f90	NET	T2	4
006c9f94	NET	T2	4
006c9f98	NET	T2	48
006c9fc8	NET	T2	28
006c9fe4	NET	T2	4
006c9fe8	NET	T2	4
006c9fec	NET	T2	52
006ca020	NET	T2	68
006ca064	NET	T2	12
006ca070	NET	T2	400
006ca29c	NET	T2	4
006ca2a0	NET	T2	48
006ca2d0	NET	T2	28
006ca2ec	NET	T2	4
006ca2f0	NET	T2	4
006ca2f4	NET	T2	52
006ca328	NET	T2	68
006ca36c	NET	T2	12
006ca378	NET	T2	4
006ca37c	NET	T2	48
006ca3ac	NET	T2	28
006ca3c8	NET	T2	4
006ca3cc	NET	T2	4
006ca3d0	NET	T2	12
006ca3dc	NET	T2	68
006ca420	NET	T2	12
006ca42c	NET	T1	1080
006caa8c	NET	T2	608
006cacf4	NET	T2	4
006cacf8	NET	T2	180
006cadac	NET	T2	196
006cae70	NET	T2	236
006caf5c	NET	T2	160
006caffc	NET	T2	8
006cb004	NET	T2	8
006cb00c	NET	T2	160
006cb0ac	NET	T2	1332
006cb664	NET	T2	244
006cb760	NET	T2	24
006cb778	NET	T2	588
006cb9c4	NET	T2	112
006cba34	NET	T2	8
006cba3c	NET	T2	80
006cba8c	NET	T2	504
006cbc84	NET	T2	140
006cbd10	NET	T2	264
006cbe20	NET	T2	1356
006cc3b0	NET	T2	224
006cc490	NET	T2	264
006cc598	NET	T2	48
006cc5c8	NET	T2	28
006cc5e4	NET	T2	4
006cc5e8	NET	T2	4
006cc5ec	NET	T2	8
006cc5f4	NET	T2	68
006cc638	NET	T2	12
006cc644	NET	T2	180
006cc750	NET	T1	748
006ccad8	NET	T2	868
006ccf34	NET	T2	868
006cd390	NET	T2	752
006cd980	NET	T2	16
006cd990	NET	T2	4
006cd994	NET	T2	752
006cdf84	NET	T2	692
006ce2e0	NET	T2	168
006ce38c	NET	T2	244
006ce488	NET	T2	188
006ce548	NET	T2	188
006ce608	NET	T2	144
006ce698	NET	T2	204
006ce764	NET	T2	24
006ce77c	NET	T2	588
006ce9c8	NET	T2	116
006cea3c	NET	T2	8
006cea44	NET	T2	80
006cea94	NET	T2	504
006cec8c	NET	T2	140
006ced18	NET	T2	224
006cedf8	NET	T2	172
006ceea8	NET	T2	296
006cefd0	NET	T2	220
006cf0ac	NET	T2	8
006cf0b4	NET	T2	48
006cf0e4	NET	T1	288
006cf204	NET	T2	140
006cf290	NET	T2	1332
006cf848	NET	T2	244
006cf944	NET	T2	24
006cf95c	NET	T2	588
006cfba8	NET	T2	112
006cfc18	NET	T2	8
006cfc20	NET	T2	80
006cfc70	NET	T2	504
006cfe68	NET	T2	140
006cfef4	NET	T2	264
006d0000	NET	T2	1356
006d0590	NET	T2	224
006d0670	NET	T2	264
006d0778	NET	T2	48
006d07a8	NET	T2	28
006d07c4	NET	T2	4
006d07c8	NET	T2	4
006d07cc	NET	T2	8
006d07d4	NET	T2	68
006d0818	NET	T2	12
006d0824	NET	T2	180
006d0930	NET	T1	748
006d0cb8	NET	T2	868
006d1114	NET	T2	868
006d1570	NET	T2	752
006d1b60	NET	T2	16
006d1b70	NET	T2	4
006d1b74	NET	T2	752
006d2164	NET	T1	692
006d24c0	NET	T2	168
006d256c	NET	T2	244
006d2668	NET	T2	188
006d2728	NET	T2	188
006d27e8	NET	T2	144
006d2878	NET	T2	204
006d2944	NET	T2	24
006d295c	NET	T2	588
006d2ba8	NET	T2	116
006d2c1c	NET	T2	8
006d2c24	NET	T2	80
006d2c74	NET	T2	504
006d2e6c	NET	T2	140
006d2ef8	NET	T2	224
006d2fd8	NET	T2	172
006d3088	NET	T2	296
006d31b0	NET	T2	220
006d328c	NET	T2	8
006d3294	NET	T2	48
006d32c4	NET	T1	288
006d33e4	NET	T2	140
006d3470	NET	T2	1332
006d3a28	NET	T2	264
006d3b30	NET	T2	48
006d3b60	NET	T2	28
006d3b7c	NET	T2	4
006d3b80	NET	T2	4
006d3b84	NET	T2	8
006d3b8c	NET	T2	68
006d3bd0	NET	T2	12
006d3bdc	NET	T2	180
006d3ce0	NET	T1	748
006d4068	NET	T2	868
006d44c4	NET	T2	752
006d4ab4	NET	T2	692
006d4e10	NET	T2	1332
006d53c8	NET	T2	244
006d54c4	NET	T2	24
006d54dc	NET	T2	588
006d5728	NET	T2	112
006d5798	NET	T2	8
006d57a0	NET	T2	80
006d57f0	NET	T2	504
006d59e8	NET	T2	140
006d5a74	NET	T2	264
006d5b80	NET	T2	1356
006d6110	NET	T2	224
006d61f0	NET	T2	264
006d62f8	NET	T2	48
006d6328	NET	T2	28
006d6344	NET	T2	4
006d6348	NET	T2	4
006d634c	NET	T2	8
006d6354	NET	T2	68
006d6398	NET	T2	12
006d63a4	NET	T2	180
006d64b0	NET	T1	748
006d6838	NET	T2	868
006d6c94	NET	T2	868
006d70f0	NET	T2	752
006d76e0	NET	T2	16
006d76f0	NET	T2	4
006d76f4	NET	T2	752
006d7ce4	NET	T1	692
006d8040	NET	T2	168
006d80ec	NET	T2	244
006d81e8	NET	T2	188
006d82a8	NET	T2	188
006d8368	NET	T2	144
006d83f8	NET	T2	204
006d84c4	NET	T2	24
006d84dc	NET	T2	588
006d8728	NET	T2	116
006d879c	NET	T2	8
006d87a4	NET	T2	80
006d87f4	NET	T2	504
006d89ec	NET	T2	140
006d8a78	NET	T2	224
006d8b58	NET	T2	172
006d8c08	NET	T2	296
006d8d30	NET	T2	220
006d8e0c	NET	T2	8
006d8e14	NET	T2	48
006d8e44	NET	T1	288
006d8f64	NET	T2	140
006d8ff0	NET	T2	1332
006d95a8	NET	T2	244
006d96a4	NET	T2	24
006d96bc	NET	T2	588
006d9908	NET	T2	112
006d9978	NET	T2	8
006d9980	NET	T2	80
006d99d0	NET	T2	504
006d9bc8	NET	T2	140
006d9c54	NET	T2	264
006d9d60	NET	T2	1356
006da2f0	NET	T2	224
006da3d0	NET	T2	264
006da4d8	NET	T2	48
006da508	NET	T2	28
006da524	NET	T2	4
006da528	NET	T2	4
006da52c	NET	T2	8
006da534	NET	T2	68
006da578	NET	T2	12
006da584	NET	T2	180
006da690	NET	T1	748
006daa18	NET	T2	868
006dae74	NET	T2	868
006db2d0	NET	T2	752
006db8c0	NET	T2	16
006db8d0	NET	T2	4
006db8d4	NET	T2	752
006dbec4	NET	T2	692
006dc220	NET	T2	168
006dc2cc	NET	T2	244
006dc3c8	NET	T2	188
006dc488	NET	T2	188
006dc548	NET	T2	144
006dc5d8	NET	T2	204
006dc6a4	NET	T2	336
006dc7f4	NET	T2	24
006dc80c	NET	T2	588
006dca58	NET	T2	116
006dcacc	NET	T2	8
006dcad4	NET	T2	80
006dcb24	NET	T2	504
006dcd1c	NET	T2	140
006dcda8	NET	T2	224
006dce88	NET	T2	172
006dcf38	NET	T2	296
006dd060	NET	T2	220
006dd13c	NET	T2	8
006dd144	NET	T2	48
006dd174	NET	T1	288
006dd294	NET	T2	140
006dd320	NET	T2	1332
006dd8d8	NET	T2	244
006dd9d4	NET	T2	24
006dd9ec	NET	T2	588
006ddc38	NET	T2	112
006ddca8	NET	T2	8
006ddcb0	NET	T2	80
006ddd00	NET	T2	504
006ddef8	NET	T2	140
006ddf84	NET	T2	264
006de090	NET	T2	1356
006de620	NET	T2	224
006de700	NET	T2	264
006de808	NET	T2	48
006de838	NET	T2	28
006de854	NET	T2	4
006de858	NET	T2	4
006de85c	NET	T2	8
006de864	NET	T2	68
006de8a8	NET	T2	12
006de8b4	NET	T2	180
006de9c0	NET	T1	748
006ded48	NET	T2	868
006df1a4	NET	T2	868
006df600	NET	T2	752
006dfbf0	NET	T2	16
006dfc00	NET	T2	4
006dfc04	NET	T2	752
006e01f4	NET	T1	692
006e0550	NET	T2	168
006e05fc	NET	T2	244
006e06f8	NET	T2	188
006e07b8	NET	T2	188
006e0878	NET	T2	144
006e0908	NET	T2	204
006e09d4	NET	T2	24
006e09ec	NET	T2	588
006e0c38	NET	T2	116
006e0cac	NET	T2	8
006e0cb4	NET	T2	80
006e0d04	NET	T2	504
006e0efc	NET	T2	140
006e0f88	NET	T2	224
006e1068	NET	T2	172
006e1118	NET	T2	296
006e1240	NET	T2	220
006e131c	NET	T2	8
006e1324	NET	T2	48
006e1354	NET	T1	288
00776ba8	NET	T3	8
00776c24	NET	T3	36
00776c48	NET	T3	32
00776cfc	NET	T3	16
00776d40	NET	T3	20
00776d54	NET	T3	8
00776d5c	NET	T3	12
00776d80	NET	T3	24
00776d98	NET	T3	48
00776df4	NET	T3	32
00776e14	NET	T3	28
00776e30	NET	T3	12
00776e3c	NET	T3	28
00777190	NET	T3	268
007772a4	NET	T3	24
007772bc	NET	T3	4
007772c0	NET	T3	228
007773a4	NET	T3	56
00777414	NET	T3	32
00777434	NET	T3	52
007774a8	NET	T3	20
0077750c	NET	T3	104
00777574	NET	T3	128
007775f4	NET	T3	152
00777904	NET	T3	84
00777a64	NET	T3	80
00777bbc	NET	T3	432
00777d6c	NET	T3	44
00777d98	NET	T3	524
00777fa4	NET	T3	284
007780c0	NET	T3	32
00778108	NET	T3	68
00778324	NET	T3	108
00778390	NET	T3	108
00778558	NET	T3	20
0077856c	NET	T3	4
0077bf1c	NET	T3	92
0077c05c	NET	T3	16
0077c07c	NET	T3	4
0077c600	NET	T3	448
0077cb74	NET	T3	36
0077cb98	NET	T3	4
0077cb9c	NET	T3	172
0077cc48	NET	T3	56
0077d8bc	NET	T3	1292
0077dfd8	NET	T3	8
0077e3b0	NET	T3	112
0077e420	NET	T3	12
0077e430	NET	T3	12
0077e43c	NET	T3	8
0077e444	NET	T3	884
0077e7b8	NET	T3	8
0077e7c0	NET	T3	24
0077e7d8	NET	T3	4
0077e7dc	NET	T3	404
0077e970	NET	T3	8
0077e978	NET	T3	92
0077e9d4	NET	T3	136
0077ed20	NET	T3	216
0077edf8	NET	T3	12
0077ee04	NET	T3	24
0077ee1c	NET	T3	4
0077ee20	NET	T3	180
0077eed4	NET	T3	12
007e89a0	GAME	T1	104
007f2230	GAME	T1	148
00802280	GAME	T1	104
00802e18	GAME	T1	404
0080345c	GAME	T1	404
008083f0	GAME	T1	104
008086d8	GAME	T1	404
00808d1c	GAME	T1	404
0080d7e0	GAME	T1	104
0080dac8	GAME	T1	404
0080e10c	GAME	T1	404
00816b30	GAME	T1	104
00816fb4	GAME	T1	404
0081717c	GAME	T1	404
00a3dce8	GAME	T1	380
00a3de98	GAME	T1	380
00a471e0	GAME	T1	136
00a4df90	GAME	T1	104
00a4f600	GAME	T1	52
00a4f638	GAME	T1	52
00a51354	GAME	T1	68
00ccae80	GAME	T1	72
00cd5530	GAME	T1	72
00ce1ae0	GAME	T1	136
00ce9ff0	GAME	T1	104
00cecfd0	GAME	T1	72
00cf4190	GAME	T1	104
00cf5d60	GAME	T1	52
00cf5d94	GAME	T1	52
00cf9cc8	GAME	T1	164
00d02ec0	GAME	T1	104
00d044c0	GAME	T1	52
00d044f8	GAME	T1	52
00d10af8	GAME	T1	400
00d11f24	GAME	T1	68
00d12190	GAME	T1	400
00d164d0	GAME	T1	104
00d1dd4c	GAME	T1	388
00d1f32c	GAME	T1	68
00d1f590	GAME	T1	388
00d2af00	GAME	T1	72
00d34360	GAME	T1	72
00d3c9f0	GAME	T1	72
00d43b80	GAME	T1	104
00d451d4	GAME	T1	52
00d4520c	GAME	T1	52
00d46ba4	GAME	T1	68
00d4eae4	GAME	T1	68
00d548a0	GAME	T1	104
00d579b0	GAME	T1	72
00d60cc0	GAME	T1	412
00d60e90	GAME	T1	412
00d68280	GAME	T1	104
00d69e54	GAME	T1	52
00d69e8c	GAME	T1	52
00d79534	GAME	T1	68
00d810c8	GAME	T1	392
00d82520	GAME	T1	68
00d82790	GAME	T1	392
00d89ed0	GAME	T1	68
00d9c260	GAME	T1	104
00da67ac	GAME	T1	388
00da7d7c	GAME	T1	68
00da7fe0	GAME	T1	388
00daeeb0	GAME	T1	104
00db04d8	GAME	T1	52
00db0510	GAME	T1	52
00dbb270	GAME	T1	104
00dc1564	GAME	T1	388
00dc2b34	GAME	T1	68
00dc2da0	GAME	T1	388
00dcecec	GAME	T1	384
00dd0084	GAME	T1	68
00dd02f0	GAME	T1	384
00dd739c	GAME	T1	52
00dd73d4	GAME	T1	52
00dd88d4	GAME	T1	68
00ddf370	GAME	T1	104
00e0bed4	GAME	T1	388
00e0d6a4	GAME	T1	68
00e0d910	GAME	T1	388
00e1acd0	GAME	T1	104
00e1e640	GAME	T1	384
00e1f9c0	GAME	T1	68
00e1fc30	GAME	T1	384
00e2e274	GAME	T1	384
00e2f5d4	GAME	T1	68
00e2f840	GAME	T1	384
00e3829c	GAME	T1	392
00e39778	GAME	T1	68
00e399e0	GAME	T1	392
00e411b0	GAME	T1	68
00e47740	GAME	T1	72
00e4f5f0	GAME	T1	64
00e56810	GAME	T1	104
00e58f4c	GAME	T1	68
00e59fa0	GAME	T1	124
00e68cd0	GAME	T1	104
00e6ac2c	GAME	T1	52
00e6ac64	GAME	T1	52
00e71124	GAME	T1	68
00e7b4dc	GAME	T1	68
00e83080	GAME	T1	72
00e975d0	GAME	T1	72
00ea5310	GAME	T1	104
00ea5944	GAME	T1	464
00ea5be4	GAME	T1	452
00ead0bc	GAME	T1	52
00ead0f4	GAME	T1	52
00eb951c	GAME	T1	52
00eb9554	GAME	T1	52
00ec1344	GAME	T1	52
00ec137c	GAME	T1	52
00ec3954	GAME	T1	68
00ec96bc	GAME	T1	428
00ecb678	GAME	T1	428
00ecf0bc	GAME	T1	68
00ed57d0	GAME	T1	104
00eda79c	GAME	T1	68
00edc5a8	GAME	T1	68
00ee2580	GAME	T1	92
00eea240	GAME	T1	104
00eee4f8	GAME	T1	68
00f0c3f0	GAME	T1	104
00f0eb88	GAME	T1	360
00f0ed24	GAME	T1	360
00f17718	GAME	T1	372
00f178c0	GAME	T1	360
00f20a54	GAME	T1	372
00f20bfc	GAME	T1	380
00f2a34c	GAME	T1	360
00f2a4e8	GAME	T1	360
00f388a0	GAME	T1	104
00f39aa8	GAME	T1	52
00f39ae0	GAME	T1	52
00f4fdf0	GAME	T1	104
00f52b60	GAME	T1	68
00f53d0c	GAME	T1	68
00f58dc0	GAME	T1	104
00f5ad74	GAME	T1	524
00f5c43c	GAME	T1	68
00f5c734	GAME	T1	536
00f61820	GAME	T1	104
00f632b8	GAME	T1	400
00f6494c	GAME	T1	68
00f64bd4	GAME	T1	408
00f69890	GAME	T1	104
00f6c130	GAME	T1	80
00f6d250	GAME	T1	68
00f71b50	GAME	T1	104
00f72250	GAME	T1	80
00f77460	GAME	T1	104
00f79340	GAME	T1	384
00f7aadc	GAME	T1	68
00f7ad40	GAME	T1	384
0100b860	NN_SDK	T3	12
0100b880	NN_SDK	T3	272
0100c0c4	NN_SDK	T3	116
0106a9b4	GAME	T1	68
01070f40	GAME	T1	392
0107216c	GAME	T1	68
010723d4	GAME	T1	392
01101d40	GAME	T1	68
011a6f30	GAME	T1	104
011a8564	GAME	T1	52
011a859c	GAME	T1	52
011a9acc	GAME	T1	68
011aec80	GAME	T1	104
011b02ac	GAME	T1	52
011b02e4	GAME	T1	52
011b1860	GAME	T1	68
011b70f0	GAME	T1	104
011b8718	GAME	T1	52
011b8750	GAME	T1	52
011b9f5c	GAME	T1	68
011c8570	GAME	T1	104
011c9b8c	GAME	T1	52
011c9bc4	GAME	T1	52
011cb27c	GAME	T1	68
011d0790	GAME	T1	104
011d1dc4	GAME	T1	52
011d1dfc	GAME	T1	52
011d33ec	GAME	T1	68
011d8590	GAME	T1	104
011d9bc0	GAME	T1	52
011d9bf8	GAME	T1	52
011db164	GAME	T1	68
011e28f0	GAME	T1	104
011e3edc	GAME	T1	52
011e3f10	GAME	T1	52
011ec8e0	GAME	T1	400
011edb10	GAME	T1	68
011eddc0	GAME	T1	400
01496200	GAME	T1	104
01499450	GAME	T1	72
0149a2ec	GAME	T1	68
014a14a0	GAME	T1	104
014a3e08	GAME	T1	68
014a4640	GAME	T1	72
014ab8d8	GAME	T1	384
014acc74	GAME	T1	68
014acee0	GAME	T1	384
014b3fd0	GAME	T1	104
014b5e58	GAME	T1	52
014b5e90	GAME	T1	52
014d9fa0	GAME	T1	104
014da8f0	GAME	T1	52
014da928	GAME	T1	52
014f1100	GAME	T1	128
014f9944	GAME	T1	404
014fa04c	GAME	T1	404
01500d50	GAME	T1	104
01502334	GAME	T1	52
0150236c	GAME	T1	52
015ccb58	GAME	T1	408
015cdff8	GAME	T1	68
015ce260	GAME	T1	408
015d45e8	GAME	T1	392
015d5a4c	GAME	T1	68
015d5cb0	GAME	T1	392
015dcda0	GAME	T1	72
015e661c	GAME	T1	68
015ebd50	GAME	T1	72
015f6180	GAME	T1	72
015f6f70	GAME	T1	68
015fc070	GAME	T1	72
016065bc	GAME	T1	396
0160780c	GAME	T1	68
01607ab0	GAME	T1	396
0160d780	GAME	T1	72
01613470	GAME	T1	104
0161c870	GAME	T1	100
01620950	GAME	T1	3944
016249fc	GAME	T1	392
01625014	GAME	T1	392
0162ba40	GAME	T1	72
01631570	GAME	T1	104
01633600	GAME	T1	72
0163cd10	GAME	T1	68
01646120	GAME	T1	132
0164d970	GAME	T1	104
0164fb30	GAME	T1	72
01658860	GAME	T1	136
01661f70	GAME	T1	132
01668da4	GAME	T1	384
01668f58	GAME	T1	384
01670f40	GAME	T1	72
01677040	GAME	T1	104
01678450	GAME	T1	72
01692de0	GAME	T1	72
01694348	GAME	T1	68
0169a930	GAME	T1	384
0169bf98	GAME	T1	384
016a3600	GAME	T1	104
016a519c	GAME	T1	52
016a51d4	GAME	T1	52
016b5b70	GAME	T1	104
016b713c	GAME	T1	52
016b7174	GAME	T1	52
016bfff0	GAME	T1	104
016cd6a0	GAME	T1	424
016cefe8	GAME	T1	424
01b33630	NET	T3	4
01eb8c10	GAME	T1	72
01ec5960	GAME	T1	164
01ec690c	GAME	T1	68
01eceae0	GAME	T1	72
01ed7e80	GAME	T1	104
01ee0d50	GAME	T1	72
01eeb054	GAME	T1	388
01eeb20c	GAME	T1	388
01ef0f88	GAME	T1	436
01ef220c	GAME	T1	68
01ef2474	GAME	T1	444
01ef9a10	GAME	T1	408
01efac0c	GAME	T1	68
01efae70	GAME	T1	408
01f02690	GAME	T1	104
01f0ff3c	GAME	T1	392
01f113a8	GAME	T1	392
01f22c9c	GAME	T1	412
01f233ac	GAME	T1	412
01f33de0	GAME	T1	424
01f344fc	GAME	T1	424
01f3a8b0	GAME	T1	104
01f44830	GAME	T1	420
01f45e90	GAME	T1	68
01f46150	GAME	T1	420
01f4c4f0	GAME	T1	104
01f4fde8	GAME	T1	68
01f57890	GAME	T1	104
01f7d4b0	GAME	T1	104
01f8a0d0	GAME	T1	104
01f9e460	GAME	T1	104
01fa9fd0	GAME	T1	104
01fbc050	GAME	T1	104
01fcfff0	GAME	T1	104
01fd83a0	GAME	T1	72
01fec880	GAME	T1	104
02013610	GAME	T1	104
02027aa0	GAME	T1	104
02029640	GAME	T1	52
02029678	GAME	T1	52
02039c24	GAME	T1	392
0203b258	GAME	T1	68
0203b4c0	GAME	T1	392
020422b0	GAME	T1	408
020438f8	GAME	T1	68
02043b60	GAME	T1	408
02048e60	GAME	T1	396
02049020	GAME	T1	396
02050270	GAME	T1	120
0205d450	GAME	T1	104
0205dd80	GAME	T1	52
0205ddb8	GAME	T1	52
02066410	GAME	T1	72
0206d150	GAME	T1	104
0207a5f0	GAME	T1	104
02085440	GAME	T1	104
02089f60	GAME	T1	72
02093140	GAME	T1	104
020a9250	GAME	T1	104
020be550	GAME	T1	104
020cf880	GAME	T1	72
020daac0	GAME	T1	104
020dc598	GAME	T1	384
020dd92c	GAME	T1	68
020ddb90	GAME	T1	384
020e4460	GAME	T1	104
020e8a10	GAME	T1	72
020f4550	GAME	T1	104
0210cf00	GAME	T1	72
02127c20	GAME	T1	104
02128550	GAME	T1	52
02128588	GAME	T1	52
0213a680	GAME	T1	68
0213b67c	GAME	T1	68
02142dd0	GAME	T1	68
02143d98	GAME	T1	68
0214bf80	GAME	T1	104
02158a60	GAME	T1	104
0215bc5c	GAME	T1	68
0216df40	GAME	T1	72
0216f050	GAME	T1	68
02177b10	GAME	T1	56
0217c140	GAME	T1	392
0217c2fc	GAME	T1	392
02182640	GAME	T1	104
02189180	GAME	T1	104
0218a9d0	GAME	T1	72
0218fff0	GAME	T1	104
02197c90	GAME	T1	72
021a042c	GAME	T1	380
021a1898	GAME	T1	380
021b5a1c	GAME	T1	68
021bc270	GAME	T1	104
021c333c	GAME	T1	68
021d2fd0	GAME	T1	104
021e5260	GAME	T1	72
021f2bd0	GAME	T1	104
021f8890	GAME	T1	72
02208790	GAME	T1	72
0221af40	GAME	T1	60
0221bc54	GAME	T1	68
0222ba30	GAME	T1	104
0222c360	GAME	T1	52
0222c398	GAME	T1	52
02235f30	GAME	T1	104
0224d880	GAME	T1	104
0224e1c0	GAME	T1	52
0224e1f8	GAME	T1	52
022553d0	GAME	T1	72
02266240	GAME	T1	104
022705a0	GAME	T1	104
02276ba8	GAME	T1	420
022772cc	GAME	T1	420
02286984	GAME	T1	412
0228708c	GAME	T1	412
02298360	GAME	T1	104
022a88cc	GAME	T1	68
022c5eb0	GAME	T1	104
022cc4f0	GAME	T1	412
022ce288	GAME	T1	412
022e1418	GAME	T1	396
022e2a1c	GAME	T1	68
022e2c80	GAME	T1	396
022e96d8	GAME	T1	392
022eaccc	GAME	T1	68
022eaf30	GAME	T1	392
022ef75c	GAME	T1	68
022f5848	GAME	T1	396
022f6e8c	GAME	T1	68
022f70f0	GAME	T1	396
022ffdec	GAME	T1	68
02300610	GAME	T1	72
02307d70	GAME	T1	104
0230fbb0	GAME	T1	72
02319470	GAME	T1	104
0232fb30	GAME	T1	104
02334170	GAME	T1	112
0233fcf0	GAME	T1	412
02340f7c	GAME	T1	68
023411e0	GAME	T1	412
02344950	GAME	T1	104
023548f8	GAME	T1	456
023564a8	GAME	T1	456
02361a60	GAME	T1	104
02364a0c	GAME	T1	68
0236c960	GAME	T1	104
0237b880	GAME	T1	104
0237d418	GAME	T1	52
0237d450	GAME	T1	52
0238884c	GAME	T1	384
02388a00	GAME	T1	384
02395c30	GAME	T1	412
02397858	GAME	T1	412
023a90d0	GAME	T1	396
023aa73c	GAME	T1	68
023aa9a0	GAME	T1	396
023afac0	GAME	T1	104
023b1c88	GAME	T1	420
023b32dc	GAME	T1	68
023b3540	GAME	T1	420
023b9260	GAME	T1	104
023bbb1c	GAME	T1	444
023bd1fc	GAME	T1	68
023bd460	GAME	T1	444
023c3514	GAME	T1	396
023c4bb4	GAME	T1	68
023c4e20	GAME	T1	396
023cb888	GAME	T1	400
023ccecc	GAME	T1	68
023cd130	GAME	T1	400
023d5058	GAME	T1	404
023d6704	GAME	T1	68
023d6970	GAME	T1	404
023df638	GAME	T1	68
023dfea0	GAME	T1	72
023e9170	GAME	T1	124
023f18c0	GAME	T1	104
023f3860	GAME	T1	72
023fb990	GAME	T1	104
0240c7c0	GAME	T1	104
0240ffac	GAME	T1	460
02411b68	GAME	T1	460
024169e0	GAME	T1	104
0241f1e0	GAME	T1	104
02421f10	GAME	T1	72
0242bb70	GAME	T1	100
02431b80	GAME	T1	80
024328ac	GAME	T1	68
0243a1f0	GAME	T1	72
02440cf0	GAME	T1	72
0244a7c0	GAME	T1	80
0244b51c	GAME	T1	68
02627bf4	NN_SDK	T3	40
0265f284	NN_SDK	T3	88
0265f4f4	NN_SDK	T3	24
0265f50c	NN_SDK	T3	200
0265f5e0	NN_SDK	T3	304
0265f710	NN_SDK	T3	832
0265fa50	NN_SDK	T3	200
0265fb20	NN_SDK	T3	304
0265fc50	NN_SDK	T3	520
0265fe58	NN_SDK	T3	200
0265ff20	NN_SDK	T3	304
02660050	NN_SDK	T3	644
026602d4	NN_SDK	T3	200
026603a0	NN_SDK	T3	304
026604d0	NN_SDK	T3	376
02660648	NN_SDK	T3	200
02660710	NN_SDK	T3	304
02660840	NN_SDK	T3	244
02660934	NN_SDK	T3	192
02660a00	NN_SDK	T3	328
02660b48	NN_SDK	T3	804
02660e6c	NN_SDK	T3	24
02660f2c	NN_SDK	T3	176
02660fdc	NN_SDK	T3	104
02661044	NN_SDK	T3	160
02661168	NN_SDK	T3	196
02661380	NN_SDK	T3	128
026615e4	NN_SDK	T3	128
026616e0	NN_SDK	T3	52
02661714	NN_SDK	T3	52
02661748	NN_SDK	T3	60
02661784	NN_SDK	T3	60
026617c0	NN_SDK	T3	68
02661804	NN_SDK	T3	68
02661848	NN_SDK	T3	120
026618c0	NN_SDK	T3	60
026618fc	NN_SDK	T3	100
02661960	NN_SDK	T3	108
02661a28	NN_SDK	T3	116
02661b24	NN_SDK	T3	116
02661b98	NN_SDK	T3	124
02661c14	NN_SDK	T3	124
02661c90	NN_SDK	T3	124
02661d0c	NN_SDK	T3	88
02661d64	NN_SDK	T3	88
02661dbc	NN_SDK	T3	88
02661e14	NN_SDK	T3	88
02661e6c	NN_SDK	T3	88
02662004	NN_SDK	T3	84
02662058	NN_SDK	T3	108
026620c4	NN_SDK	T3	88
0266211c	NN_SDK	T3	88
02662174	NN_SDK	T3	116
026621e8	NN_SDK	T3	140
02662d20	NN_SDK	T3	304
02663008	NN_SDK	T3	176
026630b8	NN_SDK	T3	232
026631a0	NN_SDK	T3	104
02663208	NN_SDK	T3	284
02663324	NN_SDK	T3	116
02663398	NN_SDK	T3	148
0266342c	NN_SDK	T3	132
026634b0	NN_SDK	T3	128
026635a8	NN_SDK	T3	68
02663740	NN_SDK	T3	240
02663830	NN_SDK	T3	124
026638ac	NN_SDK	T3	196
02663970	NN_SDK	T3	116
026639e4	NN_SDK	T3	148
02663a78	NN_SDK	T3	152
02663b10	NN_SDK	T3	140
02663b9c	NN_SDK	T3	232
02663c84	NN_SDK	T3	296
02663ed4	NN_SDK	T3	132
02663f58	NN_SDK	T3	108
02663fc4	NN_SDK	T3	88
02664050	NN_SDK	T3	140
026641b0	NN_SDK	T3	104
02664218	NN_SDK	T3	132
026644dc	NN_SDK	T3	240
02664868	NN_SDK	T3	252
02664964	NN_SDK	T3	124
026649e0	NN_SDK	T3	208
02664ab0	NN_SDK	T3	116
0266508c	NN_SDK	T3	148
02665120	NN_SDK	T3	132
026653b0	NN_SDK	T3	148
02665444	NN_SDK	T3	112
026654d0	NN_SDK	T3	172
026671c0	NN_SDK	T3	148
026675b8	NN_SDK	T3	268
02667e60	NN_SDK	T3	616
026680c8	NN_SDK	T3	288
026687f4	NN_SDK	T3	616
02668a5c	NN_SDK	T3	288
02669188	NN_SDK	T3	616
026693f0	NN_SDK	T3	268
02669d00	NN_SDK	T3	616
02669f68	NN_SDK	T3	268
0266a5ec	NN_SDK	T3	616
0266a854	NN_SDK	T3	388
0266aff4	NN_SDK	T3	616
0266bf8c	NN_SDK	T3	76
0266c610	NN_SDK	T3	816
0266c940	NN_SDK	T3	84
0266c994	NN_SDK	T3	840
0266ccdc	NN_SDK	T3	84
0266cd30	NN_SDK	T3	324
0266ce74	NN_SDK	T3	84
0266cec8	NN_SDK	T3	424
0266d070	NN_SDK	T3	84
0266d0c4	NN_SDK	T3	264
0266d1cc	NN_SDK	T3	228
0266d2b0	NN_SDK	T3	204
0266d37c	NN_SDK	T3	432
0266d52c	NN_SDK	T3	444
0266d6e8	NN_SDK	T3	464
0266e020	NN_SDK	T3	296
0266e148	NN_SDK	T3	296
0266e270	NN_SDK	T3	296
0267dbe0	NN_SDK	T1	272
0267dcf0	NN_SDK	T2	272
0267de00	NN_SDK	T2	1072
0267e230	NN_SDK	T2	68
0267e280	NN_SDK	T1	272
0267e390	NN_SDK	T2	340
0267e4e4	NN_SDK	T2	12
0267e4f0	NN_SDK	T2	68
0267e540	NN_SDK	T2	272
0267e650	NN_SDK	T2	200
0267e718	NN_SDK	T2	144
0267e7a8	NN_SDK	T2	188
0267e864	NN_SDK	T2	20
0267e878	NN_SDK	T2	56
0267e8b0	NN_SDK	T2	132
0267e934	NN_SDK	T2	148
0267e9c8	NN_SDK	T2	148
0267ea5c	NN_SDK	T2	196
0267eb20	NN_SDK	T2	172
0267ebcc	NN_SDK	T2	328
0267ed14	NN_SDK	T2	108
0267ed80	NN_SDK	T2	144
0267ee10	NN_SDK	T2	168
0267eeb8	NN_SDK	T2	356
0267f01c	NN_SDK	T2	328
0267f164	NN_SDK	T2	172
0267f210	NN_SDK	T2	244
0267f304	NN_SDK	T2	108
0267f370	NN_SDK	T2	144
0267f400	NN_SDK	T2	168
0267f4a8	NN_SDK	T2	352
0267f608	NN_SDK	T2	244
0267f6fc	NN_SDK	T2	164
0267f7a0	NN_SDK	T2	100
0267f804	NN_SDK	T2	164
0267f8a8	NN_SDK	T2	248
0267f9a0	NN_SDK	T2	100
0267fa04	NN_SDK	T2	144
0267fa94	NN_SDK	T2	168
0267fb3c	NN_SDK	T2	344
0267fc94	NN_SDK	T2	60
0267fcd0	NN_SDK	T2	1188
02680180	NN_SDK	T2	380
02680300	NN_SDK	T2	288
02680420	NN_SDK	T2	364
02680590	NN_SDK	T2	216
02680670	NN_SDK	T2	464
02680840	NN_SDK	T2	212
02680914	NN_SDK	T2	276
02680a28	NN_SDK	T2	164
02680acc	NN_SDK	T2	376
02680c44	NN_SDK	T2	244
02680d38	NN_SDK	T2	140
02680dc4	NN_SDK	T2	780
026810d0	NN_SDK	T2	4
026810d4	NN_SDK	T2	228
026811b8	NN_SDK	T2	308
026812ec	NN_SDK	T2	100
02681350	NN_SDK	T2	4
02681354	NN_SDK	T2	620
026815c0	NN_SDK	T2	336
02681710	NN_SDK	T2	136
02681798	NN_SDK	T2	128
02681818	NN_SDK	T2	120
02681890	NN_SDK	T2	84
026818e4	NN_SDK	T2	224
026819c4	NN_SDK	T2	272
02681ad4	NN_SDK	T2	220
02681bb0	NN_SDK	T2	224
02681c90	NN_SDK	T2	80
02681ce0	NN_SDK	T2	168
02681d88	NN_SDK	T2	308
02681ebc	NN_SDK	T2	296
02681fe4	NN_SDK	T2	124
02682060	NN_SDK	T2	768
02682360	NN_SDK	T2	768
02682660	NN_SDK	T2	12
0268266c	NN_SDK	T2	12
02682678	NN_SDK	T2	656
02682908	NN_SDK	T2	4
0268290c	NN_SDK	T2	4
02682910	NN_SDK	T2	56
02682948	NN_SDK	T2	68
0268298c	NN_SDK	T2	140
02682a18	NN_SDK	T2	24
02682a30	NN_SDK	T2	336
02682b80	NN_SDK	T2	56
02682bb8	NN_SDK	T2	336
02682d08	NN_SDK	T2	136
02682d90	NN_SDK	T2	128
02682e10	NN_SDK	T2	116
02682e84	NN_SDK	T2	16
02682e94	NN_SDK	T2	12
02682ea0	NN_SDK	T2	12
02682eac	NN_SDK	T2	656
0268313c	NN_SDK	T2	4
02683140	NN_SDK	T2	4
02683144	NN_SDK	T2	56
0268317c	NN_SDK	T2	68
026831c0	NN_SDK	T2	140
0268324c	NN_SDK	T2	24
02683264	NN_SDK	T2	336
026833b4	NN_SDK	T2	56
026833ec	NN_SDK	T2	116
02683460	NN_SDK	T2	16
02683470	NN_SDK	T2	12
0268347c	NN_SDK	T2	12
02683488	NN_SDK	T2	520
02683690	NN_SDK	T2	4
02683694	NN_SDK	T2	4
02683698	NN_SDK	T2	56
026836d0	NN_SDK	T2	200
02683798	NN_SDK	T2	140
02683824	NN_SDK	T2	24
0268383c	NN_SDK	T2	336
0268398c	NN_SDK	T2	56
026839c4	NN_SDK	T2	116
02683a38	NN_SDK	T2	16
02683a48	NN_SDK	T2	12
02683a54	NN_SDK	T2	12
02683a60	NN_SDK	T2	520
02683c68	NN_SDK	T2	4
02683c6c	NN_SDK	T2	4
02683c70	NN_SDK	T2	56
02683ca8	NN_SDK	T2	68
02683cec	NN_SDK	T2	140
02683d78	NN_SDK	T2	24
02683d90	NN_SDK	T2	336
02683ee0	NN_SDK	T2	56
02683f18	NN_SDK	T2	116
02683f8c	NN_SDK	T2	16
02683f9c	NN_SDK	T2	12
02683fa8	NN_SDK	T2	12
02683fb4	NN_SDK	T2	656
02684244	NN_SDK	T2	4
02684248	NN_SDK	T2	4
0268424c	NN_SDK	T2	56
02684284	NN_SDK	T2	68
026842c8	NN_SDK	T2	140
02684354	NN_SDK	T2	24
0268436c	NN_SDK	T2	336
026844bc	NN_SDK	T2	56
026844f4	NN_SDK	T2	116
02684568	NN_SDK	T2	16
02684578	NN_SDK	T2	12
02684584	NN_SDK	T2	12
02684590	NN_SDK	T2	656
02684820	NN_SDK	T2	4
02684824	NN_SDK	T2	24
0268483c	NN_SDK	T2	4
02684840	NN_SDK	T2	12
0268484c	NN_SDK	T2	12
02684858	NN_SDK	T2	4
0268485c	NN_SDK	T2	4
02684860	NN_SDK	T2	4
02684864	NN_SDK	T2	4
02684868	NN_SDK	T2	8
02684870	NN_SDK	T2	4
02684874	NN_SDK	T2	12
02684880	NN_SDK	T2	12
0268488c	NN_SDK	T2	72
026848d4	NN_SDK	T2	4
026848d8	NN_SDK	T2	4
026848dc	NN_SDK	T2	4
026848e0	NN_SDK	T2	12
026848ec	NN_SDK	T2	12
026848f8	NN_SDK	T2	228
026849dc	NN_SDK	T2	4
026849e0	NN_SDK	T2	12
026849ec	NN_SDK	T2	12
02684a00	NN_SDK	T2	52
02684a40	NN_SDK	T2	52
02684a80	NN_SDK	T2	56
02684ac0	NN_SDK	T2	56
02684b00	NN_SDK	T2	56
02684b40	NN_SDK	T2	56
02684b80	NN_SDK	T2	56
02684bc0	NN_SDK	T2	56
02684c00	NN_SDK	T2	56
02684c40	NN_SDK	T2	56
02684c80	NN_SDK	T2	300
02684dac	NN_SDK	T1	300
02684ed8	NN_SDK	T1	272
02684ff0	NN_SDK	T2	72
02685040	NN_SDK	T1	272
02685150	NN_SDK	T2	72
026851a0	NN_SDK	T1	272
02686a0c	NN_SDK	T3	196
02686b0c	NN_SDK	T3	28
02686e50	NN_SDK	T3	140
026870f0	NN_SDK	T3	340
026874f8	NN_SDK	T3	328
02688894	NN_SDK	T3	116
02688908	NN_SDK	T3	1276
02689038	NN_SDK	T3	920
02689160	NN_SDK	T3	92
0268942c	NN_SDK	T3	1648
02689e78	NN_SDK	T3	1332
0268a3ac	NN_SDK	T3	1132
0268a818	NN_SDK	T3	560
0268aa48	NN_SDK	T3	704
0268ad08	NN_SDK	T3	744
0268c790	NN_SDK	T3	1944
0268cf28	NN_SDK	T3	464
0268d0f8	NN_SDK	T3	84
0268d284	NN_SDK	T3	556
02690bc8	NN_SDK	T3	1068
02690ff4	NN_SDK	T3	308
02691128	NN_SDK	T3	484
0269130c	NN_SDK	T3	2520
0269214c	NN_SDK	T3	1712
026927fc	NN_SDK	T3	8
02692804	NN_SDK	T3	1128
02692e44	NN_SDK	T3	76
02692e90	NN_SDK	T3	956
0269324c	NN_SDK	T3	80
0269329c	NN_SDK	T3	1056
026946a0	NN_SDK	T3	944
02694a50	NN_SDK	T3	520
02694c58	NN_SDK	T3	80
026de4e8	NN_SDK	T3	300
026e76d8	GAME	T1	396
026e8b08	GAME	T1	68
026e8d70	GAME	T1	396
026ee910	GAME	T1	104
026efcc0	GAME	T1	52
026efcf8	GAME	T1	52
026f2f38	GAME	T1	68
02779a90	NET	T3	128
02acb980	NN_SDK	T3	84
02acb9e0	NN_SDK	T3	84
02acbb70	NN_SDK	T3	660
02ae49c4	HAVOK	T1	932
02afc060	HAVOK	T3	216
02afca40	HAVOK	T3	344
02b0097c	HAVOK	T3	416
02b07228	HAVOK	T3	428
02b073d4	HAVOK	T3	632
02c51560	NN_SDK	T1	980
02cd3c5c	HAVOK	T1	10676
02cd6610	HAVOK	T2	1056
02cd6a30	HAVOK	T2	828
02cd6d6c	HAVOK	T1	2476
02cd7718	HAVOK	T3	1736
02cd7de0	HAVOK	T3	592
02cd8030	HAVOK	T3	484
02cd8ad0	HAVOK	T3	1116
02cd8f2c	HAVOK	T3	1116
02cd9388	HAVOK	T3	304
02cd94b8	HAVOK	T3	216
02cd9590	HAVOK	T3	608
02d43834	WWISE	T3	140
02d44928	WWISE	T3	116
02d48184	WWISE	T3	60
02d481c0	WWISE	T3	28
02d482b0	WWISE	T1	1296
02d487c0	WWISE	T2	288
02d488e0	WWISE	T2	628
02d48b54	WWISE	T2	376
02d48cd0	WWISE	T2	552
02d48ef8	WWISE	T2	104
02d48f60	WWISE	T2	208
02d49030	WWISE	T2	84
02d49084	WWISE	T2	84
02d490d8	WWISE	T2	80
02d49128	WWISE	T2	88
02d49180	WWISE	T2	204
02d4924c	WWISE	T2	216
02d49324	WWISE	T2	112
02d49394	WWISE	T2	68
02d493d8	WWISE	T2	1452
02d49984	WWISE	T2	180
02d49a38	WWISE	T2	112
02d49aa8	WWISE	T2	68
02d49aec	WWISE	T2	456
02d49cb4	WWISE	T2	540
02d49ed0	WWISE	T2	116
02d49f44	WWISE	T2	392
02d4a0cc	WWISE	T2	76
02d4a118	WWISE	T2	224
02d4a1f8	WWISE	T2	180
02d4a2ac	WWISE	T2	1296
02d4a7bc	WWISE	T2	592
02d4aa0c	WWISE	T2	152
02d4aaa4	WWISE	T2	388
02d4ac28	WWISE	T2	184
02d4ace0	WWISE	T2	124
02d4ad5c	WWISE	T2	144
02d4adec	WWISE	T2	252
02d4aee8	WWISE	T2	140
02d4af74	WWISE	T2	72
02d4afbc	WWISE	T2	76
02d4b008	WWISE	T2	156
02d4b0a4	WWISE	T2	96
02d4b104	WWISE	T2	112
02d4b174	WWISE	T2	68
02d4b1b8	WWISE	T2	360
02d4b320	WWISE	T2	600
02d4b578	WWISE	T2	100
02d4b5dc	WWISE	T2	236
02d4b6c8	WWISE	T2	156
02d4b764	WWISE	T2	4
02d4b768	WWISE	T2	304
02d4b898	WWISE	T2	68
02d4b8dc	WWISE	T2	572
02d4bb18	WWISE	T2	184
02d4bbd0	WWISE	T2	412
02d4bd6c	WWISE	T2	236
02d4be58	WWISE	T2	116
02d4becc	WWISE	T2	208
02d4bf9c	WWISE	T2	180
02d4c050	WWISE	T2	272
02d4c160	WWISE	T2	172
02d4c20c	WWISE	T2	20
02d4c220	WWISE	T2	84
02d4c274	WWISE	T2	92
02d4c2d0	WWISE	T2	208
02d4c3a0	WWISE	T2	224
02d4c480	WWISE	T2	248
02d4c578	WWISE	T2	84
02d4c5cc	WWISE	T2	84
02d4c620	WWISE	T2	1076
02d4ca54	WWISE	T2	204
02d4cb20	WWISE	T2	124
02d4cb9c	WWISE	T2	920
02d4cf34	WWISE	T2	396
02d4d0c0	WWISE	T2	248
02d4d1b8	WWISE	T2	84
02d4d20c	WWISE	T2	104
02d4d274	WWISE	T2	952
02d4d62c	WWISE	T2	356
02d4d790	WWISE	T2	112
02d4d800	WWISE	T2	116
02d4d874	WWISE	T2	212
02d4d948	WWISE	T2	84
02d4d99c	WWISE	T2	104
02d4da04	WWISE	T2	120
02d4da7c	WWISE	T2	120
02d4daf4	WWISE	T2	52
02d4db28	WWISE	T2	248
02d4dc20	WWISE	T2	84
02d4dd70	WWISE	T2	68
02d4ddb4	WWISE	T2	68
02d4ddf8	WWISE	T2	100
02d4de5c	WWISE	T2	68
02d4dea0	WWISE	T2	384
02d4e020	WWISE	T2	300
02d4e14c	WWISE	T2	340
02d4e2a0	WWISE	T2	928
02d4e640	WWISE	T2	1352
02d4eb88	WWISE	T2	156
02d4ec24	WWISE	T2	384
02d4eda4	WWISE	T2	344
02d4eefc	WWISE	T2	928
02d4f29c	WWISE	T2	232
02d4f384	WWISE	T2	92
02d4f3e0	WWISE	T2	692
02d4f694	WWISE	T2	88
02d4f6ec	WWISE	T2	68
02d4f730	WWISE	T2	112
02d4f7a0	WWISE	T2	68
02d4f7e4	WWISE	T2	212
02d4f8b8	WWISE	T2	384
02d4fa38	WWISE	T2	316
02d4fb74	WWISE	T2	92
02d4fbd0	WWISE	T2	928
02d4ff70	WWISE	T2	364
02d500dc	WWISE	T2	444
02d50298	WWISE	T2	64
02d502d8	WWISE	T2	352
02d50438	WWISE	T2	96
02d50498	WWISE	T2	60
02d504d4	WWISE	T2	172
02d50580	WWISE	T2	48
02d505b0	WWISE	T2	192
02d50670	WWISE	T2	736
02d50950	WWISE	T2	492
02d50b3c	WWISE	T2	432
02d50cec	WWISE	T2	128
02d50d6c	WWISE	T2	408
02d50f04	WWISE	T2	124
02d50f80	WWISE	T2	200
02d51048	WWISE	T2	244
02d5113c	WWISE	T2	424
02d512e4	WWISE	T2	1448
02d5188c	WWISE	T2	92
02d518e8	WWISE	T2	1152
02d51d68	WWISE	T2	816
02d52098	WWISE	T2	360
02d52200	WWISE	T2	384
02d52380	WWISE	T2	740
02d52664	WWISE	T2	368
02d527d4	WWISE	T2	228
02d528b8	WWISE	T2	376
02d52a30	WWISE	T2	136
02d52ab8	WWISE	T2	104
02d52b20	WWISE	T2	112
02d52b90	WWISE	T2	96
02d52bf0	WWISE	T2	108
02d52c5c	WWISE	T2	176
02d52d0c	WWISE	T2	112
02d52d7c	WWISE	T2	68
02d52dc0	WWISE	T2	88
02d52e18	WWISE	T2	108
02d52e84	WWISE	T2	340
02d52fd8	WWISE	T2	340
02d5312c	WWISE	T2	100
02d53190	WWISE	T2	108
02d531fc	WWISE	T2	320
02d5333c	WWISE	T2	176
02d533ec	WWISE	T2	232
02d534d4	WWISE	T2	8
02d534dc	WWISE	T2	8
02d534e4	WWISE	T2	8
02d534ec	WWISE	T2	176
02d5359c	WWISE	T2	72
02d535e4	WWISE	T2	120
02d5365c	WWISE	T2	108
02d536c8	WWISE	T2	280
02d537e0	WWISE	T2	156
02d5387c	WWISE	T2	72
02d538c4	WWISE	T2	124
02d53940	WWISE	T2	128
02d539c0	WWISE	T2	372
02d53b34	WWISE	T2	160
02d53bd4	WWISE	T2	324
02d53d18	WWISE	T2	260
02d53e1c	WWISE	T2	80
02d53e6c	WWISE	T2	92
02d53ec8	WWISE	T2	600
02d54120	WWISE	T2	520
02d54328	WWISE	T2	200
02d543f0	WWISE	T2	500
02d545e4	WWISE	T2	48
02d54614	WWISE	T2	92
02d54670	WWISE	T2	64
02d546b0	WWISE	T2	56
02d546e8	WWISE	T2	96
02d54748	WWISE	T2	100
02d547ac	WWISE	T2	496
02d5499c	WWISE	T2	228
02d54a80	WWISE	T2	360
02d54be8	WWISE	T2	292
02d54d0c	WWISE	T2	136
02d54d94	WWISE	T2	244
02d54e88	WWISE	T2	188
02d54f44	WWISE	T2	108
02d54fb0	WWISE	T2	100
02d55014	WWISE	T2	172
02d550c0	WWISE	T2	100
02d55124	WWISE	T2	68
02d55168	WWISE	T2	88
02d551c0	WWISE	T2	76
02d5520c	WWISE	T2	48
02d5523c	WWISE	T2	932
02d555e0	WWISE	T2	104
02d55648	WWISE	T2	596
02d5589c	WWISE	T2	200
02d55964	WWISE	T2	236
02d55a50	WWISE	T2	196
02d55b14	WWISE	T2	748
02d55e00	WWISE	T2	116
02d55e74	WWISE	T2	244
02d55f68	WWISE	T2	256
02d56068	WWISE	T2	112
02d560d8	WWISE	T2	68
02d5611c	WWISE	T2	28
02d56138	WWISE	T2	24
02d56150	WWISE	T2	960
02d56510	WWISE	T2	236
02d565fc	WWISE	T2	320
02d5673c	WWISE	T2	544
02d5695c	WWISE	T2	112
02d569cc	WWISE	T2	160
02d56afc	WWISE	T2	72
02d56b44	WWISE	T2	60
02d56b80	WWISE	T2	396
02d56d0c	WWISE	T2	312
02d56e44	WWISE	T2	148
02d56ed8	WWISE	T2	80
02d56f28	WWISE	T2	140
02d56fb4	WWISE	T2	384
02d57134	WWISE	T2	180
02d57304	WWISE	T2	140
02d57390	WWISE	T2	120
02d57408	WWISE	T2	108
02d57474	WWISE	T2	340
02d575c8	WWISE	T2	168
02d57670	WWISE	T2	128
02d576f0	WWISE	T2	244
02d577e4	WWISE	T2	124
02d57860	WWISE	T2	92
02d578bc	WWISE	T2	404
02d57a50	WWISE	T2	96
02d57ab0	WWISE	T2	116
02d57b24	WWISE	T2	120
02d57b9c	WWISE	T2	108
02d57c08	WWISE	T2	312
02d57d40	WWISE	T2	144
02d57dd0	WWISE	T2	232
02d57eb8	WWISE	T2	100
02d57f1c	WWISE	T2	168
02d57fc4	WWISE	T2	176
02d58074	WWISE	T2	328
02d581bc	WWISE	T2	856
02d58514	WWISE	T2	164
02d585b8	WWISE	T2	464
02d58788	WWISE	T2	132
02d5880c	WWISE	T2	1104
02d58c5c	WWISE	T2	248
02d58d54	WWISE	T2	308
02d58e88	WWISE	T2	64
02d58ec8	WWISE	T2	84
02d58f1c	WWISE	T2	76
02d58f68	WWISE	T2	84
02d58fbc	WWISE	T2	280
02d590d4	WWISE	T2	80
02d59124	WWISE	T2	1224
02d595ec	WWISE	T2	1000
02d599d4	WWISE	T2	772
02d59cd8	WWISE	T2	148
02d59d6c	WWISE	T2	124
02d59de8	WWISE	T2	128
02d59e68	WWISE	T2	300
02d59f94	WWISE	T2	152
02d5a02c	WWISE	T2	72
02d5a074	WWISE	T2	196
02d5a138	WWISE	T2	72
02d5a180	WWISE	T2	704
02d5a440	WWISE	T2	340
02d5a594	WWISE	T2	384
02d5a714	WWISE	T2	2000
02d5aee4	WWISE	T2	1952
02d5b684	WWISE	T2	1400
02d5bbfc	WWISE	T2	596
02d5be50	WWISE	T2	236
02d5be58	WWISE	T2	76
02d5be60	WWISE	T2	140
02d5be68	WWISE	T2	112
02d5bed8	WWISE	T2	28
02d5bef4	WWISE	T2	472
02d5c0cc	WWISE	T2	168
02d5c174	WWISE	T2	340
02d5c2c8	WWISE	T2	292
02d5c3ec	WWISE	T2	340
02d5c540	WWISE	T2	232
02d5c630	WWISE	T2	664
02d5c8c8	WWISE	T2	4
02d5c8d0	WWISE	T2	344
02d5ca30	WWISE	T2	1416
02d5cfb8	WWISE	T2	248
02d5d0b0	WWISE	T2	260
02d5d1b4	WWISE	T2	116
02d5d230	WWISE	T2	236
02d5d31c	WWISE	T2	196
02d5d3e0	WWISE	T2	332
02d5d52c	WWISE	T2	4
02d5d530	WWISE	T2	336
02d5d680	WWISE	T2	20
02d5d694	WWISE	T2	456
02d5d85c	WWISE	T2	188
02d5d918	WWISE	T2	336
02d5da68	WWISE	T2	4
02d5da6c	WWISE	T2	188
02d5db28	WWISE	T2	984
02d5df00	WWISE	T2	384
02d5e080	WWISE	T2	316
02d5e1bc	WWISE	T2	1288
02d5e6c4	WWISE	T2	1692
02d5ed60	WWISE	T2	196
02d5ee24	WWISE	T2	80
02d5ee80	WWISE	T2	260
02d5ef84	WWISE	T2	84
02d5efe0	WWISE	T2	1200
02d5f490	WWISE	T2	180
02d5f550	WWISE	T2	252
02d5f64c	WWISE	T2	584
02d5f894	WWISE	T2	144
02d5f924	WWISE	T2	1128
02d5fd8c	WWISE	T2	196
02d5fe50	WWISE	T2	76
02d5fe9c	WWISE	T2	124
02d5ff18	WWISE	T2	460
02d600e4	WWISE	T2	164
02d60188	WWISE	T2	1212
02d60644	WWISE	T2	280
02d6075c	WWISE	T2	1176
02d60bf4	WWISE	T2	228
02d60cd8	WWISE	T2	320
02d60e18	WWISE	T2	708
02d610dc	WWISE	T2	12
02d610e8	WWISE	T2	120
02d61160	WWISE	T2	172
02d6120c	WWISE	T2	96
02d6126c	WWISE	T2	392
02d613f4	WWISE	T2	104
02d6145c	WWISE	T2	696
02d61714	WWISE	T2	100
02d61778	WWISE	T2	152
02d61810	WWISE	T2	136
02d61898	WWISE	T2	384
02d61a18	WWISE	T2	84
02d61a6c	WWISE	T2	1276
02d61f68	WWISE	T2	392
02d620f0	WWISE	T2	156
02d6218c	WWISE	T2	152
02d62224	WWISE	T2	152
02d622bc	WWISE	T2	172
02d62368	WWISE	T2	220
02d62444	WWISE	T2	360
02d625ac	WWISE	T2	136
02d62634	WWISE	T2	168
02d626dc	WWISE	T2	256
02d627dc	WWISE	T2	108
02d62848	WWISE	T2	116
02d628bc	WWISE	T2	92
02d62918	WWISE	T2	116
02d6298c	WWISE	T2	704
02d62c4c	WWISE	T2	100
02d62cb0	WWISE	T2	68
02d62cf4	WWISE	T2	132
02d62d78	WWISE	T2	316
02d62eb4	WWISE	T2	304
02d62fe4	WWISE	T2	84
02d63038	WWISE	T2	1176
02d634d0	WWISE	T2	100
02d63534	WWISE	T2	68
02d63578	WWISE	T2	196
02d6363c	WWISE	T2	84
02d63690	WWISE	T2	264
02d63798	WWISE	T2	344
02d638f0	WWISE	T2	892
02d63c6c	WWISE	T2	484
02d63e50	WWISE	T2	292
02d63f74	WWISE	T2	1176
02d6440c	WWISE	T2	196
02d644d0	WWISE	T2	84
02d64524	WWISE	T2	264
02d6462c	WWISE	T2	356
02d64790	WWISE	T2	892
02d64b0c	WWISE	T2	196
02d64bd0	WWISE	T2	84
02d64c24	WWISE	T2	264
02d64d2c	WWISE	T2	328
02d64e74	WWISE	T2	892
02d651f0	WWISE	T2	256
02d65360	WWISE	T2	292
02d65484	WWISE	T2	216
02d6555c	WWISE	T2	240
02d6564c	WWISE	T2	156
02d656e8	WWISE	T2	212
02d657bc	WWISE	T2	72
02d65804	WWISE	T2	144
02d65894	WWISE	T2	192
02d65954	WWISE	T2	80
02d659a4	WWISE	T2	188
02d65a60	WWISE	T2	172
02d65b0c	WWISE	T2	68
02d65b50	WWISE	T2	340
02d65ca4	WWISE	T2	120
02d65d1c	WWISE	T2	532
02d65f30	WWISE	T2	520
02d66138	WWISE	T2	580
02d6637c	WWISE	T2	576
02d665bc	WWISE	T2	180
02d66670	WWISE	T2	596
02d668c4	WWISE	T2	140
02d66950	WWISE	T2	172
02d669fc	WWISE	T2	384
02d66b7c	WWISE	T2	96
02d66bdc	WWISE	T2	336
02d66d2c	WWISE	T2	372
02d66ea0	WWISE	T2	24
02d66eac	WWISE	T2	468
02d67080	WWISE	T2	8
02d67088	WWISE	T2	104
02d670f0	WWISE	T2	112
02d67160	WWISE	T2	64
02d671a0	WWISE	T2	140
02d6722c	WWISE	T2	64
02d6726c	WWISE	T2	116
02d672e0	WWISE	T2	72
02d67328	WWISE	T2	132
02d673ac	WWISE	T2	72
02d673f4	WWISE	T2	68
02d67438	WWISE	T2	44
02d67464	WWISE	T2	4
02d67468	WWISE	T2	340
02d675bc	WWISE	T2	4
02d675c0	WWISE	T2	368
02d67730	WWISE	T2	364
02d6789c	WWISE	T2	432
02d67a4c	WWISE	T2	4
02d67a50	WWISE	T2	8
02d67a58	WWISE	T2	340
02d67bac	WWISE	T2	324
02d67cf0	WWISE	T2	176
02d67da0	WWISE	T2	8
02d67da8	WWISE	T2	164
02d67e4c	WWISE	T2	8
02d67e54	WWISE	T2	80
02d67ea4	WWISE	T2	484
02d68088	WWISE	T2	136
02d68110	WWISE	T2	4
02d68114	WWISE	T2	8
02d6811c	WWISE	T2	340
02d68270	WWISE	T2	324
02d683b4	WWISE	T2	80
02d68404	WWISE	T2	832
02d68744	WWISE	T2	260
02d68848	WWISE	T2	56
02d68880	WWISE	T2	120
02d688f8	WWISE	T2	144
02d68988	WWISE	T2	580
02d68bcc	WWISE	T2	176
02d68c7c	WWISE	T2	204
02d68d48	WWISE	T2	68
02d68d8c	WWISE	T2	12
02d68d98	WWISE	T2	4
02d68d9c	WWISE	T2	8
02d68da4	WWISE	T2	8
02d68dac	WWISE	T2	4
02d68db0	WWISE	T2	8
02d68db8	WWISE	T2	8
02d68dc0	WWISE	T2	8
02d68dc8	WWISE	T2	8
02d68dd0	WWISE	T2	8
02d68dd8	WWISE	T2	8
02d68de0	WWISE	T2	96
02d68e40	WWISE	T2	60
02d68e80	WWISE	T2	172
02d68f2c	WWISE	T2	88
02d68f84	WWISE	T2	168
02d6902c	WWISE	T2	56
02d69064	WWISE	T2	216
02d6913c	WWISE	T2	36
02d69160	WWISE	T2	116
02d691d4	WWISE	T2	680
02d6947c	WWISE	T2	668
02d69718	WWISE	T2	576
02d69958	WWISE	T2	564
02d69b8c	WWISE	T2	124
02d69c08	WWISE	T2	172
02d69cb8	WWISE	T2	68
02d69cfc	WWISE	T2	68
02d69d40	WWISE	T2	128
02d69dc0	WWISE	T2	128
02d69e40	WWISE	T2	240
02d69f30	WWISE	T2	240
02d6a028	WWISE	T2	140
02d6a0b4	WWISE	T2	44
02d6a0e0	WWISE	T2	44
02d6a10c	WWISE	T2	160
02d6a1ac	WWISE	T2	8
02d6a1b4	WWISE	T2	8
02d6a1bc	WWISE	T2	8
02d6a1c4	WWISE	T2	20
02d6a1d8	WWISE	T2	20
02d6a1ec	WWISE	T2	176
02d6a29c	WWISE	T2	8
02d6a2a4	WWISE	T2	880
02d6a614	WWISE	T2	36
02d6a638	WWISE	T2	32
02d6a658	WWISE	T2	36
02d6a67c	WWISE	T2	212
02d6a750	WWISE	T2	16
02d6a760	WWISE	T2	16
02d6a770	WWISE	T2	8
02d6a778	WWISE	T2	8
02d6a780	WWISE	T2	160
02d6a820	WWISE	T2	156
02d6a8bc	WWISE	T2	92
02d6a918	WWISE	T2	300
02d6aa44	WWISE	T2	308
02d6ab78	WWISE	T2	264
02d6ac80	WWISE	T2	132
02d6ad04	WWISE	T2	240
02d6adf4	WWISE	T2	240
02d6aeec	WWISE	T2	464
02d6b0c0	WWISE	T2	152
02d6b158	WWISE	T2	216
02d6b230	WWISE	T2	960
02d6b4a0	WWISE	T2	176
02d6b550	WWISE	T2	44
02d6b57c	WWISE	T2	44
02d6b5a8	WWISE	T2	44
02d6b5d4	WWISE	T2	44
02d6b600	WWISE	T2	1120
02d6bbb0	WWISE	T2	8
02d6bbb8	WWISE	T2	264
02d6bcc0	WWISE	T2	136
02d6bd48	WWISE	T2	8
02d6bd50	WWISE	T2	12
02d6bd5c	WWISE	T2	12
02d6bd68	WWISE	T2	160
02d6be08	WWISE	T2	8
02d6be10	WWISE	T2	8
02d6be18	WWISE	T2	8
02d6be20	WWISE	T2	200
02d6bee8	WWISE	T2	8
02d6bef0	WWISE	T2	68
02d6bf34	WWISE	T2	28
02d6bf50	WWISE	T2	124
02d6bfcc	WWISE	T2	8
02d6bfd4	WWISE	T2	264
02d6c0dc	WWISE	T2	164
02d6c180	WWISE	T2	264
02d6c288	WWISE	T2	288
02d6c3a8	WWISE	T2	456
02d6c570	WWISE	T2	12
02d6c57c	WWISE	T2	212
02d6c650	WWISE	T2	8
02d6c658	WWISE	T2	8
02d6c660	WWISE	T2	24
02d6c678	WWISE	T2	104
02d6c6e0	WWISE	T2	40
02d6c708	WWISE	T2	280
02d6c820	WWISE	T2	112
02d6c890	WWISE	T2	256
02d6c990	WWISE	T2	324
02d6cad4	WWISE	T2	56
02d6cb0c	WWISE	T2	56
02d6cb44	WWISE	T2	112
02d6cbb4	WWISE	T2	256
02d6ccb4	WWISE	T2	132
02d6cd38	WWISE	T2	20
02d6cd4c	WWISE	T2	72
02d6cd94	WWISE	T2	356
02d6cef8	WWISE	T2	64
02d6cf38	WWISE	T2	36
02d6cf5c	WWISE	T2	8
02d6cf64	WWISE	T2	12
02d6cf70	WWISE	T2	16
02d6cf80	WWISE	T2	12
02d6cf8c	WWISE	T2	12
02d6cf98	WWISE	T2	160
02d6d038	WWISE	T2	8
02d6d040	WWISE	T2	24
02d6d058	WWISE	T2	16
02d6d068	WWISE	T2	8
02d6d070	WWISE	T2	8
02d6d078	WWISE	T2	8
02d6d080	WWISE	T2	84
02d6d0d4	WWISE	T2	52
02d6d108	WWISE	T2	32
02d6d134	WWISE	T2	64
02d6d174	WWISE	T2	328
02d6d2bc	WWISE	T2	16
02d6d2cc	WWISE	T2	336
02d6d41c	WWISE	T2	268
02d6d528	WWISE	T2	384
02d6d6a8	WWISE	T2	108
02d6d714	WWISE	T2	236
02d6d800	WWISE	T2	300
02d6d92c	WWISE	T2	1208
02d6dde4	WWISE	T2	304
02d6df14	WWISE	T2	472
02d6e0ec	WWISE	T2	972
02d6e4b8	WWISE	T2	108
02d6e524	WWISE	T2	732
02d6e800	WWISE	T2	496
02d6e9f0	WWISE	T2	484
02d6ebd4	WWISE	T2	68
02d6ec18	WWISE	T2	60
02d6ec54	WWISE	T2	16
02d6ec64	WWISE	T2	352
02d6edc4	WWISE	T2	184
02d6ee7c	WWISE	T2	84
02d6eed0	WWISE	T2	236
02d6efbc	WWISE	T2	272
02d6f0cc	WWISE	T2	800
02d6f3ec	WWISE	T2	376
02d6f564	WWISE	T2	112
02d6f5d4	WWISE	T2	576
02d6f814	WWISE	T2	32
02d6f834	WWISE	T2	40
02d6f85c	WWISE	T2	368
02d6f9cc	WWISE	T2	352
02d6fb2c	WWISE	T2	176
02d6fbdc	WWISE	T2	8
02d6fbe4	WWISE	T2	72
02d6fc2c	WWISE	T2	8
02d6fc34	WWISE	T2	176
02d6fce4	WWISE	T2	8
02d6fcec	WWISE	T2	424
02d6fe94	WWISE	T2	236
02d6ff84	WWISE	T2	32
02d6ffa4	WWISE	T2	40
02d6ffcc	WWISE	T2	368
02d7013c	WWISE	T2	352
02d7029c	WWISE	T2	476
02d70478	WWISE	T2	60
02d704b4	WWISE	T2	220
02d70594	WWISE	T2	236
02d70680	WWISE	T2	696
02d70938	WWISE	T2	120
02d709b0	WWISE	T2	40
02d709d8	WWISE	T2	252
02d70ad4	WWISE	T2	100
02d70b38	WWISE	T2	108
02d70ba4	WWISE	T2	40
02d70bcc	WWISE	T2	188
02d70c88	WWISE	T2	64
02d70cc8	WWISE	T2	64
02d70d08	WWISE	T2	276
02d70e1c	WWISE	T2	64
02d70e5c	WWISE	T2	276
02d70f70	WWISE	T2	32
02d70f94	WWISE	T2	40
02d70fc0	WWISE	T2	40
02d70fe8	WWISE	T2	108
02d71054	WWISE	T2	212
02d71128	WWISE	T2	32
02d7114c	WWISE	T2	40
02d71178	WWISE	T2	212
02d7124c	WWISE	T2	184
02d71304	WWISE	T2	120
02d7137c	WWISE	T2	20
02d71390	WWISE	T2	84
02d713e4	WWISE	T2	240
02d714d4	WWISE	T2	92
02d71530	WWISE	T2	16
02d71540	WWISE	T2	336
02d71690	WWISE	T2	112
02d71700	WWISE	T2	68
02d71748	WWISE	T1	112
02d717c0	WWISE	T2	196
02d71884	WWISE	T2	224
02d71964	WWISE	T2	96
02d719d0	WWISE	T2	52
02d71a04	WWISE	T2	12
02d71a10	WWISE	T2	56
02d71a48	WWISE	T2	64
02d71a88	WWISE	T2	152
02d71b20	WWISE	T2	192
02d71be0	WWISE	T2	156
02d71c7c	WWISE	T2	176
02d71cbc	WWISE	T2	340
02d71e10	WWISE	T2	144
02d71ea0	WWISE	T2	96
02d71f00	WWISE	T2	136
02d71f88	WWISE	T2	56
02d71fc0	WWISE	T2	536
02d721d8	WWISE	T2	352
02d72338	WWISE	T2	5128
02d73740	WWISE	T2	112
02d737b0	WWISE	T2	1300
02d73cd0	WWISE	T2	1060
02d740f4	WWISE	T2	196
02d741b8	WWISE	T2	544
02d743d8	WWISE	T2	352
02d74540	WWISE	T2	40
02d74568	WWISE	T2	768
02d74870	WWISE	T2	532
02d74af4	WWISE	T2	340
02d74c50	WWISE	T2	4
02d74cd0	WWISE	T2	164
02d74d80	WWISE	T2	88
02d74de0	WWISE	T2	32
02d74e00	WWISE	T2	208
02d74ed0	WWISE	T2	12
02d75160	WWISE	T2	1688
02d75800	WWISE	T2	416
02d758c0	WWISE	T2	1660
02d75d60	WWISE	T2	48
02d75d90	WWISE	T2	48
02d75dc0	WWISE	T2	48
02d75df0	WWISE	T2	68
02d75e40	WWISE	T2	52
02d75e80	WWISE	T2	48
02d75eb0	WWISE	T2	48
02d75ee0	WWISE	T2	48
02d75f10	WWISE	T2	48
02d75f40	WWISE	T2	156
02d76490	WWISE	T2	192
02d76a20	WWISE	T2	128
02d76aa0	WWISE	T2	416
02d76d50	WWISE	T2	264
02d76e60	WWISE	T2	52
02d76ea0	WWISE	T2	100
02d76f10	WWISE	T2	28
02d76f2c	WWISE	T2	232
02d77020	WWISE	T2	392
02d771a8	WWISE	T2	140
02d773a8	WWISE	T2	128
02d77430	WWISE	T2	12
02d77820	WWISE	T2	172
02d77ba0	WWISE	T2	136
02d77c30	WWISE	T2	284
02d782a0	WWISE	T2	508
02d784a0	WWISE	T2	328
02d785f0	WWISE	T2	12
02d78600	WWISE	T2	12
02d78610	WWISE	T2	12
02d78670	WWISE	T2	104
02d786d8	WWISE	T2	128
02d78760	WWISE	T2	356
02d788d0	WWISE	T2	128
02d78950	WWISE	T2	272
02d78a60	WWISE	T2	120
02d78ae8	WWISE	T2	336
02d78c38	WWISE	T2	12
02d78c44	WWISE	T2	12
02d78c50	WWISE	T2	8
02d78c58	WWISE	T2	12
02d78c64	WWISE	T2	8
02d78c6c	WWISE	T2	28
02d78c88	WWISE	T2	52
02d78cbc	WWISE	T2	48
02d78cec	WWISE	T2	12
02d78cf8	WWISE	T2	12
02d78d04	WWISE	T2	48
02d78d34	WWISE	T2	32
02d78d54	WWISE	T2	64
02d78d94	WWISE	T2	104
02d78dfc	WWISE	T2	224
02d78e28	WWISE	T2	12
02d78e34	WWISE	T2	520
02d7903c	WWISE	T2	8
02d79044	WWISE	T2	84
02d79098	WWISE	T2	12
02d790a4	WWISE	T2	12
02d790b0	WWISE	T2	56
02d790e8	WWISE	T2	212
02d791bc	WWISE	T2	512
02d793bc	WWISE	T2	476
02d79598	WWISE	T2	372
02d7970c	WWISE	T2	12
02d79718	WWISE	T2	164
02d7972c	WWISE	T2	896
02d79740	WWISE	T2	44
02d7976c	WWISE	T2	8
02d79774	WWISE	T2	92
02d797d0	WWISE	T2	40
02d797f8	WWISE	T2	8
02d79800	WWISE	T2	12
02d7980c	WWISE	T2	12
02d79818	WWISE	T2	12
02d79824	WWISE	T2	160
02d7989c	WWISE	T2	220
02d79978	WWISE	T2	4
02d7997c	WWISE	T2	72
02d799c4	WWISE	T2	128
02d79a44	WWISE	T2	244
02d79b38	WWISE	T2	140
02d79bc4	WWISE	T2	232
02d79cac	WWISE	T2	272
02d79dbc	WWISE	T2	292
02d79ee0	WWISE	T2	4
02d79ee4	WWISE	T2	24
02d79efc	WWISE	T2	444
02d7a0bc	WWISE	T2	32
02d7a0dc	WWISE	T2	92
02d7a138	WWISE	T2	508
02d7a340	WWISE	T2	56
02d7a378	WWISE	T2	548
02d7a59c	WWISE	T2	160
02d7a63c	WWISE	T2	120
02d7a6b4	WWISE	T2	52
02d7a6e8	WWISE	T2	120
02d7a760	WWISE	T2	924
02d7aafc	WWISE	T2	160
02d7abac	WWISE	T2	404
02d7ad40	WWISE	T2	396
02d7aecc	WWISE	T2	124
02d7af48	WWISE	T2	216
02d7b020	WWISE	T2	216
02d7b0f8	WWISE	T2	128
02d7b178	WWISE	T2	68
02d7b1bc	WWISE	T2	60
02d7b1f8	WWISE	T2	120
02d7b270	WWISE	T2	108
02d7b2dc	WWISE	T2	92
02d7b338	WWISE	T2	124
02d7b3b4	WWISE	T2	140
02d7b440	WWISE	T2	140
02d7b4cc	WWISE	T2	20
02d7b4e0	WWISE	T2	64
02d7b520	WWISE	T2	108
02d7b58c	WWISE	T2	112
02d7b5fc	WWISE	T2	64
02d7b63c	WWISE	T2	224
02d7b71c	WWISE	T2	280
02d7b834	WWISE	T2	216
02d7b90c	WWISE	T2	280
02d7ba24	WWISE	T2	276
02d7bb38	WWISE	T2	624
02d7bda8	WWISE	T2	136
02d7be30	WWISE	T2	96
02d7be90	WWISE	T2	124
02d7bf0c	WWISE	T2	128
02d7bf8c	WWISE	T2	76
02d7bfd8	WWISE	T2	76
02d7c024	WWISE	T2	76
02d7c070	WWISE	T2	128
02d7c0f0	WWISE	T2	144
02d7c184	WWISE	T2	40
02d7c1ac	WWISE	T2	332
02d7c2f8	WWISE	T2	72
02d7c340	WWISE	T2	20
02d7c354	WWISE	T2	72
02d7c39c	WWISE	T2	8
02d7c3a4	WWISE	T2	8
02d7c3ac	WWISE	T2	104
02d7c414	WWISE	T2	116
02d7c488	WWISE	T2	340
02d7c5dc	WWISE	T2	60
02d7c618	WWISE	T2	8
02d7c620	WWISE	T2	64
02d7c660	WWISE	T2	208
02d7c730	WWISE	T2	296
02d7c858	WWISE	T2	92
02d7c8b4	WWISE	T2	1388
02d7ce20	WWISE	T2	612
02d7d084	WWISE	T2	392
02d7d20c	WWISE	T2	224
02d7d2ec	WWISE	T2	228
02d7d3d0	WWISE	T2	232
02d7d4b8	WWISE	T2	16
02d7d4c8	WWISE	T2	8
02d7d4d0	WWISE	T2	8
02d7d4d8	WWISE	T2	8
02d7d4e0	WWISE	T2	8
02d7d4e8	WWISE	T2	8
02d7d4f0	WWISE	T2	8
02d7d4f8	WWISE	T2	8
02d7d500	WWISE	T2	8
02d7d508	WWISE	T2	8
02d7d510	WWISE	T2	8
02d7d518	WWISE	T2	8
02d7d520	WWISE	T2	100
02d7d584	WWISE	T2	64
02d7d5c4	WWISE	T2	284
02d7d6e0	WWISE	T2	36
02d7d704	WWISE	T2	244
02d7d760	WWISE	T2	668
02d7d9fc	WWISE	T2	360
02d7db68	WWISE	T2	360
02d7de5c	WWISE	T2	1012
02d7e250	WWISE	T2	2180
02d7ead4	WWISE	T2	8984
02d80dec	WWISE	T2	612
02d81050	WWISE	T2	928
02d813f0	WWISE	T2	1348
02d81934	WWISE	T2	412
02d81ad0	WWISE	T2	268
02d81bdc	WWISE	T2	1440
02d8217c	WWISE	T2	448
02d8233c	WWISE	T2	376
02d824b4	WWISE	T2	324
02d825f8	WWISE	T2	56
02d82630	WWISE	T2	620
02d8289c	WWISE	T2	700
02d82b60	WWISE	T2	136
02d82be8	WWISE	T2	732
02d82ec4	WWISE	T2	396
02d83050	WWISE	T2	200
02d83118	WWISE	T2	1044
02d8352c	WWISE	T2	1256
02d83a14	WWISE	T2	1036
02d83e20	WWISE	T2	1084
02d8425c	WWISE	T2	500
02d84450	WWISE	T2	296
02d84578	WWISE	T2	504
02d84770	WWISE	T2	1160
02d84bf8	WWISE	T2	872
02d84f60	WWISE	T2	364
02d850cc	WWISE	T2	1636
02d85730	WWISE	T2	384
02d858b0	WWISE	T2	976
02d85c80	WWISE	T2	512
02d85e80	WWISE	T2	544
02d8618c	WWISE	T2	532
02d861a4	WWISE	T2	128
02d86224	WWISE	T2	412
02d863c0	WWISE	T2	892
02d8673c	WWISE	T2	296
02d86864	WWISE	T2	252
02d86960	WWISE	T2	84
02d869b4	WWISE	T2	116
02d86a28	WWISE	T2	76
02d86a74	WWISE	T2	48
02d86aa4	WWISE	T2	116
02d86b1c	WWISE	T2	940
02d86bb8	WWISE	T2	196
02d86c7c	WWISE	T2	80
02d86ccc	WWISE	T2	272
02d86ddc	WWISE	T2	32
02d86dfc	WWISE	T2	672
02d8709c	WWISE	T2	520
02d872a4	WWISE	T2	220
02d87380	WWISE	T2	732
02d8765c	WWISE	T2	8
02d87664	WWISE	T2	8
02d8766c	WWISE	T2	236
02d87758	WWISE	T2	792
02d87a70	WWISE	T2	200
02d87b38	WWISE	T2	100
02d87b9c	WWISE	T2	116
02d87c10	WWISE	T2	404
02d87da4	WWISE	T2	1024
02d881a4	WWISE	T2	268
02d882b0	WWISE	T2	8
02d882b8	WWISE	T2	60
02d882f4	WWISE	T2	116
02d88368	WWISE	T2	404
02d884fc	WWISE	T2	208
02d886d4	WWISE	T2	8
02d886dc	WWISE	T2	4
02d886e0	WWISE	T2	340
02d88834	WWISE	T2	280
02d8894c	WWISE	T2	548
02d88b70	WWISE	T2	32
02d88b90	WWISE	T2	28
02d88bac	WWISE	T2	52
02d88be0	WWISE	T2	4
02d88be8	WWISE	T2	284
02d88d04	WWISE	T2	368
02d88e74	WWISE	T2	284
02d88f90	WWISE	T2	344
02d890e8	WWISE	T2	4
02d890ec	WWISE	T2	52
02d89120	WWISE	T2	76
02d89170	WWISE	T2	152
02d89208	WWISE	T2	40
02d89230	WWISE	T2	244
02d89324	WWISE	T2	8
02d8932c	WWISE	T2	244
02d89420	WWISE	T2	112
02d89490	WWISE	T2	68
02d894d4	WWISE	T2	4
02d894d8	WWISE	T2	340
02d8969c	WWISE	T2	232
02d89784	WWISE	T2	32
02d897a4	WWISE	T2	28
02d897c0	WWISE	T2	4
02d897c4	WWISE	T2	340
02d8997c	WWISE	T2	232
02d89a64	WWISE	T2	32
02d89a84	WWISE	T2	40
02d89aac	WWISE	T2	4
02d89ab0	WWISE	T2	340
02d89c04	WWISE	T2	236
02d89cf0	WWISE	T2	116
02d89d64	WWISE	T2	76
02d89db0	WWISE	T2	12
02d89dbc	WWISE	T2	88
02d89e14	WWISE	T2	88
02d89e6c	WWISE	T2	300
02d89f98	WWISE	T2	72
02d89fe0	WWISE	T2	52
02d8a014	WWISE	T2	4
02d8a01c	WWISE	T2	876
02d8a388	WWISE	T2	124
02d8a404	WWISE	T2	284
02d8a520	WWISE	T2	44
02d8a54c	WWISE	T2	4
02d8a550	WWISE	T2	340
02d8a6a4	WWISE	T2	64
02d8a6e4	WWISE	T2	76
02d8a730	WWISE	T2	64
02d8a770	WWISE	T2	76
02d8a7bc	WWISE	T2	144
02d8a84c	WWISE	T2	164
02d8a8f0	WWISE	T2	100
02d8a954	WWISE	T2	116
02d8a9c8	WWISE	T2	404
02d8ab5c	WWISE	T2	48
02d8ab8c	WWISE	T2	268
02d8ac98	WWISE	T2	40
02d8acc0	WWISE	T2	4
02d8acc4	WWISE	T2	340
02d8ae18	WWISE	T2	280
02d8af30	WWISE	T2	420
02d8b0d4	WWISE	T2	420
02d8b278	WWISE	T2	300
02d8b3a4	WWISE	T2	304
02d8b4d4	WWISE	T2	4
02d8b4d8	WWISE	T2	4
02d8b4dc	WWISE	T2	92
02d8b538	WWISE	T2	116
02d8b5ac	WWISE	T2	404
02d8b740	WWISE	T2	84
02d8b794	WWISE	T2	100
02d8b7f8	WWISE	T2	116
02d8b86c	WWISE	T2	404
02d8ba00	WWISE	T2	104
02d8ba68	WWISE	T2	104
02d8bad0	WWISE	T2	40
02d8baf8	WWISE	T2	4
02d8bafc	WWISE	T2	340
02d8bc50	WWISE	T2	448
02d8be10	WWISE	T2	192
02d8bed0	WWISE	T2	112
02d8bf40	WWISE	T2	44
02d8bf6c	WWISE	T2	100
02d8bfd0	WWISE	T2	116
02d8c044	WWISE	T2	404
02d8c1d8	WWISE	T2	172
02d8c284	WWISE	T2	116
02d8c2f8	WWISE	T2	404
02d8c48c	WWISE	T2	48
02d8c4bc	WWISE	T2	100
02d8c520	WWISE	T2	4
02d8c524	WWISE	T2	340
02d8c6e4	WWISE	T2	100
02d8c748	WWISE	T2	84
02d8c79c	WWISE	T2	300
02d8c8c8	WWISE	T2	232
02d8c9b0	WWISE	T2	4
02d8c9b4	WWISE	T2	340
02d8cb6c	WWISE	T2	124
02d8cbe8	WWISE	T2	8
02d8cbf0	WWISE	T2	4
02d8cbf4	WWISE	T2	340
02d8cdac	WWISE	T2	136
02d8ce34	WWISE	T2	8
02d8ce3c	WWISE	T2	896
02d8d1bc	WWISE	T2	92
02d8d218	WWISE	T2	340
02d8d36c	WWISE	T2	400
02d8d4fc	WWISE	T2	1400
02d8da74	WWISE	T2	452
02d8dc38	WWISE	T2	480
02d8de18	WWISE	T2	360
02d8df80	WWISE	T2	52
02d8dfb4	WWISE	T2	8
02d8dfbc	WWISE	T2	12
02d8dfc8	WWISE	T2	16
02d8dfd8	WWISE	T2	8
02d8dfe0	WWISE	T2	12
02d8dfec	WWISE	T2	216
02d8e0c4	WWISE	T2	688
02d8e374	WWISE	T2	140
02d8e400	WWISE	T2	140
02d8e48c	WWISE	T2	340
02d8e5e0	WWISE	T2	252
02d8e6dc	WWISE	T2	532
02d8e8f0	WWISE	T2	80
02d8e940	WWISE	T2	108
02d8e9ac	WWISE	T2	228
02d8ea90	WWISE	T2	408
02d8ec28	WWISE	T2	204
02d8ecf4	WWISE	T2	104
02d8ed5c	WWISE	T2	124
02d8edd8	WWISE	T2	340
02d8ef2c	WWISE	T2	128
02d8ef68	WWISE	T2	100
02d8efcc	WWISE	T2	460
02d8f198	WWISE	T2	68
02d8f1dc	WWISE	T2	236
02d8f2c8	WWISE	T2	1116
02d8f724	WWISE	T2	512
02d8f924	WWISE	T2	536
02d8fb3c	WWISE	T2	260
02d8fc40	WWISE	T2	516
02d8fe44	WWISE	T2	144
02d8fed4	WWISE	T2	628
02d90148	WWISE	T2	228
02d9022c	WWISE	T2	156
02d902c8	WWISE	T2	248
02d903c0	WWISE	T2	236
02d904b0	WWISE	T1	84
02d90504	WWISE	T2	3872
02d92ce4	WWISE	T2	980
02d930b8	WWISE	T2	592
02d93308	WWISE	T2	2484
02d93cbc	WWISE	T2	1052
02d940d8	WWISE	T2	348
02d94234	WWISE	T2	512
02d94434	WWISE	T2	124
02d944b0	WWISE	T2	176
02d94560	WWISE	T2	248
02d94658	WWISE	T2	140
02d946e4	WWISE	T2	176
02d94794	WWISE	T2	848
02d94ae4	WWISE	T2	440
02d94c9c	WWISE	T2	188
02d94d58	WWISE	T2	268
02d94e64	WWISE	T2	416
02d95004	WWISE	T2	80
02d95054	WWISE	T2	124
02d950d0	WWISE	T2	468
02d952a4	WWISE	T2	592
02d954f4	WWISE	T2	536
02d9570c	WWISE	T2	536
02d95924	WWISE	T2	532
02d95b38	WWISE	T2	524
02d95d44	WWISE	T2	524
02d95f50	WWISE	T2	180
02d96004	WWISE	T2	268
02d96110	WWISE	T2	184
02d961c8	WWISE	T2	80
02d96218	WWISE	T2	376
02d96390	WWISE	T2	248
02d96490	WWISE	T2	316
02d965cc	WWISE	T2	300
02d966f8	WWISE	T2	464
02d968c8	WWISE	T2	324
02d96a0c	WWISE	T2	96
02d96a6c	WWISE	T2	72
02d96ab4	WWISE	T2	444
02d96c70	WWISE	T2	16
02d96c80	WWISE	T2	60
02d96cbc	WWISE	T2	368
02d96d3c	WWISE	T2	4
02d96d40	WWISE	T2	108
02d96dac	WWISE	T2	8
02d96db4	WWISE	T2	20
02d96dc8	WWISE	T2	4
02d96dcc	WWISE	T2	4
02d96dd0	WWISE	T2	4
02d96dd4	WWISE	T2	76
02d96e20	WWISE	T2	168
02d96ec8	WWISE	T2	124
02d96f44	WWISE	T2	128
02d96fc4	WWISE	T2	92
02d97020	WWISE	T2	752
02d97310	WWISE	T2	804
02d97634	WWISE	T2	104
02d9769c	WWISE	T2	212
02d97770	WWISE	T2	144
02d97800	WWISE	T2	4
02d97804	WWISE	T2	88
02d9785c	WWISE	T2	56
02d97894	WWISE	T2	260
02d97998	WWISE	T2	72
02d979e0	WWISE	T2	128
02d97ac0	WWISE	T2	68
02d97b04	WWISE	T2	92
02d97b60	WWISE	T2	68
02d97ba4	WWISE	T2	760
02d97e9c	WWISE	T2	88
02d97ef4	WWISE	T2	68
02d97f38	WWISE	T2	68
02d97f7c	WWISE	T2	344
02d980d4	WWISE	T2	360
02d9823c	WWISE	T2	464
02d984d4	WWISE	T2	68
02d98518	WWISE	T2	108
02d98584	WWISE	T2	8
02d9858c	WWISE	T2	340
02d986e0	WWISE	T2	324
02d98824	WWISE	T2	328
02d9896c	WWISE	T2	8
02d98974	WWISE	T2	116
02d989e8	WWISE	T2	8
02d989f0	WWISE	T2	280
02d98b08	WWISE	T2	176
02d98bb8	WWISE	T2	156
02d98c54	WWISE	T2	180
02d98d08	WWISE	T2	272
02d98e18	WWISE	T2	84
02d98e6c	WWISE	T2	248
02d98f64	WWISE	T2	164
02d99008	WWISE	T2	8
02d99010	WWISE	T2	144
02d990a0	WWISE	T2	8
02d990a8	WWISE	T2	152
02d99140	WWISE	T2	116
02d991b4	WWISE	T2	172
02d99260	WWISE	T2	244
02d99354	WWISE	T2	176
02d99404	WWISE	T2	196
02d994c8	WWISE	T2	4
02d994cc	WWISE	T2	120
02d99544	WWISE	T2	160
02d995e4	WWISE	T2	180
02d99698	WWISE	T2	136
02d99720	WWISE	T2	148
02d997b4	WWISE	T2	76
02d99800	WWISE	T2	152
02d99898	WWISE	T2	4
02d9989c	WWISE	T2	4
02d998a0	WWISE	T2	8
02d998a8	WWISE	T2	120
02d99920	WWISE	T2	148
02d999b4	WWISE	T2	36
02d999d8	WWISE	T2	56
02d99a10	WWISE	T2	8
02d99a18	WWISE	T2	20
02d99a2c	WWISE	T2	8
02d99a34	WWISE	T2	108
02d99aa4	WWISE	T2	4
02d99aa8	WWISE	T2	112
02d99b1c	WWISE	T2	576
02d99d5c	WWISE	T2	60
02d99d98	WWISE	T2	4
02d99d9c	WWISE	T2	8
02d99da4	WWISE	T2	340
02d99ef8	WWISE	T2	324
02d9a03c	WWISE	T2	252
02d9a088	WWISE	T2	100
02d9a0ec	WWISE	T2	8
02d9a0f4	WWISE	T2	248
02d9a1ec	WWISE	T2	164
02d9a290	WWISE	T2	8
02d9a298	WWISE	T2	12
02d9a2a4	WWISE	T2	176
02d9a354	WWISE	T2	148
02d9a3e8	WWISE	T2	76
02d9a434	WWISE	T2	8
02d9a43c	WWISE	T2	8
02d9a444	WWISE	T2	12
02d9a450	WWISE	T2	4
02d9a454	WWISE	T2	16
02d9a464	WWISE	T2	348
02d9a5c0	WWISE	T2	1004
02d9a9ac	WWISE	T2	120
02d9aa24	WWISE	T2	392
02d9abac	WWISE	T2	344
02d9ad04	WWISE	T2	340
02d9ae58	WWISE	T2	136
02d9aee0	WWISE	T2	80
02d9af30	WWISE	T2	140
02d9afbc	WWISE	T2	276
02d9b0d0	WWISE	T2	176
02d9b180	WWISE	T2	260
02d9b284	WWISE	T2	32
02d9b2a4	WWISE	T2	4
02d9b2ec	WWISE	T2	72
02d9b334	WWISE	T2	20
02d9b348	WWISE	T2	580
02d9b58c	WWISE	T2	204
02d9b658	WWISE	T2	332
02d9b7a4	WWISE	T2	552
02d9b9cc	WWISE	T2	348
02d9bb28	WWISE	T2	276
02d9bc3c	WWISE	T2	560
02d9be6c	WWISE	T2	632
02d9c0e4	WWISE	T2	316
02d9c220	WWISE	T2	1100
02d9c66c	WWISE	T2	156
02d9c708	WWISE	T2	356
02d9c86c	WWISE	T2	28
02d9c880	WWISE	T2	28
02d9c89c	WWISE	T2	28
02d9c8b8	WWISE	T2	184
02d9c970	WWISE	T2	672
02d9cc08	WWISE	T2	28
02d9cc24	WWISE	T2	4
02d9cc28	WWISE	T2	16
02d9cc38	WWISE	T2	260
02d9cd3c	WWISE	T2	60
02d9cdcc	WWISE	T2	320
02d9cf80	WWISE	T2	272
02d9d090	WWISE	T2	272
02d9d1a0	WWISE	T2	3660
02d9dfec	WWISE	T2	860
02d9e348	WWISE	T2	112
02d9e3b8	WWISE	T2	244
02d9e4ac	WWISE	T2	264
02d9e5b4	WWISE	T2	1620
02d9ec08	WWISE	T2	148
02d9ec9c	WWISE	T2	16
02d9ecac	WWISE	T2	16
02d9ecbc	WWISE	T2	16
02d9eccc	WWISE	T2	8
02d9ecd4	WWISE	T2	4
02d9ecd8	WWISE	T2	104
02d9ed40	WWISE	T2	72
02d9ed88	WWISE	T2	192
02d9ee48	WWISE	T2	512
02d9f048	WWISE	T2	144
02d9f0d8	WWISE	T2	172
02d9f184	WWISE	T2	164
02d9f228	WWISE	T2	8
02d9f230	WWISE	T2	340
02d9f384	WWISE	T2	324
02d9f4c8	WWISE	T2	404
02d9f65c	WWISE	T2	8
02d9f664	WWISE	T2	284
02d9f780	WWISE	T2	212
02d9f854	WWISE	T2	588
02d9faa0	WWISE	T2	368
02d9fc10	WWISE	T2	212
02d9fce4	WWISE	T2	268
02d9fdf0	WWISE	T2	172
02d9fe04	WWISE	T2	16
02d9fe14	WWISE	T2	704
02da00d4	WWISE	T2	240
02da01c4	WWISE	T2	640
02da0444	WWISE	T2	324
02da0588	WWISE	T2	1360
02da07b8	WWISE	T2	64
02da07f8	WWISE	T2	68
02da083c	WWISE	T2	136
02da08c4	WWISE	T2	136
02da094c	WWISE	T2	124
02da09c8	WWISE	T2	124
02da0a44	WWISE	T2	1036
02da0d5c	WWISE	T2	304
02da0e8c	WWISE	T2	524
02da1098	WWISE	T2	444
02da1254	WWISE	T2	464
02da1424	WWISE	T2	12
02da1430	WWISE	T2	444
02da15ec	WWISE	T2	12
02da15f8	WWISE	T2	444
02da17b4	WWISE	T2	12
02da17c0	WWISE	T2	460
02da198c	WWISE	T2	8
02da1994	WWISE	T2	232
02da1a7c	WWISE	T2	208
02da1b4c	WWISE	T2	240
02da1c3c	WWISE	T2	92
02da1c98	WWISE	T2	452
02da1e5c	WWISE	T2	152
02da1ef4	WWISE	T2	404
02da2088	WWISE	T2	76
02da20d4	WWISE	T2	528
02da22e4	WWISE	T2	76
02da2330	WWISE	T2	272
02da2440	WWISE	T2	252
02da253c	WWISE	T2	28
02da2558	WWISE	T2	288
02da2678	WWISE	T2	304
02da27a8	WWISE	T2	424
02da2950	WWISE	T2	100
02da29b4	WWISE	T2	68
02da29f8	WWISE	T2	32
02da2a18	WWISE	T2	120
02da2a88	WWISE	T2	204
02da2b54	WWISE	T2	136
02da2bdc	WWISE	T2	800
02da2efc	WWISE	T2	248
02da2ff4	WWISE	T2	948
02da33a8	WWISE	T2	680
02da3650	WWISE	T2	4
02da3654	WWISE	T2	628
02da38c8	WWISE	T2	380
02da3a44	WWISE	T2	296
02da3b6c	WWISE	T2	376
02da3ce4	WWISE	T2	260
02da3de8	WWISE	T2	148
02da3e7c	WWISE	T2	100
02da3ee0	WWISE	T2	4
02da3ee4	WWISE	T2	24
02da3efc	WWISE	T2	1696
02da43b4	WWISE	T2	548
02da45d8	WWISE	T2	228
02da46bc	WWISE	T2	96
02da471c	WWISE	T2	200
02da47e4	WWISE	T2	208
02da48b4	WWISE	T2	168
02da495c	WWISE	T2	136
02da49e4	WWISE	T2	148
02da4a78	WWISE	T2	128
02da4af8	WWISE	T2	200
02da4c20	WWISE	T2	92
02da4c7c	WWISE	T2	108
02da4ce8	WWISE	T2	152
02da4d80	WWISE	T2	272
02da4e90	WWISE	T2	84
02da4ee4	WWISE	T2	8
02da4ef0	WWISE	T2	8
02da4efc	WWISE	T2	140
02da4f8c	WWISE	T2	200
02da5054	WWISE	T2	132
02da50d8	WWISE	T2	136
02da5164	WWISE	T2	144
02da51f4	WWISE	T2	116
02da5268	WWISE	T2	404
02da53fc	WWISE	T2	88
02da5454	WWISE	T2	28
02da5470	WWISE	T2	88
02da54c8	WWISE	T2	176
02da5578	WWISE	T2	212
02da564c	WWISE	T2	4
02da5650	WWISE	T2	336
02da57a0	WWISE	T2	132
02da5824	WWISE	T2	40
02da584c	WWISE	T2	356
02da59b0	WWISE	T2	184
02da5a68	WWISE	T2	108
02da5ad4	WWISE	T2	8
02da5adc	WWISE	T2	8
02da5ae4	WWISE	T2	8
02da5aec	WWISE	T2	24
02da5b04	WWISE	T2	8
02da5b0c	WWISE	T2	92
02da5b68	WWISE	T2	268
02da5c74	WWISE	T2	116
02da5ce8	WWISE	T2	160
02da5d88	WWISE	T2	128
02da5e08	WWISE	T2	80
02da5e58	WWISE	T2	340
02da5fac	WWISE	T2	116
02da6020	WWISE	T2	168
02da60c8	WWISE	T2	124
02da6144	WWISE	T2	128
02da61c4	WWISE	T2	252
02da62c0	WWISE	T2	112
02da6330	WWISE	T2	68
02da6374	WWISE	T2	28
02da6570	WWISE	T2	208
02da6640	WWISE	T2	156
02da66e0	WWISE	T2	8
02da66f0	WWISE	T2	100
02da6760	WWISE	T2	28
02da677c	WWISE	T2	440
02da6934	WWISE	T2	132
02da69b8	WWISE	T2	76
02da6a04	WWISE	T2	64
02da6a44	WWISE	T2	160
02da6ae4	WWISE	T2	96
02da6b44	WWISE	T2	160
02da6be4	WWISE	T2	228
02da6cc8	WWISE	T2	496
02da6eb8	WWISE	T2	376
02da7030	WWISE	T2	296
02da7158	WWISE	T2	116
02da71cc	WWISE	T2	232
02da72b4	WWISE	T2	108
02da7320	WWISE	T2	112
02da7390	WWISE	T2	116
02da7404	WWISE	T2	320
02da7544	WWISE	T2	112
02da75b4	WWISE	T2	76
02da7600	WWISE	T2	72
02da7648	WWISE	T2	88
02da76a0	WWISE	T2	108
02da770c	WWISE	T2	16
02da7720	WWISE	T2	288
02da7840	WWISE	T2	148
02da78d4	WWISE	T2	176
02da7984	WWISE	T2	76
02da79d0	WWISE	T2	144
02da7a60	WWISE	T2	220
02da7b3c	WWISE	T2	272
02da7c4c	WWISE	T2	140
02da7ce0	WWISE	T2	116
02da7d54	WWISE	T2	128
02da7dd4	WWISE	T2	28
02da7df0	WWISE	T2	112
02da7e60	WWISE	T2	360
02da7fc8	WWISE	T2	52
02da7ffc	WWISE	T2	16
02da800c	WWISE	T2	76
02da8058	WWISE	T2	260
02da815c	WWISE	T2	132
02da81e0	WWISE	T2	192
02da82a0	WWISE	T2	92
02da8398	WWISE	T2	152
02da8430	WWISE	T2	152
02da84c8	WWISE	T2	76
02da8514	WWISE	T2	24
02da852c	WWISE	T2	20
02da8540	WWISE	T2	140
02da85cc	WWISE	T2	104
02da8634	WWISE	T2	112
02da86a4	WWISE	T2	464
02da8874	WWISE	T2	684
02da8b20	WWISE	T2	276
02da8c34	WWISE	T2	376
02da8dac	WWISE	T2	136
02da8e34	WWISE	T2	152
02da8ecc	WWISE	T2	68
02da8f10	WWISE	T2	68
02da8f54	WWISE	T2	112
02da8fc4	WWISE	T2	68
02da9008	WWISE	T2	84
02da905c	WWISE	T2	80
02da90ac	WWISE	T2	136
02da9134	WWISE	T2	136
02da91bc	WWISE	T2	292
02da92e0	WWISE	T2	56
02da9318	WWISE	T2	116
02da938c	WWISE	T2	340
02da94e0	WWISE	T2	152
02da9578	WWISE	T2	60
02da95b4	WWISE	T2	588
02da9800	WWISE	T2	24
02da9818	WWISE	T2	256
02da9918	WWISE	T2	112
02da9988	WWISE	T2	96
02da99e8	WWISE	T2	248
02da9ae0	WWISE	T2	880
02da9e50	WWISE	T2	40
02da9e78	WWISE	T2	296
02da9fa0	WWISE	T2	48
02da9fd0	WWISE	T2	60
02daa00c	WWISE	T2	240
02daa0fc	WWISE	T2	300
02daa228	WWISE	T2	212
02daa2fc	WWISE	T2	132
02daa380	WWISE	T2	36
02daa3a4	WWISE	T2	92
02daa400	WWISE	T2	28
02daa41c	WWISE	T2	28
02daa438	WWISE	T2	20
02daa44c	WWISE	T2	28
02daa468	WWISE	T2	28
02daa484	WWISE	T2	336
02daa5d4	WWISE	T2	1028
02daa9d8	WWISE	T2	8
02daa9e0	WWISE	T2	240
02daaad0	WWISE	T2	228
02daabb4	WWISE	T2	528
02daadc4	WWISE	T2	524
02daafd0	WWISE	T2	2872
02dab650	WWISE	T2	12
02dab65c	WWISE	T2	360
02dab6ac	WWISE	T2	180
02dab760	WWISE	T2	312
02dab7b0	WWISE	T2	960
02dabb70	WWISE	T2	1032
02dabf78	WWISE	T2	868
02dac2dc	WWISE	T2	692
02dac360	WWISE	T2	716
02dac62c	WWISE	T2	24
02dac650	WWISE	T2	60
02dac690	WWISE	T2	164
02dac734	WWISE	T2	228
02dac818	WWISE	T2	188
02dac8d4	WWISE	T2	144
02dac964	WWISE	T2	356
02dacac8	WWISE	T2	132
02dacb4c	WWISE	T2	164
02dacbf0	WWISE	T2	120
02dacc68	WWISE	T2	60
02dacd1c	WWISE	T2	104
02dacd84	WWISE	T2	72
02dacdcc	WWISE	T2	120
02dace44	WWISE	T2	76
02dace90	WWISE	T2	16
02dacea0	WWISE	T2	200
02dacf68	WWISE	T2	628
02dad1dc	WWISE	T2	116
02dad250	WWISE	T2	340
02dad3a4	WWISE	T2	136
02dad42c	WWISE	T2	80
02dad47c	WWISE	T2	140
02dad508	WWISE	T2	284
02dad624	WWISE	T2	184
02dad6dc	WWISE	T2	4
02dad6e0	WWISE	T2	20
02dad6f4	WWISE	T2	16
02dad704	WWISE	T2	16
02dad714	WWISE	T2	336
02dad870	WWISE	T2	1452
02dade1c	WWISE	T2	8
02dade2c	WWISE	T2	1904
02dae59c	WWISE	T2	308
02dae6d0	WWISE	T2	116
02dae744	WWISE	T2	268
02dae850	WWISE	T2	80
02dae8a0	WWISE	T2	140
02dae92c	WWISE	T2	136
02dae9b4	WWISE	T2	140
02daea40	WWISE	T2	152
02daead8	WWISE	T2	80
02daeb28	WWISE	T2	140
02daebb4	WWISE	T2	136
02daec3c	WWISE	T2	268
02daed48	WWISE	T2	80
02daed98	WWISE	T2	140
02daee24	WWISE	T2	136
02daeeac	WWISE	T2	16
02daeebc	WWISE	T2	2428
02daf838	WWISE	T2	24
02daf850	WWISE	T2	392
02daf9d8	WWISE	T2	644
02dafc5c	WWISE	T2	264
02dafd64	WWISE	T2	180
02dafe18	WWISE	T2	464
02daffe8	WWISE	T2	364
02db0154	WWISE	T2	360
02db02bc	WWISE	T2	24
02db02d4	WWISE	T2	336
02db0424	WWISE	T2	124
02db04a0	WWISE	T2	68
02db04e4	WWISE	T2	44
02db0510	WWISE	T2	16
02db0520	WWISE	T2	352
02db0680	WWISE	T2	16
02db0690	WWISE	T2	16
02db06a0	WWISE	T2	60
02db06dc	WWISE	T2	340
02db0830	WWISE	T2	8
02db0838	WWISE	T2	4
02db083c	WWISE	T2	20
02db0850	WWISE	T2	8
02db0858	WWISE	T2	340
02db09ac	WWISE	T2	8
02db09b4	WWISE	T2	312
02db09bc	WWISE	T2	324
02db0c30	WWISE	T2	340
02db0d84	WWISE	T2	8
02db0d8c	WWISE	T2	8
02db0d94	WWISE	T2	324
02db0ed8	WWISE	T2	340
02db102c	WWISE	T2	8
02db1034	WWISE	T2	24
02db103c	WWISE	T2	324
02db1180	WWISE	T2	436
02db1334	WWISE	T2	432
02db14e4	WWISE	T2	280
02db15fc	WWISE	T2	288
02db171c	WWISE	T2	200
02db17e4	WWISE	T2	196
02db18a8	WWISE	T2	108
02db1914	WWISE	T2	176
02db19c4	WWISE	T2	108
02db1a30	WWISE	T2	96
02db1a90	WWISE	T2	108
02db1afc	WWISE	T2	100
02db1b60	WWISE	T2	96
02db1bc0	WWISE	T2	76
02db1c0c	WWISE	T2	340
02db1d60	WWISE	T2	76
02db1dac	WWISE	T2	180
02db1e60	WWISE	T2	104
02db1ec8	WWISE	T2	52
02db1efc	WWISE	T2	52
02db1f30	WWISE	T2	76
02db1f7c	WWISE	T2	488
02db2164	WWISE	T2	508
02db2368	WWISE	T2	180
02db241c	WWISE	T2	40
02db2444	WWISE	T2	264
02db254c	WWISE	T2	52
02db2580	WWISE	T2	96
02db25e0	WWISE	T2	48
02db2610	WWISE	T2	328
02db2758	WWISE	T2	24
02db2784	WWISE	T2	8
02db278c	WWISE	T2	136
02db2814	WWISE	T2	320
02db2954	WWISE	T2	476
02db2b30	WWISE	T2	1148
02db2fac	WWISE	T2	488
02db3194	WWISE	T2	120
02db320c	WWISE	T2	84
02db3260	WWISE	T2	4
02db3268	WWISE	T2	232
02db32d4	WWISE	T2	148
02db3368	WWISE	T2	52
02db33a4	WWISE	T2	180
02db3458	WWISE	T2	8
02db3460	WWISE	T2	340
02db35b4	WWISE	T2	324
02db36f8	WWISE	T2	212
02db371c	WWISE	T2	88
02db3774	WWISE	T2	184
02db382c	WWISE	T2	56
02db3864	WWISE	T2	512
02db3a64	WWISE	T2	308
02db3b98	WWISE	T2	228
02db3c7c	WWISE	T2	312
02db3db4	WWISE	T2	248
02db3eac	WWISE	T2	8
02db3eb4	WWISE	T2	148
02db3f48	WWISE	T2	368
02db40b8	WWISE	T2	44
02db40e4	WWISE	T2	364
02db4254	WWISE	T2	396
02db43e0	WWISE	T2	2724
02db4e84	WWISE	T2	84
02db4ed8	WWISE	T2	248
02db4fd0	WWISE	T2	468
02db51a4	WWISE	T2	112
02db5214	WWISE	T2	164
02db52b8	WWISE	T2	72
02db5300	WWISE	T2	156
02db539c	WWISE	T2	184
02db5454	WWISE	T2	104
02db54bc	WWISE	T2	68
02db5500	WWISE	T2	160
02db55a0	WWISE	T2	84
02db55f4	WWISE	T2	108
02db5660	WWISE	T2	100
02db56c4	WWISE	T2	176
02db5774	WWISE	T2	112
02db57e4	WWISE	T2	68
02db5828	WWISE	T2	248
02db5920	WWISE	T2	164
02db59c4	WWISE	T2	340
02db5b18	WWISE	T2	108
02db5b84	WWISE	T2	152
02db5c1c	WWISE	T2	148
02db5cb0	WWISE	T2	72
02db5cf8	WWISE	T2	236
02db5de4	WWISE	T2	1504
02db63c4	WWISE	T2	80
02db6414	WWISE	T2	152
02db64ac	WWISE	T2	136
02db6534	WWISE	T2	80
02db6584	WWISE	T2	140
02db6610	WWISE	T2	140
02db669c	WWISE	T2	88
02db66f4	WWISE	T2	276
02db6810	WWISE	T2	284
02db692c	WWISE	T2	172
02db69d8	WWISE	T2	560
02db6c08	WWISE	T2	140
02db6c94	WWISE	T2	212
02db6d68	WWISE	T2	332
02db6eb4	WWISE	T2	112
02db6f24	WWISE	T2	188
02db6fe0	WWISE	T2	176
02db7090	WWISE	T2	112
02db7100	WWISE	T2	1724
02db77bc	WWISE	T2	84
02db7810	WWISE	T2	120
02db7888	WWISE	T2	180
02db793c	WWISE	T2	188
02db79f8	WWISE	T2	160
02db7a98	WWISE	T2	112
02db7b08	WWISE	T2	228
02db7bec	WWISE	T2	204
02db7cb8	WWISE	T2	164
02db7d5c	WWISE	T2	92
02db7db8	WWISE	T2	120
02db7e30	WWISE	T2	236
02db7f1c	WWISE	T2	244
02db8010	WWISE	T2	520
02db8218	WWISE	T2	528
02db8428	WWISE	T2	460
02db85f4	WWISE	T2	12
02db8600	WWISE	T2	8
02db8608	WWISE	T2	16
02db8618	WWISE	T2	16
02db8628	WWISE	T2	16
02db8638	WWISE	T2	16
02db8648	WWISE	T2	16
02db8658	WWISE	T2	16
02db8668	WWISE	T2	16
02db8678	WWISE	T2	16
02db8688	WWISE	T2	28
02db86a4	WWISE	T2	28
02db86c0	WWISE	T2	156
02db875c	WWISE	T2	156
02db87f8	WWISE	T2	16
02db8808	WWISE	T2	16
02db8818	WWISE	T2	16
02db8828	WWISE	T2	16
02db8838	WWISE	T2	16
02db8848	WWISE	T2	16
02db8858	WWISE	T2	16
02db8868	WWISE	T2	16
02db8878	WWISE	T2	40
02db88a0	WWISE	T2	40
02db88c8	WWISE	T2	12
02db88d4	WWISE	T2	12
02db88e0	WWISE	T2	168
02db8988	WWISE	T2	8
02db8990	WWISE	T2	8
02db8998	WWISE	T2	8
02db89a0	WWISE	T2	16
02db89b0	WWISE	T2	8
02db89b8	WWISE	T2	8
02db89c0	WWISE	T2	20
02db89d4	WWISE	T2	20
02db89e8	WWISE	T2	20
02db89fc	WWISE	T2	32
02db8a1c	WWISE	T2	76
02db8a68	WWISE	T2	144
02db8af8	WWISE	T2	232
02db8be0	WWISE	T2	228
02db8cc4	WWISE	T2	228
02db8da8	WWISE	T2	24
02db8dc0	WWISE	T2	180
02db8e74	WWISE	T2	20
02db8e88	WWISE	T2	232
02db8f70	WWISE	T2	232
02db9058	WWISE	T2	692
02db9310	WWISE	T2	48
02db9340	WWISE	T2	92
02db939c	WWISE	T2	80
02db93ec	WWISE	T2	372
02db9560	WWISE	T2	248
02db9658	WWISE	T2	68
02db969c	WWISE	T2	204
02db96ec	WWISE	T2	16
02db9700	WWISE	T2	152
02db9798	WWISE	T2	136
02db9820	WWISE	T2	200
02db98e8	WWISE	T2	164
02db9990	WWISE	T2	284
02db9aac	WWISE	T2	152
02db9b44	WWISE	T2	160
02db9be4	WWISE	T2	144
02db9c74	WWISE	T2	100
02db9cd8	WWISE	T2	508
02db9ed4	WWISE	T2	140
02db9f60	WWISE	T2	104
02db9fc8	WWISE	T2	196
02dba08c	WWISE	T2	28
02dba0a8	WWISE	T2	396
02dba234	WWISE	T2	132
02dba2b8	WWISE	T2	140
02dba344	WWISE	T2	420
02dba4e8	WWISE	T2	20
02dba4fc	WWISE	T2	1016
02dba77c	WWISE	T2	296
02dba8a4	WWISE	T2	196
02dba968	WWISE	T2	276
02dbabf4	WWISE	T2	48
02dbac24	WWISE	T2	744
02dbaf0c	WWISE	T2	204
02dbafd8	WWISE	T2	660
02dbb26c	WWISE	T2	128
02dbb2ec	WWISE	T2	204
02dbb3b8	WWISE	T2	80
02dbb408	WWISE	T2	136
02dbb490	WWISE	T2	340
02dbb5e4	WWISE	T2	8
02dbb5ec	WWISE	T2	8
02dbb5f4	WWISE	T2	284
02dbb710	WWISE	T2	340
02dbb864	WWISE	T2	8
02dbb86c	WWISE	T2	8
02dbb874	WWISE	T2	340
02dbb9c8	WWISE	T2	8
02dbb9d0	WWISE	T2	8
02dbba40	WWISE	T2	104
02dbbaa8	WWISE	T2	336
02dbbbf8	WWISE	T2	288
02dbbd18	WWISE	T2	108
02dbbd84	WWISE	T2	132
02dbbe08	WWISE	T2	108
02dbbe74	WWISE	T2	124
02dbbef0	WWISE	T2	108
02dbbf5c	WWISE	T2	112
02dbbfcc	WWISE	T2	108
02dbc038	WWISE	T2	76
02dbc084	WWISE	T2	108
02dbc0f0	WWISE	T2	100
02dbc154	WWISE	T2	1180
02dbc2b0	WWISE	T2	100
02dbc314	WWISE	T2	88
02dbc6ac	WWISE	T2	84
02dbc700	WWISE	T2	336
02dbc850	WWISE	T2	240
02dbc940	WWISE	T2	272
02dbca50	WWISE	T2	80
02dbcaa0	WWISE	T2	140
02dbcb2c	WWISE	T2	272
02dbcc3c	WWISE	T2	80
02dbcc8c	WWISE	T2	140
02dbcd18	WWISE	T2	272
02dbce28	WWISE	T2	80
02dbce78	WWISE	T2	140
02dbcf04	WWISE	T2	308
02dbd038	WWISE	T2	124
02dbd0b4	WWISE	T2	140
02dbd140	WWISE	T2	436
02dbd2f4	WWISE	T2	156
02dbd390	WWISE	T2	96
02dbd3f0	WWISE	T2	124
02dbd46c	WWISE	T2	84
02dbd4c0	WWISE	T2	124
02dbd53c	WWISE	T2	84
02dbd590	WWISE	T2	124
02dbd60c	WWISE	T2	84
02dbd660	WWISE	T2	124
02dbd6dc	WWISE	T2	84
02dbd7ac	WWISE	T2	276
02dbd8c0	WWISE	T2	272
02dbd9d0	WWISE	T2	272
02dbdae0	WWISE	T2	276
02dbdbf4	WWISE	T2	276
02dbdd08	WWISE	T2	232
02dbddf0	WWISE	T2	132
02dbde74	WWISE	T2	120
02dbdeec	WWISE	T2	304
02dbe01c	WWISE	T2	152
02dbe0b4	WWISE	T2	216
02dbe18c	WWISE	T2	336
02dbe2dc	WWISE	T2	16
02dbe2ec	WWISE	T2	336
02dbe43c	WWISE	T2	124
02dbe4b8	WWISE	T2	120
02dbe530	WWISE	T2	304
02dbe660	WWISE	T2	152
02dbe6f8	WWISE	T2	216
02dbe7d0	WWISE	T2	16
02dbe7e0	WWISE	T2	336
02dbe930	WWISE	T2	336
02dbea80	WWISE	T2	116
02dbeaf4	WWISE	T2	120
02dbeb6c	WWISE	T2	304
02dbec9c	WWISE	T2	152
02dbed34	WWISE	T2	216
02dbee0c	WWISE	T2	336
02dbef5c	WWISE	T2	16
02dbef6c	WWISE	T2	336
02dbf0bc	WWISE	T2	104
02dbf124	WWISE	T2	120
02dbf19c	WWISE	T2	304
02dbf2cc	WWISE	T2	152
02dbf364	WWISE	T2	216
02dbf43c	WWISE	T2	16
02dbf44c	WWISE	T2	336
02dbf59c	WWISE	T2	336
02dbf6ec	WWISE	T2	72
02dbf734	WWISE	T2	120
02dbf7ac	WWISE	T2	320
02dbf8ec	WWISE	T2	152
02dbf984	WWISE	T2	244
02dbfa78	WWISE	T2	16
02dbfa88	WWISE	T2	336
02dbfbd8	WWISE	T2	336
02dbfd28	WWISE	T2	108
02dbfd94	WWISE	T2	228
02dbfe78	WWISE	T2	152
02dbff10	WWISE	T2	184
02dbffc8	WWISE	T2	72
02dc0010	WWISE	T2	176
02dc00c0	WWISE	T2	72
02dc0108	WWISE	T2	168
02dc01b0	WWISE	T2	72
02dc01f8	WWISE	T2	184
02dc02b0	WWISE	T2	72
02dc02f8	WWISE	T2	108
02dc0364	WWISE	T2	72
02dc03ac	WWISE	T2	168
02dc0454	WWISE	T2	396
02dc05e0	WWISE	T2	400
02dc0770	WWISE	T2	400
02dc0900	WWISE	T2	404
02dc0a94	WWISE	T2	468
02dc0c68	WWISE	T2	624
02dc0ed8	WWISE	T2	208
02dc0fa8	WWISE	T2	188
02dc1064	WWISE	T2	64
02dc10a4	WWISE	T2	624
02dc1318	WWISE	T2	588
02dc1564	WWISE	T2	104
02dc15cc	WWISE	T2	52
02dc1600	WWISE	T2	64
02dc1640	WWISE	T2	248
02dc1738	WWISE	T2	368
02dc18a8	WWISE	T2	36
02dc18cc	WWISE	T2	68
02dc1910	WWISE	T2	60
02dc194c	WWISE	T2	32
02dc196c	WWISE	T2	56
02dc19a4	WWISE	T2	352
02dc1b04	WWISE	T2	76
02dc1b50	WWISE	T2	8
02dc1b58	WWISE	T2	4
02dc1b5c	WWISE	T2	16
02dc1b6c	WWISE	T2	352
02dc1ccc	WWISE	T2	8
02dc1cd4	WWISE	T2	352
02dc1e34	WWISE	T2	84
02dc1e88	WWISE	T2	8
02dc1e90	WWISE	T2	4
02dc1e94	WWISE	T2	112
02dc1f04	WWISE	T2	68
02dc1f48	WWISE	T2	112
02dc1fb8	WWISE	T2	68
02dc1ffc	WWISE	T2	132
02dc2080	WWISE	T2	92
02dc20dc	WWISE	T2	92
02dc2138	WWISE	T2	92
02dc2194	WWISE	T2	60
02dc21d0	WWISE	T2	1820
02dc28ec	WWISE	T2	248
02dc29e4	WWISE	T2	248
02dc2adc	WWISE	T2	248
02dc2bd4	WWISE	T2	108
02dc2c40	WWISE	T2	108
02dc2cac	WWISE	T2	108
02dc2d18	WWISE	T2	104
02dc2d80	WWISE	T2	136
02dc2e08	WWISE	T2	72
02dc2e50	WWISE	T2	104
02dc2eb8	WWISE	T2	280
02dc2fd0	WWISE	T2	104
02dc3038	WWISE	T2	116
02dc30ac	WWISE	T2	76
02dc30f8	WWISE	T2	100
02dc315c	WWISE	T2	104
02dc31c4	WWISE	T2	116
02dc3238	WWISE	T2	76
02dc3284	WWISE	T2	76
02dc32d0	WWISE	T2	152
02dc3368	WWISE	T2	72
02dc33b0	WWISE	T2	144
02dc3440	WWISE	T2	76
02dc348c	WWISE	T2	144
02dc351c	WWISE	T2	76
02dc3568	WWISE	T2	116
02dc35dc	WWISE	T2	388
02dc3760	WWISE	T2	2908
02dc42bc	WWISE	T2	116
02dc4330	WWISE	T2	2224
02dc4be0	WWISE	T2	152
02dc4c78	WWISE	T2	116
02dc4cec	WWISE	T2	364
02dc4e58	WWISE	T2	108
02dc4ec4	WWISE	T2	16
02dc4ed4	WWISE	T2	4
02dc4ed8	WWISE	T2	92
02dc4f34	WWISE	T2	120
02dc4fac	WWISE	T2	136
02dc5034	WWISE	T2	248
02dc512c	WWISE	T2	264
02dc5234	WWISE	T2	304
02dc5364	WWISE	T2	104
02dc53cc	WWISE	T2	516
02dc55d0	WWISE	T2	840
02dc5918	WWISE	T2	316
02dc5a54	WWISE	T2	104
02dc5abc	WWISE	T2	100
02dc5b20	WWISE	T2	84
02dc5b74	WWISE	T2	224
02dc5c54	WWISE	T2	1024
02dc6054	WWISE	T2	396
02dc61e0	WWISE	T2	84
02dc6234	WWISE	T2	224
02dc6314	WWISE	T2	108
02dc6380	WWISE	T2	80
02dc63d0	WWISE	T2	68
02dc6414	WWISE	T2	136
02dc649c	WWISE	T2	92
02dc64f8	WWISE	T2	692
02dc67ac	WWISE	T2	88
02dc6804	WWISE	T2	112
02dc6874	WWISE	T2	68
02dc68b8	WWISE	T2	144
02dc6948	WWISE	T2	68
02dc698c	WWISE	T2	52
02dc69c0	WWISE	T2	108
02dc6a2c	WWISE	T2	100
02dc6a90	WWISE	T2	124
02dc6b0c	WWISE	T2	256
02dc6c0c	WWISE	T2	104
02dc6c74	WWISE	T2	44
02dc6ca0	WWISE	T2	56
02dc6cd8	WWISE	T2	84
02dc6d2c	WWISE	T2	36
02dc6d50	WWISE	T2	164
02dc6df4	WWISE	T2	24
02dc6e0c	WWISE	T2	288
02dc6f2c	WWISE	T2	124
02dc6fa8	WWISE	T2	144
02dc7038	WWISE	T2	84
02dc708c	WWISE	T2	88
02dc70e4	WWISE	T2	16
02dc70f4	WWISE	T2	104
02dc715c	WWISE	T2	104
02dc71c4	WWISE	T2	88
02dc721c	WWISE	T2	112
02dc728c	WWISE	T2	68
02dc72d0	WWISE	T2	76
02dc731c	WWISE	T2	76
02dc7368	WWISE	T2	96
02dc73c8	WWISE	T2	116
02dc743c	WWISE	T2	72
02dc7484	WWISE	T2	112
02dc74f4	WWISE	T2	8
02dc74fc	WWISE	T2	228
02dc75e0	WWISE	T2	60
02dc761c	WWISE	T2	300
02dc7748	WWISE	T2	236
02dc7834	WWISE	T2	420
02dc79d8	WWISE	T2	132
02dc7a5c	WWISE	T2	108
02dc7ac8	WWISE	T2	100
02dc7b2c	WWISE	T2	216
02dc7c04	WWISE	T2	124
02dc7c80	WWISE	T2	68
02dc7cc4	WWISE	T2	40
02dc7cec	WWISE	T2	12
02dc7cf8	WWISE	T2	12
02dc7d04	WWISE	T2	8
02dc7d0c	WWISE	T2	8
02dc7d14	WWISE	T2	8
02dc7d1c	WWISE	T2	8
02dc7d24	WWISE	T2	16
02dc7d34	WWISE	T2	8
02dc7d3c	WWISE	T2	52
02dc7d70	WWISE	T2	12
02dc7d7c	WWISE	T2	56
02dc7db4	WWISE	T2	236
02dc7ea0	WWISE	T2	192
02dc7f60	WWISE	T2	112
02dc7fd0	WWISE	T2	312
02dc8108	WWISE	T2	340
02dc825c	WWISE	T2	316
02dc8398	WWISE	T2	132
02dc841c	WWISE	T2	208
02dc84ec	WWISE	T2	72
02dc8534	WWISE	T2	576
02dc8774	WWISE	T2	128
02dc87f4	WWISE	T2	116
02dc8868	WWISE	T2	132
02dc88ec	WWISE	T2	228
02dc89d0	WWISE	T2	112
02dc8a40	WWISE	T2	140
02dc8acc	WWISE	T2	132
02dc8b50	WWISE	T2	228
02dc8c34	WWISE	T2	72
02dc8c7c	WWISE	T2	960
02dc903c	WWISE	T2	380
02dc91b8	WWISE	T2	192
02dc9278	WWISE	T2	140
02dc94a8	WWISE	T2	920
02dc9840	WWISE	T2	104
02dc98a8	WWISE	T2	1300
02dc9dbc	WWISE	T2	332
02dc9f10	WWISE	T2	364
02dca07c	WWISE	T2	72
02dca0c4	WWISE	T2	244
02dca1b8	WWISE	T2	156
02dca254	WWISE	T2	184
02dca30c	WWISE	T2	32
02dca32c	WWISE	T2	272
02dca440	WWISE	T2	288
02dca560	WWISE	T2	576
02dca7a0	WWISE	T2	124
02dca81c	WWISE	T2	320
02dca95c	WWISE	T2	76
02dca9a8	WWISE	T2	116
02dcaa1c	WWISE	T2	252
02dcab18	WWISE	T2	80
02dcab68	WWISE	T2	40
02dcab90	WWISE	T2	4
02dcab94	WWISE	T2	8
02dcab9c	WWISE	T2	112
02dcac0c	WWISE	T2	68
02dcac50	WWISE	T2	124
02dcaccc	WWISE	T2	212
02dcada0	WWISE	T2	92
02dcadfc	WWISE	T2	112
02dcae70	WWISE	T2	120
02dcaee8	WWISE	T2	828
02dcb224	WWISE	T2	812
02dcb550	WWISE	T2	8
02dcb558	WWISE	T2	136
02dcb5e0	WWISE	T2	132
02dcb664	WWISE	T2	428
02dcb810	WWISE	T2	424
02dcbe70	WWISE	T2	92
02dcbecc	WWISE	T2	12
02dcbed8	WWISE	T2	504
02dcc0d0	WWISE	T2	292
02dcc1f4	WWISE	T2	480
02dcc3d4	WWISE	T2	272
02dcc4e4	WWISE	T2	124
02dcc560	WWISE	T2	192
02dcc620	WWISE	T2	644
02dcc8a4	WWISE	T2	380
02dccc50	WWISE	T2	304
02dccd80	WWISE	T2	300
02dcceac	WWISE	T2	204
02dcd178	WWISE	T2	900
02dcd4e0	WWISE	T2	8
02dcd4e8	WWISE	T2	52
02dcd51c	WWISE	T2	752
02dcd80c	WWISE	T2	492
02dcd9f8	WWISE	T2	96
02dcda58	WWISE	T2	96
02dcdab8	WWISE	T2	84
02dcdb0c	WWISE	T2	188
02dcdbc8	WWISE	T2	188
02dcdc84	WWISE	T2	312
02dcddbc	WWISE	T2	216
02dcde94	WWISE	T2	4
02dcde98	WWISE	T2	4
02dcde9c	WWISE	T2	4
02dcdea0	WWISE	T2	4
02dcdea4	WWISE	T2	20
02dcdeb8	WWISE	T2	20
02dcdecc	WWISE	T2	84
02dcdf20	WWISE	T2	88
02dcdf78	WWISE	T2	1704
02dce620	WWISE	T2	8
02dce628	WWISE	T2	524
02dce834	WWISE	T2	336
02dceac4	WWISE	T2	404
02dcec58	WWISE	T2	76
02dceca4	WWISE	T2	8
02dcecac	WWISE	T2	16
02dcecbc	WWISE	T2	24
02dcecd4	WWISE	T2	488
02dceebc	WWISE	T2	280
02dcefd4	WWISE	T2	312
02dcf10c	WWISE	T2	32
02dcf12c	WWISE	T2	396
02dcf2b8	WWISE	T2	200
02dcf380	WWISE	T2	124
02dcf3fc	WWISE	T2	24
02dcf414	WWISE	T2	24
02dcf42c	WWISE	T2	4
02dcf434	WWISE	T2	140
02dcf4c0	WWISE	T2	140
02dcf54c	WWISE	T2	116
02dcf5c0	WWISE	T2	220
02dcf6a0	WWISE	T2	56
02dcf6d8	WWISE	T2	508
02dcf8d4	WWISE	T2	88
02dcf92c	WWISE	T2	228
02dcfa10	WWISE	T2	40
02dcfa38	WWISE	T2	260
02dcfb3c	WWISE	T2	180
02dcfbf0	WWISE	T2	204
02dcfcbc	WWISE	T2	204
02dcfd88	WWISE	T2	44
02dcfdb4	WWISE	T2	108
02dcfe20	WWISE	T2	88
02dcfe78	WWISE	T2	200
02dcff40	WWISE	T2	200
02dd0010	WWISE	T2	264
02dd0118	WWISE	T2	136
02dd01a0	WWISE	T2	2500
02dd0b64	WWISE	T2	736
02dd0bf4	WWISE	T2	372
02dd0c54	WWISE	T2	220
02dd0d30	WWISE	T2	88
02dd0d88	WWISE	T2	912
02dd1118	WWISE	T2	144
02dd11b0	WWISE	T2	428
02dd135c	WWISE	T2	132
02dd13e0	WWISE	T2	28
02dd13fc	WWISE	T2	840
02dd1744	WWISE	T2	264
02dd184c	WWISE	T2	1296
02dd1d5c	WWISE	T2	104
02dd1dc4	WWISE	T2	308
02dd1ef8	WWISE	T2	428
02dd20a4	WWISE	T2	604
02dd2300	WWISE	T2	700
02dd25bc	WWISE	T2	440
02dd2774	WWISE	T2	164
02dd2818	WWISE	T2	84
02dd286c	WWISE	T2	436
02dd2a20	WWISE	T2	196
02dd2ae4	WWISE	T2	100
02dd2b48	WWISE	T2	108
02dd2bb4	WWISE	T2	512
02dd2db4	WWISE	T2	20
02dd2dc8	WWISE	T2	4
02dd2dcc	WWISE	T2	4
02dd2dd0	WWISE	T2	196
02dd2e94	WWISE	T2	384
02dd3014	WWISE	T2	200
02dd30dc	WWISE	T2	1444
02dd3680	WWISE	T2	520
02dd3888	WWISE	T2	728
02dd3b60	WWISE	T2	980
02dd3f34	WWISE	T2	516
02dd4138	WWISE	T2	112
02dd41a8	WWISE	T2	1312
02dd46c8	WWISE	T2	8
02dd4788	WWISE	T2	92
02dd47e4	WWISE	T2	884
02dd4b58	WWISE	T2	8
02dd4b60	WWISE	T2	148
02dd4bf4	WWISE	T2	292
02dd4cc0	WWISE	T2	128
02dd4d40	WWISE	T2	284
02dd4eb4	WWISE	T2	180
02dd4f68	WWISE	T2	340
02dd50bc	WWISE	T2	8
02dd50c4	WWISE	T2	4
02dd50c8	WWISE	T2	28
02dd50e4	WWISE	T2	4
02dd50e8	WWISE	T2	72
02dd5130	WWISE	T2	76
02dd517c	WWISE	T2	76
02dd51c8	WWISE	T2	148
02dd525c	WWISE	T2	112
02dd52cc	WWISE	T2	36
02dd52f0	WWISE	T2	184
02dd53a8	WWISE	T2	184
02dd5460	WWISE	T2	208
02dd5530	WWISE	T2	92
02dd558c	WWISE	T2	52
02dd55c0	WWISE	T2	1164
02dd5a4c	WWISE	T2	272
02dd5b5c	WWISE	T2	392
02dd5ce4	WWISE	T2	128
02dd5d64	WWISE	T2	156
02dd6164	WWISE	T2	280
02dd627c	WWISE	T2	244
02dd6370	WWISE	T2	256
02dd6470	WWISE	T2	496
02dd6660	WWISE	T2	40
02dd6688	WWISE	T2	844
02dd69d4	WWISE	T2	664
02dd6c6c	WWISE	T2	340
02dd6dc0	WWISE	T2	368
02dd7250	WWISE	T2	172
02dd72fc	WWISE	T2	72
02dd7344	WWISE	T2	1160
02dd77cc	WWISE	T2	228
02dd78b0	WWISE	T2	748
02dd7b9c	WWISE	T2	8
02dd7ba4	WWISE	T2	1056
02dd81ac	WWISE	T2	148
02dd8240	WWISE	T2	460
02dd840c	WWISE	T2	228
02dd84f0	WWISE	T2	120
02dd8568	WWISE	T2	416
02dd8708	WWISE	T2	648
02dd8844	WWISE	T2	16
02dd8854	WWISE	T2	288
02dd8974	WWISE	T2	1192
02dd8e1c	WWISE	T2	404
02dd8fb0	WWISE	T2	1368
02dd9508	WWISE	T2	168
02dd95b0	WWISE	T2	112
02dd9620	WWISE	T2	304
02dd9750	WWISE	T2	624
02dd99c0	WWISE	T2	272
02dd9ad0	WWISE	T2	1004
02dd9ebc	WWISE	T2	416
02dda05c	WWISE	T2	640
02dda2dc	WWISE	T2	672
02dda57c	WWISE	T2	304
02dda6ac	WWISE	T2	152
02dda744	WWISE	T2	36
02dda768	WWISE	T2	816
02ddaa98	WWISE	T2	400
02ddac28	WWISE	T2	524
02ddae34	WWISE	T2	448
02ddb060	WWISE	T2	216
02ddb138	WWISE	T2	56
02ddb170	WWISE	T2	368
02ddb2e0	WWISE	T2	20
02ddb2f4	WWISE	T2	4
02ddb2f8	WWISE	T2	4
02ddb2fc	WWISE	T2	8
02ddb304	WWISE	T2	8
02ddb30c	WWISE	T2	144
02ddb39c	WWISE	T2	60
02ddb3d8	WWISE	T2	16
02ddb3e8	WWISE	T2	116
02ddb45c	WWISE	T2	640
02ddb6dc	WWISE	T2	96
02ddb73c	WWISE	T2	16
02ddb74c	WWISE	T2	52
02ddb780	WWISE	T2	520
02ddb988	WWISE	T2	368
02ddbaf8	WWISE	T2	16
02ddbb08	WWISE	T2	172
02ddbbb4	WWISE	T2	448
02ddbd74	WWISE	T2	80
02ddbdc4	WWISE	T2	184
02ddbe7c	WWISE	T2	88
02ddbedc	WWISE	T2	12
02ddbee8	WWISE	T2	352
02ddc048	WWISE	T2	292
02ddc16c	WWISE	T2	184
02ddc224	WWISE	T2	108
02ddc290	WWISE	T2	108
02ddc2fc	WWISE	T2	72
02ddc344	WWISE	T2	12
02ddc350	WWISE	T2	4
02ddc354	WWISE	T2	80
02ddc3a4	WWISE	T2	120
02ddc420	WWISE	T2	48
02ddc450	WWISE	T2	140
02ddc4dc	WWISE	T2	188
02ddc598	WWISE	T2	476
02ddc774	WWISE	T2	300
02ddc8a0	WWISE	T2	152
02ddc938	WWISE	T2	144
02ddc9c8	WWISE	T2	32
02ddc9e8	WWISE	T2	196
02ddcaac	WWISE	T2	68
02ddcaf0	WWISE	T2	68
02ddcb34	WWISE	T2	88
02ddcb8c	WWISE	T2	88
02ddcbe4	WWISE	T2	64
02ddcc24	WWISE	T2	376
02ddcd9c	WWISE	T2	552
02ddcfc4	WWISE	T2	232
02ddd0ac	WWISE	T2	272
02ddd1bc	WWISE	T2	216
02ddd294	WWISE	T2	292
02ddd3b8	WWISE	T2	264
02ddd4c0	WWISE	T2	204
02ddd58c	WWISE	T2	284
02ddd6a8	WWISE	T2	284
02ddd7c4	WWISE	T2	216
02ddd89c	WWISE	T2	240
02ddd98c	WWISE	T2	156
02ddda28	WWISE	T2	152
02dddac0	WWISE	T2	128
02dddb40	WWISE	T2	140
02dddc48	WWISE	T2	484
02ddde2c	WWISE	T2	108
02ddde98	WWISE	T2	796
02dde1b4	WWISE	T2	68
02dde1f8	WWISE	T2	84
02dde24c	WWISE	T2	188
02dde308	WWISE	T2	116
02dde37c	WWISE	T2	220
02dde458	WWISE	T2	224
02dde538	WWISE	T2	148
02dde5cc	WWISE	T2	68
02dde610	WWISE	T2	172
02dde6bc	WWISE	T2	280
02dde7d4	WWISE	T2	140
02dde860	WWISE	T2	72
02dde8a8	WWISE	T2	116
02dde91c	WWISE	T2	72
02dde964	WWISE	T2	24
02dde97c	WWISE	T2	16
02dde98c	WWISE	T2	564
02ddebc0	WWISE	T2	168
02ddec68	WWISE	T2	704
02ddf018	WWISE	T2	328
02ddf160	WWISE	T2	972
02ddf43c	WWISE	T2	144
02ddf4cc	WWISE	T2	684
02ddf778	WWISE	T2	56
02ddf7b0	WWISE	T2	4
02ddf7b4	WWISE	T2	84
02ddf808	WWISE	T2	88
02ddf860	WWISE	T2	88
02ddf8b8	WWISE	T2	956
02ddfc74	WWISE	T2	124
02ddfcf0	WWISE	T2	124
02ddfd6c	WWISE	T2	332
02ddfeb8	WWISE	T2	104
02ddff20	WWISE	T2	3284
02de0bf4	WWISE	T2	8
02de0bfc	WWISE	T2	244
02de0cf0	WWISE	T2	108
02de0d5c	WWISE	T2	8
02de0d64	WWISE	T2	504
02de0f5c	WWISE	T2	132
02de0fe0	WWISE	T2	1044
02de13f4	WWISE	T2	772
02de16f8	WWISE	T2	556
02de1924	WWISE	T2	508
02de1b20	WWISE	T2	204
02de1bec	WWISE	T2	272
02de1cfc	WWISE	T2	1248
02de21dc	WWISE	T2	164
02de2280	WWISE	T2	448
02de2440	WWISE	T2	436
02de25f4	WWISE	T2	96
02de2654	WWISE	T2	292
02de2778	WWISE	T2	76
02de27c4	WWISE	T2	608
02de2a24	WWISE	T2	288
02de2b44	WWISE	T2	288
02de2c64	WWISE	T2	2108
02de34a0	WWISE	T2	40
02de34c8	WWISE	T2	64
02de3508	WWISE	T2	64
02de3548	WWISE	T2	204
02de3614	WWISE	T2	52
02de3648	WWISE	T2	180
02de36fc	WWISE	T2	672
02de399c	WWISE	T2	156
02de3a38	WWISE	T2	656
02de3cc8	WWISE	T2	192
02de3d88	WWISE	T2	180
02de3e3c	WWISE	T2	128
02de3ebc	WWISE	T2	16
02de3ecc	WWISE	T2	336
02de401c	WWISE	T2	336
02de416c	WWISE	T2	552
02de4394	WWISE	T2	368
02de4504	WWISE	T2	340
02de4658	WWISE	T2	80
02de46a8	WWISE	T2	140
02de4734	WWISE	T2	136
02de47bc	WWISE	T2	332
02de4908	WWISE	T2	80
02de4958	WWISE	T2	140
02de49e4	WWISE	T2	84
02de4a38	WWISE	T2	376
02de4bb0	WWISE	T2	124
02de4c2c	WWISE	T2	140
02de4cb8	WWISE	T2	84
02de4d0c	WWISE	T2	100
02de4d70	WWISE	T2	156
02de4e0c	WWISE	T2	84
02de4e60	WWISE	T2	180
02de4f14	WWISE	T2	96
02de4f74	WWISE	T2	124
02de4ff0	WWISE	T2	84
02de5044	WWISE	T2	124
02de50c0	WWISE	T2	84
02de5114	WWISE	T2	124
02de5190	WWISE	T2	84
02de51e4	WWISE	T2	124
02de5260	WWISE	T2	272
02de5370	WWISE	T2	168
02de5418	WWISE	T2	160
02de54b8	WWISE	T2	176
02de5568	WWISE	T2	108
02de55d4	WWISE	T2	108
02de5640	WWISE	T2	108
02de56ac	WWISE	T2	792
02de59c4	WWISE	T2	296
02de5aec	WWISE	T2	456
02de5cb4	WWISE	T2	452
02de5e78	WWISE	T2	16
02de5e88	WWISE	T2	336
02de5fd8	WWISE	T2	336
02de6128	WWISE	T2	120
02de61a0	WWISE	T2	172
02de624c	WWISE	T2	304
02de637c	WWISE	T2	152
02de6414	WWISE	T2	228
02de64f8	WWISE	T2	336
02de6648	WWISE	T2	16
02de6658	WWISE	T2	336
02de67a8	WWISE	T2	112
02de6818	WWISE	T2	120
02de6890	WWISE	T2	304
02de69c0	WWISE	T2	152
02de6a58	WWISE	T2	228
02de6b3c	WWISE	T2	16
02de6b4c	WWISE	T2	336
02de6c9c	WWISE	T2	336
02de6dec	WWISE	T2	100
02de6e50	WWISE	T2	120
02de6ec8	WWISE	T2	304
02de6ff8	WWISE	T2	152
02de7090	WWISE	T2	228
02de7174	WWISE	T2	16
02de7184	WWISE	T2	336
02de72d4	WWISE	T2	336
02de7424	WWISE	T2	72
02de746c	WWISE	T2	120
02de74e4	WWISE	T2	320
02de7624	WWISE	T2	152
02de76bc	WWISE	T2	256
02de77bc	WWISE	T2	16
02de77cc	WWISE	T2	336
02de791c	WWISE	T2	336
02de7a6c	WWISE	T2	108
02de7ad8	WWISE	T2	228
02de7bbc	WWISE	T2	152
02de7c54	WWISE	T2	792
02de7f6c	WWISE	T2	204
02de8038	WWISE	T2	188
02de80f4	WWISE	T2	84
02de8148	WWISE	T2	812
02de8474	WWISE	T2	444
02de8630	WWISE	T2	64
02de8670	WWISE	T2	876
02de89dc	WWISE	T2	572
02de8c18	WWISE	T2	12
02de8c24	WWISE	T2	44
02de8c50	WWISE	T2	56
02de8c8c	WWISE	T2	368
02de8dfc	WWISE	T2	388
02de8f80	WWISE	T2	328
02de90c8	WWISE	T2	356
02de922c	WWISE	T2	464
02de93fc	WWISE	T2	200
02de94c4	WWISE	T2	104
02de952c	WWISE	T2	200
02de95f4	WWISE	T2	4236
02dea680	WWISE	T2	124
02dea6fc	WWISE	T2	112
02dea76c	WWISE	T2	104
02dea7e0	WWISE	T2	96
02dea8a0	WWISE	T2	36
02dea8c4	WWISE	T2	68
02dea908	WWISE	T2	120
02dea980	WWISE	T2	776
02deac88	WWISE	T2	68
02deaccc	WWISE	T2	1080
02deb104	WWISE	T2	64
02deb144	WWISE	T2	228
02deb228	WWISE	T2	68
02deb26c	WWISE	T2	376
02deb3e4	WWISE	T2	360
02deb54c	WWISE	T2	536
02deb764	WWISE	T2	8
02deb76c	WWISE	T2	116
02deb7e0	WWISE	T2	168
02deb888	WWISE	T2	264
02deb990	WWISE	T2	476
02debb6c	WWISE	T2	1380
02dec0d0	WWISE	T2	1468
02dec68c	WWISE	T2	192
02dec74c	WWISE	T2	12
02dec758	WWISE	T2	232
02dec840	WWISE	T2	28
02dec85c	WWISE	T2	220
02dec938	WWISE	T2	3996
02ded8d4	WWISE	T2	420
02deda78	WWISE	T2	376
02dedbf0	WWISE	T2	176
02dedca0	WWISE	T2	100
02dedd04	WWISE	T2	108
02dedd70	WWISE	T2	204
02dede3c	WWISE	T2	144
02dedecc	WWISE	T2	120
02dedf44	WWISE	T2	16
02dedf54	WWISE	T2	336
02dee0a4	WWISE	T2	8
02dee0ac	WWISE	T2	92
02dee108	WWISE	T2	8
02dee110	WWISE	T2	20
02dee124	WWISE	T2	172
02dee1d0	WWISE	T2	224
02dee2b0	WWISE	T2	8
02dee2b8	WWISE	T2	16
02dee2c8	WWISE	T2	16
02dee2d8	WWISE	T2	144
02dee368	WWISE	T2	52
02dee39c	WWISE	T2	68
02dee3e0	WWISE	T2	16
02dee3f0	WWISE	T2	336
02dee540	WWISE	T2	8
02dee548	WWISE	T2	96
02dee5a8	WWISE	T2	8
02dee5b0	WWISE	T2	16
02dee5c0	WWISE	T2	160
02dee660	WWISE	T2	256
02dee760	WWISE	T2	8
02dee768	WWISE	T2	4
02dee76c	WWISE	T2	92
02dee7c8	WWISE	T2	128
02dee848	WWISE	T2	8
02dee850	WWISE	T2	64
02dee890	WWISE	T2	96
02dee8f0	WWISE	T2	376
02deea68	WWISE	T2	448
02deec28	WWISE	T2	8
02deec30	WWISE	T2	56
02deec68	WWISE	T2	388
02deedec	WWISE	T2	544
02def00c	WWISE	T2	32
02def02c	WWISE	T2	4
02def030	WWISE	T2	336
02def180	WWISE	T2	64
02def1c0	WWISE	T2	8
02def1c8	WWISE	T2	96
02def228	WWISE	T2	120
02def2a0	WWISE	T2	120
02def318	WWISE	T2	664
02def5b0	WWISE	T2	688
02def860	WWISE	T2	80
02def924	WWISE	T2	96
02def984	WWISE	T2	260
02defa1c	WWISE	T2	168
02defac4	WWISE	T2	340
02defc18	WWISE	T2	112
02defc88	WWISE	T2	156
02defd24	WWISE	T2	336
02defe74	WWISE	T2	340
02deffc8	WWISE	T2	372
02df013c	WWISE	T2	1844
02df0870	WWISE	T2	1408
02df0df0	WWISE	T2	848
02df1140	WWISE	T2	64
02df1180	WWISE	T2	212
02df1254	WWISE	T2	40
02df127c	WWISE	T2	244
02df1370	WWISE	T2	44
02df139c	WWISE	T2	140
02df1428	WWISE	T2	180
02df14dc	WWISE	T2	132
02df1560	WWISE	T2	196
02df1624	WWISE	T2	96
02df1684	WWISE	T2	236
02df17dc	WWISE	T2	340
02df1930	WWISE	T2	136
02df19b8	WWISE	T2	112
02df1a28	WWISE	T2	424
02df1bd0	WWISE	T2	24
02df1be8	WWISE	T2	64
02df1c28	WWISE	T2	116
02df1c9c	WWISE	T2	236
02df1d88	WWISE	T2	840
02df20d0	WWISE	T2	224
02df21b0	WWISE	T2	68
02df21f4	WWISE	T2	80
02df2244	WWISE	T2	960
02df2604	WWISE	T2	144
02df2694	WWISE	T2	640
02df2914	WWISE	T2	284
02df2a30	WWISE	T2	456
02df2bf8	WWISE	T2	84
02df2c4c	WWISE	T2	248
02df2d44	WWISE	T2	252
02df2e40	WWISE	T2	172
02df2eec	WWISE	T2	60
02df2f28	WWISE	T2	188
02df2fe4	WWISE	T2	60
02df3020	WWISE	T2	236
02df310c	WWISE	T2	144
02df319c	WWISE	T2	164
02df3240	WWISE	T2	164
02df32e4	WWISE	T2	324
02df3428	WWISE	T2	544
02df3648	WWISE	T2	112
02df36b8	WWISE	T2	160
02df3758	WWISE	T2	92
02df37b4	WWISE	T2	88
02df380c	WWISE	T2	244
02df3900	WWISE	T2	120
02df3978	WWISE	T2	124
02df39f4	WWISE	T2	804
02df3d18	WWISE	T2	184
02df3dd0	WWISE	T2	472
02df3fa8	WWISE	T2	112
02df4018	WWISE	T2	424
02df41c0	WWISE	T2	148
02df4254	WWISE	T2	180
02df4308	WWISE	T2	188
02df4510	WWISE	T2	120
02df4588	WWISE	T2	12
02df4594	WWISE	T2	240
02df4690	WWISE	T2	152
02df4730	WWISE	T2	480
02df4910	WWISE	T2	64
02df4950	WWISE	T2	28
02df496c	WWISE	T2	8
02df4974	WWISE	T2	72
02df49bc	WWISE	T2	8
02df49c4	WWISE	T2	28
02df49e0	WWISE	T2	308
02df4b14	WWISE	T2	84
02df4b68	WWISE	T2	24
02df4b80	WWISE	T2	72
02df4bc8	WWISE	T2	336
02df4d18	WWISE	T2	16
02df4d28	WWISE	T2	4
02df4d2c	WWISE	T2	4
02df4d30	WWISE	T2	8
02df4d38	WWISE	T2	4
02df4d3c	WWISE	T2	8
02df4d44	WWISE	T2	4
02df4d48	WWISE	T2	4
02df4d4c	WWISE	T2	4
02df4dc0	WWISE	T2	124
02df4e3c	WWISE	T2	128
02df4ebc	WWISE	T2	132
02df4f40	WWISE	T2	420
02df50e4	WWISE	T2	420
02df5288	WWISE	T2	360
02df53f0	WWISE	T2	8
02df53f8	WWISE	T2	420
02df559c	WWISE	T2	108
02df5608	WWISE	T2	136
02df5690	WWISE	T2	424
02df5838	WWISE	T2	8
02df5840	WWISE	T2	468
02df5a14	WWISE	T2	8
02df5a1c	WWISE	T2	8
02df5a24	WWISE	T2	132
02df5aa8	WWISE	T2	80
02df5af8	WWISE	T2	4
02df5afc	WWISE	T2	16
02df5b0c	WWISE	T2	152
02df5ba4	WWISE	T2	112
02df5c14	WWISE	T2	68
02df5c58	WWISE	T2	4
02df5c5c	WWISE	T2	204
02df5d28	WWISE	T2	112
02df5d98	WWISE	T2	84
02df5dec	WWISE	T2	152
02df5e84	WWISE	T2	244
02df5f78	WWISE	T2	216
02df6050	WWISE	T2	84
02df60a4	WWISE	T2	56
02df60dc	WWISE	T2	220
02df61b8	WWISE	T2	68
02df61fc	WWISE	T2	244
02df62f0	WWISE	T2	192
02df63b0	WWISE	T2	4
02df63b4	WWISE	T2	108
02df6420	WWISE	T2	292
02df6544	WWISE	T2	132
02df65c8	WWISE	T2	128
02df6648	WWISE	T2	92
02df66a4	WWISE	T2	32
02df66c4	WWISE	T2	40
02df66ec	WWISE	T2	40
02df6714	WWISE	T2	96
02df6774	WWISE	T2	296
02df689c	WWISE	T2	444
02df6a58	WWISE	T2	176
02df6b08	WWISE	T2	32
02df6b28	WWISE	T2	340
02df6c7c	WWISE	T2	312
02df6db4	WWISE	T2	308
02df6ee8	WWISE	T2	216
02df6fc0	WWISE	T2	488
02df71a8	WWISE	T2	28
02df71c4	WWISE	T2	504
02df73bc	WWISE	T2	484
02df75a0	WWISE	T2	36
02df75c4	WWISE	T2	212
02df7698	WWISE	T2	256
02df7798	WWISE	T2	896
02df7b18	WWISE	T2	16
02df7b28	WWISE	T2	112
02df7b98	WWISE	T2	424
02df7d40	WWISE	T2	108
02df7dac	WWISE	T2	100
02df7e10	WWISE	T2	240
02df7f00	WWISE	T2	160
02df7fa0	WWISE	T2	360
02df8108	WWISE	T2	48
02df8138	WWISE	T2	340
02df828c	WWISE	T2	1504
02df886c	WWISE	T2	96
02df88cc	WWISE	T2	80
02df891c	WWISE	T2	804
02df8c40	WWISE	T2	88
02df8c98	WWISE	T2	16
02df8ca8	WWISE	T2	64
02df8ce8	WWISE	T2	380
02df8e64	WWISE	T2	380
02df8fe0	WWISE	T2	152
02df9078	WWISE	T2	144
02df9108	WWISE	T2	1284
02df9610	WWISE	T2	104
02df9678	WWISE	T2	312
02df97b0	WWISE	T2	160
02df9850	WWISE	T2	11656
02dfc5d8	WWISE	T2	452
02dfc7a0	WWISE	T2	1380
02dfcd10	WWISE	T2	280
02dfce28	WWISE	T2	304
02dfcf58	WWISE	T2	388
02dfd104	WWISE	T2	4208
02dfe180	WWISE	T2	464
02dfe350	WWISE	T2	152
02dfe3f0	WWISE	T2	9232
02e00800	WWISE	T2	36
02e00824	WWISE	T2	244
02e00918	WWISE	T2	964
02e00cdc	WWISE	T2	404
02e00e70	WWISE	T2	136
02e00ef8	WWISE	T2	772
02e011fc	WWISE	T2	140
02e01290	WWISE	T2	316
02e013d0	WWISE	T2	200
02e014a0	WWISE	T2	172
02e01550	WWISE	T2	128
02e015d0	WWISE	T2	88
02e01630	WWISE	T2	80
02e01680	WWISE	T2	184
02e01740	WWISE	T2	140
02e017cc	WWISE	T2	68
02e01810	WWISE	T2	128
02e01890	WWISE	T2	68
02e018d4	WWISE	T2	1332
02e01e08	WWISE	T2	268
02e01f14	WWISE	T2	384
02e02094	WWISE	T2	68
02e020d8	WWISE	T2	296
02e02200	WWISE	T2	680
02e024a8	WWISE	T2	24
02e024c0	WWISE	T2	80
02e02510	WWISE	T2	232
02e025f8	WWISE	T2	84
02e0264c	WWISE	T2	228
02e02730	WWISE	T2	276
02e02844	WWISE	T2	84
02e02898	WWISE	T2	92
02e028f4	WWISE	T2	56
02e0292c	WWISE	T2	56
02e02964	WWISE	T2	36
02e02988	WWISE	T2	380
02e029a4	WWISE	T2	120
02e029ac	WWISE	T2	44
02e029d8	WWISE	T2	16
02e029e8	WWISE	T2	348
02e02b44	WWISE	T2	20
02e02b58	WWISE	T2	8
02e02b60	WWISE	T2	12
02e02b6c	WWISE	T2	28
02e02b88	WWISE	T2	36
02e02bac	WWISE	T2	220
02e02c88	WWISE	T2	56
02e02cc0	WWISE	T2	372
02e02e34	WWISE	T2	104
02e02e9c	WWISE	T2	24
02e02eb4	WWISE	T2	64
02e02ef4	WWISE	T2	52
02e02f28	WWISE	T2	336
02e03078	WWISE	T2	8
02e03080	WWISE	T2	8
02e03088	WWISE	T2	8
02e03090	WWISE	T2	4
02e03094	WWISE	T2	4
02e030a0	WWISE	T2	124
02e03280	WWISE	T2	600
02e034e0	WWISE	T2	256
02e035e0	WWISE	T2	456
02e037b0	WWISE	T2	212
02e03890	WWISE	T2	384
02e03a80	WWISE	T2	76
02e03acc	WWISE	T2	340
02e03c20	WWISE	T2	232
02e03d08	WWISE	T2	136
02e03d90	WWISE	T2	80
02e03de0	WWISE	T2	136
02e03e68	WWISE	T2	8
02e03e74	WWISE	T2	544
02e04094	WWISE	T2	764
02e04390	WWISE	T2	88
02e043e8	WWISE	T2	92
02e04444	WWISE	T2	528
02e04654	WWISE	T2	212
02e04728	WWISE	T2	172
02e047d4	WWISE	T2	208
02e048a4	WWISE	T2	580
02e04ae8	WWISE	T2	796
02e04e04	WWISE	T2	20
02e04e18	WWISE	T2	1068
02e05244	WWISE	T2	348
02e05450	WWISE	T2	336
02e055a0	WWISE	T2	152
02e05638	WWISE	T2	228
02e0571c	WWISE	T2	212
02e057f0	WWISE	T2	168
02e05898	WWISE	T2	84
02e058ec	WWISE	T2	8
02e058f4	WWISE	T2	188
02e059b0	WWISE	T2	268
02e05a14	WWISE	T2	324
02e05b58	WWISE	T2	268
02e05c64	WWISE	T2	248
02e05e08	WWISE	T2	448
02e05fc8	WWISE	T2	144
02e06058	WWISE	T2	80
02e060a8	WWISE	T2	648
02e06330	WWISE	T2	2136
02e06b88	WWISE	T2	104
02e06bf0	WWISE	T2	284
02e06d0c	WWISE	T2	184
02e06dc4	WWISE	T2	412
02e06f60	WWISE	T2	164
02e07010	WWISE	T2	256
02e07110	WWISE	T2	228
02e071f4	WWISE	T2	868
02e07558	WWISE	T2	124
02e075e0	WWISE	T2	192
02e076a0	WWISE	T2	160
02e07740	WWISE	T2	216
02e07818	WWISE	T2	56
02e07850	WWISE	T2	328
02e07998	WWISE	T2	364
02e07b04	WWISE	T2	144
02e07b94	WWISE	T2	212
02e07c68	WWISE	T2	84
02e07cbc	WWISE	T2	176
02e07d6c	WWISE	T2	68
02e07db0	WWISE	T2	380
02e07f2c	WWISE	T2	20
02e07f40	WWISE	T2	72
02e07ff0	WWISE	T2	96
02e08050	WWISE	T2	116
02e080c4	WWISE	T2	200
02e0818c	WWISE	T2	140
02e08218	WWISE	T2	76
02e08264	WWISE	T2	132
02e082e8	WWISE	T2	104
02e08350	WWISE	T2	92
02e083ac	WWISE	T2	220
02e08488	WWISE	T2	136
02e08510	WWISE	T2	72
02e08558	WWISE	T2	16
02e08568	WWISE	T2	4
02e08570	WWISE	T2	300
02e0869c	WWISE	T2	524
02e088a8	WWISE	T2	312
02e089e0	WWISE	T2	92
02e08a3c	WWISE	T2	72
02e08a84	WWISE	T2	8
02e08a8c	WWISE	T2	8
02e08a94	WWISE	T2	340
02e08be8	WWISE	T2	324
02e08d2c	WWISE	T2	324
02e08e70	WWISE	T2	1648
02e094e0	WWISE	T2	740
02e097c4	WWISE	T2	8
02e097cc	WWISE	T2	224
02e098ac	WWISE	T2	292
02e099d0	WWISE	T2	580
02e09c14	WWISE	T2	36
02e09c38	WWISE	T2	100
02e09c9c	WWISE	T2	140
02e09d28	WWISE	T2	236
02e09d5c	WWISE	T2	2344
02e0a684	WWISE	T2	148
02e0a718	WWISE	T2	456
02e0a8e0	WWISE	T2	44
02e0a90c	WWISE	T2	496
02e0aafc	WWISE	T2	268
02e0ac08	WWISE	T2	532
02e0ae1c	WWISE	T2	116
02e0ae90	WWISE	T2	1120
02e0b008	WWISE	T2	8
02e0b010	WWISE	T2	132
02e0b094	WWISE	T2	128
02e0b114	WWISE	T2	12
02e0b120	WWISE	T2	532
02e0b334	WWISE	T2	480
02e0b780	WWISE	T2	364
02e0b8ec	WWISE	T2	816
02e0bc1c	WWISE	T2	348
02e0bd78	WWISE	T2	20
02e0bd8c	WWISE	T2	12
02e0bd98	WWISE	T2	8
02e0bda0	WWISE	T2	164
02e0be44	WWISE	T2	76
02e0bf48	WWISE	T2	160
02e0bfe8	WWISE	T2	84
02e0c03c	WWISE	T2	196
02e0c100	WWISE	T2	40
02e0c128	WWISE	T2	92
02e0c200	WWISE	T2	28
02e0c21c	WWISE	T2	4
02e0c220	WWISE	T2	68
02e0c264	WWISE	T2	88
02e0c2bc	WWISE	T2	88
02e0c314	WWISE	T2	532
02e0c528	WWISE	T2	124
02e0c5a4	WWISE	T2	124
02e0c620	WWISE	T2	268
02e0c76c	WWISE	T2	100
02e0c7d0	WWISE	T2	328
02e0c918	WWISE	T2	92
02e0c974	WWISE	T2	268
02e0ca80	WWISE	T2	112
02e0caf0	WWISE	T2	236
02e0cbdc	WWISE	T2	268
02e0cce8	WWISE	T2	568
02e0cd68	WWISE	T2	96
02e0cf80	WWISE	T2	188
02e0d03c	WWISE	T2	148
02e0d0d0	WWISE	T2	248
02e0d1c8	WWISE	T2	24
02e0d1e0	WWISE	T2	32
02e0d200	WWISE	T2	92
02e0d25c	WWISE	T2	68
02e0d2a0	WWISE	T2	92
02e0d2fc	WWISE	T2	68
02e0d340	WWISE	T2	96
02e0d3a0	WWISE	T2	144
02e0d430	WWISE	T2	80
02e0d480	WWISE	T2	140
02e0d50c	WWISE	T2	92
02e0d568	WWISE	T2	724
02e0d83c	WWISE	T2	72
02e0d884	WWISE	T2	176
02e0d934	WWISE	T2	112
02e0d9a4	WWISE	T2	68
02e0d9e8	WWISE	T2	732
02e0dcc4	WWISE	T2	68
02e0dd08	WWISE	T2	96
02e0dd68	WWISE	T2	52
02e0dd9c	WWISE	T2	364
02e0df08	WWISE	T2	208
02e0df50	WWISE	T2	124
02e0e054	WWISE	T2	208
02e0e124	WWISE	T2	248
02e0e21c	WWISE	T2	308
02e0e350	WWISE	T2	108
02e0e3bc	WWISE	T2	332
02e0e508	WWISE	T2	36
02e0e52c	WWISE	T2	112
02e0e59c	WWISE	T2	208
02e0e5a4	WWISE	T2	4
02e0e5a8	WWISE	T2	36
02e0e5cc	WWISE	T2	368
02e0e740	WWISE	T2	572
02e0e97c	WWISE	T2	764
02e0ec78	WWISE	T2	224
02e0ed58	WWISE	T2	424
02e0ef00	WWISE	T2	92
02e0ef5c	WWISE	T2	92
02e0efb8	WWISE	T2	160
02e0f058	WWISE	T2	40
02e0f080	WWISE	T2	40
02e0f0a8	WWISE	T2	880
02e0f418	WWISE	T2	668
02e0f6b4	WWISE	T2	60
02e0f6f0	WWISE	T2	116
02e0f764	WWISE	T2	152
02e0f7fc	WWISE	T2	584
02e0fa44	WWISE	T2	288
02e0fb64	WWISE	T2	636
02e0fde0	WWISE	T2	292
02e0ff04	WWISE	T2	184
02e0ffbc	WWISE	T2	1528
02e105b4	WWISE	T2	20
02e105c8	WWISE	T2	20
02e105dc	WWISE	T2	2180
02e10e60	WWISE	T2	856
02e111b8	WWISE	T2	288
02e112d8	WWISE	T2	1020
02e116d4	WWISE	T2	176
02e11784	WWISE	T2	100
02e117e8	WWISE	T2	340
02e119a0	WWISE	T2	164
02e11a50	WWISE	T2	312
02e11b88	WWISE	T2	104
02e11bf0	WWISE	T2	68
02e11c34	WWISE	T2	456
02e11dfc	WWISE	T2	244
02e11ef0	WWISE	T2	116
02e11f64	WWISE	T2	204
02e12030	WWISE	T2	156
02e120cc	WWISE	T2	80
02e1211c	WWISE	T2	164
02e121c0	WWISE	T2	216
02e12298	WWISE	T2	116
02e1230c	WWISE	T2	336
02e1245c	WWISE	T2	236
02e12548	WWISE	T2	480
02e12728	WWISE	T2	204
02e127f4	WWISE	T2	276
02e12908	WWISE	T2	384
02e12a88	WWISE	T2	284
02e12ba4	WWISE	T2	308
02e12cd8	WWISE	T2	324
02e12e1c	WWISE	T2	304
02e12f4c	WWISE	T2	108
02e12fb8	WWISE	T2	72
02e13000	WWISE	T2	108
02e1306c	WWISE	T2	152
02e13104	WWISE	T2	136
02e1318c	WWISE	T2	80
02e131dc	WWISE	T2	136
02e13264	WWISE	T2	84
02e132b8	WWISE	T2	4
02e132bc	WWISE	T2	140
02e13348	WWISE	T2	128
02e133c8	WWISE	T2	48
02e133f8	WWISE	T2	16
02e13408	WWISE	T2	348
02e13564	WWISE	T2	220
02e13640	WWISE	T2	172
02e136ec	WWISE	T2	56
02e13724	WWISE	T2	56
02e1375c	WWISE	T2	4
02e13760	WWISE	T2	80
02e137b0	WWISE	T2	12
02e137bc	WWISE	T2	44
02e137e8	WWISE	T2	108
02e13854	WWISE	T2	264
02e1395c	WWISE	T2	384
02e13adc	WWISE	T2	336
02e13db8	WWISE	T2	692
02e14074	WWISE	T2	1224
02e1453c	WWISE	T2	704
02e147fc	WWISE	T2	768
02e14afc	WWISE	T2	688
02e14dac	WWISE	T2	104
02e14e14	WWISE	T2	736
02e150f4	WWISE	T2	1064
02e1551c	WWISE	T2	200
02e155e4	WWISE	T2	608
02e15844	WWISE	T2	500
02e15a38	WWISE	T2	1616
02e16088	WWISE	T2	972
02e16454	WWISE	T2	652
02e166e0	WWISE	T2	244
02e167d4	WWISE	T2	144
02e16864	WWISE	T2	108
02e168d0	WWISE	T2	108
02e1693c	WWISE	T2	216
02e16a14	WWISE	T2	492
02e16c00	WWISE	T2	760
02e16ef8	WWISE	T2	656
02e17188	WWISE	T1	984
02e17560	WWISE	T3	280
02e17678	WWISE	T3	820
02e17a04	WWISE	T3	448
02e17d34	WWISE	T3	116
02e17da8	WWISE	T3	748
02e18094	WWISE	T3	432
02e18244	WWISE	T3	244
02e18338	WWISE	T3	300
02e18464	WWISE	T3	116
02e184d8	WWISE	T3	148
02e1856c	WWISE	T3	296
02e18694	WWISE	T3	188
02e18770	WWISE	T3	84
02e18808	WWISE	T3	92
02e18864	WWISE	T3	200
02e19a7c	WWISE	T3	140
02e1a3f0	WWISE	T3	200
02e1a570	WWISE	T3	8
02e1bdf0	WWISE	T3	444
02e1c060	WWISE	T3	176
02e1c110	WWISE	T3	192
02e1c1d0	WWISE	T3	160
02e1c270	WWISE	T3	604
02e1c4cc	WWISE	T3	756
02e1c7c0	WWISE	T3	124
02e20380	WWISE	T3	116
02e212d4	WWISE	T3	368
02e246d0	WWISE	T3	316
02e24a00	WWISE	T3	2276
02e252e4	WWISE	T3	108
02e25350	WWISE	T3	300
02e2547c	WWISE	T3	1320
02e25d70	WWISE	T3	284
02e25e8c	WWISE	T3	360
02e25ff4	WWISE	T3	40
02e2601c	WWISE	T3	64
02e26184	WWISE	T3	100
02e261e8	WWISE	T3	204
02e262b4	WWISE	T3	144
02e26608	WWISE	T3	476
02e27424	WWISE	T3	712
02e276ec	WWISE	T3	380
02e28618	WWISE	T3	1624
02e28c70	WWISE	T3	164
02e2b48c	WWISE	T3	8
02e2b494	WWISE	T3	8
02e2b49c	WWISE	T3	392
02e2b7ac	WWISE	T3	320
02e2b8ec	WWISE	T3	348
02e2ba48	WWISE	T3	280
02e2bb60	WWISE	T3	348
02e2bcbc	WWISE	T3	1980
02e2c478	WWISE	T3	192
02e2c538	WWISE	T3	1612
02e2cb84	WWISE	T3	512
02e2cd84	WWISE	T3	416
02e2cf24	WWISE	T3	244
02e2d018	WWISE	T3	1396
02e2d58c	WWISE	T3	84
02e2d5fc	WWISE	T3	436
02e2d7b0	WWISE	T3	360
02e2d918	WWISE	T3	304
02e2da48	WWISE	T3	816
02e2dd78	WWISE	T3	204
02e2de44	WWISE	T3	312
02e2e160	WWISE	T3	524
02e2e36c	WWISE	T3	1368
02e2ed58	WWISE	T3	100
02e30068	WWISE	T3	376
02e30254	WWISE	T3	300
02e30380	WWISE	T3	20
02e31d9c	WWISE	T3	52
02e329d4	WWISE	T3	400
02e32ba8	WWISE	T3	92
02e32c10	WWISE	T3	80
02e32c60	WWISE	T3	172
02e32d10	WWISE	T3	284
02e32e30	WWISE	T3	196
02e32f00	WWISE	T3	216
02e330c4	WWISE	T3	16
02e3314c	WWISE	T3	88
02e33210	WWISE	T3	8
02e33298	WWISE	T3	84
02e332ec	WWISE	T3	72
02e33334	WWISE	T3	132
02e333b8	WWISE	T3	80
02e33408	WWISE	T3	68
02e3344c	WWISE	T3	16
02e33c9c	WWISE	T3	644
02e33f20	WWISE	T3	4376
02e5aae4	HAVOK	T3	988
02e5aec0	HAVOK	T3	128
02e5b4a4	HAVOK	T1	1688
02e5bb3c	HAVOK	T2	884
02e5beb0	HAVOK	T2	604
02e5c10c	HAVOK	T2	2064
02e5c91c	HAVOK	T2	1376
02e5ce7c	HAVOK	T1	896
02e5d1fc	HAVOK	T2	1316
02e5d720	HAVOK	T2	16
02e5d730	HAVOK	T2	100
02e5d794	HAVOK	T2	560
02e5d9c4	HAVOK	T2	16
02e5d9d4	HAVOK	T2	164
02e5da78	HAVOK	T2	448
02e5dc38	HAVOK	T2	164
02e5dcdc	HAVOK	T2	2124
02e5e528	HAVOK	T2	644
02e5e7ac	HAVOK	T2	2016
02e5ef8c	HAVOK	T2	4124
02e5ffa8	HAVOK	T2	8
02e5ffb0	HAVOK	T2	620
02e6021c	HAVOK	T2	8
02e60224	HAVOK	T2	2116
02e60a68	HAVOK	T2	8
02e60a70	HAVOK	T2	1708
02e6111c	HAVOK	T2	8
02e61124	HAVOK	T2	600
02e6137c	HAVOK	T2	88
02e613d4	HAVOK	T2	1160
02e6185c	HAVOK	T2	616
02e61ac4	HAVOK	T2	88
02e61b1c	HAVOK	T2	600
02e61d74	HAVOK	T2	504
02e61f6c	HAVOK	T2	616
02e621d4	HAVOK	T2	504
02e623cc	HAVOK	T2	1492
02e629a0	HAVOK	T2	1492
02e62f74	HAVOK	T2	1528
02e6356c	HAVOK	T2	1928
02e63cf4	HAVOK	T2	1192
02e6419c	HAVOK	T2	1272
02e64694	HAVOK	T2	2540
02e65080	HAVOK	T2	1100
02e654cc	HAVOK	T2	920
02e65864	HAVOK	T2	968
02e65c2c	HAVOK	T2	480
02e65e0c	HAVOK	T2	1100
02e66258	HAVOK	T2	756
02e6654c	HAVOK	T2	1292
02e66a58	HAVOK	T2	704
02e66d18	HAVOK	T2	832
02e67058	HAVOK	T2	752
02e67348	HAVOK	T2	1060
02e6776c	HAVOK	T2	3996
02e68708	HAVOK	T2	3652
02e69550	HAVOK	T2	1340
02e69a8c	HAVOK	T2	200
02e69b54	HAVOK	T2	12
02e69b60	HAVOK	T2	24
02e69b78	HAVOK	T2	20
02e69b8c	HAVOK	T2	180
02e69c40	HAVOK	T2	12
02e69c4c	HAVOK	T2	24
02e69c64	HAVOK	T2	200
02e69d2c	HAVOK	T2	12
02e69d38	HAVOK	T2	20
02e69d4c	HAVOK	T2	180
02e69e00	HAVOK	T2	12
02e69e0c	HAVOK	T2	20
02e69e20	HAVOK	T2	200
02e69ee8	HAVOK	T2	12
02e69ef4	HAVOK	T2	20
02e69f08	HAVOK	T2	180
02e69fbc	HAVOK	T2	12
02e69fc8	HAVOK	T2	8
02e69fd0	HAVOK	T2	200
02e6a098	HAVOK	T2	12
02e6a0a4	HAVOK	T2	24
02e6a0bc	HAVOK	T2	20
02e6a0d0	HAVOK	T2	180
02e6a184	HAVOK	T2	12
02e6a190	HAVOK	T2	24
02e6a1ac	HAVOK	T2	20
02e6a1c4	HAVOK	T2	136
02e6a24c	HAVOK	T2	136
02e6a2d4	HAVOK	T2	160
02e6a374	HAVOK	T2	652
02e6a600	HAVOK	T2	160
02e6a6a0	HAVOK	T2	380
02e6a81c	HAVOK	T2	820
02e6ab50	HAVOK	T2	508
02e6ad50	HAVOK	T2	656
02e6afe0	HAVOK	T2	344
02e6b138	HAVOK	T2	136
02e6b1c0	HAVOK	T2	656
02e6b450	HAVOK	T2	656
02e6b6e0	HAVOK	T2	372
02e6b854	HAVOK	T2	548
02e6ba80	HAVOK	T2	188
02e6bb3c	HAVOK	T1	996
02e6bf20	HAVOK	T2	136
02e6bfa8	HAVOK	T2	240
02e6c098	HAVOK	T2	32
02e6c0b8	HAVOK	T2	8
02e6c0c0	HAVOK	T2	4
02e6c0d0	HAVOK	T2	596
02e6c324	HAVOK	T2	168
02e6c3cc	HAVOK	T2	4
02e6c3d0	HAVOK	T2	140
02e6c45c	HAVOK	T2	120
02e6c4d4	HAVOK	T2	8
02e6c4dc	HAVOK	T1	2260
02e6cdb0	HAVOK	T2	104
02e6ce18	HAVOK	T2	260
02e6cf1c	HAVOK	T2	2068
02e6d730	HAVOK	T1	676
02e6d9d4	HAVOK	T2	1392
02e6df44	HAVOK	T2	132
02e6dfc8	HAVOK	T2	1780
02e6e6bc	HAVOK	T2	188
02e6e778	HAVOK	T2	132
02e6e7fc	HAVOK	T2	180
02e6e8b0	HAVOK	T2	8
02e6e8b8	HAVOK	T2	296
02e6e9e0	HAVOK	T2	88
02e6ea38	HAVOK	T2	100
02e6ea9c	HAVOK	T2	20
02e6eab0	HAVOK	T2	476
02e6ec8c	HAVOK	T2	996
02e6f070	HAVOK	T2	12
02e6f07c	HAVOK	T2	1592
02e6f6b4	HAVOK	T2	20
02e6f6c8	HAVOK	T2	448
02e6f888	HAVOK	T2	244
02e6f97c	HAVOK	T2	1508
02e6ff60	HAVOK	T2	196
02e70024	HAVOK	T2	276
02e70138	HAVOK	T2	4
02e7013c	HAVOK	T2	908
02e704c8	HAVOK	T2	512
02e706c8	HAVOK	T2	764
02e709c4	HAVOK	T2	3976
02e7194c	HAVOK	T2	804
02e71c70	HAVOK	T2	3716
02e71d04	HAVOK	T2	944
02e720b4	HAVOK	T2	900
02e72438	HAVOK	T2	100
02e7249c	HAVOK	T2	12
02e724a8	HAVOK	T1	532
02e726bc	HAVOK	T1	536
02e728d4	HAVOK	T2	132
02e72958	HAVOK	T2	116
02e729cc	HAVOK	T2	132
02e72a50	HAVOK	T2	24
02e72a68	HAVOK	T2	164
02e72b0c	HAVOK	T2	68
02e72b50	HAVOK	T2	32
02e72b70	HAVOK	T2	36
02e72b94	HAVOK	T2	24
02e72bac	HAVOK	T2	24
02e72bc4	HAVOK	T2	20
02e72bd8	HAVOK	T2	52
02e72c0c	HAVOK	T2	164
02e72cb0	HAVOK	T2	68
02e72cf4	HAVOK	T2	32
02e72d14	HAVOK	T2	36
02e72d38	HAVOK	T2	24
02e72d50	HAVOK	T2	24
02e72d68	HAVOK	T2	20
02e72d7c	HAVOK	T2	52
02e72db0	HAVOK	T2	124
02e72e2c	HAVOK	T2	3660
02e73c78	HAVOK	T2	3608
02e74a90	HAVOK	T2	140
02e74b1c	HAVOK	T2	104
02e74b84	HAVOK	T2	8
02e74b8c	HAVOK	T2	396
02e74d18	HAVOK	T2	464
02e74ee8	HAVOK	T2	464
02e750b8	HAVOK	T2	2176
02e75938	HAVOK	T2	2212
02e761dc	HAVOK	T2	984
02e765b4	HAVOK	T2	392
02e7673c	HAVOK	T2	956
02e76af8	HAVOK	T2	1628
02e77154	HAVOK	T2	168
02e771fc	HAVOK	T2	464
02e773cc	HAVOK	T2	824
02e77704	HAVOK	T2	1028
02e77b08	HAVOK	T2	1632
02e78168	HAVOK	T2	1012
02e7855c	HAVOK	T2	1668
02e78be0	HAVOK	T2	464
02e78db0	HAVOK	T2	1052
02e791cc	HAVOK	T2	1668
02e79850	HAVOK	T2	160
02e798f0	HAVOK	T2	264
02e799f8	HAVOK	T2	368
02e79b68	HAVOK	T2	408
02e79d00	HAVOK	T2	164
02e7ab94	HAVOK	T2	696
02e7ae4c	HAVOK	T2	792
02e7b164	HAVOK	T2	480
02e7b344	HAVOK	T2	1556
02e7b958	HAVOK	T2	720
02e7bc28	HAVOK	T2	704
02e7bee8	HAVOK	T2	840
02e7c230	HAVOK	T2	476
02e7c40c	HAVOK	T2	1552
02e7ca1c	HAVOK	T2	720
02e7ccec	HAVOK	T2	700
02e7cfa8	HAVOK	T2	848
02e7d2f8	HAVOK	T2	476
02e7d4d4	HAVOK	T2	1576
02e7dafc	HAVOK	T2	720
02e7ddcc	HAVOK	T2	660
02e7e060	HAVOK	T2	808
02e7e388	HAVOK	T2	476
02e7e564	HAVOK	T2	1576
02e7eb8c	HAVOK	T2	948
02e7ef40	HAVOK	T2	140
02e7efcc	HAVOK	T2	2024
02e7f7b4	HAVOK	T2	4
02e7f7b8	HAVOK	T2	136
02e7f840	HAVOK	T2	492
02e7fa2c	HAVOK	T2	2524
02e80408	HAVOK	T2	2104
02e80c40	HAVOK	T2	140
02e80ccc	HAVOK	T2	2088
02e814f4	HAVOK	T2	492
02e816e0	HAVOK	T2	140
02e8176c	HAVOK	T2	2060
02e81f78	HAVOK	T2	2732
02e82a24	HAVOK	T2	2288
02e83314	HAVOK	T2	140
02e833a0	HAVOK	T2	2212
02e83c44	HAVOK	T2	492
02e83e30	HAVOK	T2	2788
02e84914	HAVOK	T2	2328
02e8522c	HAVOK	T2	140
02e852b8	HAVOK	T2	2280
02e85ba0	HAVOK	T2	492
02e85d8c	HAVOK	T2	140
02e85e18	HAVOK	T2	2244
02e866dc	HAVOK	T2	3004
02e87298	HAVOK	T2	2508
02e87c64	HAVOK	T2	68
02e87cb0	HAVOK	T2	368
02e87e20	HAVOK	T2	1796
02e88524	HAVOK	T2	588
02e88770	HAVOK	T1	2100
02e89518	HAVOK	T2	556
02e89744	HAVOK	T2	72
02e89790	HAVOK	T2	1296
02e89ca0	HAVOK	T2	16
02e89cb0	HAVOK	T2	336
02e89e00	HAVOK	T2	16
02e89e10	HAVOK	T2	336
02e89f60	HAVOK	T2	16
02e89f70	HAVOK	T2	336
02e8a0c0	HAVOK	T2	16
02e8a0d0	HAVOK	T2	336
02e8a220	HAVOK	T2	336
02e8a370	HAVOK	T2	564
02e8a5b0	HAVOK	T2	16
02e8a5c0	HAVOK	T2	336
02e8a710	HAVOK	T2	1480
02e8ace0	HAVOK	T2	336
02e8ae30	HAVOK	T2	1224
02e8b300	HAVOK	T2	336
02e8b450	HAVOK	T2	16
02e8b460	HAVOK	T2	16
02e8b470	HAVOK	T2	16
02e8b480	HAVOK	T2	336
02e8b5d0	HAVOK	T2	1380
02e8bb40	HAVOK	T2	336
02e8bc90	HAVOK	T2	44
02e8bcc0	HAVOK	T2	1224
02e8c190	HAVOK	T2	336
02e8c2e0	HAVOK	T2	540
02e8c500	HAVOK	T2	516
02e8c710	HAVOK	T2	508
02e8c910	HAVOK	T2	500
02e8cb10	HAVOK	T2	692
02e8cdd0	HAVOK	T2	664
02e8d070	HAVOK	T2	548
02e8d2a0	HAVOK	T2	752
02e8d590	HAVOK	T2	616
02e8d800	HAVOK	T2	620
02e8da70	HAVOK	T2	620
02e8dce0	HAVOK	T2	620
02e8df50	HAVOK	T2	620
02e8e1c0	HAVOK	T2	20
02e8e1e0	HAVOK	T2	616
02e8e450	HAVOK	T2	620
02e8e6c0	HAVOK	T2	716
02e8e990	HAVOK	T2	704
02e8ec50	HAVOK	T2	748
02e8ef40	HAVOK	T2	720
02e8f210	HAVOK	T2	868
02e8f580	HAVOK	T2	864
02e8f8e0	HAVOK	T2	756
02e8fbe0	HAVOK	T2	936
02e8ff90	HAVOK	T2	824
02e902c8	HAVOK	T2	20
02e902dc	HAVOK	T2	200
02e903a4	HAVOK	T2	3900
02e912e0	HAVOK	T2	344
02e91438	HAVOK	T2	456
02e91600	HAVOK	T2	164
02e916a4	HAVOK	T2	140
02e91730	HAVOK	T2	104
02e91798	HAVOK	T2	392
02e91920	HAVOK	T2	244
02e91a14	HAVOK	T2	188
02e91ad0	HAVOK	T2	140
02e91b5c	HAVOK	T2	104
02e91bc4	HAVOK	T2	400
02e91d60	HAVOK	T2	4
02e91d70	HAVOK	T2	80
02e91dc0	HAVOK	T2	4
02e91dd0	HAVOK	T2	3088
02e929e0	HAVOK	T2	1952
02e93180	HAVOK	T2	1872
02e938d0	HAVOK	T2	4764
02e94b70	HAVOK	T2	3796
02e95a44	HAVOK	T2	6232
02e9729c	HAVOK	T2	4320
02e9837c	HAVOK	T2	3936
02e992dc	HAVOK	T2	3492
02e9a080	HAVOK	T1	3704
02e9aef8	HAVOK	T2	1180
02e9b394	HAVOK	T2	584
02e9b5dc	HAVOK	T2	700
02e9b898	HAVOK	T2	2696
02e9c320	HAVOK	T2	12
02e9c32c	HAVOK	T2	408
02e9c4c4	HAVOK	T2	4
02e9c4c8	HAVOK	T2	336
02e9c618	HAVOK	T1	1112
02e9ca70	HAVOK	T2	9648
02e9f020	HAVOK	T2	928
02e9f2d4	HAVOK	T2	136
02e9f448	HAVOK	T2	152
02e9f4e0	HAVOK	T2	688
02e9f790	HAVOK	T1	492
02e9f97c	HAVOK	T2	104
02e9f9e4	HAVOK	T1	532
02e9fbf8	HAVOK	T2	944
02e9ffa8	HAVOK	T2	136
02ea0030	HAVOK	T2	1044
02ea03ac	HAVOK	T2	28
02ea0460	HAVOK	T1	836
02ea07a4	HAVOK	T1	528
02ea09b4	HAVOK	T2	480
02ea0b94	HAVOK	T2	180
02ea0c48	HAVOK	T2	280
02ea0d60	HAVOK	T2	172
02ea0e0c	HAVOK	T2	120
02ea0e84	HAVOK	T2	36
02ea0ea8	HAVOK	T2	100
02ea0f0c	HAVOK	T1	1596
02ea1548	HAVOK	T1	1292
02ea1a54	HAVOK	T2	480
02ea1c34	HAVOK	T2	180
02ea1ce8	HAVOK	T2	172
02ea1d94	HAVOK	T2	292
02ea1ec0	HAVOK	T2	104
02ea1f28	HAVOK	T2	84
02ea1f7c	HAVOK	T2	100
02ea1fe0	HAVOK	T2	840
02ea2330	HAVOK	T2	280
02ea2448	HAVOK	T2	168
02ea24f0	HAVOK	T2	100
02ea2554	HAVOK	T2	228
02ea2638	HAVOK	T2	268
02ea2744	HAVOK	T2	120
02ea27bc	HAVOK	T2	132
02ea2840	HAVOK	T2	308
02ea2974	HAVOK	T2	56
02ea29ac	HAVOK	T2	152
02ea2a44	HAVOK	T2	180
02ea2af8	HAVOK	T2	692
02ea2db4	HAVOK	T2	432
02ea2f64	HAVOK	T2	284
02ea3080	HAVOK	T2	20
02ea3094	HAVOK	T2	64
02ea30d4	HAVOK	T2	36
02ea30f8	HAVOK	T2	60
02ea3134	HAVOK	T2	416
02ea32d4	HAVOK	T2	208
02ea33a4	HAVOK	T2	12
02ea33b0	HAVOK	T1	1212
02ea386c	HAVOK	T2	972
02ea3c38	HAVOK	T2	232
02ea3d20	HAVOK	T2	360
02ea3e88	HAVOK	T2	180
02ea3f3c	HAVOK	T2	52
02ea3f70	HAVOK	T2	60
02ea3fac	HAVOK	T2	256
02ea40ac	HAVOK	T2	28
02ea40c8	HAVOK	T2	20
02ea40e0	HAVOK	T2	8
02ea40e8	HAVOK	T2	12
02ea40f4	HAVOK	T2	128
02ea4180	HAVOK	T2	1984
02ea4940	HAVOK	T2	804
02ea4cac	HAVOK	T2	140
02ea4d38	HAVOK	T2	2640
02ea5788	HAVOK	T2	492
02ea5974	HAVOK	T2	640
02ea5bf4	HAVOK	T2	356
02ea5d60	HAVOK	T2	2312
02ea6668	HAVOK	T2	480
02ea6848	HAVOK	T2	2764
02ea7314	HAVOK	T2	780
02ea7620	HAVOK	T2	3396
02ea8370	HAVOK	T2	3636
02ea91a4	HAVOK	T2	836
02ea94e8	HAVOK	T2	336
02ea9640	HAVOK	T2	4200
02eaa6a8	HAVOK	T2	416
02eaa850	HAVOK	T2	3520
02eab610	HAVOK	T2	2128
02eabe60	HAVOK	T2	1596
02eac49c	HAVOK	T2	272
02eac5b0	HAVOK	T2	2952
02ead140	HAVOK	T2	2344
02eada68	HAVOK	T2	136
02eadaf0	HAVOK	T1	2564
02eae4f4	HAVOK	T2	1520
02eaeae4	HAVOK	T1	1580
02eaf110	HAVOK	T2	704
02eaf3d0	HAVOK	T2	180
02eaf484	HAVOK	T2	84
02eaf4d8	HAVOK	T2	708
02eaf79c	HAVOK	T2	484
02eaf980	HAVOK	T2	4
02eaf984	HAVOK	T2	20
02eaf998	HAVOK	T2	300
02eafac4	HAVOK	T2	760
02eafdbc	HAVOK	T2	484
02eaffa0	HAVOK	T2	4
02eaffa4	HAVOK	T2	2024
02eb078c	HAVOK	T2	7060
02eb2320	HAVOK	T2	456
02eb24e8	HAVOK	T2	4
02eb24ec	HAVOK	T2	12
02eb24f8	HAVOK	T1	1416
02eb2a80	HAVOK	T1	1456
02eb3030	HAVOK	T1	3620
02eb3e54	HAVOK	T2	140
02eb3ee0	HAVOK	T2	1164
02eb436c	HAVOK	T2	4
02eb4370	HAVOK	T2	132
02eb43f4	HAVOK	T2	8
02eb43fc	HAVOK	T2	4
02eb4400	HAVOK	T2	320
02eb4540	HAVOK	T2	104
02eb45a8	HAVOK	T2	140
02eb4634	HAVOK	T2	1516
02eb4c20	HAVOK	T2	4
02eb4c24	HAVOK	T2	132
02eb4ca8	HAVOK	T2	8
02eb4cb0	HAVOK	T2	140
02eb4d3c	HAVOK	T2	140
02eb4dc8	HAVOK	T2	1392
02eb5338	HAVOK	T2	136
02eb53c0	HAVOK	T2	1768
02eb5aa8	HAVOK	T2	1328
02eb5fd8	HAVOK	T2	1700
02eb667c	HAVOK	T2	1392
02eb6bec	HAVOK	T2	2132
02eb7440	HAVOK	T2	1328
02eb7970	HAVOK	T2	2068
02eb8184	HAVOK	T2	136
02eb820c	HAVOK	T2	1576
02eb8834	HAVOK	T2	6712
02eba26c	HAVOK	T2	1696
02eba90c	HAVOK	T2	6848
02ebc3d0	HAVOK	T2	260
02ebc4d4	HAVOK	T2	108
02ebc540	HAVOK	T2	164
02ebc5e4	HAVOK	T2	152
02ebc67c	HAVOK	T2	176
02ebc72c	HAVOK	T2	420
02ebc8d0	HAVOK	T2	180
02ebc984	HAVOK	T2	88
02ebc9dc	HAVOK	T2	144
02ebca6c	HAVOK	T2	744
02ebcd54	HAVOK	T2	1576
02ebd37c	HAVOK	T2	28
02ebd398	HAVOK	T2	4
02ebd39c	HAVOK	T2	256
02ebd49c	HAVOK	T2	140
02ebd528	HAVOK	T2	104
02ebd590	HAVOK	T2	1008
02ebd980	HAVOK	T2	52
02ebd9b4	HAVOK	T2	2084
02ebe1d8	HAVOK	T2	88
02ebe230	HAVOK	T2	484
02ebe414	HAVOK	T2	2456
02ebedac	HAVOK	T2	88
02ebee04	HAVOK	T2	484
02ebefe8	HAVOK	T2	144
02ebf078	HAVOK	T2	300
02ebf1a4	HAVOK	T2	3952
02ec0114	HAVOK	T2	456
02ec02dc	HAVOK	T2	992
02ec06bc	HAVOK	T2	2280
02ec0fa4	HAVOK	T2	456
02ec116c	HAVOK	T2	12
02ec1180	HAVOK	T2	2708
02ec1c14	HAVOK	T2	1532
02ec2210	HAVOK	T2	1468
02ec27d0	HAVOK	T2	3712
02ec3650	HAVOK	T2	1900
02ec3dbc	HAVOK	T2	1840
02ec44ec	HAVOK	T2	2704
02ec4f7c	HAVOK	T2	2500
02ec5940	HAVOK	T1	840
02ec5c88	HAVOK	T2	48
02ec5cb8	HAVOK	T2	500
02ec5eac	HAVOK	T2	4320
02ec6f8c	HAVOK	T2	484
02ec7170	HAVOK	T1	2156
02ec79dc	HAVOK	T2	532
02ec7bf0	HAVOK	T2	144
02ec7c80	HAVOK	T2	4
02ec7c84	HAVOK	T1	1172
02ec8118	HAVOK	T2	9660
02eca6d4	HAVOK	T2	1024
02ecaad4	HAVOK	T2	156
02ecab70	HAVOK	T2	692
02ecae24	HAVOK	T2	400
02ecafb4	HAVOK	T2	104
02ecb01c	HAVOK	T2	480
02ecb1fc	HAVOK	T2	936
02ecb5a4	HAVOK	T2	1684
02ecbc38	HAVOK	T2	1188
02ecc0dc	HAVOK	T2	628
02ecc350	HAVOK	T2	768
02ecc650	HAVOK	T2	468
02ecc824	HAVOK	T2	1024
02eccc24	HAVOK	T2	3228
02ecd8c0	HAVOK	T2	88
02ecd918	HAVOK	T2	3172
02ece57c	HAVOK	T2	88
02ece5d4	HAVOK	T2	4336
02ecf6c4	HAVOK	T2	7224
02ed12fc	HAVOK	T2	4216
02ed2374	HAVOK	T2	4112
02ed3390	HAVOK	T2	6160
02ed4ba0	HAVOK	T2	5400
02ed60b8	HAVOK	T2	452
02ed627c	HAVOK	T2	452
02ed6440	HAVOK	T2	368
02ed65b0	HAVOK	T2	152
02ed6648	HAVOK	T2	156
02ed66e4	HAVOK	T2	68
02ed6728	HAVOK	T2	56
02ed6760	HAVOK	T2	348
02ed68bc	HAVOK	T2	448
02ed6a7c	HAVOK	T2	992
02ed6e5c	HAVOK	T2	48
02ed6e8c	HAVOK	T2	192
02ed6f4c	HAVOK	T2	172
02ed6ff8	HAVOK	T2	148
02ed708c	HAVOK	T2	152
02ed7124	HAVOK	T2	220
02ed7200	HAVOK	T2	20
02ed7214	HAVOK	T2	568
02ed744c	HAVOK	T2	52
02ed7480	HAVOK	T2	64
02ed74c0	HAVOK	T2	12
02ed74cc	HAVOK	T2	244
02ed75c0	HAVOK	T2	396
02ed774c	HAVOK	T2	48
02ed777c	HAVOK	T2	8
02ed7784	HAVOK	T2	424
02ed792c	HAVOK	T2	112
02ed799c	HAVOK	T2	168
02ed7a44	HAVOK	T2	60
02ed7a80	HAVOK	T2	60
02ed7abc	HAVOK	T2	20
02ed7ad0	HAVOK	T2	320
02ed7c10	HAVOK	T2	1184
02ed80b0	HAVOK	T2	1400
02ed8628	HAVOK	T2	20
02ed863c	HAVOK	T2	88
02ed8694	HAVOK	T2	16
02ed86a4	HAVOK	T2	12
02ed86b0	HAVOK	T2	384
02ed8830	HAVOK	T2	172
02ed88dc	HAVOK	T2	348
02ed8a38	HAVOK	T2	448
02ed8bf8	HAVOK	T2	360
02ed8d60	HAVOK	T2	324
02ed8ea4	HAVOK	T2	156
02ed8f40	HAVOK	T2	64
02ed8f80	HAVOK	T2	108
02ed8fec	HAVOK	T2	36
02ed9010	HAVOK	T2	52
02ed9044	HAVOK	T2	48
02ed9074	HAVOK	T2	20
02ed9088	HAVOK	T2	240
02ed9178	HAVOK	T2	48
02ed91a8	HAVOK	T2	892
02ed9524	HAVOK	T2	412
02ed96c0	HAVOK	T2	460
02ed988c	HAVOK	T2	12
02ed9898	HAVOK	T2	360
02ed9a00	HAVOK	T2	184
02ed9ab8	HAVOK	T2	4
02ed9abc	HAVOK	T2	348
02ed9c18	HAVOK	T2	448
02ed9dd8	HAVOK	T2	32
02ed9df8	HAVOK	T2	168
02ed9ea0	HAVOK	T2	48
02ed9ed0	HAVOK	T2	1484
02eda49c	HAVOK	T2	104
02eda504	HAVOK	T2	60
02eda540	HAVOK	T2	12
02eda54c	HAVOK	T2	504
02eda744	HAVOK	T2	372
02eda8b8	HAVOK	T2	308
02eda9ec	HAVOK	T2	76
02edaa38	HAVOK	T2	696
02edacf0	HAVOK	T2	348
02edae4c	HAVOK	T2	448
02edb00c	HAVOK	T2	388
02edb190	HAVOK	T2	32
02edb1b0	HAVOK	T2	240
02edb2a0	HAVOK	T2	260
02edb3a4	HAVOK	T2	156
02edb440	HAVOK	T2	60
02edb47c	HAVOK	T2	148
02edb510	HAVOK	T2	4
02edb514	HAVOK	T2	12
02edb520	HAVOK	T2	156
02edb5c0	HAVOK	T2	364
02edb72c	HAVOK	T2	348
02edb888	HAVOK	T2	1632
02edbee8	HAVOK	T2	336
02edc038	HAVOK	T2	584
02edc280	HAVOK	T1	2528
02edcc60	HAVOK	T1	1596
02edd29c	HAVOK	T2	5688
02ede8d4	HAVOK	T2	96
02ede934	HAVOK	T2	152
02ede9cc	HAVOK	T2	1320
02edeef4	HAVOK	T2	868
02edf258	HAVOK	T2	24
02edf270	HAVOK	T2	32
02edf290	HAVOK	T2	28
02edf2ac	HAVOK	T2	8
02edf2b4	HAVOK	T2	28
02edf2d0	HAVOK	T2	8
02edf2d8	HAVOK	T2	164
02edf37c	HAVOK	T2	8
02edf384	HAVOK	T2	72
02edf3cc	HAVOK	T2	28
02edf3e8	HAVOK	T2	8
02edf3f0	HAVOK	T2	328
02edf538	HAVOK	T2	1444
02edfadc	HAVOK	T2	40
02edfb04	HAVOK	T2	188
02edfbc0	HAVOK	T2	76
02edfc0c	HAVOK	T2	200
02edfcd4	HAVOK	T2	416
02edfe80	HAVOK	T2	384
02ee0000	HAVOK	T2	200
02ee00c8	HAVOK	T2	104
02ee0130	HAVOK	T2	68
02ee0174	HAVOK	T2	12
02ee0180	HAVOK	T2	200
02ee0248	HAVOK	T2	64
02ee0288	HAVOK	T2	76
02ee02d4	HAVOK	T2	76
02ee0320	HAVOK	T2	120
02ee0398	HAVOK	T2	5680
02ee19c8	HAVOK	T2	684
02ee1c74	HAVOK	T2	508
02ee1e70	HAVOK	T2	212
02ee1f44	HAVOK	T1	2364
02ee2880	HAVOK	T2	716
02ee2b50	HAVOK	T2	304
02ee2c80	HAVOK	T2	1672
02ee3310	HAVOK	T2	244
02ee3410	HAVOK	T2	380
02ee3590	HAVOK	T2	452
02ee3760	HAVOK	T2	688
02ee3a10	HAVOK	T2	892
02ee3d90	HAVOK	T2	400
02ee3f20	HAVOK	T2	952
02ee42e0	HAVOK	T2	1632
02ee4940	HAVOK	T2	568
02ee4b80	HAVOK	T2	608
02ee4de0	HAVOK	T2	396
02ee4f6c	HAVOK	T2	52
02ee4fa0	HAVOK	T2	328
02ee50e8	HAVOK	T2	160
02ee5188	HAVOK	T2	80
02ee51d8	HAVOK	T2	332
02ee5324	HAVOK	T2	124
02ee53a0	HAVOK	T2	336
02ee54f0	HAVOK	T2	896
02ee5870	HAVOK	T2	1284
02ee5d74	HAVOK	T2	384
02ee5ef4	HAVOK	T2	100
02ee5f58	HAVOK	T2	28
02ee5f74	HAVOK	T2	128
02ee5ff4	HAVOK	T2	552
02ee621c	HAVOK	T2	440
02ee63d4	HAVOK	T2	188
02ee6490	HAVOK	T2	40
02ee64b8	HAVOK	T2	232
02ee65a0	HAVOK	T2	176
02ee6650	HAVOK	T2	432
02ee6800	HAVOK	T2	596
02ee6a54	HAVOK	T2	6192
02ee8284	HAVOK	T2	20
02ee8298	HAVOK	T2	604
02ee84f4	HAVOK	T2	40
02ee851c	HAVOK	T2	952
02ee88d4	HAVOK	T2	204
02ee89a0	HAVOK	T2	4
02ee89a4	HAVOK	T2	12
02ee89b0	HAVOK	T2	428
02ee8b5c	HAVOK	T2	320
02ee8c9c	HAVOK	T2	8
02ee8ca4	HAVOK	T2	448
02ee8e64	HAVOK	T2	20
02ee8e78	HAVOK	T2	632
02ee90f0	HAVOK	T2	180
02ee91a4	HAVOK	T2	140
02ee9230	HAVOK	T2	104
02ee9298	HAVOK	T2	404
02ee942c	HAVOK	T2	76
02ee9478	HAVOK	T2	220
02ee9554	HAVOK	T2	24
02ee956c	HAVOK	T2	104
02ee95d4	HAVOK	T2	40
02ee95fc	HAVOK	T2	520
02ee9804	HAVOK	T2	40
02ee982c	HAVOK	T2	40
02ee9854	HAVOK	T2	40
02ee987c	HAVOK	T2	40
02ee98a4	HAVOK	T2	40
02ee98cc	HAVOK	T2	40
02ee98f4	HAVOK	T2	40
02ee991c	HAVOK	T2	40
02ee9944	HAVOK	T2	44
02ee9970	HAVOK	T2	40
02ee9998	HAVOK	T2	40
02ee99c0	HAVOK	T2	60
02ee99fc	HAVOK	T2	40
02ee9a24	HAVOK	T2	40
02ee9a4c	HAVOK	T2	40
02ee9a74	HAVOK	T2	40
02ee9a9c	HAVOK	T2	44
02ee9ac8	HAVOK	T2	40
02ee9af0	HAVOK	T2	40
02ee9b18	HAVOK	T2	40
02ee9b40	HAVOK	T2	164
02ee9be4	HAVOK	T2	68
02ee9c28	HAVOK	T2	8
02ee9c30	HAVOK	T2	28
02ee9c4c	HAVOK	T2	20
02ee9c60	HAVOK	T2	20
02ee9c74	HAVOK	T2	20
02ee9c88	HAVOK	T2	148
02ee9d1c	HAVOK	T2	336
02ee9e6c	HAVOK	T2	180
02ee9f20	HAVOK	T2	68
02ee9f64	HAVOK	T2	8
02ee9f6c	HAVOK	T2	20
02ee9f80	HAVOK	T2	68
02ee9fc4	HAVOK	T2	404
02eea158	HAVOK	T2	5816
02eea16c	HAVOK	T2	152
02eea204	HAVOK	T2	304
02eea334	HAVOK	T2	480
02eea514	HAVOK	T2	1128
02eea97c	HAVOK	T2	1228
02eeae48	HAVOK	T2	648
02eeb0d0	HAVOK	T2	1604
02eeb714	HAVOK	T2	684
02eeb9c0	HAVOK	T2	12
02eeb9cc	HAVOK	T2	368
02eebb40	HAVOK	T2	500
02eebd34	HAVOK	T2	80
02eebd84	HAVOK	T2	92
02eebde0	HAVOK	T2	1312
02eec300	HAVOK	T2	644
02eec584	HAVOK	T2	252
02eec680	HAVOK	T2	124
02eec6fc	HAVOK	T2	432
02eec8ac	HAVOK	T2	48
02eec8dc	HAVOK	T2	492
02eecac8	HAVOK	T2	280
02eecbe0	HAVOK	T2	12
02eecbec	HAVOK	T2	60
02eecc28	HAVOK	T2	4
02eecc2c	HAVOK	T1	644
02eeceb0	HAVOK	T2	620
02eed11c	HAVOK	T2	596
02eed370	HAVOK	T2	260
02eed474	HAVOK	T2	488
02eed65c	HAVOK	T2	92
02eed6b8	HAVOK	T2	64
02eed750	HAVOK	T2	80
02eed7a0	HAVOK	T2	452
02eed964	HAVOK	T2	8
02eed970	HAVOK	T2	24
02eed990	HAVOK	T2	96
02eed9f0	HAVOK	T2	716
02eedcbc	HAVOK	T2	356
02eede20	HAVOK	T2	424
02eedfc8	HAVOK	T2	424
02eee170	HAVOK	T2	424
02eee318	HAVOK	T2	424
02eee4c0	HAVOK	T2	424
02eee668	HAVOK	T2	424
02eee810	HAVOK	T2	424
02eee9b8	HAVOK	T2	424
02eeeb60	HAVOK	T2	424
02eeed08	HAVOK	T2	424
02eeeeb0	HAVOK	T2	424
02eef058	HAVOK	T2	424
02eef200	HAVOK	T2	424
02eef3a8	HAVOK	T2	424
02eef550	HAVOK	T2	424
02eef6f8	HAVOK	T2	424
02eef8a0	HAVOK	T2	424
02eefa48	HAVOK	T2	436
02eefbfc	HAVOK	T2	280
02eefd70	HAVOK	T2	116
02eefdf0	HAVOK	T2	84
02eefe44	HAVOK	T2	824
02ef017c	HAVOK	T2	68
02ef01c0	HAVOK	T2	216
02ef0298	HAVOK	T2	44
02ef02c4	HAVOK	T2	12
02ef02d0	HAVOK	T2	12
02ef02dc	HAVOK	T2	12
02ef02e8	HAVOK	T2	12
02ef02f4	HAVOK	T2	12
02ef0300	HAVOK	T2	12
02ef030c	HAVOK	T2	12
02ef0318	HAVOK	T2	12
02ef0324	HAVOK	T2	12
02ef0330	HAVOK	T2	12
02ef033c	HAVOK	T2	12
02ef0348	HAVOK	T2	12
02ef0354	HAVOK	T2	12
02ef0360	HAVOK	T2	12
02ef036c	HAVOK	T2	12
02ef0378	HAVOK	T2	12
02ef0384	HAVOK	T2	12
02ef0390	HAVOK	T2	12
02ef039c	HAVOK	T2	12
02ef03a8	HAVOK	T2	12
02ef03b4	HAVOK	T2	12
02ef03c0	HAVOK	T2	84
02ef0414	HAVOK	T2	72
02ef045c	HAVOK	T2	76
02ef04a8	HAVOK	T1	452
02ef073c	HAVOK	T2	12
02ef0750	HAVOK	T2	12
02ef0760	HAVOK	T2	12
02ef0770	HAVOK	T2	12
02ef0780	HAVOK	T2	12
02ef0790	HAVOK	T2	12
02ef07a0	HAVOK	T2	12
02ef07ac	HAVOK	T2	348
02ef0908	HAVOK	T2	448
02ef0ac8	HAVOK	T2	140
02ef0b54	HAVOK	T2	108
02ef0bc0	HAVOK	T2	56
02ef0bf8	HAVOK	T2	136
02ef0c80	HAVOK	T2	48
02ef0cb0	HAVOK	T2	12
02ef0cbc	HAVOK	T2	8
02ef0cc4	HAVOK	T2	344
02ef0e1c	HAVOK	T2	972
02ef11e8	HAVOK	T2	1836
02ef1914	HAVOK	T2	12
02ef1920	HAVOK	T2	4
02ef1924	HAVOK	T2	228
02ef1a08	HAVOK	T2	224
02ef1ae8	HAVOK	T2	260
02ef1bec	HAVOK	T2	428
02ef1d98	HAVOK	T2	180
02ef1e50	HAVOK	T2	204
02ef1f1c	HAVOK	T2	868
02ef2280	HAVOK	T2	280
02ef2398	HAVOK	T2	404
02ef252c	HAVOK	T2	180
02ef25e0	HAVOK	T2	40
02ef2608	HAVOK	T2	184
02ef26c0	HAVOK	T2	184
02ef2778	HAVOK	T2	184
02ef2830	HAVOK	T2	104
02ef2898	HAVOK	T2	8
02ef28a0	HAVOK	T2	304
02ef29d0	HAVOK	T2	20
02ef29e4	HAVOK	T2	12
02ef29f0	HAVOK	T2	16
02ef2a00	HAVOK	T2	196
02ef2ac4	HAVOK	T2	12
02ef2ad0	HAVOK	T1	372
02ef2cfc	HAVOK	T2	700
02ef2fb8	HAVOK	T2	1200
02ef351c	HAVOK	T2	960
02ef38dc	HAVOK	T2	144
02ef396c	HAVOK	T2	160
02ef3a0c	HAVOK	T2	300
02ef3b38	HAVOK	T2	20
02ef3b4c	HAVOK	T2	8
02ef3b54	HAVOK	T2	4
02ef3b58	HAVOK	T2	12
02ef3b64	HAVOK	T2	88
02ef3bbc	HAVOK	T1	556
02ef3eac	HAVOK	T2	244
02ef3fa0	HAVOK	T2	180
02ef4054	HAVOK	T2	16
02ef4064	HAVOK	T2	168
02ef410c	HAVOK	T2	20
02ef4120	HAVOK	T2	300
02ef424c	HAVOK	T2	64
02ef428c	HAVOK	T2	180
02ef4340	HAVOK	T2	3484
02ef50dc	HAVOK	T2	244
02ef51d0	HAVOK	T2	244
02ef52c4	HAVOK	T2	100
02ef5328	HAVOK	T2	4
02ef532c	HAVOK	T2	12
02ef5338	HAVOK	T2	140
02ef53c4	HAVOK	T2	1568
02ef59e4	HAVOK	T2	140
02ef5a70	HAVOK	T2	1756
02ef614c	HAVOK	T2	40
02ef6174	HAVOK	T2	164
02ef6218	HAVOK	T2	148
02ef62ac	HAVOK	T2	104
02ef6314	HAVOK	T2	180
02ef63c8	HAVOK	T2	4
02ef63cc	HAVOK	T2	60
02ef6408	HAVOK	T2	32
02ef6428	HAVOK	T2	24
02ef6440	HAVOK	T2	104
02ef64a8	HAVOK	T1	1500
02ef6a84	HAVOK	T2	520
02ef6c8c	HAVOK	T2	1840
02ef73bc	HAVOK	T2	216
02ef7494	HAVOK	T2	80
02ef74e4	HAVOK	T2	48
02ef7514	HAVOK	T2	292
02ef7638	HAVOK	T2	88
02ef7690	HAVOK	T2	100
02ef76f4	HAVOK	T2	1268
02ef7be8	HAVOK	T2	1232
02ef80b8	HAVOK	T2	180
02ef816c	HAVOK	T2	8
02ef8174	HAVOK	T2	60
02ef81b0	HAVOK	T2	52
02ef81e4	HAVOK	T2	388
02ef8368	HAVOK	T2	20
02ef837c	HAVOK	T2	164
02ef8420	HAVOK	T2	208
02ef84f0	HAVOK	T2	216
02ef85c8	HAVOK	T2	216
02ef86a0	HAVOK	T2	216
02ef8778	HAVOK	T2	72
02ef87c0	HAVOK	T2	8
02ef87c8	HAVOK	T2	4
02ef87cc	HAVOK	T2	12
02ef87d8	HAVOK	T2	164
02ef887c	HAVOK	T2	68
02ef88c0	HAVOK	T2	8
02ef88c8	HAVOK	T2	28
02ef88e4	HAVOK	T2	20
02ef88f8	HAVOK	T2	20
02ef890c	HAVOK	T2	20
02ef8920	HAVOK	T2	40
02ef8948	HAVOK	T2	340
02ef8a9c	HAVOK	T2	180
02ef8b50	HAVOK	T2	80
02ef8ba0	HAVOK	T2	120
02ef8c18	HAVOK	T2	376
02ef8d90	HAVOK	T2	20
02ef8da4	HAVOK	T2	4
02ef8da8	HAVOK	T2	4
02ef8dac	HAVOK	T2	4
02ef8db0	HAVOK	T2	4
02ef8db4	HAVOK	T2	12
02ef8dc0	HAVOK	T2	56
02ef8df8	HAVOK	T2	152
02ef8e90	HAVOK	T2	192
02ef8f50	HAVOK	T2	20
02ef8f64	HAVOK	T2	8
02ef8f6c	HAVOK	T2	92
02ef8fc8	HAVOK	T2	72
02ef9010	HAVOK	T2	4
02ef9014	HAVOK	T2	60
02ef9050	HAVOK	T2	60
02ef908c	HAVOK	T2	64
02ef90cc	HAVOK	T2	56
02ef9104	HAVOK	T2	56
02ef913c	HAVOK	T2	60
02ef9178	HAVOK	T2	60
02ef91b4	HAVOK	T2	56
02ef91ec	HAVOK	T2	60
02ef9228	HAVOK	T2	56
02ef9260	HAVOK	T2	56
02ef9298	HAVOK	T2	72
02ef92e0	HAVOK	T2	16
02ef92f0	HAVOK	T2	60
02ef932c	HAVOK	T2	56
02ef9364	HAVOK	T2	96
02ef93c4	HAVOK	T2	28
02ef93e0	HAVOK	T2	56
02ef9418	HAVOK	T2	56
02ef9450	HAVOK	T2	20
02ef9464	HAVOK	T2	56
02ef949c	HAVOK	T2	4
02ef94a0	HAVOK	T2	56
02ef94d8	HAVOK	T2	56
02ef9510	HAVOK	T2	12
02ef951c	HAVOK	T2	4
02ef9520	HAVOK	T2	8
02ef9528	HAVOK	T2	8
02ef9530	HAVOK	T2	56
02ef9568	HAVOK	T2	60
02ef95a4	HAVOK	T2	56
02ef95dc	HAVOK	T2	60
02ef9618	HAVOK	T2	60
02ef9654	HAVOK	T2	72
02ef969c	HAVOK	T2	8
02ef96a4	HAVOK	T2	140
02ef9730	HAVOK	T2	124
02ef97ac	HAVOK	T2	144
02ef983c	HAVOK	T2	8
02ef9844	HAVOK	T2	76
02ef9890	HAVOK	T2	36
02ef98b4	HAVOK	T2	68
02ef98f8	HAVOK	T2	192
02ef99b8	HAVOK	T2	128
02ef9a38	HAVOK	T2	8
02ef9a40	HAVOK	T1	804
02ef9d64	HAVOK	T2	92
02ef9dc0	HAVOK	T2	1092
02efa204	HAVOK	T2	1284
02efa710	HAVOK	T2	1876
02efb13c	HAVOK	T1	3104
02efbd5c	HAVOK	T2	188
02efbe18	HAVOK	T2	148
02efbeac	HAVOK	T2	272
02efbfbc	HAVOK	T2	272
02efc0cc	HAVOK	T2	368
02efc23c	HAVOK	T2	576
02efc47c	HAVOK	T2	1748
02efcb50	HAVOK	T2	1732
02efd214	HAVOK	T2	144
02efd2a4	HAVOK	T2	164
02efd348	HAVOK	T2	56
02efd380	HAVOK	T2	1544
02efd988	HAVOK	T2	1044
02efdd9c	HAVOK	T2	1136
02efe20c	HAVOK	T2	456
02efe3d4	HAVOK	T2	416
02efe574	HAVOK	T2	924
02efe910	HAVOK	T2	636
02efeb8c	HAVOK	T2	136
02efec14	HAVOK	T2	56
02efec4c	HAVOK	T2	564
02efee80	HAVOK	T2	156
02efef1c	HAVOK	T2	132
02efefa0	HAVOK	T2	112
02eff010	HAVOK	T2	416
02eff1b0	HAVOK	T2	416
02eff350	HAVOK	T2	300
02eff47c	HAVOK	T2	1532
02effa78	HAVOK	T2	952
02effe30	HAVOK	T1	3796
02f00d04	HAVOK	T2	188
02f00dc0	HAVOK	T2	104
02f00e28	HAVOK	T2	236
02f00f14	HAVOK	T2	1692
02f015bc	HAVOK	T2	340
02f01710	HAVOK	T2	476
02f018ec	HAVOK	T2	164
02f01990	HAVOK	T2	244
02f01a84	HAVOK	T2	700
02f01d40	HAVOK	T2	640
02f01fc0	HAVOK	T2	48
02f01ff0	HAVOK	T2	828
02f02330	HAVOK	T2	68
02f02374	HAVOK	T2	192
02f02434	HAVOK	T2	300
02f02560	HAVOK	T2	12
02f0256c	HAVOK	T2	200
02f02634	HAVOK	T2	64
02f02674	HAVOK	T2	76
02f026c0	HAVOK	T2	76
02f0270c	HAVOK	T2	204
02f027d8	HAVOK	T2	188
02f02894	HAVOK	T2	88
02f028ec	HAVOK	T2	196
02f029b0	HAVOK	T2	336
02f02b00	HAVOK	T2	132
02f02b84	HAVOK	T2	444
02f02d40	HAVOK	T2	144
02f02dd0	HAVOK	T2	140
02f02e5c	HAVOK	T2	300
02f02f88	HAVOK	T2	1660
02f03604	HAVOK	T2	1028
02f03a08	HAVOK	T2	440
02f03bc0	HAVOK	T2	288
02f03ce0	HAVOK	T2	440
02f03e98	HAVOK	T2	228
02f03f7c	HAVOK	T2	148
02f04010	HAVOK	T2	172
02f040bc	HAVOK	T2	152
02f04154	HAVOK	T2	324
02f04298	HAVOK	T2	188
02f04354	HAVOK	T2	144
02f043e4	HAVOK	T2	816
02f04714	HAVOK	T2	184
02f047cc	HAVOK	T2	164
02f04870	HAVOK	T2	168
02f04918	HAVOK	T2	1364
02f04e6c	HAVOK	T2	240
02f04f5c	HAVOK	T2	268
02f05068	HAVOK	T2	828
02f053a4	HAVOK	T2	16
02f053b4	HAVOK	T2	124
02f05430	HAVOK	T2	124
02f054ac	HAVOK	T2	192
02f0556c	HAVOK	T2	300
02f05698	HAVOK	T2	188
02f05754	HAVOK	T2	160
02f057f4	HAVOK	T2	368
02f05964	HAVOK	T2	76
02f059b0	HAVOK	T2	32
02f059d0	HAVOK	T2	140
02f05a5c	HAVOK	T2	40
02f05a84	HAVOK	T2	792
02f05d9c	HAVOK	T2	320
02f05edc	HAVOK	T2	332
02f06028	HAVOK	T2	56
02f06060	HAVOK	T2	940
02f06410	HAVOK	T2	120
02f06490	HAVOK	T2	160
02f06530	HAVOK	T2	2572
02f06f40	HAVOK	T2	424
02f070f0	HAVOK	T2	940
02f074a0	HAVOK	T2	112
02f07510	HAVOK	T2	196
02f075d4	HAVOK	T2	220
02f076b0	HAVOK	T2	4
02f076b4	HAVOK	T2	124
02f07730	HAVOK	T2	248
02f07828	HAVOK	T2	364
02f07994	HAVOK	T2	24
02f079ac	HAVOK	T2	16
02f079bc	HAVOK	T2	112
02f07a2c	HAVOK	T2	376
02f07ba4	HAVOK	T2	176
02f07c54	HAVOK	T2	16
02f07c64	HAVOK	T2	32
02f07c84	HAVOK	T2	36
02f07ca8	HAVOK	T2	172
02f07d54	HAVOK	T2	264
02f07e5c	HAVOK	T2	136
02f07ee4	HAVOK	T2	96
02f07f44	HAVOK	T2	708
02f08208	HAVOK	T2	64
02f08248	HAVOK	T2	8
02f08250	HAVOK	T2	24
02f08270	HAVOK	T2	96
02f082d0	HAVOK	T2	2744
02f08d90	HAVOK	T2	84
02f08de4	HAVOK	T2	220
02f08ec0	HAVOK	T2	200
02f08f88	HAVOK	T2	12
02f08f94	HAVOK	T2	12
02f08fa0	HAVOK	T2	12
02f08fac	HAVOK	T2	12
02f08fb8	HAVOK	T2	12
02f08fc4	HAVOK	T2	12
02f08fd0	HAVOK	T2	12
02f08fdc	HAVOK	T2	12
02f08fe8	HAVOK	T2	12
02f08ff4	HAVOK	T2	12
02f09000	HAVOK	T2	12
02f0900c	HAVOK	T2	12
02f09018	HAVOK	T2	12
02f09024	HAVOK	T2	12
02f09030	HAVOK	T2	12
02f0903c	HAVOK	T2	12
02f09048	HAVOK	T2	12
02f09054	HAVOK	T2	12
02f09060	HAVOK	T2	12
02f0906c	HAVOK	T2	12
02f09078	HAVOK	T2	12
02f09090	HAVOK	T2	116
02f09104	HAVOK	T2	44
02f09130	HAVOK	T2	48
02f09160	HAVOK	T2	60
02f0919c	HAVOK	T2	44
02f091c8	HAVOK	T2	44
02f091f4	HAVOK	T2	48
02f09224	HAVOK	T2	48
02f09254	HAVOK	T2	52
02f09288	HAVOK	T2	52
02f092bc	HAVOK	T2	44
02f092e8	HAVOK	T2	44
02f09314	HAVOK	T2	44
02f09340	HAVOK	T2	8
02f09348	HAVOK	T2	28
02f09364	HAVOK	T2	44
02f09390	HAVOK	T2	48
02f093c0	HAVOK	T2	72
02f09408	HAVOK	T2	116
02f0947c	HAVOK	T2	20
02f09490	HAVOK	T2	32
02f094b0	HAVOK	T2	8
02f094b8	HAVOK	T2	8
02f094c0	HAVOK	T2	8
02f094c8	HAVOK	T2	24
02f094e0	HAVOK	T2	28
02f094fc	HAVOK	T2	8
02f09504	HAVOK	T2	288
02f09624	HAVOK	T2	16
02f09634	HAVOK	T2	32
02f09654	HAVOK	T2	32
02f09674	HAVOK	T2	40
02f0969c	HAVOK	T2	116
02f09710	HAVOK	T2	136
02f09798	HAVOK	T2	512
02f09998	HAVOK	T2	28
02f099b4	HAVOK	T2	24
02f099cc	HAVOK	T2	84
02f09a20	HAVOK	T2	248
02f09b18	HAVOK	T2	16
02f09b28	HAVOK	T2	32
02f09b48	HAVOK	T2	36
02f09b6c	HAVOK	T2	88
02f09bc4	HAVOK	T2	616
02f09ec4	HAVOK	T2	4
02f09ec8	HAVOK	T2	544
02f0a0e8	HAVOK	T2	388
02f0a26c	HAVOK	T2	1916
02f0a9e8	HAVOK	T2	360
02f0ab50	HAVOK	T2	180
02f0ac04	HAVOK	T2	380
02f0ad80	HAVOK	T2	92
02f0addc	HAVOK	T2	16
02f0adec	HAVOK	T2	148
02f0ae80	HAVOK	T2	1276
02f0b37c	HAVOK	T2	16
02f0b38c	HAVOK	T2	52
02f0b3c0	HAVOK	T2	76
02f0b410	HAVOK	T1	392
02f0b640	HAVOK	T1	384
02f0b870	HAVOK	T1	440
02f0bae0	HAVOK	T1	472
02f0bcb8	HAVOK	T2	60
02f0bd70	HAVOK	T1	532
02f0c040	HAVOK	T1	424
02f0c2a0	HAVOK	T1	436
02f0c510	HAVOK	T1	408
02f0c760	HAVOK	T1	424
02f0c9c0	HAVOK	T1	476
02f0cb9c	HAVOK	T2	60
02f0cc50	HAVOK	T1	400
02f0ce90	HAVOK	T1	420
02f0d0f0	HAVOK	T1	460
02f0d2bc	HAVOK	T2	60
02f0d370	HAVOK	T1	460
02f0d53c	HAVOK	T2	60
02f0d5e8	HAVOK	T2	80
02f0d638	HAVOK	T2	164
02f0d6e0	HAVOK	T2	100
02f0d750	HAVOK	T2	52
02f0d790	HAVOK	T2	148
02f0d830	HAVOK	T2	52
02f0d864	HAVOK	T1	444
02f0da20	HAVOK	T2	176
02f0dad0	HAVOK	T2	160
02f0db70	HAVOK	T2	264
02f0dc78	HAVOK	T2	136
02f0dd00	HAVOK	T2	124
02f0dd7c	HAVOK	T2	88
02f0ddd4	HAVOK	T2	124
02f0de50	HAVOK	T2	60
02f0de8c	HAVOK	T2	116
02f0df00	HAVOK	T2	132
02f0df84	HAVOK	T2	596
02f0e1d8	HAVOK	T2	428
02f0e384	HAVOK	T2	24
02f0e39c	HAVOK	T2	16
02f0e3ac	HAVOK	T2	140
02f0e438	HAVOK	T2	748
02f0e724	HAVOK	T2	132
02f0e7a8	HAVOK	T2	180
02f0e85c	HAVOK	T2	16
02f0e86c	HAVOK	T2	32
02f0e88c	HAVOK	T2	36
02f0e8b0	HAVOK	T2	184
02f0e968	HAVOK	T2	116
02f0e9dc	HAVOK	T2	128
02f0ea5c	HAVOK	T2	68
02f0eaa0	HAVOK	T2	32
02f0eac0	HAVOK	T2	8
02f0eac8	HAVOK	T2	8
02f0ead0	HAVOK	T2	8
02f0ead8	HAVOK	T2	24
02f0eaf0	HAVOK	T2	28
02f0eb0c	HAVOK	T2	8
02f0eb14	HAVOK	T2	248
02f0ec0c	HAVOK	T2	16
02f0ec1c	HAVOK	T2	32
02f0ec3c	HAVOK	T2	32
02f0ec5c	HAVOK	T2	84
02f0ecb0	HAVOK	T2	112
02f0ed20	HAVOK	T2	24
02f0ed38	HAVOK	T2	24
02f0ed50	HAVOK	T2	36
02f0ed74	HAVOK	T2	256
02f0ee74	HAVOK	T2	176
02f0ef24	HAVOK	T2	40
02f0ef4c	HAVOK	T2	4
02f0ef50	HAVOK	T2	200
02f0f018	HAVOK	T2	104
02f0f080	HAVOK	T2	124
02f0f0fc	HAVOK	T2	248
02f0f1f4	HAVOK	T2	364
02f0f360	HAVOK	T2	24
02f0f378	HAVOK	T2	16
02f0f388	HAVOK	T2	100
02f0f3ec	HAVOK	T2	376
02f0f564	HAVOK	T2	144
02f0f5f4	HAVOK	T2	192
02f0f6b4	HAVOK	T2	84
02f0f708	HAVOK	T2	24
02f0f720	HAVOK	T2	24
02f0f738	HAVOK	T2	36
02f0f75c	HAVOK	T2	324
02f0f8a0	HAVOK	T2	132
02f0f924	HAVOK	T2	40
02f0f94c	HAVOK	T2	128
02f0f9cc	HAVOK	T2	116
02f0fa40	HAVOK	T2	248
02f0fb38	HAVOK	T2	24
02f0fb50	HAVOK	T2	16
02f0fb60	HAVOK	T2	8
02f0fb68	HAVOK	T2	40
02f0fb90	HAVOK	T2	112
02f0fc00	HAVOK	T2	24
02f0fc18	HAVOK	T2	28
02f0fc34	HAVOK	T2	84
02f0fc88	HAVOK	T2	256
02f0fd88	HAVOK	T2	8
02f0fd90	HAVOK	T2	40
02f0fdb8	HAVOK	T2	108
02f0fe24	HAVOK	T2	124
02f0fea0	HAVOK	T2	248
02f0ff98	HAVOK	T2	124
02f10014	HAVOK	T2	32
02f10034	HAVOK	T2	16
02f10044	HAVOK	T2	1128
02f104ac	HAVOK	T2	48
02f104dc	HAVOK	T2	540
02f106f8	HAVOK	T2	16
02f10710	HAVOK	T2	24
02f10728	HAVOK	T2	16
02f10738	HAVOK	T2	16
02f10748	HAVOK	T2	12
02f10754	HAVOK	T2	88
02f107ac	HAVOK	T2	116
02f10820	HAVOK	T2	316
02f1095c	HAVOK	T2	24
02f10974	HAVOK	T2	24
02f1098c	HAVOK	T2	84
02f109e0	HAVOK	T2	256
02f10ae0	HAVOK	T2	92
02f10b3c	HAVOK	T2	40
02f10b64	HAVOK	T2	116
02f10bd8	HAVOK	T2	24
02f10bf0	HAVOK	T2	16
02f10c00	HAVOK	T2	84
02f10c54	HAVOK	T2	256
02f10d54	HAVOK	T2	8
02f10d5c	HAVOK	T2	40
02f10d84	HAVOK	T2	124
02f10e00	HAVOK	T2	140
02f10e8c	HAVOK	T2	248
02f10f84	HAVOK	T2	24
02f10f9c	HAVOK	T2	16
02f10fac	HAVOK	T2	8
02f10fb4	HAVOK	T2	40
02f10fdc	HAVOK	T2	168
02f11084	HAVOK	T2	84
02f110d8	HAVOK	T2	672
02f11378	HAVOK	T2	24
02f11390	HAVOK	T2	28
02f113ac	HAVOK	T2	188
02f11468	HAVOK	T2	256
02f11568	HAVOK	T2	136
02f115f0	HAVOK	T2	160
02f11690	HAVOK	T2	64
02f116d0	HAVOK	T2	36
02f116f4	HAVOK	T2	352
02f11854	HAVOK	T2	12
02f11860	HAVOK	T2	24
02f11878	HAVOK	T2	96
02f118d8	HAVOK	T2	36
02f118fc	HAVOK	T2	4
02f11900	HAVOK	T2	220
02f119dc	HAVOK	T2	124
02f11a58	HAVOK	T2	124
02f11ad4	HAVOK	T2	248
02f11bcc	HAVOK	T2	24
02f11be4	HAVOK	T2	16
02f11bf4	HAVOK	T2	156
02f11c90	HAVOK	T2	368
02f11e00	HAVOK	T2	224
02f11ee0	HAVOK	T2	232
02f11fc8	HAVOK	T2	164
02f1206c	HAVOK	T2	68
02f120b0	HAVOK	T2	24
02f120c8	HAVOK	T2	28
02f120e4	HAVOK	T2	8
02f120ec	HAVOK	T2	248
02f121e4	HAVOK	T2	32
02f12204	HAVOK	T2	84
02f12258	HAVOK	T2	216
02f12330	HAVOK	T2	124
02f123ac	HAVOK	T2	248
02f124a4	HAVOK	T2	40
02f124cc	HAVOK	T2	44
02f124f8	HAVOK	T2	40
02f12520	HAVOK	T2	20
02f12534	HAVOK	T2	20
02f12548	HAVOK	T2	40
02f12570	HAVOK	T2	40
02f12598	HAVOK	T2	88
02f125f0	HAVOK	T2	28
02f1260c	HAVOK	T2	8
02f12614	HAVOK	T2	40
02f1263c	HAVOK	T2	268
02f12748	HAVOK	T2	4
02f1274c	HAVOK	T2	100
02f127b0	HAVOK	T2	40
02f127d8	HAVOK	T2	80
02f12828	HAVOK	T2	64
02f12868	HAVOK	T2	236
02f12954	HAVOK	T2	248
02f12a4c	HAVOK	T2	4
02f12a50	HAVOK	T2	80
02f12aa0	HAVOK	T2	244
02f12b94	HAVOK	T2	380
02f12d10	HAVOK	T2	1256
02f131f8	HAVOK	T2	1620
02f1384c	HAVOK	T2	144
02f138dc	HAVOK	T2	964
02f13ca0	HAVOK	T2	180
02f13d54	HAVOK	T2	768
02f14054	HAVOK	T2	196
02f14118	HAVOK	T2	372
02f1428c	HAVOK	T2	196
02f14350	HAVOK	T2	216
02f14428	HAVOK	T2	592
02f14678	HAVOK	T2	160
02f14718	HAVOK	T2	464
02f148e8	HAVOK	T2	688
02f14b98	HAVOK	T2	364
02f14d04	HAVOK	T2	336
02f14e54	HAVOK	T2	2120
02f1569c	HAVOK	T2	184
02f15754	HAVOK	T2	152
02f157ec	HAVOK	T2	472
02f159c4	HAVOK	T2	156
02f15a60	HAVOK	T1	768
02f15d60	HAVOK	T2	4
02f15d64	HAVOK	T2	656
02f15ff4	HAVOK	T2	640
02f16274	HAVOK	T2	104
02f162dc	HAVOK	T2	140
02f16368	HAVOK	T2	424
02f16510	HAVOK	T2	124
02f1658c	HAVOK	T2	212
02f16660	HAVOK	T2	276
02f16774	HAVOK	T2	484
02f16958	HAVOK	T2	740
02f16c3c	HAVOK	T2	160
02f16cdc	HAVOK	T2	144
02f16d6c	HAVOK	T2	784
02f1707c	HAVOK	T2	192
02f1713c	HAVOK	T2	324
02f17280	HAVOK	T2	1188
02f17724	HAVOK	T2	504
02f1791c	HAVOK	T2	164
02f179c0	HAVOK	T2	268
02f17acc	HAVOK	T2	380
02f17c48	HAVOK	T2	524
02f17e54	HAVOK	T2	60
02f17e90	HAVOK	T2	480
02f18070	HAVOK	T2	1464
02f18628	HAVOK	T2	1060
02f18a4c	HAVOK	T2	836
02f18d90	HAVOK	T2	544
02f18fb0	HAVOK	T2	316
02f190ec	HAVOK	T2	452
02f192b0	HAVOK	T2	2484
02f19c64	HAVOK	T2	3416
02f1a9bc	HAVOK	T2	1752
02f1b094	HAVOK	T2	800
02f1b3b4	HAVOK	T1	1640
02f1ba1c	HAVOK	T2	1152
02f1be9c	HAVOK	T2	680
02f1c144	HAVOK	T2	344
02f1c29c	HAVOK	T2	192
02f1c35c	HAVOK	T2	164
02f1c400	HAVOK	T2	2176
02f1cc80	HAVOK	T2	1140
02f1d0f4	HAVOK	T2	32
02f1d114	HAVOK	T2	32
02f1d134	HAVOK	T2	1216
02f1d5f4	HAVOK	T2	452
02f1d7b8	HAVOK	T2	136
02f1d840	HAVOK	T2	300
02f1d96c	HAVOK	T2	172
02f1da18	HAVOK	T2	172
02f1dac4	HAVOK	T2	136
02f1db4c	HAVOK	T2	740
02f1de30	HAVOK	T2	416
02f1dfd0	HAVOK	T2	1216
02f1e490	HAVOK	T2	400
02f1e620	HAVOK	T2	284
02f1e73c	HAVOK	T2	60
02f1e778	HAVOK	T2	2880
02f1f2c0	HAVOK	T2	224
02f1f3a0	HAVOK	T2	276
02f1f4c0	HAVOK	T2	300
02f1f5f0	HAVOK	T2	304
02f1f720	HAVOK	T2	304
02f1f850	HAVOK	T2	372
02f1f9d0	HAVOK	T2	36
02f1fa00	HAVOK	T2	4
02f1fa10	HAVOK	T2	13672
02f22f80	HAVOK	T2	4456
02f24300	HAVOK	T2	424
02f244b0	HAVOK	T2	244
02f245b0	HAVOK	T2	96
02f24610	HAVOK	T2	56
02f24648	HAVOK	T2	540
02f24864	HAVOK	T2	332
02f249b0	HAVOK	T2	252
02f24aac	HAVOK	T2	168
02f24b54	HAVOK	T2	292
02f24ce0	HAVOK	T2	4
02f24cf0	HAVOK	T2	20
02f24d10	HAVOK	T2	48
02f24d40	HAVOK	T2	48
02f24d70	HAVOK	T2	8
02f24d80	HAVOK	T2	28
02f24da0	HAVOK	T2	28
02f24dc0	HAVOK	T2	16
02f24de0	HAVOK	T2	4
02f24df0	HAVOK	T2	16
02f24e00	HAVOK	T2	4
02f24e10	HAVOK	T2	8
02f24e18	HAVOK	T2	36
02f24e3c	HAVOK	T2	24
02f24e54	HAVOK	T2	20
02f24e68	HAVOK	T2	32
02f24eb8	HAVOK	T2	68
02f24efc	HAVOK	T2	548
02f25120	HAVOK	T2	1504
02f25700	HAVOK	T2	152
02f25814	HAVOK	T2	16
02f25824	HAVOK	T2	72
02f25870	HAVOK	T2	2532
02f26260	HAVOK	T2	752
02f26550	HAVOK	T2	108
02f265bc	HAVOK	T2	1060
02f269e0	HAVOK	T2	4436
02f27b40	HAVOK	T2	828
02f27e80	HAVOK	T2	824
02f281b8	HAVOK	T2	1424
02f28748	HAVOK	T2	232
02f28830	HAVOK	T2	10260
02f2b044	HAVOK	T2	216
02f2b11c	HAVOK	T2	40
02f2b144	HAVOK	T2	216
02f2b21c	HAVOK	T2	36
02f2b240	HAVOK	T2	216
02f2b318	HAVOK	T2	4
02f2b31c	HAVOK	T2	216
02f2b3f4	HAVOK	T2	136
02f2b47c	HAVOK	T2	216
02f2b554	HAVOK	T2	76
02f2b5a0	HAVOK	T2	7628
02f2d36c	HAVOK	T2	192
02f2d42c	HAVOK	T2	192
02f2d4ec	HAVOK	T2	192
02f2d5ac	HAVOK	T2	192
02f2d66c	HAVOK	T2	36
02f2d690	HAVOK	T2	180
02f2d744	HAVOK	T2	180
02f2d7f8	HAVOK	T2	204
02f2d8c4	HAVOK	T2	204
02f2d990	HAVOK	T2	204
02f2da5c	HAVOK	T2	204
02f2db28	HAVOK	T2	252
02f2dc24	HAVOK	T2	8
02f2dc2c	HAVOK	T2	112
02f2dc9c	HAVOK	T2	8
02f2dca4	HAVOK	T2	100
02f2dd08	HAVOK	T2	100
02f2dd6c	HAVOK	T2	268
02f2de78	HAVOK	T2	248
02f2df70	HAVOK	T2	1260
02f2e45c	HAVOK	T2	12
02f2e468	HAVOK	T2	768
02f2e768	HAVOK	T2	1020
02f2eb64	HAVOK	T2	468
02f2ed38	HAVOK	T2	1000
02f2f120	HAVOK	T2	196
02f2f1e4	HAVOK	T2	240
02f2f2d4	HAVOK	T2	480
02f2f4b4	HAVOK	T2	256
02f2f5b4	HAVOK	T2	4500
02f30748	HAVOK	T2	1968
02f30ef8	HAVOK	T2	1612
02f31544	HAVOK	T2	684
02f317f0	HAVOK	T2	440
02f319a8	HAVOK	T2	868
02f31d0c	HAVOK	T2	212
02f31de0	HAVOK	T2	28
02f31dfc	HAVOK	T2	884
02f32170	HAVOK	T2	196
02f32234	HAVOK	T2	8
02f3223c	HAVOK	T2	556
02f32468	HAVOK	T2	8
02f32470	HAVOK	T2	3688
02f332d8	HAVOK	T2	8
02f332e0	HAVOK	T2	2784
02f33dc0	HAVOK	T2	892
02f3413c	HAVOK	T2	8
02f34144	HAVOK	T2	4660
02f35378	HAVOK	T2	520
02f35580	HAVOK	T2	188
02f3563c	HAVOK	T2	8
02f35644	HAVOK	T2	1364
02f35b98	HAVOK	T2	8
02f35ba0	HAVOK	T2	128
02f35c20	HAVOK	T2	8
02f35c28	HAVOK	T2	124
02f35ca4	HAVOK	T2	120
02f35d1c	HAVOK	T2	96
02f35d7c	HAVOK	T2	8
02f35d84	HAVOK	T2	92
02f35de0	HAVOK	T2	8
02f35de8	HAVOK	T2	92
02f35e44	HAVOK	T2	8
02f35e4c	HAVOK	T2	112
02f35ebc	HAVOK	T2	8
02f35ec4	HAVOK	T2	148
02f35f58	HAVOK	T2	196
02f3601c	HAVOK	T2	148
02f360b0	HAVOK	T2	268
02f361bc	HAVOK	T2	264
02f362c4	HAVOK	T2	552
02f364ec	HAVOK	T2	8
02f364f4	HAVOK	T2	160
02f36594	HAVOK	T2	8
02f3659c	HAVOK	T2	92
02f365f8	HAVOK	T2	8
02f36600	HAVOK	T2	8
02f36608	HAVOK	T2	88
02f36660	HAVOK	T2	92
02f366bc	HAVOK	T2	180
02f36770	HAVOK	T2	8
02f36778	HAVOK	T2	332
02f368c4	HAVOK	T2	16
02f368d4	HAVOK	T2	3612
02f376f0	HAVOK	T2	196
02f377b4	HAVOK	T2	8
02f377bc	HAVOK	T2	3900
02f386f8	HAVOK	T2	8
02f38700	HAVOK	T2	340
02f38854	HAVOK	T2	288
02f38974	HAVOK	T2	8
02f3897c	HAVOK	T2	556
02f38ba8	HAVOK	T2	8
02f38bb0	HAVOK	T2	104
02f38c18	HAVOK	T2	104
02f38c80	HAVOK	T2	4
02f38c84	HAVOK	T2	8
02f38c8c	HAVOK	T2	536
02f38ea4	HAVOK	T2	244
02f38f98	HAVOK	T2	8
02f38fa0	HAVOK	T2	308
02f390d4	HAVOK	T2	8
02f390dc	HAVOK	T2	28
02f390f8	HAVOK	T2	28
02f39114	HAVOK	T2	12
02f39120	HAVOK	T2	12
02f3912c	HAVOK	T2	188
02f391e8	HAVOK	T2	216
02f392c0	HAVOK	T2	48
02f392f0	HAVOK	T2	832
02f39630	HAVOK	T2	3800
02f3a508	HAVOK	T2	1384
02f3aa70	HAVOK	T2	1712
02f3b120	HAVOK	T2	1824
02f3b840	HAVOK	T2	28
02f3b85c	HAVOK	T2	28
02f3b878	HAVOK	T2	104
02f3b8e0	HAVOK	T2	72
02f3b928	HAVOK	T2	28
02f3b944	HAVOK	T2	28
02f3b960	HAVOK	T2	28
02f3b97c	HAVOK	T2	28
02f3b998	HAVOK	T2	104
02f3ba00	HAVOK	T2	72
02f3ba48	HAVOK	T2	104
02f3bab0	HAVOK	T2	8
02f3bab8	HAVOK	T2	4
02f3babc	HAVOK	T2	4
02f3bac0	HAVOK	T2	248
02f3bbb8	HAVOK	T2	12
02f3bbc4	HAVOK	T2	104
02f3bc2c	HAVOK	T2	8
02f3bc34	HAVOK	T2	272
02f3bd44	HAVOK	T2	8
02f3bd4c	HAVOK	T2	260
02f3be50	HAVOK	T2	8
02f3be58	HAVOK	T2	188
02f3bf14	HAVOK	T2	188
02f3bfd0	HAVOK	T2	28
02f3bfec	HAVOK	T2	104
02f3c054	HAVOK	T2	12
02f3c060	HAVOK	T2	104
02f3c0c8	HAVOK	T2	12
02f3c0d4	HAVOK	T2	104
02f3c13c	HAVOK	T2	12
02f3c148	HAVOK	T2	112
02f3c1b8	HAVOK	T2	12
02f3c1c4	HAVOK	T2	156
02f3c260	HAVOK	T2	12
02f3c26c	HAVOK	T2	188
02f3c328	HAVOK	T2	12
02f3c334	HAVOK	T2	188
02f3c3f0	HAVOK	T2	12
02f3c3fc	HAVOK	T2	196
02f3c4c0	HAVOK	T2	12
02f3c4cc	HAVOK	T2	108
02f3c538	HAVOK	T2	12
02f3c544	HAVOK	T2	24
02f3c55c	HAVOK	T2	24
02f3c574	HAVOK	T2	56
02f3c5ac	HAVOK	T2	56
02f3c5e4	HAVOK	T2	16
02f3c5f4	HAVOK	T2	16
02f3c604	HAVOK	T2	12
02f3c610	HAVOK	T2	12
02f3c61c	HAVOK	T2	16
02f3c62c	HAVOK	T2	16
02f3c63c	HAVOK	T2	12
02f3c648	HAVOK	T2	12
02f3c654	HAVOK	T2	132
02f3c6d8	HAVOK	T2	132
02f3c75c	HAVOK	T2	16
02f3c76c	HAVOK	T2	140
02f3c77c	HAVOK	T2	88
02f3c7d4	HAVOK	T2	84
02f3c828	HAVOK	T2	120
02f3c8a0	HAVOK	T2	8
02f3c8a8	HAVOK	T2	212
02f3c97c	HAVOK	T2	8
02f3c984	HAVOK	T2	188
02f3ca40	HAVOK	T2	8
02f3ca48	HAVOK	T2	84
02f3ca9c	HAVOK	T2	88
02f3caf4	HAVOK	T2	96
02f3cb54	HAVOK	T2	8
02f3cb5c	HAVOK	T2	12
02f3cb68	HAVOK	T2	8
02f3cb70	HAVOK	T2	8
02f3cb78	HAVOK	T2	8
02f3cb80	HAVOK	T2	8
02f3cb88	HAVOK	T2	8
02f3cb90	HAVOK	T2	8
02f3cb98	HAVOK	T2	8
02f3cba0	HAVOK	T2	8
02f3cba8	HAVOK	T2	56
02f3cbe0	HAVOK	T2	12
02f3cbec	HAVOK	T2	8
02f3cbf4	HAVOK	T2	164
02f3cc98	HAVOK	T2	180
02f3cd4c	HAVOK	T2	124
02f3cdc8	HAVOK	T2	12
02f3cdd4	HAVOK	T2	96
02f3ce34	HAVOK	T2	260
02f3cf38	HAVOK	T2	132
02f3cfbc	HAVOK	T2	96
02f3d01c	HAVOK	T2	108
02f3d088	HAVOK	T2	28
02f3d0a4	HAVOK	T2	56
02f3d0dc	HAVOK	T2	132
02f3d160	HAVOK	T2	12
02f3d16c	HAVOK	T2	8
02f3d174	HAVOK	T2	8
02f3d17c	HAVOK	T2	8
02f3d184	HAVOK	T2	8
02f3d18c	HAVOK	T2	8
02f3d194	HAVOK	T2	8
02f3d19c	HAVOK	T2	8
02f3d1a4	HAVOK	T2	8
02f3d1ac	HAVOK	T2	8
02f3d1b4	HAVOK	T2	124
02f3d230	HAVOK	T2	132
02f3d23c	HAVOK	T2	12
02f3d248	HAVOK	T2	8
02f3d250	HAVOK	T2	160
02f3d2f0	HAVOK	T2	176
02f3d3a0	HAVOK	T2	92
02f3d3fc	HAVOK	T2	92
02f3d458	HAVOK	T2	104
02f3d4c0	HAVOK	T2	256
02f3d5c0	HAVOK	T2	28
02f3d5dc	HAVOK	T2	16
02f3d5ec	HAVOK	T2	408
02f3d784	HAVOK	T2	144
02f3d814	HAVOK	T2	188
02f3d8d0	HAVOK	T2	124
02f3da40	HAVOK	T2	164
02f3dae4	HAVOK	T2	68
02f3db28	HAVOK	T2	8
02f3db30	HAVOK	T2	28
02f3db4c	HAVOK	T2	20
02f3db60	HAVOK	T2	20
02f3db74	HAVOK	T2	20
02f3db88	HAVOK	T2	164
02f3dc2c	HAVOK	T2	68
02f3dc70	HAVOK	T2	8
02f3dc78	HAVOK	T2	32
02f3dc98	HAVOK	T2	20
02f3dcac	HAVOK	T2	20
02f3dcc0	HAVOK	T2	20
02f3dcd4	HAVOK	T2	164
02f3dd78	HAVOK	T2	68
02f3ddbc	HAVOK	T2	8
02f3ddc4	HAVOK	T2	32
02f3dde4	HAVOK	T2	20
02f3ddf8	HAVOK	T2	20
02f3de0c	HAVOK	T2	20
02f3de20	HAVOK	T2	216
02f3def8	HAVOK	T2	164
02f3df9c	HAVOK	T2	68
02f3dfe0	HAVOK	T2	8
02f3dfe8	HAVOK	T2	32
02f3e008	HAVOK	T2	20
02f3e01c	HAVOK	T2	20
02f3e030	HAVOK	T2	20
02f3e044	HAVOK	T2	164
02f3e0e8	HAVOK	T2	68
02f3e12c	HAVOK	T2	8
02f3e134	HAVOK	T2	28
02f3e150	HAVOK	T2	20
02f3e164	HAVOK	T2	20
02f3e178	HAVOK	T2	20
02f3e18c	HAVOK	T2	192
02f3e24c	HAVOK	T2	164
02f3e2f0	HAVOK	T2	68
02f3e334	HAVOK	T2	8
02f3e33c	HAVOK	T2	28
02f3e358	HAVOK	T2	20
02f3e36c	HAVOK	T2	20
02f3e380	HAVOK	T2	20
02f3e394	HAVOK	T2	192
02f3e454	HAVOK	T1	532
02f3e668	HAVOK	T2	164
02f3e70c	HAVOK	T2	68
02f3e750	HAVOK	T2	8
02f3e758	HAVOK	T2	28
02f3e774	HAVOK	T2	20
02f3e788	HAVOK	T2	20
02f3e79c	HAVOK	T2	20
02f3e7b0	HAVOK	T2	192
02f3e870	HAVOK	T2	444
02f3ea2c	HAVOK	T2	108
02f3ea98	HAVOK	T2	352
02f3ebf8	HAVOK	T2	100
02f3ec5c	HAVOK	T2	92
02f3ecb8	HAVOK	T2	196
02f3ed7c	HAVOK	T2	200
02f3ee44	HAVOK	T2	1256
02f3f32c	HAVOK	T2	424
02f3f4d4	HAVOK	T2	904
02f3f85c	HAVOK	T2	180
02f3f910	HAVOK	T2	872
02f3fc78	HAVOK	T2	816
02f3ffa8	HAVOK	T2	1340
02f404e4	HAVOK	T2	204
02f405b0	HAVOK	T2	216
02f40688	HAVOK	T2	240
02f40778	HAVOK	T2	216
02f40850	HAVOK	T2	328
02f40998	HAVOK	T2	164
02f40a3c	HAVOK	T2	68
02f40a80	HAVOK	T2	8
02f40a88	HAVOK	T2	28
02f40aa4	HAVOK	T2	20
02f40ab8	HAVOK	T2	20
02f40acc	HAVOK	T2	20
02f40ae0	HAVOK	T2	192
02f40ba0	HAVOK	T2	164
02f40c44	HAVOK	T2	68
02f40c88	HAVOK	T2	8
02f40c90	HAVOK	T2	28
02f40cac	HAVOK	T2	20
02f40cc0	HAVOK	T2	20
02f40cd4	HAVOK	T2	20
02f40ce8	HAVOK	T2	192
02f40da8	HAVOK	T2	820
02f410e0	HAVOK	T2	272
02f411f0	HAVOK	T2	32
02f41210	HAVOK	T2	20
02f41224	HAVOK	T2	200
02f412ec	HAVOK	T2	184
02f413a4	HAVOK	T2	2304
02f41ca4	HAVOK	T2	724
02f41f78	HAVOK	T2	224
02f42058	HAVOK	T2	1896
02f427c0	HAVOK	T2	176
02f42870	HAVOK	T2	424
02f42a20	HAVOK	T2	4252
02f43abc	HAVOK	T2	104
02f43b24	HAVOK	T2	140
02f43bb0	HAVOK	T2	200
02f43c78	HAVOK	T2	164
02f43d1c	HAVOK	T2	8
02f43d24	HAVOK	T2	28
02f43d40	HAVOK	T2	52
02f43d74	HAVOK	T2	28
02f43d90	HAVOK	T2	112
02f43e00	HAVOK	T2	52
02f43e34	HAVOK	T2	44
02f43e60	HAVOK	T2	588
02f440ac	HAVOK	T2	408
02f44250	HAVOK	T2	228
02f44334	HAVOK	T2	124
02f443b0	HAVOK	T2	1400
02f44930	HAVOK	T2	260
02f44a40	HAVOK	T2	276
02f44b54	HAVOK	T2	1260
02f45040	HAVOK	T2	1000
02f45428	HAVOK	T2	504
02f4549c	HAVOK	T2	244
02f45590	HAVOK	T2	284
02f45830	HAVOK	T2	420
02f459d4	HAVOK	T2	404
02f45b68	HAVOK	T2	192
02f45c28	HAVOK	T2	520
02f45e30	HAVOK	T2	404
02f45fc4	HAVOK	T2	936
02f4611c	HAVOK	T2	180
02f461d0	HAVOK	T2	1112
02f46628	HAVOK	T2	4
02f4662c	HAVOK	T1	696
02f468e4	HAVOK	T2	240
02f469d4	HAVOK	T2	108
02f46a40	HAVOK	T2	76
02f46c78	HAVOK	T2	868
02f473dc	HAVOK	T2	4
02f473e0	HAVOK	T2	1176
02f47478	HAVOK	T2	1044
02f47890	HAVOK	T2	320
02f479d0	HAVOK	T2	392
02f47b58	HAVOK	T2	308
02f47c8c	HAVOK	T2	332
02f47dd8	HAVOK	T2	76
02f47e24	HAVOK	T2	196
02f47ee8	HAVOK	T2	4
02f47eec	HAVOK	T2	8
02f47ef4	HAVOK	T2	4
02f47ef8	HAVOK	T2	4
02f47efc	HAVOK	T2	196
02f47fc0	HAVOK	T2	100
02f48028	HAVOK	T2	832
02f48368	HAVOK	T2	96
02f483c8	HAVOK	T2	4
02f483cc	HAVOK	T2	200
02f48494	HAVOK	T2	4
02f48498	HAVOK	T2	220
02f48580	HAVOK	T2	112
02f485f0	HAVOK	T2	8
02f48600	HAVOK	T2	32
02f48620	HAVOK	T2	32
02f48640	HAVOK	T2	1772
02f48d2c	HAVOK	T2	112
02f48d9c	HAVOK	T2	452
02f48f60	HAVOK	T2	580
02f491a4	HAVOK	T2	564
02f493d8	HAVOK	T2	184
02f49490	HAVOK	T2	188
02f49550	HAVOK	T2	4
02f49554	HAVOK	T2	568
02f4978c	HAVOK	T2	560
02f499bc	HAVOK	T2	732
02f49c98	HAVOK	T2	164
02f49d3c	HAVOK	T2	492
02f49f28	HAVOK	T2	4528
02f4b0d8	HAVOK	T2	40
02f4b100	HAVOK	T1	5712
02f4c750	HAVOK	T2	736
02f4ca30	HAVOK	T2	7924
02f4e930	HAVOK	T1	912
02f4ecc0	HAVOK	T2	380
02f4ee3c	HAVOK	T2	2116
02f4f680	HAVOK	T2	276
02f4f794	HAVOK	T2	400
02f4f924	HAVOK	T2	6756
02f51388	HAVOK	T2	296
02f514b0	HAVOK	T1	2076
02f51cd0	HAVOK	T2	588
02f51f1c	HAVOK	T1	28004
02f58c80	HAVOK	T2	512
02f58e80	HAVOK	T2	232
02f58f68	HAVOK	T2	1128
02f593d0	HAVOK	T1	5148
02f5a7ec	HAVOK	T2	880
02f5ab5c	HAVOK	T2	548
02f5ad80	HAVOK	T2	488
02f5af68	HAVOK	T1	820
02f5b29c	HAVOK	T1	432
02f5b44c	HAVOK	T2	136
02f5b4e0	HAVOK	T2	272
02f5b5f0	HAVOK	T2	136
02f5b678	HAVOK	T1	868
02f5b9dc	HAVOK	T2	288
02f5bafc	HAVOK	T2	140
02f5bb88	HAVOK	T2	596
02f5bddc	HAVOK	T2	76
02f5be28	HAVOK	T2	40
02f5be50	HAVOK	T1	4028
02f5ce0c	HAVOK	T2	3392
02f5db4c	HAVOK	T2	304
02f5dc7c	HAVOK	T2	312
02f5ddb4	HAVOK	T2	560
02f5dfe4	HAVOK	T2	1964
02f5e790	HAVOK	T2	8
02f5e798	HAVOK	T2	180
02f5e84c	HAVOK	T2	160
02f5e8ec	HAVOK	T1	1736
02f5efb4	HAVOK	T2	4404
02f600e8	HAVOK	T2	8
02f600f0	HAVOK	T2	608
02f60350	HAVOK	T2	12
02f6035c	HAVOK	T2	12
02f60368	HAVOK	T2	1572
02f6098c	HAVOK	T2	2364
02f612c8	HAVOK	T2	14760
02f64c70	HAVOK	T2	14184
02f683d8	HAVOK	T2	13148
02f6b740	HAVOK	T2	1028
02f6bb50	HAVOK	T2	1128
02f6bfb8	HAVOK	T2	1544
02f6c5c0	HAVOK	T2	68
02f6c604	HAVOK	T2	96
02f6c664	HAVOK	T2	152
02f6c6fc	HAVOK	T2	188
02f6c7b8	HAVOK	T2	68
02f6c7fc	HAVOK	T2	180
02f6c8b0	HAVOK	T2	340
02f6ca04	HAVOK	T2	148
02f6caa0	HAVOK	T2	104
02f6cb08	HAVOK	T2	1548
02f6d114	HAVOK	T2	1020
02f6d510	HAVOK	T2	1536
02f6db10	HAVOK	T2	884
02f6de84	HAVOK	T2	952
02f6e23c	HAVOK	T2	316
02f6e378	HAVOK	T1	640
02f6e5f8	HAVOK	T2	744
02f6e8e0	HAVOK	T2	164
02f6e984	HAVOK	T2	292
02f6eaa8	HAVOK	T2	336
02f6ebf8	HAVOK	T2	44
02f6ec24	HAVOK	T2	4
02f6ec28	HAVOK	T2	4
02f6ec2c	HAVOK	T2	336
02f6ed7c	HAVOK	T2	4
02f6ed80	HAVOK	T2	4
02f6ed84	HAVOK	T2	336
02f6eed4	HAVOK	T2	4
02f6eed8	HAVOK	T2	4
02f6eedc	HAVOK	T2	4
02f6eee0	HAVOK	T2	2408
02f6f848	HAVOK	T2	580
02f6fa8c	HAVOK	T2	196
02f6fb50	HAVOK	T2	3248
02f70800	HAVOK	T2	124
02f7087c	HAVOK	T2	248
02f70974	HAVOK	T2	200
02f70a40	HAVOK	T2	252
02f70b40	HAVOK	T2	3712
02f719c0	HAVOK	T2	1716
02f72080	HAVOK	T2	888
02f72400	HAVOK	T2	260
02f72510	HAVOK	T2	724
02f727f0	HAVOK	T2	764
02f72af0	HAVOK	T2	1696
02f73190	HAVOK	T2	384
02f73310	HAVOK	T2	1088
02f73750	HAVOK	T2	2956
02f742e0	HAVOK	T2	320
02f74420	HAVOK	T2	2512
02f74df0	HAVOK	T2	848
02f75140	HAVOK	T2	608
02f753a0	HAVOK	T2	80
02f753f0	HAVOK	T2	364
02f7555c	HAVOK	T2	736
02f7583c	HAVOK	T2	2008
02f76014	HAVOK	T2	936
02f763bc	HAVOK	T2	92
02f76418	HAVOK	T2	324
02f7655c	HAVOK	T2	44
02f76588	HAVOK	T2	44
02f765b4	HAVOK	T2	700
02f76870	HAVOK	T2	312
02f769b0	HAVOK	T2	876
02f76d1c	HAVOK	T2	428
02f76ec8	HAVOK	T2	4
02f76ecc	HAVOK	T2	140
02f76f58	HAVOK	T2	8
02f76f60	HAVOK	T2	4
02f76f64	HAVOK	T2	4
02f76f68	HAVOK	T2	4
02f76f6c	HAVOK	T2	4
02f76f70	HAVOK	T2	8
02f76f78	HAVOK	T2	4
02f76f7c	HAVOK	T2	4
02f76f80	HAVOK	T2	4
02f76f84	HAVOK	T2	4
02f76f88	HAVOK	T2	4
02f76f8c	HAVOK	T2	4
02f76f90	HAVOK	T2	4
02f76f94	HAVOK	T2	4
02f76f98	HAVOK	T2	4
02f76f9c	HAVOK	T2	4
02f76fa0	HAVOK	T2	4
02f76fa4	HAVOK	T2	4
02f76fa8	HAVOK	T2	4
02f76fac	HAVOK	T2	4
02f76fb0	HAVOK	T2	216
02f77088	HAVOK	T2	940
02f77434	HAVOK	T2	872
02f7779c	HAVOK	T2	920
02f77b34	HAVOK	T2	944
02f77ee4	HAVOK	T2	140
02f77f70	HAVOK	T2	8
02f77f78	HAVOK	T2	4
02f77f7c	HAVOK	T2	568
02f782c0	HAVOK	T2	216
02f78398	HAVOK	T2	424
02f78540	HAVOK	T2	140
02f785cc	HAVOK	T2	8
02f785d4	HAVOK	T2	8
02f785dc	HAVOK	T2	92
02f78638	HAVOK	T2	340
02f7878c	HAVOK	T2	140
02f78818	HAVOK	T2	8
02f78820	HAVOK	T2	256
02f78920	HAVOK	T2	140
02f789ac	HAVOK	T2	8
02f789b4	HAVOK	T2	428
02f78b60	HAVOK	T2	140
02f78bec	HAVOK	T2	1332
02f79120	HAVOK	T2	220
02f79200	HAVOK	T2	1160
02f79688	HAVOK	T2	4
02f79690	HAVOK	T2	64
02f796d0	HAVOK	T2	44
02f796fc	HAVOK	T2	2656
02f7a15c	HAVOK	T2	140
02f7a1e8	HAVOK	T2	4
02f7a1ec	HAVOK	T2	140
02f7a278	HAVOK	T2	140
02f7a310	HAVOK	T2	2268
02f7abf0	HAVOK	T2	484
02f7ade0	HAVOK	T2	464
02f7afb0	HAVOK	T2	1064
02f7b3e0	HAVOK	T2	3992
02f7c380	HAVOK	T2	64
02f7c3c0	HAVOK	T2	44
02f7c3f0	HAVOK	T2	380
02f7c56c	HAVOK	T2	7564
02f7e300	HAVOK	T2	96
02f7e360	HAVOK	T2	140
02f7e3ec	HAVOK	T2	372
02f7e560	HAVOK	T2	708
02f7e830	HAVOK	T2	264
02f7e940	HAVOK	T2	232
02f7ea30	HAVOK	T2	204
02f7eafc	HAVOK	T2	148
02f7eb90	HAVOK	T2	1472
02f7f158	HAVOK	T2	24
02f7f170	HAVOK	T2	140
02f7f1fc	HAVOK	T2	8
02f7f204	HAVOK	T2	8
02f7f20c	HAVOK	T2	196
02f7f2d0	HAVOK	T2	124
02f7f34c	HAVOK	T2	40
02f7f380	HAVOK	T2	236
02f7f3f0	HAVOK	T2	56
02f7f428	HAVOK	T2	272
02f7f504	HAVOK	T2	140
02f7f590	HAVOK	T2	8
02f7f598	HAVOK	T2	848
02f7f8e8	HAVOK	T2	864
02f7fc48	HAVOK	T2	680
02f7fef0	HAVOK	T2	92
02f7ff4c	HAVOK	T2	1264
02f8043c	HAVOK	T2	140
02f804c8	HAVOK	T2	8
02f804d0	HAVOK	T2	304
02f80600	HAVOK	T2	408
02f80798	HAVOK	T2	8
02f807a0	HAVOK	T2	708
02f80a64	HAVOK	T2	152
02f80afc	HAVOK	T2	140
02f80b88	HAVOK	T2	140
02f80c14	HAVOK	T2	8
02f80c1c	HAVOK	T2	168
02f80cc4	HAVOK	T2	140
02f80d50	HAVOK	T2	8
02f80d58	HAVOK	T2	1956
02f814fc	HAVOK	T2	584
02f81744	HAVOK	T2	140
02f817d0	HAVOK	T2	9768
02f83df8	HAVOK	T2	1684
02f8448c	HAVOK	T2	560
02f846bc	HAVOK	T2	15908
02f884e0	HAVOK	T2	2184
02f88d68	HAVOK	T2	140
02f88df4	HAVOK	T2	1120
02f89254	HAVOK	T2	332
02f893a0	HAVOK	T2	980
02f89774	HAVOK	T2	968
02f89b3c	HAVOK	T2	8928
02f8be1c	HAVOK	T2	140
02f8bea8	HAVOK	T2	1176
02f8c340	HAVOK	T2	5060
02f8d704	HAVOK	T2	140
02f8d790	HAVOK	T2	360
02f8d8f8	HAVOK	T2	316
02f8da34	HAVOK	T2	76
02f8da80	HAVOK	T2	140
02f8db0c	HAVOK	T2	1224
02f8dfd4	HAVOK	T2	13752
02f9158c	HAVOK	T2	4528
02f9273c	HAVOK	T2	584
02f92984	HAVOK	T2	1108
02f92dd8	HAVOK	T2	88
02f92e2c	HAVOK	T2	1384
02f93394	HAVOK	T2	144
02f93424	HAVOK	T2	200
02f934ec	HAVOK	T2	488
02f936d4	HAVOK	T2	12
02f936e0	HAVOK	T2	12
02f936ec	HAVOK	T2	20
02f93700	HAVOK	T2	180
02f937b4	HAVOK	T2	488
02f9399c	HAVOK	T2	12
02f939a8	HAVOK	T2	12
02f939b4	HAVOK	T2	200
02f93a7c	HAVOK	T2	956
02f93e38	HAVOK	T2	12
02f93e44	HAVOK	T2	12
02f93e50	HAVOK	T2	20
02f93e64	HAVOK	T2	180
02f93f18	HAVOK	T2	8
02f93f20	HAVOK	T2	12
02f93f2c	HAVOK	T2	12
02f93f38	HAVOK	T2	200
02f94000	HAVOK	T2	628
02f94274	HAVOK	T2	12
02f94280	HAVOK	T2	12
02f9428c	HAVOK	T2	20
02f942a0	HAVOK	T2	180
02f94354	HAVOK	T2	8
02f9435c	HAVOK	T2	12
02f94368	HAVOK	T2	12
02f94374	HAVOK	T2	256
02f94474	HAVOK	T2	384
02f945f4	HAVOK	T2	1064
02f94a1c	HAVOK	T2	12
02f94a28	HAVOK	T2	256
02f94b28	HAVOK	T2	380
02f94ca4	HAVOK	T2	8
02f94cac	HAVOK	T2	12
02f94cb8	HAVOK	T2	200
02f94d80	HAVOK	T2	1192
02f95228	HAVOK	T2	12
02f95234	HAVOK	T2	12
02f95240	HAVOK	T2	20
02f95254	HAVOK	T2	180
02f95308	HAVOK	T2	8
02f95310	HAVOK	T2	12
02f9531c	HAVOK	T2	12
02f95328	HAVOK	T2	188
02f953e4	HAVOK	T2	296
02f9550c	HAVOK	T2	2392
02f95e64	HAVOK	T2	12
02f95e70	HAVOK	T2	188
02f95f2c	HAVOK	T2	300
02f96058	HAVOK	T2	8
02f96060	HAVOK	T2	12
02f9606c	HAVOK	T2	200
02f96134	HAVOK	T2	2460
02f96ad0	HAVOK	T2	12
02f96adc	HAVOK	T2	12
02f96ae8	HAVOK	T2	20
02f96afc	HAVOK	T2	180
02f96bb0	HAVOK	T2	8
02f96bb8	HAVOK	T2	12
02f96bc4	HAVOK	T2	12
02f96bd0	HAVOK	T2	200
02f96c98	HAVOK	T2	4332
02f97d84	HAVOK	T2	12
02f97d90	HAVOK	T2	12
02f97d9c	HAVOK	T2	20
02f97db0	HAVOK	T2	180
02f97e64	HAVOK	T2	8
02f97e6c	HAVOK	T2	12
02f97e78	HAVOK	T2	12
02f97e84	HAVOK	T1	568
02f980c0	HAVOK	T2	300
02f981ec	HAVOK	T2	200
02f982b4	HAVOK	T2	1028
02f986b8	HAVOK	T2	12
02f986c4	HAVOK	T2	12
02f986d0	HAVOK	T2	20
02f986e4	HAVOK	T2	180
02f98798	HAVOK	T2	8
02f987a0	HAVOK	T2	12
02f987ac	HAVOK	T2	12
02f987b8	HAVOK	T2	200
02f98880	HAVOK	T2	1276
02f98d7c	HAVOK	T2	12
02f98d88	HAVOK	T2	20
02f98d9c	HAVOK	T2	180
02f98e50	HAVOK	T2	8
02f98e58	HAVOK	T2	12
02f98e64	HAVOK	T2	116
02f98ed8	HAVOK	T2	180
02f98f8c	HAVOK	T2	1108
02f993e0	HAVOK	T2	12
02f993ec	HAVOK	T2	12
02f993f8	HAVOK	T2	8
02f99400	HAVOK	T2	160
02f994a0	HAVOK	T2	8
02f994a8	HAVOK	T2	12
02f994b4	HAVOK	T2	12
02f994c0	HAVOK	T2	104
02f99530	HAVOK	T2	288
02f99650	HAVOK	T2	4164
02f9a694	HAVOK	T2	456
02f9a860	HAVOK	T2	4468
02f9b9e0	HAVOK	T2	408
02f9bb78	HAVOK	T2	3044
02f9c75c	HAVOK	T2	16
02f9c770	HAVOK	T2	1888
02f9ced0	HAVOK	T2	432
02f9d080	HAVOK	T2	336
02f9d1d0	HAVOK	T2	972
02f9d59c	HAVOK	T2	584
02f9d7f0	HAVOK	T2	376
02f9d968	HAVOK	T2	312
02f9daa0	HAVOK	T2	936
02f9de48	HAVOK	T2	144
02f9ded8	HAVOK	T2	136
02f9df60	HAVOK	T2	3352
02f9ec78	HAVOK	T2	396
02f9ee04	HAVOK	T2	524
02f9f010	HAVOK	T2	224
02f9f0f0	HAVOK	T2	284
02f9f20c	HAVOK	T2	136
02f9f294	HAVOK	T2	604
02f9f4f0	HAVOK	T2	764
02f9f7ec	HAVOK	T2	220
02f9f8d0	HAVOK	T2	4844
02fa0bc0	HAVOK	T2	9136
02fa2f70	HAVOK	T2	372
02fa30e4	HAVOK	T2	368
02fa3254	HAVOK	T2	692
02fa3508	HAVOK	T2	516
02fa370c	HAVOK	T2	340
02fa3860	HAVOK	T2	400
02fa39f0	HAVOK	T2	516
02fa3bf4	HAVOK	T2	368
02fa3d64	HAVOK	T2	244
02fa3e58	HAVOK	T2	1008
02fa4248	HAVOK	T2	1196
02fa46f4	HAVOK	T2	608
02fa4954	HAVOK	T2	60
02fa4990	HAVOK	T2	2612
02fa53c4	HAVOK	T2	3228
02fa6060	HAVOK	T2	1816
02fa6780	HAVOK	T2	3352
02fa74a0	HAVOK	T2	356
02fa7610	HAVOK	T2	2072
02fa7e30	HAVOK	T2	164
02fa7ee0	HAVOK	T2	304
02fa8010	HAVOK	T2	236
02fa80fc	HAVOK	T2	344
02fa8254	HAVOK	T2	404
02fa83e8	HAVOK	T2	180
02fa84a0	HAVOK	T2	372
02fa8614	HAVOK	T2	372
02fa8788	HAVOK	T2	368
02fa88f8	HAVOK	T2	136
02fa8980	HAVOK	T2	136
02fa8a08	HAVOK	T2	360
02fa8b70	HAVOK	T2	224
02fa8c50	HAVOK	T2	368
02fa8dc0	HAVOK	T2	288
02fa8ee0	HAVOK	T2	2088
02fa9708	HAVOK	T2	8
02fa9710	HAVOK	T2	200
02fa97d8	HAVOK	T2	12
02fa97e4	HAVOK	T2	20
02fa97f8	HAVOK	T2	180
02fa98ac	HAVOK	T2	12
02fa98b8	HAVOK	T1	6184
02fab0e0	HAVOK	T2	216
02fab1b8	HAVOK	T2	2608
02fabbe8	HAVOK	T2	1184
02fac088	HAVOK	T2	564
02fac2bc	HAVOK	T2	600
02fac514	HAVOK	T2	188
02fac5d0	HAVOK	T2	144
02fac660	HAVOK	T2	496
02fac72c	HAVOK	T2	144
02fac8e0	HAVOK	T2	1316
02face04	HAVOK	T1	1828
02fad530	HAVOK	T2	11068
02fb006c	HAVOK	T2	14404
02fb38b0	HAVOK	T2	120
02fb3928	HAVOK	T2	1192
02fb3dd0	HAVOK	T2	132
02fb3e54	HAVOK	T2	104
02fb3ebc	HAVOK	T2	92
02fb3f18	HAVOK	T2	428
02fb40c4	HAVOK	T2	7828
02fb5f58	HAVOK	T2	5120
02fb7358	HAVOK	T2	976
02fb7728	HAVOK	T2	48
02fb7758	HAVOK	T2	140
02fb77e4	HAVOK	T2	324
02fb7928	HAVOK	T2	7496
02fb9670	HAVOK	T2	200
02fb9738	HAVOK	T2	8
02fb9740	HAVOK	T2	340
02fb98a0	HAVOK	T2	488
02fb9a90	HAVOK	T2	444
02fb9c50	HAVOK	T2	508
02fb9e50	HAVOK	T2	552
02fba080	HAVOK	T2	1000
02fba470	HAVOK	T2	8848
02fbc700	HAVOK	T2	708
02fbc9d0	HAVOK	T2	256
02fbcad0	HAVOK	T2	216
02fbcbb0	HAVOK	T2	268
02fbccbc	HAVOK	T1	2844
02fbd7d8	HAVOK	T2	8552
02fbf940	HAVOK	T2	8
02fbf948	HAVOK	T2	232
02fbfa30	HAVOK	T2	324
02fbfb74	HAVOK	T2	12
02fbfb80	HAVOK	T2	232
02fbfc68	HAVOK	T2	8
02fbfc70	HAVOK	T2	12
02fbfc80	HAVOK	T2	268
02fbfd8c	HAVOK	T2	1828
02fc04b0	HAVOK	T2	40
02fc04d8	HAVOK	T2	400
02fc0668	HAVOK	T2	8
02fc0670	HAVOK	T2	52
02fc06a4	HAVOK	T2	680
02fc094c	HAVOK	T2	8
02fc0954	HAVOK	T2	200
02fc0a1c	HAVOK	T2	12
02fc0a28	HAVOK	T2	20
02fc0a3c	HAVOK	T2	180
02fc0af0	HAVOK	T2	12
02fc0afc	HAVOK	T2	200
02fc0bc4	HAVOK	T2	32
02fc0be4	HAVOK	T2	20
02fc0bf8	HAVOK	T2	180
02fc0cac	HAVOK	T2	32
02fc0ccc	HAVOK	T2	484
02fc0eb0	HAVOK	T2	3968
02fc1e30	HAVOK	T2	484
02fc2014	HAVOK	T2	328
02fc215c	HAVOK	T2	452
02fc2320	HAVOK	T2	12
02fc232c	HAVOK	T2	12
02fc2338	HAVOK	T2	324
02fc247c	HAVOK	T2	448
02fc263c	HAVOK	T2	12
02fc2648	HAVOK	T2	12
02fc2654	HAVOK	T2	48
02fc2684	HAVOK	T2	588
02fc28d0	HAVOK	T2	92
02fc2930	HAVOK	T2	288
02fc2a50	HAVOK	T2	240
02fc2b40	HAVOK	T2	8
02fc2b48	HAVOK	T2	200
02fc2c10	HAVOK	T2	12
02fc2c1c	HAVOK	T2	20
02fc2c30	HAVOK	T2	180
02fc2ce4	HAVOK	T2	12
02fc2cf0	HAVOK	T1	1892
02fc3454	HAVOK	T2	1392
02fc39c4	HAVOK	T2	296
02fc3aec	HAVOK	T2	468
02fc3cc0	HAVOK	T2	508
02fc3ebc	HAVOK	T2	668
02fc4158	HAVOK	T2	180
02fc420c	HAVOK	T1	460
02fc43d8	HAVOK	T2	212
02fc44ac	HAVOK	T2	4652
02fc56d8	HAVOK	T2	244
02fc57cc	HAVOK	T2	3528
02fc6594	HAVOK	T2	1744
02fc6c70	HAVOK	T2	1716
02fc7324	HAVOK	T2	256
02fc7424	HAVOK	T2	140
02fc74b0	HAVOK	T2	12
02fc74bc	HAVOK	T2	372
02fc7630	HAVOK	T2	252
02fc7730	HAVOK	T2	208
02fc7800	HAVOK	T2	276
02fc7920	HAVOK	T2	952
02fc7ce0	HAVOK	T2	556
02fc7f10	HAVOK	T2	1008
02fc8300	HAVOK	T2	1756
02fc89dc	HAVOK	T2	4932
02fc9d20	HAVOK	T2	904
02fca0b0	HAVOK	T2	1316
02fca5e0	HAVOK	T2	2112
02fcae20	HAVOK	T2	232
02fcaf10	HAVOK	T2	16324
02fceed4	HAVOK	T2	192
02fcef94	HAVOK	T2	200
02fcf05c	HAVOK	T2	440
02fcf214	HAVOK	T2	136
02fcf29c	HAVOK	T2	400
02fcf42c	HAVOK	T2	400
02fcf5c0	HAVOK	T2	76
02fcf60c	HAVOK	T2	4
02fcf620	HAVOK	T2	1512
02fcfc08	HAVOK	T2	952
02fcffc0	HAVOK	T2	5336
02fd1498	HAVOK	T2	8
02fd14a0	HAVOK	T2	9588
02fd3a14	HAVOK	T2	8
02fd3a1c	HAVOK	T2	120
02fd3a94	HAVOK	T2	244
02fd3b88	HAVOK	T2	36
02fd3bac	HAVOK	T2	24
02fd3bc4	HAVOK	T2	116
02fd3c38	HAVOK	T2	244
02fd3d2c	HAVOK	T2	36
02fd3d50	HAVOK	T2	24
02fd3d68	HAVOK	T2	964
02fd412c	HAVOK	T2	180
02fd41e0	HAVOK	T2	12
02fd41ec	HAVOK	T2	8
02fd41f4	HAVOK	T2	160
02fd4294	HAVOK	T2	12
02fd42a0	HAVOK	T1	1648
02fd4910	HAVOK	T2	1308
02fd4e2c	HAVOK	T2	204
02fd4ef8	HAVOK	T2	104
02fd4f60	HAVOK	T2	100
02fd4fc4	HAVOK	T2	312
02fd50fc	HAVOK	T2	124
02fd5178	HAVOK	T2	252
02fd5274	HAVOK	T2	2028
02fd5a60	HAVOK	T2	3168
02fd66c0	HAVOK	T2	200
02fd6790	HAVOK	T2	352
02fd68f0	HAVOK	T2	704
02fd6bb0	HAVOK	T2	1352
02fd7100	HAVOK	T2	1308
02fd7620	HAVOK	T2	2240
02fd7ee0	HAVOK	T2	480
02fd80c0	HAVOK	T2	1476
02fd8690	HAVOK	T2	2420
02fd9010	HAVOK	T2	488
02fd9200	HAVOK	T2	488
02fd93f0	HAVOK	T2	1972
02fd9bb0	HAVOK	T2	172
02fd9c60	HAVOK	T2	228
02fd9d50	HAVOK	T2	328
02fd9e98	HAVOK	T2	13716
02fdd42c	HAVOK	T2	200
02fdd500	HAVOK	T2	504
02fdd700	HAVOK	T2	3584
02fde500	HAVOK	T2	396
02fde690	HAVOK	T2	660
02fde930	HAVOK	T2	2040
02fdf130	HAVOK	T2	484
02fdf320	HAVOK	T2	152
02fdf3c0	HAVOK	T2	720
02fdf690	HAVOK	T2	908
02fdfa1c	HAVOK	T2	11240
02fe2604	HAVOK	T2	6128
02fe3df4	HAVOK	T2	4
02fe3df8	HAVOK	T2	140
02fe3e84	HAVOK	T2	4
02fe3e88	HAVOK	T2	4
02fe3e90	HAVOK	T2	204
02fe3f5c	HAVOK	T2	2344
02fe4884	HAVOK	T2	432
02fe4a34	HAVOK	T2	88
02fe4a8c	HAVOK	T2	8
02fe4a94	HAVOK	T2	268
02fe4ba0	HAVOK	T2	8
02fe4ba8	HAVOK	T2	168
02fe4c50	HAVOK	T2	8
02fe4c58	HAVOK	T2	1580
02fe5284	HAVOK	T2	12
02fe5290	HAVOK	T2	1308
02fe57ac	HAVOK	T2	8
02fe57b4	HAVOK	T2	364
02fe5920	HAVOK	T2	788
02fe5c34	HAVOK	T2	8
02fe5c3c	HAVOK	T2	1040
02fe604c	HAVOK	T2	8
02fe6054	HAVOK	T2	784
02fe6364	HAVOK	T2	8
02fe636c	HAVOK	T2	396
02fe64f8	HAVOK	T2	12
02fe6504	HAVOK	T2	204
02fe65d0	HAVOK	T2	8
02fe65d8	HAVOK	T2	976
02fe69a8	HAVOK	T2	8
02fe69b0	HAVOK	T2	116
02fe6a24	HAVOK	T2	120
02fe6a9c	HAVOK	T2	244
02fe6b90	HAVOK	T2	8
02fe6b98	HAVOK	T2	536
02fe6db0	HAVOK	T2	8
02fe6db8	HAVOK	T2	764
02fe70b4	HAVOK	T2	8
02fe70bc	HAVOK	T2	428
02fe7268	HAVOK	T2	428
02fe7414	HAVOK	T2	612
02fe7678	HAVOK	T2	8
02fe7680	HAVOK	T2	892
02fe79fc	HAVOK	T2	8
02fe7a04	HAVOK	T2	360
02fe7b6c	HAVOK	T2	8
02fe7b74	HAVOK	T2	288
02fe7c94	HAVOK	T2	112
02fe7d04	HAVOK	T2	8
02fe7d0c	HAVOK	T2	424
02fe7eb4	HAVOK	T2	12
02fe7ec0	HAVOK	T2	200
02fe7f88	HAVOK	T2	12
02fe7f94	HAVOK	T2	564
02fe81c8	HAVOK	T2	8
02fe81d0	HAVOK	T2	248
02fe82c8	HAVOK	T2	12
02fe82d4	HAVOK	T2	1228
02fe87a0	HAVOK	T2	88
02fe87f8	HAVOK	T2	8
02fe8800	HAVOK	T2	804
02fe8b24	HAVOK	T2	84
02fe8b78	HAVOK	T2	8
02fe8b80	HAVOK	T2	256
02fe8c80	HAVOK	T2	12
02fe8c8c	HAVOK	T2	344
02fe8de4	HAVOK	T2	12
02fe8df0	HAVOK	T2	536
02fe9008	HAVOK	T2	8
02fe9010	HAVOK	T2	324
02fe9154	HAVOK	T2	8
02fe915c	HAVOK	T2	284
02fe9278	HAVOK	T2	188
02fe9334	HAVOK	T2	8
02fe933c	HAVOK	T2	324
02fe9480	HAVOK	T2	12
02fe948c	HAVOK	T2	312
02fe95c4	HAVOK	T2	12
02fe95d0	HAVOK	T2	276
02fe96e4	HAVOK	T2	276
02fe97f8	HAVOK	T2	276
02fe990c	HAVOK	T2	304
02fe9a3c	HAVOK	T2	304
02fe9b6c	HAVOK	T2	276
02fe9c80	HAVOK	T2	8
02fe9c88	HAVOK	T2	292
02fe9dac	HAVOK	T2	292
02fe9ed0	HAVOK	T2	176
02fe9f80	HAVOK	T2	176
02fea030	HAVOK	T2	368
02fea1a0	HAVOK	T2	8
02fea1a8	HAVOK	T2	368
02fea318	HAVOK	T2	8
02fea320	HAVOK	T2	424
02fea4c8	HAVOK	T2	8
02fea4d0	HAVOK	T2	424
02fea678	HAVOK	T2	8
02fea680	HAVOK	T2	1512
02feac68	HAVOK	T2	8
02feac70	HAVOK	T2	368
02feade0	HAVOK	T2	8
02feade8	HAVOK	T2	368
02feaf58	HAVOK	T2	8
02feaf60	HAVOK	T2	420
02feb104	HAVOK	T2	272
02feb214	HAVOK	T2	728
02feb4ec	HAVOK	T2	120
02feb564	HAVOK	T2	760
02feb85c	HAVOK	T2	476
02feba38	HAVOK	T2	180
02febaec	HAVOK	T2	12
02febaf8	HAVOK	T2	8
02febb00	HAVOK	T2	160
02febba0	HAVOK	T2	8
02febba8	HAVOK	T2	12
02febbb4	HAVOK	T2	200
02febc7c	HAVOK	T2	12
02febc88	HAVOK	T2	20
02febc9c	HAVOK	T2	180
02febd50	HAVOK	T2	8
02febd58	HAVOK	T2	12
02febd64	HAVOK	T2	200
02febe2c	HAVOK	T2	12
02febe38	HAVOK	T2	20
02febe4c	HAVOK	T2	180
02febf00	HAVOK	T2	8
02febf08	HAVOK	T2	12
02febf14	HAVOK	T2	188
02febfd0	HAVOK	T2	116
02fec044	HAVOK	T2	672
02fec2e4	HAVOK	T2	1060
02fec708	HAVOK	T2	436
02fec8bc	HAVOK	T2	540
02fecad8	HAVOK	T2	180
02fecb8c	HAVOK	T2	3448
02fed904	HAVOK	T1	2036
02fee0f8	HAVOK	T2	936
02fee4a0	HAVOK	T2	48
02fee4d0	HAVOK	T2	16
02fee4e0	HAVOK	T1	7256
02ff0138	HAVOK	T1	1912
02ff08b0	HAVOK	T2	104
02ff0918	HAVOK	T2	488
02ff0b00	HAVOK	T2	80
02ff0b50	HAVOK	T2	200
02ff0c18	HAVOK	T2	536
02ff0e30	HAVOK	T2	164
02ff0ed4	HAVOK	T2	68
02ff0f18	HAVOK	T2	8
02ff0f20	HAVOK	T2	28
02ff0f3c	HAVOK	T2	20
02ff0f50	HAVOK	T2	20
02ff0f64	HAVOK	T2	20
02ff0f78	HAVOK	T2	40
02ff0fa0	HAVOK	T2	428
02ff114c	HAVOK	T1	432
02ff12fc	HAVOK	T1	444
02ff14b8	HAVOK	T2	44
02ff14e4	HAVOK	T2	116
02ff1558	HAVOK	T2	188
02ff1614	HAVOK	T2	116
02ff1688	HAVOK	T2	88
02ff16e0	HAVOK	T2	136
02ff1768	HAVOK	T2	164
02ff180c	HAVOK	T2	68
02ff1850	HAVOK	T2	8
02ff1858	HAVOK	T2	28
02ff1874	HAVOK	T2	20
02ff1888	HAVOK	T2	20
02ff189c	HAVOK	T2	20
02ff18b0	HAVOK	T2	40
02ff18d8	HAVOK	T2	124
02ff1954	HAVOK	T2	860
02ff1cb0	HAVOK	T1	4456
02ff2e18	HAVOK	T2	820
02ff314c	HAVOK	T2	840
02ff3494	HAVOK	T2	1712
02ff3b44	HAVOK	T2	1896
02ff42ac	HAVOK	T2	128
02ff432c	HAVOK	T2	256
02ff442c	HAVOK	T2	12
02ff4438	HAVOK	T2	560
02ff4668	HAVOK	T2	128
02ff46e8	HAVOK	T2	252
02ff47e4	HAVOK	T2	8
02ff47ec	HAVOK	T2	12
02ff4800	HAVOK	T2	312
02ff4938	HAVOK	T2	232
02ff4a20	HAVOK	T2	340
02ff4b74	HAVOK	T2	12
02ff4b80	HAVOK	T2	472
02ff4d58	HAVOK	T2	232
02ff4e40	HAVOK	T2	340
02ff4f94	HAVOK	T2	304
02ff50c4	HAVOK	T2	12
02ff50d0	HAVOK	T2	748
02ff53bc	HAVOK	T2	144
02ff544c	HAVOK	T2	500
02ff5640	HAVOK	T2	12
02ff5650	HAVOK	T2	1080
02ff5a88	HAVOK	T2	8
02ff5a90	HAVOK	T2	80
02ff5ae0	HAVOK	T2	80
02ff5b30	HAVOK	T2	244
02ff5c24	HAVOK	T2	100
02ff5c88	HAVOK	T2	80
02ff5cd8	HAVOK	T2	140
02ff5d64	HAVOK	T2	660
02ff5ff8	HAVOK	T2	144
02ff6088	HAVOK	T2	200
02ff6150	HAVOK	T2	16
02ff6160	HAVOK	T2	496
02ff6350	HAVOK	T2	744
02ff6638	HAVOK	T2	180
02ff66ec	HAVOK	T2	1004
02ff6ad8	HAVOK	T2	248
02ff6bd0	HAVOK	T2	112
02ff6c40	HAVOK	T2	176
02ff6cf0	HAVOK	T2	56
02ff6d28	HAVOK	T2	136
02ff6db0	HAVOK	T2	148
02ff6e44	HAVOK	T2	120
02ff6ebc	HAVOK	T2	36
02ff6ee0	HAVOK	T2	28
02ff6efc	HAVOK	T2	28
02ff6f18	HAVOK	T2	8
02ff6f20	HAVOK	T2	208
02ff6ff0	HAVOK	T2	32
02ff7010	HAVOK	T2	52
02ff7044	HAVOK	T2	512
02ff7244	HAVOK	T2	204
02ff7310	HAVOK	T2	1904
02ff7a80	HAVOK	T2	296
02ff7bb0	HAVOK	T2	280
02ff7cd0	HAVOK	T2	328
02ff7e20	HAVOK	T2	2056
02ff7f80	HAVOK	T2	280
02ff80a0	HAVOK	T2	376
02ff8218	HAVOK	T2	200
02ff82e0	HAVOK	T2	140
02ff836c	HAVOK	T2	568
02ff8c4c	HAVOK	T2	768
02ff8f4c	HAVOK	T2	752
02ff923c	HAVOK	T2	444
02ff93f8	HAVOK	T2	692
02ff96ac	HAVOK	T2	792
02ff99c4	HAVOK	T2	784
02ff9cd4	HAVOK	T2	444
02ff9e90	HAVOK	T2	692
02ffa144	HAVOK	T2	800
02ffa464	HAVOK	T2	796
02ffa780	HAVOK	T2	444
02ffa93c	HAVOK	T2	692
02ffabf0	HAVOK	T2	768
02ffaef0	HAVOK	T2	752
02ffb1e0	HAVOK	T2	444
02ffb39c	HAVOK	T2	920
02ffb734	HAVOK	T2	204
02ffb800	HAVOK	T2	116
02ffb874	HAVOK	T2	60
02ffb8b0	HAVOK	T2	3228
02ffc9fc	HAVOK	T2	1800
02ffd104	HAVOK	T2	180
02ffd1b8	HAVOK	T2	696
02ffd470	HAVOK	T2	436
02ffd624	HAVOK	T2	1268
02ffdb18	HAVOK	T2	76
02ffdb64	HAVOK	T2	280
02ffdc7c	HAVOK	T2	736
02ffdf5c	HAVOK	T2	276
02ffe070	HAVOK	T2	1304
02ffe588	HAVOK	T2	20
02ffe59c	HAVOK	T2	8
02ffe5a4	HAVOK	T2	324
02ffe6e8	HAVOK	T2	304
02ffe818	HAVOK	T2	512
02ffea18	HAVOK	T2	364
02ffeb84	HAVOK	T2	336
02ffecd4	HAVOK	T2	372
02ffee48	HAVOK	T2	136
02ffeed0	HAVOK	T2	404
02fff064	HAVOK	T2	136
02fff0ec	HAVOK	T2	136
02fff174	HAVOK	T2	216
02fff24c	HAVOK	T2	476
02fff428	HAVOK	T2	176
02fff4d8	HAVOK	T2	188
02fff594	HAVOK	T2	260
02fff698	HAVOK	T2	144
02fff728	HAVOK	T2	340
02fff87c	HAVOK	T2	396
02fffa08	HAVOK	T2	724
02fffcdc	HAVOK	T2	320
02fffe1c	HAVOK	T2	1064
03000244	HAVOK	T2	372
030003b8	HAVOK	T2	308
030004ec	HAVOK	T2	496
030006dc	HAVOK	T2	420
03000880	HAVOK	T2	136
03000908	HAVOK	T2	492
03000af4	HAVOK	T2	932
03000e98	HAVOK	T2	460
03001064	HAVOK	T2	180
03001118	HAVOK	T2	220
030011f4	HAVOK	T2	3808
030020d4	HAVOK	T2	136
0300215c	HAVOK	T2	136
030021e4	HAVOK	T2	96
03002244	HAVOK	T2	152
030022dc	HAVOK	T2	236
030023c8	HAVOK	T2	60
03002404	HAVOK	T2	136
0300248c	HAVOK	T2	616
030026f4	HAVOK	T2	2000
03002ec4	HAVOK	T2	664
0300315c	HAVOK	T2	324
030032a0	HAVOK	T2	116
03003314	HAVOK	T2	668
030035b0	HAVOK	T2	276
030036c4	HAVOK	T2	564
030038f8	HAVOK	T2	116
0300396c	HAVOK	T2	512
03003b6c	HAVOK	T2	68
03003bb0	HAVOK	T2	84
03003c04	HAVOK	T2	80
03003c54	HAVOK	T2	80
03003ca4	HAVOK	T2	28
03003cc0	HAVOK	T2	28
03003cdc	HAVOK	T2	212
03003db0	HAVOK	T2	568
03003fe8	HAVOK	T2	420
03004190	HAVOK	T2	488
03004380	HAVOK	T2	640
03004600	HAVOK	T2	140
0300468c	HAVOK	T2	12
03004698	HAVOK	T2	140
03004724	HAVOK	T2	12
03004730	HAVOK	T2	160
030047d0	HAVOK	T2	472
0300652c	HAVOK	T2	88
03006584	HAVOK	T2	56
030065bc	HAVOK	T2	360
03006724	HAVOK	T2	1544
03006d30	HAVOK	T2	1952
030074d0	HAVOK	T2	12
030074dc	HAVOK	T2	72
03007524	HAVOK	T2	80
03007574	HAVOK	T2	80
030075c4	HAVOK	T2	80
03007614	HAVOK	T2	112
03007684	HAVOK	T2	12
03007690	HAVOK	T2	96
030076f0	HAVOK	T2	80
03007740	HAVOK	T2	72
03007788	HAVOK	T2	12
03007794	HAVOK	T2	84
030077e8	HAVOK	T2	80
03007838	HAVOK	T2	80
03007888	HAVOK	T2	1796
03007f8c	HAVOK	T2	56
03007fc4	HAVOK	T2	8
03007fcc	HAVOK	T2	32
03007fec	HAVOK	T2	12
03007ff8	HAVOK	T2	116
0300806c	HAVOK	T2	80
030080bc	HAVOK	T2	184
03008174	HAVOK	T2	8
0300817c	HAVOK	T2	32
0300819c	HAVOK	T2	12
030081a8	HAVOK	T2	112
03008218	HAVOK	T2	112
03008288	HAVOK	T2	80
030082d8	HAVOK	T2	56
03008310	HAVOK	T2	12
0300831c	HAVOK	T2	60
03008358	HAVOK	T1	1836
03008a84	HAVOK	T2	80
03008ad4	HAVOK	T2	1716
03009188	HAVOK	T2	92
030091e4	HAVOK	T2	12
030091f0	HAVOK	T2	108
0300925c	HAVOK	T2	76
030092a8	HAVOK	T2	108
03009314	HAVOK	T2	60
03009350	HAVOK	T2	68
03009394	HAVOK	T2	80
030093e4	HAVOK	T2	4
030093e8	HAVOK	T2	48
03009418	HAVOK	T2	12
03009424	HAVOK	T2	112
03009494	HAVOK	T2	112
03009504	HAVOK	T2	80
03009554	HAVOK	T2	60
03009590	HAVOK	T2	192
03009650	HAVOK	T2	60
0300968c	HAVOK	T2	60
030096c8	HAVOK	T2	12
030096d4	HAVOK	T2	112
03009744	HAVOK	T2	80
03009794	HAVOK	T2	76
030097e0	HAVOK	T2	12
030097ec	HAVOK	T2	60
03009828	HAVOK	T2	72
03009870	HAVOK	T2	76
030098bc	HAVOK	T2	12
030098c8	HAVOK	T2	212
0300999c	HAVOK	T2	80
030099ec	HAVOK	T2	80
03009a3c	HAVOK	T2	12
03009a48	HAVOK	T2	80
03009a98	HAVOK	T2	80
03009ae8	HAVOK	T2	64
03009b28	HAVOK	T2	52
03009b5c	HAVOK	T2	76
03009ba8	HAVOK	T2	108
03009c14	HAVOK	T2	132
03009c98	HAVOK	T2	88
03009cf0	HAVOK	T2	12
03009cfc	HAVOK	T2	80
03009d4c	HAVOK	T2	60
03009d88	HAVOK	T2	36
03009dac	HAVOK	T2	12
03009db8	HAVOK	T2	60
03009df4	HAVOK	T2	80
03009e44	HAVOK	T2	68
03009e88	HAVOK	T2	12
03009e94	HAVOK	T1	1212
0300a350	HAVOK	T2	80
0300a3a0	HAVOK	T2	92
0300a3fc	HAVOK	T2	4
0300a400	HAVOK	T2	52
0300a434	HAVOK	T2	4
0300a438	HAVOK	T2	12
0300a444	HAVOK	T2	80
0300a494	HAVOK	T2	80
0300a4e4	HAVOK	T2	740
0300a7c8	HAVOK	T2	112
0300a838	HAVOK	T2	12
0300a844	HAVOK	T2	76
0300a890	HAVOK	T2	64
0300a8d0	HAVOK	T2	12
0300a8dc	HAVOK	T2	80
0300a92c	HAVOK	T2	68
0300a970	HAVOK	T2	12
0300a97c	HAVOK	T2	80
0300a9cc	HAVOK	T2	68
0300aa10	HAVOK	T2	84
0300aa64	HAVOK	T2	204
0300ab30	HAVOK	T2	68
0300ab74	HAVOK	T2	80
0300abc4	HAVOK	T2	84
0300ac18	HAVOK	T2	12
0300ac24	HAVOK	T2	80
0300ac74	HAVOK	T2	92
0300acd0	HAVOK	T2	12
0300acdc	HAVOK	T2	64
0300ad1c	HAVOK	T2	80
0300ad6c	HAVOK	T2	112
0300addc	HAVOK	T2	52
0300ae10	HAVOK	T2	80
0300ae60	HAVOK	T2	12
0300ae6c	HAVOK	T2	80
0300aebc	HAVOK	T2	84
0300af10	HAVOK	T2	112
0300af80	HAVOK	T2	4
0300af84	HAVOK	T2	4
0300af88	HAVOK	T2	12
0300af94	HAVOK	T2	488
0300b17c	HAVOK	T2	80
0300b1cc	HAVOK	T2	100
0300b230	HAVOK	T2	4
0300b234	HAVOK	T2	12
0300b240	HAVOK	T1	1056
0300b660	HAVOK	T2	76
0300b6ac	HAVOK	T2	92
0300b708	HAVOK	T2	12
0300b714	HAVOK	T2	128
0300b794	HAVOK	T2	80
0300b7e4	HAVOK	T2	64
0300b824	HAVOK	T2	12
0300b830	HAVOK	T1	1172
0300bcc4	HAVOK	T2	80
0300bd14	HAVOK	T2	68
0300bd58	HAVOK	T2	80
0300bda8	HAVOK	T2	4
0300bdac	HAVOK	T2	12
0300bdb8	HAVOK	T2	80
0300be08	HAVOK	T2	76
0300be54	HAVOK	T2	4
0300be58	HAVOK	T2	12
0300be64	HAVOK	T2	60
0300bea0	HAVOK	T2	80
0300bef0	HAVOK	T2	80
0300bf40	HAVOK	T2	100
0300bfa4	HAVOK	T2	112
0300c014	HAVOK	T2	4
0300c018	HAVOK	T2	12
0300c024	HAVOK	T2	80
0300c074	HAVOK	T2	124
0300c0f0	HAVOK	T2	12
0300c0fc	HAVOK	T2	80
0300c14c	HAVOK	T2	80
0300c19c	HAVOK	T2	12
0300c1a8	HAVOK	T2	80
0300c1f8	HAVOK	T2	76
0300c244	HAVOK	T2	12
0300c250	HAVOK	T2	80
0300c2a0	HAVOK	T2	120
0300c318	HAVOK	T2	12
0300c324	HAVOK	T2	80
0300c374	HAVOK	T2	120
0300c3ec	HAVOK	T2	12
0300c3f8	HAVOK	T2	80
0300c448	HAVOK	T2	76
0300c494	HAVOK	T2	12
0300c4a0	HAVOK	T2	80
0300c4f0	HAVOK	T2	120
0300c568	HAVOK	T2	12
0300c574	HAVOK	T2	80
0300c5c4	HAVOK	T2	76
0300c610	HAVOK	T2	4
0300c614	HAVOK	T2	12
0300c620	HAVOK	T2	80
0300c670	HAVOK	T2	76
0300c6bc	HAVOK	T2	4
0300c6c0	HAVOK	T2	12
0300c6cc	HAVOK	T2	80
0300c71c	HAVOK	T2	84
0300c770	HAVOK	T2	12
0300c77c	HAVOK	T2	160
0300c81c	HAVOK	T2	80
0300c86c	HAVOK	T2	84
0300c8c0	HAVOK	T2	12
0300c8cc	HAVOK	T2	80
0300c91c	HAVOK	T2	76
0300c968	HAVOK	T2	12
0300c974	HAVOK	T2	96
0300c9d4	HAVOK	T2	76
0300ca20	HAVOK	T2	80
0300ca70	HAVOK	T2	12
0300ca7c	HAVOK	T2	80
0300cacc	HAVOK	T2	76
0300cb18	HAVOK	T2	12
0300cb24	HAVOK	T2	76
0300cb70	HAVOK	T2	76
0300cbbc	HAVOK	T2	12
0300cbc8	HAVOK	T2	104
0300cc30	HAVOK	T2	80
0300cc80	HAVOK	T2	76
0300cccc	HAVOK	T2	52
0300cd00	HAVOK	T2	76
0300cd4c	HAVOK	T2	136
0300cdd4	HAVOK	T2	12
0300cde0	HAVOK	T2	76
0300ce2c	HAVOK	T2	96
0300ce8c	HAVOK	T2	76
0300ced8	HAVOK	T2	12
0300cee4	HAVOK	T2	76
0300cf30	HAVOK	T2	80
0300cf80	HAVOK	T2	80
0300cfd0	HAVOK	T2	140
0300d05c	HAVOK	T2	12
0300d068	HAVOK	T2	68
0300d0ac	HAVOK	T2	76
0300d0f8	HAVOK	T2	64
0300d138	HAVOK	T2	12
0300d144	HAVOK	T2	64
0300d184	HAVOK	T2	76
0300d1d0	HAVOK	T2	80
0300d220	HAVOK	T2	12
0300d22c	HAVOK	T2	100
0300d290	HAVOK	T2	80
0300d2e0	HAVOK	T2	92
0300d33c	HAVOK	T2	28
0300d358	HAVOK	T2	12
0300d364	HAVOK	T2	68
0300d3a8	HAVOK	T2	76
0300d3f4	HAVOK	T2	108
0300d460	HAVOK	T2	112
0300d4d0	HAVOK	T2	60
0300d50c	HAVOK	T2	4
0300d510	HAVOK	T2	60
0300d54c	HAVOK	T2	124
0300d5c8	HAVOK	T2	128
0300d648	HAVOK	T2	80
0300d698	HAVOK	T2	28
0300d6b4	HAVOK	T2	28
0300d6d0	HAVOK	T2	28
0300d6ec	HAVOK	T2	280
0300d804	HAVOK	T2	116
0300d878	HAVOK	T2	288
0300d998	HAVOK	T2	128
0300da18	HAVOK	T2	408
0300dbb0	HAVOK	T2	4
0300dbb4	HAVOK	T2	60
0300dbf0	HAVOK	T2	564
0300de24	HAVOK	T2	72
0300de6c	HAVOK	T2	80
0300debc	HAVOK	T2	12
0300dec8	HAVOK	T2	68
0300df0c	HAVOK	T2	76
0300df58	HAVOK	T2	108
0300dfc4	HAVOK	T2	112
0300e034	HAVOK	T2	12
0300e040	HAVOK	T2	116
0300e0b4	HAVOK	T2	88
0300e10c	HAVOK	T2	76
0300e158	HAVOK	T2	156
0300e1f4	HAVOK	T2	68
0300e238	HAVOK	T2	4
0300e23c	HAVOK	T2	12
0300e248	HAVOK	T2	232
0300e330	HAVOK	T2	176
0300e3e0	HAVOK	T2	80
0300e430	HAVOK	T2	108
0300e49c	HAVOK	T2	56
0300e4d4	HAVOK	T2	4
0300e4d8	HAVOK	T2	60
0300e514	HAVOK	T2	4
0300e518	HAVOK	T2	108
0300e584	HAVOK	T2	4
0300e588	HAVOK	T2	68
0300e5cc	HAVOK	T2	116
0300e640	HAVOK	T2	116
0300e6b4	HAVOK	T2	112
0300e724	HAVOK	T2	188
0300e7e0	HAVOK	T2	60
0300e81c	HAVOK	T2	120
0300e894	HAVOK	T2	120
0300e90c	HAVOK	T2	120
0300e984	HAVOK	T2	124
0300ea00	HAVOK	T2	124
0300ea7c	HAVOK	T2	124
0300eaf8	HAVOK	T2	124
0300eb74	HAVOK	T2	4
0300eb78	HAVOK	T2	52
0300ebac	HAVOK	T2	4
0300ebb0	HAVOK	T2	72
0300ebf8	HAVOK	T2	52
0300ec2c	HAVOK	T2	52
0300ec60	HAVOK	T2	124
0300ecdc	HAVOK	T2	64
0300ed1c	HAVOK	T2	60
0300ed58	HAVOK	T2	116
0300edcc	HAVOK	T2	52
0300ee00	HAVOK	T2	8
0300ee08	HAVOK	T2	60
0300ee44	HAVOK	T2	116
0300eeb8	HAVOK	T2	116
0300ef2c	HAVOK	T2	116
0300efa0	HAVOK	T2	12
0300efac	HAVOK	T2	60
0300efe8	HAVOK	T2	1108
0300f43c	HAVOK	T2	76
0300f488	HAVOK	T2	104
0300f4f0	HAVOK	T2	4
0300f4f4	HAVOK	T2	4
0300f4f8	HAVOK	T2	12
0300f504	HAVOK	T2	60
0300f540	HAVOK	T2	156
0300f5dc	HAVOK	T2	80
0300f62c	HAVOK	T2	12
0300f638	HAVOK	T2	60
0300f674	HAVOK	T2	168
0300f71c	HAVOK	T2	76
0300f768	HAVOK	T2	12
0300f774	HAVOK	T2	60
0300f7b0	HAVOK	T2	260
0300f8b4	HAVOK	T2	80
0300f904	HAVOK	T2	4
0300f908	HAVOK	T2	12
0300f914	HAVOK	T2	60
0300f950	HAVOK	T2	156
0300f9ec	HAVOK	T2	80
0300fa3c	HAVOK	T2	12
0300fa48	HAVOK	T2	60
0300fa84	HAVOK	T2	156
0300fb20	HAVOK	T2	80
0300fb70	HAVOK	T2	72
0300fbb8	HAVOK	T2	12
0300fbc4	HAVOK	T2	60
0300fc00	HAVOK	T2	152
0300fc98	HAVOK	T2	80
0300fce8	HAVOK	T2	60
0300fd24	HAVOK	T2	12
0300fd30	HAVOK	T2	60
0300fd6c	HAVOK	T2	152
0300fe04	HAVOK	T2	80
0300fe54	HAVOK	T2	12
0300fe60	HAVOK	T2	60
0300fe9c	HAVOK	T2	288
0300ffbc	HAVOK	T2	80
0301000c	HAVOK	T2	4
03010010	HAVOK	T2	12
0301001c	HAVOK	T2	60
03010058	HAVOK	T1	888
030103d0	HAVOK	T2	80
03010420	HAVOK	T2	80
03010470	HAVOK	T2	4
03010474	HAVOK	T2	12
03010480	HAVOK	T2	60
030104bc	HAVOK	T2	268
030105c8	HAVOK	T2	80
03010618	HAVOK	T2	12
03010624	HAVOK	T2	60
03010660	HAVOK	T2	156
030106fc	HAVOK	T2	80
0301074c	HAVOK	T2	12
03010758	HAVOK	T2	60
03010794	HAVOK	T2	296
030108bc	HAVOK	T2	80
0301090c	HAVOK	T2	4
03010910	HAVOK	T2	12
0301091c	HAVOK	T2	60
03010958	HAVOK	T2	200
03010a20	HAVOK	T2	80
03010a70	HAVOK	T2	12
03010a7c	HAVOK	T2	60
03010ab8	HAVOK	T2	156
03010b54	HAVOK	T2	80
03010ba4	HAVOK	T2	12
03010bb0	HAVOK	T2	84
03010c04	HAVOK	T2	360
03010d6c	HAVOK	T2	80
03010dbc	HAVOK	T2	4
03010dc0	HAVOK	T2	12
03010dcc	HAVOK	T2	60
03010e08	HAVOK	T2	216
03010ee0	HAVOK	T2	80
03010f30	HAVOK	T2	12
03010f3c	HAVOK	T2	60
03010f78	HAVOK	T2	200
03011040	HAVOK	T2	80
03011090	HAVOK	T2	12
0301109c	HAVOK	T2	60
030110d8	HAVOK	T2	240
030111c8	HAVOK	T2	80
03011218	HAVOK	T2	12
03011224	HAVOK	T2	60
03011260	HAVOK	T2	152
030112f8	HAVOK	T2	80
03011348	HAVOK	T2	12
03011354	HAVOK	T2	80
030113a4	HAVOK	T2	64
030113e4	HAVOK	T2	12
030113f0	HAVOK	T2	80
03011440	HAVOK	T2	108
030114ac	HAVOK	T2	12
030114b8	HAVOK	T2	112
03011528	HAVOK	T2	80
03011578	HAVOK	T2	64
030115b8	HAVOK	T2	12
030115c4	HAVOK	T2	80
03011614	HAVOK	T2	48
03011644	HAVOK	T2	60
03011680	HAVOK	T2	12
0301168c	HAVOK	T2	128
0301170c	HAVOK	T2	80
0301175c	HAVOK	T2	80
030117ac	HAVOK	T2	80
030117fc	HAVOK	T2	12
03011808	HAVOK	T2	80
03011858	HAVOK	T2	80
030118a8	HAVOK	T2	12
030118b4	HAVOK	T2	148
03011948	HAVOK	T2	80
03011998	HAVOK	T2	12
030119a4	HAVOK	T2	60
030119e0	HAVOK	T2	80
03011a30	HAVOK	T2	12
03011a3c	HAVOK	T2	60
03011a78	HAVOK	T2	80
03011ac8	HAVOK	T2	12
03011ad4	HAVOK	T2	60
03011b10	HAVOK	T2	68
03011b54	HAVOK	T2	76
03011ba0	HAVOK	T2	108
03011c0c	HAVOK	T2	128
03011c8c	HAVOK	T2	80
03011cdc	HAVOK	T2	164
03011d80	HAVOK	T2	80
03011dd0	HAVOK	T2	116
03011e44	HAVOK	T2	64
03011e84	HAVOK	T2	80
03011ed4	HAVOK	T2	100
03011f38	HAVOK	T2	200
03012000	HAVOK	T2	92
0301205c	HAVOK	T2	136
030120e4	HAVOK	T2	100
03012148	HAVOK	T2	108
030121b4	HAVOK	T2	80
03012204	HAVOK	T2	80
03012254	HAVOK	T2	12
03012260	HAVOK	T2	156
030122fc	HAVOK	T2	112
0301236c	HAVOK	T2	80
030123bc	HAVOK	T2	80
0301240c	HAVOK	T2	112
0301247c	HAVOK	T2	272
0301258c	HAVOK	T2	268
03012698	HAVOK	T2	504
03012890	HAVOK	T2	12
0301289c	HAVOK	T2	64
030128dc	HAVOK	T1	492
03012ac8	HAVOK	T2	80
03012b18	HAVOK	T2	116
03012b8c	HAVOK	T2	4
03012b90	HAVOK	T2	12
03012b9c	HAVOK	T2	68
03012be0	HAVOK	T2	80
03012c30	HAVOK	T2	80
03012c80	HAVOK	T2	12
03012c8c	HAVOK	T2	84
03012ce0	HAVOK	T2	88
03012d38	HAVOK	T2	76
03012d84	HAVOK	T2	12
03012d90	HAVOK	T2	84
03012de4	HAVOK	T2	88
03012e3c	HAVOK	T2	76
03012e88	HAVOK	T2	80
03012ed8	HAVOK	T2	4
03012edc	HAVOK	T2	4
03012ee0	HAVOK	T2	4
03012ee4	HAVOK	T2	88
03012f3c	HAVOK	T2	4
03012f40	HAVOK	T2	84
03012f94	HAVOK	T2	80
03012fe4	HAVOK	T2	4
03012fe8	HAVOK	T2	12
03012ff4	HAVOK	T2	64
03013034	HAVOK	T1	1084
03013470	HAVOK	T2	80
030134c0	HAVOK	T2	116
03013534	HAVOK	T2	60
03013570	HAVOK	T2	60
030135ac	HAVOK	T2	60
030135e8	HAVOK	T2	60
03013624	HAVOK	T2	60
03013660	HAVOK	T2	60
0301369c	HAVOK	T2	60
030136d8	HAVOK	T2	60
03013714	HAVOK	T2	12
03013720	HAVOK	T2	60
0301375c	HAVOK	T2	80
030137ac	HAVOK	T2	80
030137fc	HAVOK	T2	140
03013888	HAVOK	T2	60
030138c4	HAVOK	T2	60
03013900	HAVOK	T2	68
03013944	HAVOK	T2	68
03013988	HAVOK	T2	60
030139c4	HAVOK	T2	60
03013a00	HAVOK	T2	60
03013a3c	HAVOK	T2	60
03013a78	HAVOK	T2	60
03013ab4	HAVOK	T2	60
03013af0	HAVOK	T2	60
03013b2c	HAVOK	T2	60
03013b68	HAVOK	T2	60
03013ba4	HAVOK	T2	60
03013be0	HAVOK	T2	60
03013c1c	HAVOK	T2	60
03013c58	HAVOK	T2	60
03013c94	HAVOK	T2	60
03013cd0	HAVOK	T2	60
03013d0c	HAVOK	T2	60
03013d48	HAVOK	T2	60
03013d84	HAVOK	T2	60
03013dc0	HAVOK	T2	60
03013dfc	HAVOK	T2	84
03013e50	HAVOK	T2	60
03013e8c	HAVOK	T2	60
03013ec8	HAVOK	T2	60
03013f04	HAVOK	T2	60
03013f40	HAVOK	T2	60
03013f7c	HAVOK	T2	60
03013fb8	HAVOK	T2	60
03013ff4	HAVOK	T2	60
03014030	HAVOK	T2	60
0301406c	HAVOK	T2	60
030140a8	HAVOK	T2	60
030140e4	HAVOK	T2	60
03014120	HAVOK	T2	60
0301415c	HAVOK	T2	60
03014198	HAVOK	T2	64
030141d8	HAVOK	T2	60
03014214	HAVOK	T2	60
03014250	HAVOK	T2	60
0301428c	HAVOK	T2	120
03014304	HAVOK	T2	60
03014340	HAVOK	T2	60
0301437c	HAVOK	T2	84
030143d0	HAVOK	T2	48
03014400	HAVOK	T2	60
0301443c	HAVOK	T2	92
03014498	HAVOK	T2	60
030144d4	HAVOK	T2	60
03014510	HAVOK	T2	60
0301454c	HAVOK	T2	60
03014588	HAVOK	T2	60
030145c4	HAVOK	T2	60
03014600	HAVOK	T2	60
0301463c	HAVOK	T2	48
0301466c	HAVOK	T2	60
030146a8	HAVOK	T2	60
030146e4	HAVOK	T2	60
03014720	HAVOK	T2	48
03014750	HAVOK	T2	60
0301478c	HAVOK	T2	60
030147c8	HAVOK	T2	60
03014804	HAVOK	T2	60
03014840	HAVOK	T2	60
0301487c	HAVOK	T2	60
030148b8	HAVOK	T2	160
03014958	HAVOK	T2	48
03014988	HAVOK	T2	60
030149c4	HAVOK	T2	104
03014a2c	HAVOK	T2	72
03014a74	HAVOK	T2	104
03014adc	HAVOK	T2	68
03014b20	HAVOK	T2	60
03014b5c	HAVOK	T2	60
03014b98	HAVOK	T2	60
03014bd4	HAVOK	T2	60
03014c10	HAVOK	T2	64
03014c50	HAVOK	T2	60
03014c8c	HAVOK	T2	60
03014cc8	HAVOK	T2	60
03014d04	HAVOK	T2	84
03014d58	HAVOK	T2	60
03014d94	HAVOK	T2	60
03014dd0	HAVOK	T2	60
03014e0c	HAVOK	T2	60
03014e48	HAVOK	T2	60
03014e84	HAVOK	T2	48
03014eb4	HAVOK	T2	60
03014ef0	HAVOK	T2	60
03014f2c	HAVOK	T2	60
03014f68	HAVOK	T2	60
03014fa4	HAVOK	T2	64
03014fe4	HAVOK	T2	64
03015024	HAVOK	T2	60
03015060	HAVOK	T2	60
0301509c	HAVOK	T2	64
030150dc	HAVOK	T2	48
0301510c	HAVOK	T2	60
03015148	HAVOK	T2	48
03015178	HAVOK	T2	60
030151b4	HAVOK	T2	60
030151f0	HAVOK	T2	60
0301522c	HAVOK	T2	336
0301537c	HAVOK	T2	80
030153cc	HAVOK	T2	72
03015414	HAVOK	T2	80
03015464	HAVOK	T2	56
0301549c	HAVOK	T2	56
030154d4	HAVOK	T2	56
0301550c	HAVOK	T2	56
03015544	HAVOK	T2	56
0301557c	HAVOK	T2	56
030155b4	HAVOK	T2	56
030155ec	HAVOK	T2	12
030155f8	HAVOK	T2	52
0301562c	HAVOK	T2	164
030156d0	HAVOK	T2	80
03015720	HAVOK	T2	52
03015754	HAVOK	T2	76
030157a0	HAVOK	T2	108
0301580c	HAVOK	T2	52
03015840	HAVOK	T2	80
03015890	HAVOK	T2	52
030158c4	HAVOK	T2	80
03015914	HAVOK	T2	80
03015964	HAVOK	T2	312
03015a9c	HAVOK	T2	12
03015aa8	HAVOK	T2	80
03015af8	HAVOK	T1	816
03015e28	HAVOK	T2	80
03015e78	HAVOK	T2	312
03015fb0	HAVOK	T2	4
03015fb4	HAVOK	T2	12
03015fc0	HAVOK	T2	60
03015ffc	HAVOK	T1	688
030162ac	HAVOK	T2	80
030162fc	HAVOK	T2	80
0301634c	HAVOK	T2	4
03016350	HAVOK	T2	12
0301635c	HAVOK	T2	60
03016398	HAVOK	T2	80
030163e8	HAVOK	T2	80
03016438	HAVOK	T2	344
03016590	HAVOK	T2	4
03016594	HAVOK	T2	12
030165a0	HAVOK	T2	80
030165f0	HAVOK	T2	80
03016640	HAVOK	T2	4
03016644	HAVOK	T2	12
03016650	HAVOK	T1	1132
03016abc	HAVOK	T2	80
03016b0c	HAVOK	T2	296
03016c34	HAVOK	T2	88
03016c8c	HAVOK	T2	12
03016c98	HAVOK	T2	124
03016d14	HAVOK	T2	132
03016d98	HAVOK	T2	80
03016de8	HAVOK	T2	104
03016e50	HAVOK	T2	56
03016e88	HAVOK	T2	60
03016ec4	HAVOK	T2	236
03016fb0	HAVOK	T2	72
03016ff8	HAVOK	T2	348
03017154	HAVOK	T2	12
03017160	HAVOK	T1	1620
030177b4	HAVOK	T2	80
03017804	HAVOK	T1	2396
03018160	HAVOK	T2	100
030181c4	HAVOK	T2	12
030181d0	HAVOK	T2	60
0301820c	HAVOK	T2	240
030182fc	HAVOK	T2	80
0301834c	HAVOK	T2	312
03018484	HAVOK	T2	12
03018490	HAVOK	T2	60
030184cc	HAVOK	T2	244
030185c0	HAVOK	T2	80
03018610	HAVOK	T2	440
030187c8	HAVOK	T2	60
03018804	HAVOK	T2	12
03018810	HAVOK	T2	116
03018884	HAVOK	T2	80
030188d4	HAVOK	T2	60
03018910	HAVOK	T2	12
0301891c	HAVOK	T2	60
03018958	HAVOK	T2	76
030189a4	HAVOK	T2	104
03018a0c	HAVOK	T2	12
03018a18	HAVOK	T2	116
03018a8c	HAVOK	T2	80
03018adc	HAVOK	T2	104
03018b44	HAVOK	T2	12
03018b50	HAVOK	T2	380
03018ccc	HAVOK	T2	112
03018d3c	HAVOK	T2	80
03018d8c	HAVOK	T2	80
03018ddc	HAVOK	T2	12
03018de8	HAVOK	T2	100
03018e4c	HAVOK	T1	580
03019090	HAVOK	T2	80
030190e0	HAVOK	T1	1356
0301962c	HAVOK	T2	12
03019638	HAVOK	T2	124
030196b4	HAVOK	T2	80
03019704	HAVOK	T2	4
03019708	HAVOK	T2	148
0301979c	HAVOK	T2	128
0301981c	HAVOK	T2	12
03019828	HAVOK	T2	208
030198f8	HAVOK	T2	80
03019948	HAVOK	T2	80
03019998	HAVOK	T2	12
030199a4	HAVOK	T2	60
030199e0	HAVOK	T2	88
03019a38	HAVOK	T2	76
03019a84	HAVOK	T2	80
03019ad4	HAVOK	T2	4
03019ad8	HAVOK	T2	12
03019ae4	HAVOK	T2	60
03019b20	HAVOK	T1	540
03019d3c	HAVOK	T2	80
03019d8c	HAVOK	T2	80
03019ddc	HAVOK	T2	4
03019de0	HAVOK	T2	60
03019e1c	HAVOK	T2	60
03019e58	HAVOK	T2	12
03019e64	HAVOK	T2	112
03019ed4	HAVOK	T2	80
03019f24	HAVOK	T2	80
03019f74	HAVOK	T2	12
03019f80	HAVOK	T2	60
03019fbc	HAVOK	T2	80
0301a00c	HAVOK	T2	80
0301a05c	HAVOK	T2	80
0301a0ac	HAVOK	T2	4
0301a0b0	HAVOK	T2	80
0301a100	HAVOK	T2	4
0301a104	HAVOK	T2	12
0301a110	HAVOK	T2	60
0301a14c	HAVOK	T2	88
0301a1a4	HAVOK	T2	76
0301a1f0	HAVOK	T2	80
0301a240	HAVOK	T2	4
0301a244	HAVOK	T2	12
0301a250	HAVOK	T2	116
0301a2c4	HAVOK	T2	124
0301a340	HAVOK	T2	80
0301a390	HAVOK	T2	220
0301a46c	HAVOK	T2	28
0301a488	HAVOK	T2	4
0301a48c	HAVOK	T2	12
0301a498	HAVOK	T2	60
0301a4d4	HAVOK	T2	408
0301a66c	HAVOK	T2	80
0301a6bc	HAVOK	T2	80
0301a70c	HAVOK	T2	4
0301a710	HAVOK	T2	12
0301a71c	HAVOK	T2	68
0301a760	HAVOK	T1	1040
0301ab70	HAVOK	T2	80
0301abc0	HAVOK	T2	52
0301abf4	HAVOK	T2	80
0301ac44	HAVOK	T1	1296
0301b154	HAVOK	T2	12
0301b160	HAVOK	T2	60
0301b19c	HAVOK	T1	880
0301b50c	HAVOK	T2	80
0301b55c	HAVOK	T2	80
0301b5ac	HAVOK	T2	4
0301b5b0	HAVOK	T2	60
0301b5ec	HAVOK	T2	12
0301b5f8	HAVOK	T2	60
0301b634	HAVOK	T1	580
0301b878	HAVOK	T2	80
0301b8c8	HAVOK	T1	1152
0301bd48	HAVOK	T2	12
0301bd54	HAVOK	T1	508
0301bf50	HAVOK	T2	80
0301bfa0	HAVOK	T2	312
0301c0d8	HAVOK	T2	64
0301c118	HAVOK	T2	12
0301c124	HAVOK	T2	60
0301c160	HAVOK	T2	80
0301c1b0	HAVOK	T2	80
0301c200	HAVOK	T2	80
0301c250	HAVOK	T2	4
0301c254	HAVOK	T2	12
0301c260	HAVOK	T2	60
0301c29c	HAVOK	T1	604
0301c4f8	HAVOK	T2	76
0301c544	HAVOK	T2	12
0301c550	HAVOK	T2	12
0301c55c	HAVOK	T2	60
0301c598	HAVOK	T2	72
0301c5e0	HAVOK	T2	76
0301c62c	HAVOK	T2	12
0301c638	HAVOK	T2	52
0301c66c	HAVOK	T2	76
0301c6b8	HAVOK	T2	108
0301c724	HAVOK	T2	8
0301c72c	HAVOK	T2	12
0301c738	HAVOK	T2	60
0301c774	HAVOK	T1	1056
0301cb94	HAVOK	T2	80
0301cbe4	HAVOK	T1	1516
0301d1d0	HAVOK	T2	12
0301d1dc	HAVOK	T1	1348
0301d720	HAVOK	T2	80
0301d770	HAVOK	T1	1528
0301dd68	HAVOK	T2	144
0301ddf8	HAVOK	T2	4
0301ddfc	HAVOK	T2	28
0301de18	HAVOK	T2	120
0301de90	HAVOK	T2	116
0301df04	HAVOK	T2	108
0301df70	HAVOK	T2	124
0301dfec	HAVOK	T2	56
0301e024	HAVOK	T2	104
0301e08c	HAVOK	T2	4
0301e090	HAVOK	T2	108
0301e0fc	HAVOK	T2	60
0301e138	HAVOK	T2	124
0301e1b4	HAVOK	T2	28
0301e1d0	HAVOK	T2	56
0301e208	HAVOK	T2	116
0301e27c	HAVOK	T2	64
0301e2bc	HAVOK	T2	116
0301e330	HAVOK	T2	108
0301e39c	HAVOK	T2	28
0301e3b8	HAVOK	T2	116
0301e42c	HAVOK	T2	340
0301e580	HAVOK	T2	12
0301e58c	HAVOK	T1	2852
0301f0b0	HAVOK	T2	80
0301f100	HAVOK	T1	10012
0302181c	HAVOK	T2	60
03021858	HAVOK	T2	60
03021894	HAVOK	T1	1176
03021d2c	HAVOK	T2	72
03021d74	HAVOK	T1	1304
0302228c	HAVOK	T2	80
030222dc	HAVOK	T2	120
03022354	HAVOK	T2	116
030223c8	HAVOK	T2	200
03022490	HAVOK	T2	200
03022558	HAVOK	T2	200
03022620	HAVOK	T2	200
030226e8	HAVOK	T2	448
030228b0	HAVOK	T2	252
030229ac	HAVOK	T2	356
03022b10	HAVOK	T2	200
03022bd8	HAVOK	T2	360
03022d40	HAVOK	T2	468
03022f14	HAVOK	T2	8
03022f1c	HAVOK	T2	8
03022f24	HAVOK	T2	108
03022f90	HAVOK	T2	112
03023000	HAVOK	T2	8
03023008	HAVOK	T2	64
03023048	HAVOK	T2	104
030230b0	HAVOK	T2	8
030230b8	HAVOK	T2	60
030230f4	HAVOK	T2	384
03023274	HAVOK	T2	180
03023328	HAVOK	T2	200
030233f0	HAVOK	T2	200
030234b8	HAVOK	T2	200
03023580	HAVOK	T2	476
0302375c	HAVOK	T2	580
030239a4	HAVOK	T2	4
030239a8	HAVOK	T2	4
030239ac	HAVOK	T2	4
030239b0	HAVOK	T2	4
030239b8	HAVOK	T2	20
030239cc	HAVOK	T2	24
030239e8	HAVOK	T2	32
03023a08	HAVOK	T2	44
03023a34	HAVOK	T2	200
03023afc	HAVOK	T2	108
03023b68	HAVOK	T2	236
03023c54	HAVOK	T2	192
03023d14	HAVOK	T2	300
03023e40	HAVOK	T2	200
03023f08	HAVOK	T2	60
03023f44	HAVOK	T2	208
03024014	HAVOK	T2	200
030240dc	HAVOK	T2	200
030241a8	HAVOK	T2	4
030241ac	HAVOK	T2	120
03024228	HAVOK	T2	200
030242f0	HAVOK	T2	308
03024424	HAVOK	T2	116
03024498	HAVOK	T2	180
0302454c	HAVOK	T2	672
030247ec	HAVOK	T2	180
030248a0	HAVOK	T2	60
030248dc	HAVOK	T2	208
030249ac	HAVOK	T2	520
03024bb4	HAVOK	T2	180
03024c68	HAVOK	T2	200
03024d30	HAVOK	T2	400
03024ec0	HAVOK	T2	492
030250ac	HAVOK	T2	416
0302524c	HAVOK	T2	508
03025448	HAVOK	T2	200
03025510	HAVOK	T2	200
030255d8	HAVOK	T2	260
030256dc	HAVOK	T2	388
03025860	HAVOK	T2	448
03025a20	HAVOK	T2	200
03025ae8	HAVOK	T2	60
03025b24	HAVOK	T2	184
03025bdc	HAVOK	T2	292
03025d00	HAVOK	T2	20
03025d14	HAVOK	T2	20
03025d28	HAVOK	T2	216
03025e00	HAVOK	T2	328
03025f48	HAVOK	T2	448
03026108	HAVOK	T2	204
030261d4	HAVOK	T2	316
03026310	HAVOK	T2	448
030264d0	HAVOK	T2	344
03026628	HAVOK	T2	448
030267e8	HAVOK	T2	200
030268b0	HAVOK	T2	24
030268c8	HAVOK	T2	204
03026994	HAVOK	T2	200
03026a5c	HAVOK	T2	292
03026b80	HAVOK	T2	428
03026d2c	HAVOK	T2	200
03026df4	HAVOK	T2	200
03026ebc	HAVOK	T2	200
03026f84	HAVOK	T2	200
0302704c	HAVOK	T2	200
03027114	HAVOK	T2	200
030271dc	HAVOK	T2	180
03027290	HAVOK	T2	288
030273b0	HAVOK	T2	200
03027478	HAVOK	T2	200
03027540	HAVOK	T2	200
03027608	HAVOK	T2	200
030276d0	HAVOK	T2	200
03027798	HAVOK	T2	200
03027860	HAVOK	T2	200
03027928	HAVOK	T2	180
030279dc	HAVOK	T2	180
03027a90	HAVOK	T2	200
03027b58	HAVOK	T2	200
03027c20	HAVOK	T2	200
03027ce8	HAVOK	T2	200
03027db0	HAVOK	T2	200
03027e78	HAVOK	T2	200
03027f40	HAVOK	T2	656
030281d0	HAVOK	T2	180
03028284	HAVOK	T2	4
03028288	HAVOK	T2	4
0302828c	HAVOK	T2	60
030282c8	HAVOK	T2	44
030282f4	HAVOK	T2	340
03028448	HAVOK	T2	444
03028604	HAVOK	T2	4
03028608	HAVOK	T2	4
0302860c	HAVOK	T2	408
030287a4	HAVOK	T2	512
030289a4	HAVOK	T2	180
03028a58	HAVOK	T2	4
03028a5c	HAVOK	T2	172
03028b08	HAVOK	T2	300
03028c34	HAVOK	T2	652
03028d08	HAVOK	T2	324
03028e4c	HAVOK	T2	200
03028f14	HAVOK	T2	120
03028f8c	HAVOK	T2	248
03029084	HAVOK	T2	200
0302914c	HAVOK	T2	200
03029214	HAVOK	T2	112
03029284	HAVOK	T2	240
03029374	HAVOK	T2	172
03029420	HAVOK	T2	280
03029538	HAVOK	T2	200
03029600	HAVOK	T2	188
030296bc	HAVOK	T2	296
030297f0	HAVOK	T2	56
03029830	HAVOK	T2	64
03029870	HAVOK	T2	64
030298b0	HAVOK	T2	64
030298f0	HAVOK	T2	64
03029930	HAVOK	T2	64
03029970	HAVOK	T2	64
030299b0	HAVOK	T2	64
030299f0	HAVOK	T2	64
03029a30	HAVOK	T2	64
03029a70	HAVOK	T2	64
03029ab0	HAVOK	T2	64
03029af0	HAVOK	T2	68
03029b40	HAVOK	T2	68
03029b90	HAVOK	T2	64
03029bd0	HAVOK	T2	64
03029c10	HAVOK	T2	64
03029c50	HAVOK	T2	64
03029d80	HAVOK	T2	14260
0302d540	HAVOK	T2	64
0302d580	HAVOK	T2	64
0302d5c0	HAVOK	T2	64
0302d600	HAVOK	T2	68
0302d650	HAVOK	T2	64
0302d690	HAVOK	T2	64
0302d6d0	HAVOK	T2	64
0302d710	HAVOK	T2	64
0302d750	HAVOK	T2	64
0302d790	HAVOK	T2	64
0302d7d0	HAVOK	T2	64
0302d810	HAVOK	T2	68
0302d860	HAVOK	T2	68
0302d8b0	HAVOK	T2	68
0302d900	HAVOK	T2	64
0302d940	HAVOK	T2	64
0302d980	HAVOK	T2	64
0302d9c0	HAVOK	T2	64
0302da00	HAVOK	T2	64
0302da40	HAVOK	T2	64
0302da80	HAVOK	T2	64
0302dac0	HAVOK	T2	64
0302db00	HAVOK	T2	64
0302db40	HAVOK	T2	64
0302db80	HAVOK	T2	64
0302dbc0	HAVOK	T2	64
0302dc00	HAVOK	T2	64
0302dc40	HAVOK	T2	64
0302dc80	HAVOK	T2	64
0302dcc0	HAVOK	T2	64
0302dd00	HAVOK	T2	64
0302dd40	HAVOK	T2	64
0302dd80	HAVOK	T2	68
0302ddd0	HAVOK	T2	68
0302de20	HAVOK	T2	64
0302de60	HAVOK	T2	64
0302dea0	HAVOK	T2	64
0302dee0	HAVOK	T2	68
0302df30	HAVOK	T2	68
0302df80	HAVOK	T2	64
0302dfc0	HAVOK	T2	64
0302e000	HAVOK	T2	64
0302e040	HAVOK	T2	64
0302e080	HAVOK	T2	64
0302e0c0	HAVOK	T2	64
0302e100	HAVOK	T2	64
0302e140	HAVOK	T2	64
0302e180	HAVOK	T2	64
0302e1c0	HAVOK	T2	68
0302e210	HAVOK	T2	68
0302e260	HAVOK	T2	64
0302e2a0	HAVOK	T2	64
0302e2e0	HAVOK	T2	68
0302e330	HAVOK	T2	68
0302e380	HAVOK	T2	68
0302e3d0	HAVOK	T2	68
0302e420	HAVOK	T2	64
0302e460	HAVOK	T2	52
0302e4a0	HAVOK	T2	64
0302e4e0	HAVOK	T2	64
0302e520	HAVOK	T2	64
0302e560	HAVOK	T2	64
0302e5a0	HAVOK	T2	64
0302e5e0	HAVOK	T2	64
0302e620	HAVOK	T2	64
0302e660	HAVOK	T2	68
0302e6b0	HAVOK	T2	68
0302e700	HAVOK	T2	64
0302e740	HAVOK	T2	64
0302e780	HAVOK	T2	64
0302e7c0	HAVOK	T2	64
0302e800	HAVOK	T2	64
0302e840	HAVOK	T2	64
0302e880	HAVOK	T2	64
0302e8c0	HAVOK	T2	64
0302e900	HAVOK	T2	64
0302e940	HAVOK	T2	64
0302e980	HAVOK	T2	64
0302e9c0	HAVOK	T2	64
0302ea00	HAVOK	T2	64
0302ea40	HAVOK	T2	64
0302ea80	HAVOK	T2	64
0302eac0	HAVOK	T2	64
0302eb00	HAVOK	T2	64
0302eb40	HAVOK	T2	64
0302eb80	HAVOK	T2	64
0302ebc0	HAVOK	T2	64
0302ec00	HAVOK	T2	64
0302ec40	HAVOK	T2	64
0302ec80	HAVOK	T2	64
0302ecc0	HAVOK	T2	64
0302ed00	HAVOK	T2	64
0302ed40	HAVOK	T2	64
0302ed80	HAVOK	T2	64
0302edc0	HAVOK	T2	64
0302ee00	HAVOK	T2	64
0302ee40	HAVOK	T2	64
0302ee80	HAVOK	T2	64
0302eec0	HAVOK	T2	64
0302ef00	HAVOK	T2	64
0302ef40	HAVOK	T2	64
0302ef80	HAVOK	T2	64
0302efc0	HAVOK	T2	64
0302f000	HAVOK	T2	64
0302f040	HAVOK	T2	68
0302f090	HAVOK	T2	64
0302f0d0	HAVOK	T2	64
0302f110	HAVOK	T2	64
0302f150	HAVOK	T2	64
0302f190	HAVOK	T2	64
0302f1d0	HAVOK	T2	64
0302f210	HAVOK	T2	64
0302f250	HAVOK	T2	64
0302f290	HAVOK	T2	68
0302f2e0	HAVOK	T2	68
0302f330	HAVOK	T2	64
0302f370	HAVOK	T2	64
0302f3b0	HAVOK	T2	64
0302f3f0	HAVOK	T2	68
0302f440	HAVOK	T2	68
0302f490	HAVOK	T2	64
0302f4d0	HAVOK	T2	68
0302f520	HAVOK	T2	64
0302f560	HAVOK	T2	64
0302f5a0	HAVOK	T2	64
0302f5e0	HAVOK	T2	64
0302f620	HAVOK	T2	68
0302f670	HAVOK	T2	68
0302f6c0	HAVOK	T2	64
0302f700	HAVOK	T2	64
0302f740	HAVOK	T2	64
0302f780	HAVOK	T2	68
0302f7d0	HAVOK	T2	68
0302f820	HAVOK	T2	68
0302f870	HAVOK	T2	68
0302f8c0	HAVOK	T2	64
0302f900	HAVOK	T2	64
0302f940	HAVOK	T2	64
0302f980	HAVOK	T2	64
0302f9c0	HAVOK	T2	64
0302fa00	HAVOK	T2	64
0302fa40	HAVOK	T2	64
0302fa80	HAVOK	T2	64
0302fac0	HAVOK	T2	64
0302fb00	HAVOK	T2	64
0302fb40	HAVOK	T2	64
0302fb80	HAVOK	T2	64
0302fbc0	HAVOK	T2	64
0302fc00	HAVOK	T2	64
0302fc40	HAVOK	T2	64
0302fc80	HAVOK	T2	64
0302fcc0	HAVOK	T2	64
0302fd00	HAVOK	T2	64
0302fd40	HAVOK	T2	64
0302fd80	HAVOK	T2	64
0302fdc0	HAVOK	T2	64
0302fe00	HAVOK	T2	64
0302fe40	HAVOK	T2	64
0302fe80	HAVOK	T2	64
0302fec0	HAVOK	T2	64
0302ff00	HAVOK	T2	64
0302ff40	HAVOK	T2	64
0302ff80	HAVOK	T2	64
0302ffc0	HAVOK	T2	64
03030000	HAVOK	T2	64
03030040	HAVOK	T2	64
03030080	HAVOK	T2	64
030300c0	HAVOK	T2	64
03030100	HAVOK	T2	64
03030140	HAVOK	T2	64
03030180	HAVOK	T2	64
030301c0	HAVOK	T2	64
03030200	HAVOK	T2	64
03030240	HAVOK	T2	64
03030280	HAVOK	T2	64
030302c0	HAVOK	T2	64
03030300	HAVOK	T2	64
03030340	HAVOK	T2	64
03030380	HAVOK	T2	64
030303c0	HAVOK	T2	64
03030400	HAVOK	T2	64
03030440	HAVOK	T2	64
03030480	HAVOK	T2	64
030304c0	HAVOK	T2	64
03030500	HAVOK	T2	64
03030540	HAVOK	T2	64
03030580	HAVOK	T2	64
030305c0	HAVOK	T2	64
03030600	HAVOK	T2	64
03030640	HAVOK	T2	64
03030680	HAVOK	T2	64
030306c0	HAVOK	T2	64
03030700	HAVOK	T2	64
03030740	HAVOK	T2	64
03030780	HAVOK	T2	64
030307c0	HAVOK	T2	64
03030800	HAVOK	T2	64
03030840	HAVOK	T2	64
03030880	HAVOK	T2	64
030308c0	HAVOK	T2	64
03030900	HAVOK	T2	64
03030940	HAVOK	T2	64
03030980	HAVOK	T2	68
030309d0	HAVOK	T2	68
03030a20	HAVOK	T2	64
03030a60	HAVOK	T2	64
03030aa0	HAVOK	T2	64
03030ae0	HAVOK	T2	64
03030b20	HAVOK	T2	64
03030b60	HAVOK	T2	64
03030ba0	HAVOK	T2	64
03030be0	HAVOK	T2	64
03030c20	HAVOK	T2	64
03030c60	HAVOK	T2	64
03030ca0	HAVOK	T2	64
03030ce0	HAVOK	T2	68
03030d30	HAVOK	T2	68
03030d80	HAVOK	T2	64
03030dc0	HAVOK	T2	64
03030e00	HAVOK	T2	64
03030e40	HAVOK	T2	64
03030e80	HAVOK	T2	68
03030ed0	HAVOK	T2	64
03030f10	HAVOK	T2	64
03030f50	HAVOK	T2	64
03030f90	HAVOK	T2	64
03030fd0	HAVOK	T2	64
03031010	HAVOK	T2	68
03031060	HAVOK	T2	64
030310a0	HAVOK	T2	64
030310e0	HAVOK	T2	64
03031120	HAVOK	T2	64
03031160	HAVOK	T2	64
030311a0	HAVOK	T2	64
030311e0	HAVOK	T2	64
03031220	HAVOK	T2	64
03031260	HAVOK	T2	64
030312a0	HAVOK	T2	64
030312e0	HAVOK	T2	68
03031330	HAVOK	T2	68
03031380	HAVOK	T2	68
030313d0	HAVOK	T2	64
03031410	HAVOK	T2	64
03031450	HAVOK	T2	64
03031490	HAVOK	T2	64
030314d0	HAVOK	T2	64
03031510	HAVOK	T2	64
03031550	HAVOK	T2	64
03031590	HAVOK	T2	64
030315d0	HAVOK	T2	64
03031610	HAVOK	T2	64
03031650	HAVOK	T2	64
03031690	HAVOK	T2	64
030316d0	HAVOK	T2	64
03031710	HAVOK	T2	64
03031750	HAVOK	T2	64
03031790	HAVOK	T2	64
030317d0	HAVOK	T2	64
03031810	HAVOK	T2	64
03031850	HAVOK	T2	64
03031890	HAVOK	T2	64
030318d0	HAVOK	T2	64
03031910	HAVOK	T2	64
03031950	HAVOK	T2	64
03031990	HAVOK	T2	64
030319d0	HAVOK	T2	64
03031a10	HAVOK	T2	64
03031a50	HAVOK	T2	64
03031a90	HAVOK	T2	64
03031ad0	HAVOK	T2	64
03031b10	HAVOK	T2	64
03031b50	HAVOK	T2	64
03031b90	HAVOK	T2	64
03031bd0	HAVOK	T2	64
03031c10	HAVOK	T2	64
03031c50	HAVOK	T2	64
03031c90	HAVOK	T2	64
03031cd0	HAVOK	T2	64
03031d10	HAVOK	T2	68
03031d60	HAVOK	T2	64
03031da0	HAVOK	T2	64
03031de0	HAVOK	T2	64
03031e20	HAVOK	T2	64
03031e60	HAVOK	T2	64
03031ea0	HAVOK	T2	64
03031ee0	HAVOK	T2	64
03031f20	HAVOK	T2	64
03031f60	HAVOK	T2	64
03031fa0	HAVOK	T1	448
03032160	HAVOK	T2	64
030321a0	HAVOK	T2	64
030321e0	HAVOK	T2	64
03032220	HAVOK	T2	64
03032260	HAVOK	T2	64
030322a0	HAVOK	T2	64
030322e0	HAVOK	T2	64
03032320	HAVOK	T2	64
03032360	HAVOK	T2	140
030323ec	HAVOK	T2	28
03032408	HAVOK	T2	8
03032410	HAVOK	T2	344
03032568	HAVOK	T2	24
03032580	HAVOK	T2	100
030325e4	HAVOK	T2	28
03032600	HAVOK	T1	556
0303282c	HAVOK	T2	232
03032914	HAVOK	T2	640
03032b94	HAVOK	T2	4
03032b98	HAVOK	T2	28
03032bb4	HAVOK	T1	556
03032de0	HAVOK	T2	232
03032ec8	HAVOK	T2	636
03033144	HAVOK	T2	4
03033148	HAVOK	T2	28
03033164	HAVOK	T1	556
03033390	HAVOK	T2	232
03033478	HAVOK	T2	640
030336f8	HAVOK	T2	4
030336fc	HAVOK	T2	28
03033718	HAVOK	T1	556
03033944	HAVOK	T2	232
03033a2c	HAVOK	T2	640
03033cac	HAVOK	T2	4
03033cb0	HAVOK	T2	12
03033cbc	HAVOK	T2	200
03033d84	HAVOK	T2	64
03033dc4	HAVOK	T2	76
03033e10	HAVOK	T2	112
03033e80	HAVOK	T2	28
03033e9c	HAVOK	T1	928
0303423c	HAVOK	T2	232
03034324	HAVOK	T2	892
030346a0	HAVOK	T2	4
030346a4	HAVOK	T2	12
030346b0	HAVOK	T2	200
03034778	HAVOK	T2	64
030347b8	HAVOK	T2	76
03034804	HAVOK	T2	112
03034874	HAVOK	T2	4
03034878	HAVOK	T2	60
030348b4	HAVOK	T2	152
0303494c	HAVOK	T2	80
0303499c	HAVOK	T2	12
030349a8	HAVOK	T2	28
030349c4	HAVOK	T2	88
03034a1c	HAVOK	T2	112
03034a8c	HAVOK	T2	200
03034b54	HAVOK	T2	28
03034b70	HAVOK	T2	84
03034bc4	HAVOK	T2	112
03034c34	HAVOK	T2	188
03034cf0	HAVOK	T2	28
03034d0c	HAVOK	T2	84
03034d60	HAVOK	T2	112
03034dd0	HAVOK	T2	188
03034e8c	HAVOK	T2	28
03034ea8	HAVOK	T2	52
03034edc	HAVOK	T2	172
03034f88	HAVOK	T2	28
03034fa4	HAVOK	T2	52
03034fd8	HAVOK	T2	172
03035084	HAVOK	T2	28
030350a0	HAVOK	T2	52
030350d4	HAVOK	T2	172
03035180	HAVOK	T2	28
0303519c	HAVOK	T1	956
03035558	HAVOK	T2	300
03035684	HAVOK	T2	1024
03035a84	HAVOK	T2	4
03035a88	HAVOK	T2	28
03035aa4	HAVOK	T2	4
03035aa8	HAVOK	T2	108
03035b14	HAVOK	T2	324
03035c58	HAVOK	T2	4
03035c5c	HAVOK	T2	108
03035cc8	HAVOK	T2	4
03035ccc	HAVOK	T2	28
03035ce8	HAVOK	T1	572
03035f24	HAVOK	T2	228
03036008	HAVOK	T2	684
030362b4	HAVOK	T2	4
030362b8	HAVOK	T2	28
030362d4	HAVOK	T2	80
03036324	HAVOK	T2	112
03036394	HAVOK	T2	200
0303645c	HAVOK	T2	28
03036478	HAVOK	T1	556
030366a4	HAVOK	T2	232
0303678c	HAVOK	T2	640
03036a0c	HAVOK	T2	4
03036a10	HAVOK	T2	28
03036a2c	HAVOK	T1	576
03036c6c	HAVOK	T2	232
03036d54	HAVOK	T2	644
03036fd8	HAVOK	T2	4
03036fdc	HAVOK	T2	28
03036ff8	HAVOK	T2	56
03037030	HAVOK	T2	168
030370d8	HAVOK	T2	4
030370dc	HAVOK	T2	4
030370e0	HAVOK	T2	28
030370fc	HAVOK	T2	76
03037148	HAVOK	T2	112
030371b8	HAVOK	T2	188
03037274	HAVOK	T2	28
03037290	HAVOK	T2	52
030372c4	HAVOK	T2	172
03037370	HAVOK	T2	28
0303738c	HAVOK	T1	1208
03037844	HAVOK	T2	976
03037c14	HAVOK	T2	2688
03038694	HAVOK	T2	4
03038698	HAVOK	T2	28
030386b4	HAVOK	T2	52
030386e8	HAVOK	T2	172
03038794	HAVOK	T2	28
030387b0	HAVOK	T2	84
03038804	HAVOK	T2	112
03038874	HAVOK	T2	188
03038930	HAVOK	T2	4
03038934	HAVOK	T2	4
03038938	HAVOK	T2	28
03038954	HAVOK	T2	52
03038988	HAVOK	T2	172
03038a34	HAVOK	T2	740
03038d18	HAVOK	T2	28
03038d34	HAVOK	T1	944
030390e4	HAVOK	T2	228
030391c8	HAVOK	T2	900
0303954c	HAVOK	T2	4
03039550	HAVOK	T2	148
030395e4	HAVOK	T1	964
030399a8	HAVOK	T2	4
030399ac	HAVOK	T2	28
030399c8	HAVOK	T2	52
030399fc	HAVOK	T2	172
03039aa8	HAVOK	T2	140
03039b34	HAVOK	T2	24
03039b4c	HAVOK	T2	344
03039ca4	HAVOK	T2	24
03039cbc	HAVOK	T2	100
03039d20	HAVOK	T2	4
03039d24	HAVOK	T2	4
03039d28	HAVOK	T2	4
03039d2c	HAVOK	T2	4
03039d30	HAVOK	T2	4
03039d34	HAVOK	T2	4
03039d38	HAVOK	T2	4
03039d3c	HAVOK	T2	4
03039d40	HAVOK	T2	4
03039d44	HAVOK	T2	4
03039d48	HAVOK	T2	28
03039d64	HAVOK	T1	556
03039f90	HAVOK	T2	232
0303a078	HAVOK	T2	636
0303a2f4	HAVOK	T2	4
0303a2f8	HAVOK	T2	28
0303a314	HAVOK	T2	52
0303a348	HAVOK	T2	172
0303a3f4	HAVOK	T2	28
0303a410	HAVOK	T2	52
0303a444	HAVOK	T2	172
0303a4f0	HAVOK	T2	12
0303a4fc	HAVOK	T2	200
0303a5c4	HAVOK	T2	64
0303a604	HAVOK	T2	76
0303a650	HAVOK	T2	112
0303a6c0	HAVOK	T2	28
0303a6dc	HAVOK	T1	796
0303a9f8	HAVOK	T2	364
0303ab64	HAVOK	T2	1108
0303afb8	HAVOK	T2	4
0303afbc	HAVOK	T2	28
0303afd8	HAVOK	T2	52
0303b00c	HAVOK	T2	172
0303b0b8	HAVOK	T2	28
0303b0d4	HAVOK	T2	76
0303b120	HAVOK	T2	112
0303b190	HAVOK	T2	188
0303b24c	HAVOK	T2	28
0303b268	HAVOK	T2	84
0303b2bc	HAVOK	T2	112
0303b32c	HAVOK	T2	200
0303b3f4	HAVOK	T2	28
0303b410	HAVOK	T2	84
0303b464	HAVOK	T2	112
0303b4d4	HAVOK	T2	200
0303b59c	HAVOK	T2	28
0303b5b8	HAVOK	T2	80
0303b608	HAVOK	T2	128
0303b688	HAVOK	T2	224
0303b768	HAVOK	T2	28
0303b784	HAVOK	T2	144
0303b814	HAVOK	T2	28
0303b830	HAVOK	T2	52
0303b864	HAVOK	T2	172
0303b910	HAVOK	T2	28
0303b92c	HAVOK	T2	52
0303b960	HAVOK	T2	172
0303ba0c	HAVOK	T2	28
0303ba28	HAVOK	T1	548
0303bc4c	HAVOK	T2	228
0303bd30	HAVOK	T2	620
0303bf9c	HAVOK	T2	4
0303bfa0	HAVOK	T2	4
0303bfa4	HAVOK	T2	4
0303bfa8	HAVOK	T2	4
0303bfac	HAVOK	T2	4
0303bfb0	HAVOK	T2	28
0303bfcc	HAVOK	T2	52
0303c000	HAVOK	T2	172
0303c0ac	HAVOK	T2	28
0303c0c8	HAVOK	T2	52
0303c0fc	HAVOK	T2	172
0303c1a8	HAVOK	T2	28
0303c1c4	HAVOK	T2	76
0303c210	HAVOK	T2	112
0303c280	HAVOK	T2	188
0303c33c	HAVOK	T2	28
0303c358	HAVOK	T2	84
0303c3ac	HAVOK	T2	128
0303c42c	HAVOK	T2	228
0303c510	HAVOK	T2	28
0303c52c	HAVOK	T2	84
0303c580	HAVOK	T2	124
0303c5fc	HAVOK	T2	204
0303c6c8	HAVOK	T2	4
0303c6cc	HAVOK	T2	68
0303c710	HAVOK	T1	428
0303c8bc	HAVOK	T2	484
0303caa0	HAVOK	T2	84
0303caf4	HAVOK	T2	4
0303caf8	HAVOK	T2	28
0303cb14	HAVOK	T1	1128
0303cf7c	HAVOK	T2	700
0303d238	HAVOK	T2	1988
0303d9fc	HAVOK	T2	4
0303da00	HAVOK	T2	4
0303da04	HAVOK	T2	68
0303da48	HAVOK	T1	1040
0303de58	HAVOK	T2	188
0303df14	HAVOK	T2	84
0303df68	HAVOK	T2	4
0303df6c	HAVOK	T2	28
0303df88	HAVOK	T2	28
0303dfa4	HAVOK	T2	28
0303dfc0	HAVOK	T2	600
0303e218	HAVOK	T2	1188
0303e6bc	HAVOK	T2	28
0303e6d8	HAVOK	T2	84
0303e72c	HAVOK	T2	112
0303e79c	HAVOK	T2	188
0303e858	HAVOK	T2	28
0303e874	HAVOK	T2	84
0303e8c8	HAVOK	T2	112
0303e938	HAVOK	T2	188
0303e9f4	HAVOK	T2	28
0303ea10	HAVOK	T2	84
0303ea64	HAVOK	T2	112
0303ead4	HAVOK	T2	188
0303eb90	HAVOK	T2	28
0303ebac	HAVOK	T2	84
0303ec00	HAVOK	T2	112
0303ec70	HAVOK	T2	188
0303ed2c	HAVOK	T2	28
0303ed48	HAVOK	T2	76
0303ed94	HAVOK	T2	112
0303ee04	HAVOK	T2	196
0303eec8	HAVOK	T2	28
0303eee4	HAVOK	T2	76
0303ef30	HAVOK	T2	112
0303efa0	HAVOK	T2	188
0303f05c	HAVOK	T2	28
0303f078	HAVOK	T2	84
0303f0cc	HAVOK	T2	112
0303f13c	HAVOK	T2	188
0303f1f8	HAVOK	T2	4
0303f1fc	HAVOK	T1	1244
0303f6d8	HAVOK	T2	28
0303f6f4	HAVOK	T2	84
0303f748	HAVOK	T2	112
0303f7b8	HAVOK	T2	188
0303f874	HAVOK	T2	4
0303f878	HAVOK	T1	812
0303fba4	HAVOK	T2	28
0303fbc0	HAVOK	T2	80
0303fc10	HAVOK	T2	112
0303fc80	HAVOK	T2	200
0303fd48	HAVOK	T2	164
0303fdec	HAVOK	T2	12
0303fdf8	HAVOK	T2	200
0303fec0	HAVOK	T2	64
0303ff00	HAVOK	T2	76
0303ff4c	HAVOK	T2	112
0303ffbc	HAVOK	T2	12
0303ffc8	HAVOK	T2	200
03040090	HAVOK	T2	64
030400d0	HAVOK	T2	76
0304011c	HAVOK	T2	112
0304018c	HAVOK	T2	12
03040198	HAVOK	T2	200
03040260	HAVOK	T2	64
030402a0	HAVOK	T2	76
030402ec	HAVOK	T2	112
0304035c	HAVOK	T2	28
03040378	HAVOK	T2	84
030403cc	HAVOK	T2	112
0304043c	HAVOK	T2	188
030404f8	HAVOK	T2	4
030404fc	HAVOK	T2	4
03040500	HAVOK	T2	4
03040504	HAVOK	T2	4
03040508	HAVOK	T2	4
0304050c	HAVOK	T2	28
03040528	HAVOK	T2	84
0304057c	HAVOK	T2	112
030405ec	HAVOK	T2	188
030406a8	HAVOK	T2	4
030406ac	HAVOK	T2	4
030406b0	HAVOK	T2	4
030406b4	HAVOK	T2	4
030406b8	HAVOK	T2	4
030406bc	HAVOK	T2	4
030406c0	HAVOK	T2	4
030406c4	HAVOK	T2	4
030406c8	HAVOK	T2	4
030406cc	HAVOK	T2	4
030406d0	HAVOK	T2	4
030406d4	HAVOK	T2	4
030406d8	HAVOK	T2	4
030406dc	HAVOK	T2	4
030406e0	HAVOK	T2	4
030406e4	HAVOK	T2	28
03040700	HAVOK	T2	84
03040754	HAVOK	T2	112
030407c4	HAVOK	T2	188
03040880	HAVOK	T2	4
03040884	HAVOK	T1	2572
03041290	HAVOK	T1	1176
03041728	HAVOK	T1	2312
03042030	HAVOK	T2	688
030422e0	HAVOK	T2	308
03042414	HAVOK	T1	1296
03042924	HAVOK	T2	276
03042a38	HAVOK	T2	4
03042a3c	HAVOK	T2	4
03042a40	HAVOK	T2	4
03042a44	HAVOK	T2	4
03042a48	HAVOK	T2	4
03042a4c	HAVOK	T2	4
03042a50	HAVOK	T1	952
03042e08	HAVOK	T2	28
03042e24	HAVOK	T2	84
03042e78	HAVOK	T2	112
03042ee8	HAVOK	T2	188
03042fa4	HAVOK	T2	4
03042fa8	HAVOK	T2	112
03043018	HAVOK	T2	4
0304301c	HAVOK	T2	460
030431e8	HAVOK	T2	312
03043320	HAVOK	T2	76
0304336c	HAVOK	T2	4
03043370	HAVOK	T2	4
03043374	HAVOK	T2	76
030433c0	HAVOK	T2	64
03043400	HAVOK	T2	92
0304345c	HAVOK	T2	8
03043464	HAVOK	T2	12
03043470	HAVOK	T2	12
0304347c	HAVOK	T2	736
0304375c	HAVOK	T2	248
03043854	HAVOK	T2	800
03043b74	HAVOK	T2	64
03043bb4	HAVOK	T2	160
03043c54	HAVOK	T2	16
03043c64	HAVOK	T2	116
03043cd8	HAVOK	T2	180
03043d8c	HAVOK	T2	156
03043e28	HAVOK	T2	32
03043e48	HAVOK	T2	76
03043e94	HAVOK	T2	68
03043ed8	HAVOK	T2	44
03043f04	HAVOK	T2	156
03043fa0	HAVOK	T2	504
03044198	HAVOK	T2	192
03044258	HAVOK	T2	316
03044394	HAVOK	T2	8
0304439c	HAVOK	T2	172
03044448	HAVOK	T2	288
03044568	HAVOK	T2	48
03044598	HAVOK	T2	340
030446ec	HAVOK	T2	180
030447a0	HAVOK	T2	28
030447bc	HAVOK	T2	136
03044844	HAVOK	T2	116
030448b8	HAVOK	T2	116
0304492c	HAVOK	T2	96
0304498c	HAVOK	T2	116
03044a00	HAVOK	T2	92
03044a5c	HAVOK	T2	64
03044a9c	HAVOK	T2	164
03044b40	HAVOK	T2	68
03044b84	HAVOK	T2	8
03044b8c	HAVOK	T2	28
03044ba8	HAVOK	T2	20
03044bbc	HAVOK	T2	20
03044bd0	HAVOK	T2	20
03044be4	HAVOK	T2	40
03044c0c	HAVOK	T2	164
03044cb0	HAVOK	T2	68
03044cf4	HAVOK	T2	8
03044cfc	HAVOK	T2	28
03044d18	HAVOK	T2	20
03044d2c	HAVOK	T2	20
03044d40	HAVOK	T2	20
03044d54	HAVOK	T2	40
03044d7c	HAVOK	T2	224
03044e5c	HAVOK	T2	368
03044fd0	HAVOK	T2	140
0304505c	HAVOK	T2	140
030450e8	HAVOK	T2	332
03045250	HAVOK	T2	64
03045290	HAVOK	T2	52
030452c4	HAVOK	T2	404
03045458	HAVOK	T2	468
0304562c	HAVOK	T2	296
03045754	HAVOK	T2	28
03045770	HAVOK	T2	132
030457f4	HAVOK	T2	28
03045810	HAVOK	T2	32
03045830	HAVOK	T2	52
03045864	HAVOK	T2	588
03045ab0	HAVOK	T2	112
03045b20	HAVOK	T2	32
03045b40	HAVOK	T2	8
03045b48	HAVOK	T2	8
03045b50	HAVOK	T2	8
03045b58	HAVOK	T2	8
03045b60	HAVOK	T2	8
03045b68	HAVOK	T2	4
03045b6c	HAVOK	T2	68
03045bb0	HAVOK	T2	108
03045c1c	HAVOK	T2	20
03045c30	HAVOK	T2	200
03045cf8	HAVOK	T2	184
03045db0	HAVOK	T2	8
03045db8	HAVOK	T2	8
03045dc0	HAVOK	T2	100
03045e24	HAVOK	T2	100
03045e88	HAVOK	T2	28
03045ea4	HAVOK	T2	12
03045eb0	HAVOK	T2	20
03045ec4	HAVOK	T2	200
03045f8c	HAVOK	T2	184
03046044	HAVOK	T2	8
0304604c	HAVOK	T2	8
03046054	HAVOK	T2	100
030460b8	HAVOK	T2	100
0304611c	HAVOK	T2	28
03046138	HAVOK	T2	136
030461c0	HAVOK	T2	20
030461d4	HAVOK	T2	200
0304629c	HAVOK	T2	64
030462e0	HAVOK	T2	64
03046320	HAVOK	T2	64
03046360	HAVOK	T2	116
030463d4	HAVOK	T2	148
03046468	HAVOK	T2	80
030464b8	HAVOK	T2	4
030464bc	HAVOK	T2	112
0304652c	HAVOK	T2	236
03046618	HAVOK	T2	12
03046624	HAVOK	T2	56
0304665c	HAVOK	T2	36
03046680	HAVOK	T2	220
0304675c	HAVOK	T2	8
03046764	HAVOK	T2	40
0304678c	HAVOK	T2	20
030467a0	HAVOK	T2	8
030467a8	HAVOK	T2	48
030467d8	HAVOK	T2	20
030467ec	HAVOK	T2	68
03046830	HAVOK	T2	88
03046888	HAVOK	T2	8
03046890	HAVOK	T2	528
03046aa0	HAVOK	T2	584
03046ce8	HAVOK	T2	8
03046cf0	HAVOK	T2	16
03046d00	HAVOK	T2	92
03046d5c	HAVOK	T2	304
03046e8c	HAVOK	T2	600
030470e4	HAVOK	T2	124
03047170	HAVOK	T2	80
030471c0	HAVOK	T2	304
030472f4	HAVOK	T2	48
03047324	HAVOK	T2	64
03047364	HAVOK	T2	64
030473a4	HAVOK	T2	280
030474bc	HAVOK	T2	196
03047580	HAVOK	T2	204
0304764c	HAVOK	T2	84
030476a0	HAVOK	T2	380
0304781c	HAVOK	T2	180
030478d0	HAVOK	T2	1012
03047cc4	HAVOK	T2	128
03047d44	HAVOK	T2	248
03047e3c	HAVOK	T2	56
03047e74	HAVOK	T2	136
03047efc	HAVOK	T2	12
03047f08	HAVOK	T2	268
03048014	HAVOK	T2	428
030481c0	HAVOK	T2	212
03048294	HAVOK	T2	164
03048338	HAVOK	T2	232
03048420	HAVOK	T2	384
030485a0	HAVOK	T2	656
03048830	HAVOK	T2	588
03048a7c	HAVOK	T2	60
03048ab8	HAVOK	T2	64
03048af8	HAVOK	T2	200
03048bc4	HAVOK	T2	84
03048c18	HAVOK	T2	12
03048c24	HAVOK	T2	976
03048ff4	HAVOK	T2	276
03049108	HAVOK	T2	136
03049190	HAVOK	T2	180
03049244	HAVOK	T2	148
030492d8	HAVOK	T2	132
030493e4	HAVOK	T2	36
03049408	HAVOK	T2	40
03049430	HAVOK	T2	300
030494d4	HAVOK	T2	4
030494d8	HAVOK	T2	120
03049550	HAVOK	T2	20
03049564	HAVOK	T2	200
0304962c	HAVOK	T2	312
03049764	HAVOK	T2	380
030498e0	HAVOK	T2	488
03049c80	HAVOK	T2	180
03049d34	HAVOK	T2	4
03049d38	HAVOK	T2	540
03049f54	HAVOK	T2	4400
0304b084	HAVOK	T2	4
0304b088	HAVOK	T2	36
0304b0ac	HAVOK	T2	68
0304b0f0	HAVOK	T2	36
0304b114	HAVOK	T2	356
0304b278	HAVOK	T2	40
0304b2a0	HAVOK	T2	464
0304b470	HAVOK	T2	64
0304b4b0	HAVOK	T2	316
0304b5ec	HAVOK	T2	36
0304b610	HAVOK	T2	224
0304b6f0	HAVOK	T2	116
0304b764	HAVOK	T2	48
0304b794	HAVOK	T2	44
0304b7c0	HAVOK	T2	212
0304b894	HAVOK	T2	60
0304b8d0	HAVOK	T2	136
0304b958	HAVOK	T2	156
0304b9f4	HAVOK	T2	32
0304ba14	HAVOK	T2	36
0304ba38	HAVOK	T2	12
0304ba44	HAVOK	T2	108
0304bab0	HAVOK	T2	156
0304bb4c	HAVOK	T2	180
0304bc00	HAVOK	T2	448
0304bdc0	HAVOK	T2	104
0304be28	HAVOK	T2	36
0304be4c	HAVOK	T2	4
0304be50	HAVOK	T2	68
0304be94	HAVOK	T2	656
0304c124	HAVOK	T2	476
0304c300	HAVOK	T2	436
0304c4b4	HAVOK	T2	160
0304c554	HAVOK	T2	180
0304c608	HAVOK	T2	436
0304c7bc	HAVOK	T2	84
0304c810	HAVOK	T2	540
0304ca2c	HAVOK	T2	660
0304ccc0	HAVOK	T2	92
0304cd1c	HAVOK	T2	4
0304cd20	HAVOK	T2	4
0304cd24	HAVOK	T2	44
0304cd50	HAVOK	T2	116
0304cdc4	HAVOK	T2	224
0304cea4	HAVOK	T2	224
0304cf84	HAVOK	T2	44
0304cfb0	HAVOK	T2	140
0304d03c	HAVOK	T2	40
0304d064	HAVOK	T2	4
0304d068	HAVOK	T2	20
0304d07c	HAVOK	T2	200
0304d144	HAVOK	T2	140
0304d1d0	HAVOK	T2	4
0304d1d4	HAVOK	T2	228
0304d2b8	HAVOK	T2	360
0304d420	HAVOK	T2	504
0304d618	HAVOK	T2	92
0304d674	HAVOK	T2	4
0304d678	HAVOK	T2	4
0304d67c	HAVOK	T2	8
0304d684	HAVOK	T2	128
0304d704	HAVOK	T2	760
0304da00	HAVOK	T2	520
0304df40	HAVOK	T2	2948
0304ead0	HAVOK	T2	236
0304ebc0	HAVOK	T2	100
0304ec30	HAVOK	T2	332
0304ed80	HAVOK	T2	344
0304eed8	HAVOK	T2	8
0304eee0	HAVOK	T2	356
0304f044	HAVOK	T2	180
0304f0f8	HAVOK	T2	916
0304f48c	HAVOK	T2	64
0304f4cc	HAVOK	T2	476
0304f6a8	HAVOK	T2	392
0304f830	HAVOK	T2	464
0304fa00	HAVOK	T2	132
0304fa84	HAVOK	T2	92
0304fae0	HAVOK	T2	632
0304fd58	HAVOK	T2	1032
03050160	HAVOK	T2	536
03050378	HAVOK	T2	1272
03050870	HAVOK	T2	164
03050914	HAVOK	T2	232
030509fc	HAVOK	T2	208
03050acc	HAVOK	T2	416
03050c6c	HAVOK	T2	488
03050e54	HAVOK	T2	980
03051228	HAVOK	T2	344
03051380	HAVOK	T2	80
030513d0	HAVOK	T2	588
0305161c	HAVOK	T2	176
030516cc	HAVOK	T2	748
030519b8	HAVOK	T2	272
03051ac8	HAVOK	T2	612
03051d2c	HAVOK	T2	516
03051f30	HAVOK	T2	384
030520b0	HAVOK	T2	8
030520b8	HAVOK	T2	148
0305214c	HAVOK	T2	152
030521e4	HAVOK	T2	20
030521f8	HAVOK	T2	16
03052208	HAVOK	T2	408
030523a0	HAVOK	T2	1556
030529b4	HAVOK	T2	180
03052a68	HAVOK	T2	48
03052a98	HAVOK	T2	364
03052c04	HAVOK	T1	584
03052e4c	HAVOK	T2	12
03052e58	HAVOK	T2	4
03052e5c	HAVOK	T2	196
03052f20	HAVOK	T2	40
03052f48	HAVOK	T2	216
03053020	HAVOK	T2	136
030530a8	HAVOK	T1	540
030532c4	HAVOK	T2	8
030532d0	HAVOK	T2	24
030532f0	HAVOK	T2	96
03053350	HAVOK	T2	1652
030539c4	HAVOK	T2	152
03053a5c	HAVOK	T2	164
03053b00	HAVOK	T2	180
03053bc0	HAVOK	T2	84
03053c20	HAVOK	T2	140
03053cac	HAVOK	T2	40
03053cd4	HAVOK	T2	140
03053d60	HAVOK	T2	60
03053d9c	HAVOK	T2	28
03053db8	HAVOK	T2	104
03053e20	HAVOK	T2	104
03053e88	HAVOK	T2	636
03054104	HAVOK	T2	352
03054264	HAVOK	T2	1672
030548ec	HAVOK	T2	1596
03054f28	HAVOK	T2	340
0305507c	HAVOK	T2	664
03055314	HAVOK	T2	8524
03057460	HAVOK	T2	716
03057730	HAVOK	T2	716
03057a00	HAVOK	T2	880
03057d70	HAVOK	T2	24
03057d88	HAVOK	T2	48
03057db8	HAVOK	T2	100
03057e1c	HAVOK	T2	124
03057e98	HAVOK	T2	3936
03058e00	HAVOK	T2	600
03059058	HAVOK	T2	320
03059198	HAVOK	T1	1348
030596dc	HAVOK	T2	500
030598d0	HAVOK	T2	200
03059998	HAVOK	T2	8
030599a0	HAVOK	T2	380
03059b1c	HAVOK	T2	48
03059b4c	HAVOK	T2	48
03059b7c	HAVOK	T2	128
03059bfc	HAVOK	T2	132
03059c80	HAVOK	T2	132
03059d04	HAVOK	T2	2108
0305a540	HAVOK	T2	1052
0305a95c	HAVOK	T2	76
0305a9a8	HAVOK	T2	124
0305aa24	HAVOK	T2	104
0305aa8c	HAVOK	T2	56
0305aac4	HAVOK	T2	104
0305ab2c	HAVOK	T2	40
0305ab54	HAVOK	T2	140
0305abe0	HAVOK	T2	76
0305ac2c	HAVOK	T2	136
0305acb4	HAVOK	T2	436
0305ae68	HAVOK	T2	216
0305af40	HAVOK	T2	68
0305af84	HAVOK	T2	468
0305b158	HAVOK	T2	180
0305b20c	HAVOK	T2	1104
0305b65c	HAVOK	T2	288
0305bab4	HAVOK	T2	84
0305bb08	HAVOK	T2	392
0305bc90	HAVOK	T2	584
0305bed8	HAVOK	T2	128
0305bf58	HAVOK	T2	524
0305c188	HAVOK	T2	364
0305c2f4	HAVOK	T2	492
0305c4e0	HAVOK	T2	52
0305c550	HAVOK	T2	52
0305c5c0	HAVOK	T2	60
0305c63c	HAVOK	T2	200
0305c704	HAVOK	T2	148
0305c798	HAVOK	T2	136
0305c820	HAVOK	T2	220
0305c8fc	HAVOK	T2	136
0305c984	HAVOK	T2	372
0305caf8	HAVOK	T2	404
0305cc8c	HAVOK	T2	180
0305cd40	HAVOK	T2	4
0305cd44	HAVOK	T2	148
0305cdd8	HAVOK	T1	1260
0305d2c4	HAVOK	T2	32
0305d2e4	HAVOK	T2	640
0305d564	HAVOK	T2	564
0305d798	HAVOK	T2	412
0305d934	HAVOK	T2	1204
0305dde8	HAVOK	T2	88
0305de40	HAVOK	T2	196
0305df04	HAVOK	T2	240
0305dff4	HAVOK	T2	128
0305e074	HAVOK	T1	488
0305e25c	HAVOK	T2	360
0305e3c4	HAVOK	T2	304
0305e4f4	HAVOK	T2	400
0305e684	HAVOK	T2	428
0305e830	HAVOK	T2	16
0305e840	HAVOK	T2	392
0305e9c8	HAVOK	T2	120
0305ea40	HAVOK	T2	60
0305ea7c	HAVOK	T2	624
0305ecec	HAVOK	T2	276
0305ee00	HAVOK	T2	204
0305eecc	HAVOK	T2	728
0305f1a4	HAVOK	T2	368
0305f314	HAVOK	T2	136
0305f3a0	HAVOK	T2	80
0305f3f0	HAVOK	T2	212
0305f4c4	HAVOK	T2	84
0305f5b0	HAVOK	T2	32
0305f5d0	HAVOK	T1	712
0305f898	HAVOK	T2	1348
0305fddc	HAVOK	T2	236
0305fec8	HAVOK	T2	356
0306002c	HAVOK	T2	136
030600b4	HAVOK	T2	200
0306017c	HAVOK	T2	1152
030605fc	HAVOK	T2	312
03060734	HAVOK	T2	152
030607cc	HAVOK	T2	144
0306085c	HAVOK	T2	4380
03061978	HAVOK	T2	4052
0306294c	HAVOK	T2	4888
03063c64	HAVOK	T2	6212
030654a8	HAVOK	T2	188
03065564	HAVOK	T2	452
03065728	HAVOK	T2	412
030658c4	HAVOK	T2	316
03065a00	HAVOK	T2	888
03065d78	HAVOK	T1	1056
03066198	HAVOK	T2	424
03066340	HAVOK	T2	716
0306660c	HAVOK	T2	388
03066790	HAVOK	T2	576
030669d0	HAVOK	T2	348
03066b2c	HAVOK	T2	284
03066c48	HAVOK	T2	284
03066d64	HAVOK	T2	960
03067130	HAVOK	T2	5056
030684f0	HAVOK	T2	8160
0306a4d0	HAVOK	T2	7148
0306c0bc	HAVOK	T2	400
0306c250	HAVOK	T2	4912
0306d580	HAVOK	T2	4980
0306e900	HAVOK	T2	1672
0306ef90	HAVOK	T2	5184
030703d0	HAVOK	T2	4180
03071424	HAVOK	T2	400
030715c0	HAVOK	T2	4356
030726d0	HAVOK	T2	4044
030736a0	HAVOK	T2	4764
0307493c	HAVOK	T2	136
030749c4	HAVOK	T2	420
03074b70	HAVOK	T2	240
03074c60	HAVOK	T2	236
03074d50	HAVOK	T2	204
03074e1c	HAVOK	T2	376
03074f94	HAVOK	T2	396
03075120	HAVOK	T2	704
030753e0	HAVOK	T2	124
0307545c	HAVOK	T2	736
0307573c	HAVOK	T2	1852
03075e78	HAVOK	T2	168
03075f20	HAVOK	T2	92
03075f7c	HAVOK	T2	968
03076344	HAVOK	T2	180
030763f8	HAVOK	T2	316
03076534	HAVOK	T2	1548
03076b40	HAVOK	T2	500
03076d34	HAVOK	T2	968
030770fc	HAVOK	T2	432
030772ac	HAVOK	T2	712
03077574	HAVOK	T2	232
0307765c	HAVOK	T2	592
030778ac	HAVOK	T2	724
03077b80	HAVOK	T2	616
03077de8	HAVOK	T2	976
030781b8	HAVOK	T2	300
030782e4	HAVOK	T2	96
03078344	HAVOK	T2	132
030783c8	HAVOK	T2	100
0307842c	HAVOK	T2	100
03078490	HAVOK	T2	236
0307857c	HAVOK	T2	1520
03078b6c	HAVOK	T2	1120
03078fcc	HAVOK	T2	2228
03079880	HAVOK	T2	44
030798ac	HAVOK	T2	44
030798e0	HAVOK	T2	676
03079b84	HAVOK	T2	652
03079e10	HAVOK	T2	24
03079e28	HAVOK	T2	296
03079f50	HAVOK	T2	128
03079fd0	HAVOK	T2	160
03079fd8	HAVOK	T2	740
0307a2bc	HAVOK	T2	8
0307a2c4	HAVOK	T2	8
0307a2cc	HAVOK	T2	900
0307a650	HAVOK	T1	628
0307a8c4	HAVOK	T2	316
0307aa00	HAVOK	T1	976
0307add0	HAVOK	T2	332
0307af1c	HAVOK	T2	612
0307b180	HAVOK	T1	1008
0307b570	HAVOK	T1	1840
0307bca0	HAVOK	T1	444
0307be5c	HAVOK	T2	704
0307c11c	HAVOK	T2	888
0307c494	HAVOK	T2	232
0307c57c	HAVOK	T2	136
0307c604	HAVOK	T2	232
0307c6ec	HAVOK	T1	460
0307c8b8	HAVOK	T2	128
0307c938	HAVOK	T2	268
0307ca44	HAVOK	T2	128
0307cac4	HAVOK	T2	336
0307cc14	HAVOK	T2	880
0307cf84	HAVOK	T2	484
0307d168	HAVOK	T2	136
0307d1f0	HAVOK	T2	136
0307d280	HAVOK	T2	360
0307d3e8	HAVOK	T1	732
0307d6c4	HAVOK	T2	176
0307d774	HAVOK	T2	616
0307d9e0	HAVOK	T2	108
0307da4c	HAVOK	T1	1228
0307df18	HAVOK	T2	8
0307df20	HAVOK	T2	136
0307dfb0	HAVOK	T2	164
0307e054	HAVOK	T2	316
0307e190	HAVOK	T2	4
0307e194	HAVOK	T2	316
0307e2d0	HAVOK	T2	416
0307e470	HAVOK	T2	4
0307e474	HAVOK	T2	420
0307e618	HAVOK	T2	376
0307e790	HAVOK	T2	292
0307e8b4	HAVOK	T2	4
0307e8b8	HAVOK	T2	292
0307e9dc	HAVOK	T2	688
0307ec8c	HAVOK	T2	432
0307ee3c	HAVOK	T2	432
0307efec	HAVOK	T2	140
0307f078	HAVOK	T2	324
0307f1bc	HAVOK	T2	140
0307f248	HAVOK	T2	312
0307f380	HAVOK	T2	140
0307f40c	HAVOK	T2	152
0307f4a4	HAVOK	T2	140
0307f530	HAVOK	T2	152
0307f5c8	HAVOK	T2	140
0307f654	HAVOK	T2	172
0307f700	HAVOK	T2	140
0307f78c	HAVOK	T2	96
0307f7ec	HAVOK	T2	140
0307f878	HAVOK	T2	96
0307f8d8	HAVOK	T2	1364
0307fe2c	HAVOK	T2	372
0307ffa0	HAVOK	T2	1364
030804f4	HAVOK	T2	420
03080698	HAVOK	T2	308
030807cc	HAVOK	T2	304
030808fc	HAVOK	T2	320
03080a3c	HAVOK	T2	284
03080b58	HAVOK	T2	420
03080cfc	HAVOK	T2	616
03080f64	HAVOK	T2	432
03081114	HAVOK	T2	432
030812c4	HAVOK	T2	4
030812c8	HAVOK	T2	140
03081354	HAVOK	T2	60
03081390	HAVOK	T2	140
0308141c	HAVOK	T2	56
03081454	HAVOK	T2	140
030814e0	HAVOK	T2	52
03081514	HAVOK	T2	84
03081568	HAVOK	T2	2344
03081e90	HAVOK	T2	516
03082094	HAVOK	T2	2004
03082868	HAVOK	T2	516
03082a6c	HAVOK	T2	728
03082d44	HAVOK	T2	660
03082fd8	HAVOK	T2	416
03083178	HAVOK	T2	84
030831cc	HAVOK	T2	60
03083208	HAVOK	T2	140
03083294	HAVOK	T2	324
030833d8	HAVOK	T2	140
03083464	HAVOK	T2	72
030834ac	HAVOK	T2	1596
03083ae8	HAVOK	T2	1608
03084130	HAVOK	T2	540
0308434c	HAVOK	T2	848
0308469c	HAVOK	T1	1404
03084c20	HAVOK	T2	724
03084ef4	HAVOK	T2	136
03084f7c	HAVOK	T2	24
03084f94	HAVOK	T2	552
030851bc	HAVOK	T2	136
03085244	HAVOK	T2	404
030853d8	HAVOK	T2	136
03085460	HAVOK	T2	68
030854a4	HAVOK	T2	412
03085640	HAVOK	T2	208
03085710	HAVOK	T2	80
03085760	HAVOK	T2	3164
030863bc	HAVOK	T2	136
03086448	HAVOK	T2	424
030865f0	HAVOK	T2	128
03086670	HAVOK	T2	160
03086710	HAVOK	T2	228
030867f4	HAVOK	T2	120
0308688c	HAVOK	T2	500
03086a80	HAVOK	T2	148
03086b14	HAVOK	T2	328
03086c5c	HAVOK	T2	800
03086f7c	HAVOK	T2	52
03086fb0	HAVOK	T2	304
030870e0	HAVOK	T2	340
03087234	HAVOK	T2	340
03087388	HAVOK	T2	376
03087500	HAVOK	T2	380
0308767c	HAVOK	T2	400
0308780c	HAVOK	T2	328
03087954	HAVOK	T2	328
03087a9c	HAVOK	T2	516
03087ca0	HAVOK	T2	252
03087d9c	HAVOK	T2	184
03087e54	HAVOK	T2	184
03087f0c	HAVOK	T2	136
03087f94	HAVOK	T2	144
03088024	HAVOK	T2	156
030880c0	HAVOK	T2	164
03088164	HAVOK	T2	304
03088294	HAVOK	T2	8
0308829c	HAVOK	T2	764
03088598	HAVOK	T2	304
030886c8	HAVOK	T2	8
030886d0	HAVOK	T2	156
0308876c	HAVOK	T2	436
03088920	HAVOK	T2	8
03088928	HAVOK	T2	92
03088984	HAVOK	T2	92
030889e0	HAVOK	T2	204
03088aac	HAVOK	T2	208
03088b7c	HAVOK	T2	232
03088c64	HAVOK	T2	64
03088ca4	HAVOK	T2	68
03088ce8	HAVOK	T2	292
03088e0c	HAVOK	T2	216
03088ee4	HAVOK	T2	232
03088fcc	HAVOK	T2	180
03089080	HAVOK	T2	188
0308913c	HAVOK	T2	200
03089204	HAVOK	T2	152
0308929c	HAVOK	T2	500
03089490	HAVOK	T2	160
03089530	HAVOK	T2	272
03089640	HAVOK	T2	624
030898b0	HAVOK	T2	756
03089ba4	HAVOK	T2	1124
0308a008	HAVOK	T2	344
0308a160	HAVOK	T2	1532
0308a75c	HAVOK	T2	180
0308a810	HAVOK	T2	64
0308a850	HAVOK	T2	64
0308a890	HAVOK	T2	68
0308a8d4	HAVOK	T2	136
0308a960	HAVOK	T2	80
0308a9b0	HAVOK	T2	120
0308aa28	HAVOK	T2	128
0308aaa8	HAVOK	T2	140
0308ab34	HAVOK	T2	128
0308abb4	HAVOK	T2	228
0308ac98	HAVOK	T2	36
0308acbc	HAVOK	T2	104
0308ad24	HAVOK	T2	136
0308adac	HAVOK	T2	128
0308ae2c	HAVOK	T2	128
0308aeac	HAVOK	T2	112
0308af1c	HAVOK	T2	128
0308af9c	HAVOK	T2	1236
0308b470	HAVOK	T2	412
0308b60c	HAVOK	T2	4
0308b610	HAVOK	T2	108
0308b67c	HAVOK	T2	136
0308b704	HAVOK	T2	4
0308b708	HAVOK	T2	108
0308b774	HAVOK	T2	324
0308b8b8	HAVOK	T2	172
0308b964	HAVOK	T2	196
0308ba28	HAVOK	T2	48
0308ba58	HAVOK	T2	144
0308bae8	HAVOK	T2	48
0308bb18	HAVOK	T2	144
0308bba8	HAVOK	T2	48
0308bbd8	HAVOK	T2	144
0308bc68	HAVOK	T2	212
0308bd3c	HAVOK	T2	228
0308be20	HAVOK	T2	412
0308bfbc	HAVOK	T2	1540
0308c5c0	HAVOK	T2	4
0308c5c4	HAVOK	T2	264
0308c6cc	HAVOK	T2	84
0308c720	HAVOK	T1	664
0308c9b8	HAVOK	T2	464
0308cb88	HAVOK	T2	308
0308ccbc	HAVOK	T2	3272
0308d984	HAVOK	T2	244
0308da78	HAVOK	T2	3120
0308e6a8	HAVOK	T2	564
0308e8dc	HAVOK	T2	180
0308e990	HAVOK	T2	1072
0308edc0	HAVOK	T2	892
0308f140	HAVOK	T2	492
0308f32c	HAVOK	T2	320
0308f46c	HAVOK	T2	340
0308f5c0	HAVOK	T2	784
0308f8d0	HAVOK	T2	372
0308fa44	HAVOK	T2	56
0308fa7c	HAVOK	T2	544
0308fc9c	HAVOK	T2	464
0308fe6c	HAVOK	T2	88
0308fec4	HAVOK	T2	960
03090284	HAVOK	T2	164
03090328	HAVOK	T2	1552
03090938	HAVOK	T2	488
03090b20	HAVOK	T2	896
03090ea0	HAVOK	T2	648
03091128	HAVOK	T2	2304
0309132c	HAVOK	T2	8
03091334	HAVOK	T2	8
0309133c	HAVOK	T2	48
0309136c	HAVOK	T2	40
03091394	HAVOK	T1	2204
03091c30	HAVOK	T2	336
03091d80	HAVOK	T1	860
030920dc	HAVOK	T2	132
03092160	HAVOK	T2	136
030921e8	HAVOK	T2	136
03092270	HAVOK	T2	236
0309235c	HAVOK	T1	1608
030929a4	HAVOK	T2	136
03093128	HAVOK	T2	4
03093130	HAVOK	T2	368
030932a0	HAVOK	T2	4
030932b0	HAVOK	T2	480
03093490	HAVOK	T2	92
030934ec	HAVOK	T2	808
03093814	HAVOK	T2	100
03093878	HAVOK	T2	444
03093a34	HAVOK	T2	768
03093d34	HAVOK	T2	1044
03094148	HAVOK	T2	540
03094364	HAVOK	T2	428
03094510	HAVOK	T2	724
030947e4	HAVOK	T2	564
03094a18	HAVOK	T2	372
03094b90	HAVOK	T2	628
03094e04	HAVOK	T2	840
0309514c	HAVOK	T2	388
030952d0	HAVOK	T2	656
03095560	HAVOK	T2	868
030958c4	HAVOK	T2	348
03095a20	HAVOK	T2	616
03095c88	HAVOK	T2	552
03095eb0	HAVOK	T2	100
03095f14	HAVOK	T2	184
03095fcc	HAVOK	T2	72
03096014	HAVOK	T2	1280
03096514	HAVOK	T2	764
03096810	HAVOK	T2	140
0309689c	HAVOK	T2	376
03096a14	HAVOK	T2	668
03096cb0	HAVOK	T2	452
03096e74	HAVOK	T2	1580
030974a0	HAVOK	T2	1104
030978f0	HAVOK	T2	912
03097c80	HAVOK	T2	428
03097e2c	HAVOK	T2	4020
03098de0	HAVOK	T2	116
03098e54	HAVOK	T2	248
03098f50	HAVOK	T2	752
03099240	HAVOK	T2	436
030993f4	HAVOK	T2	200
030997c0	HAVOK	T2	184
030999a8	HAVOK	T2	804
03099ccc	HAVOK	T2	136
03099d54	HAVOK	T1	812
0309a080	HAVOK	T2	760
0309a380	HAVOK	T2	4792
0309b638	HAVOK	T2	736
0309b918	HAVOK	T1	512
0309bb18	HAVOK	T1	544
0309bd38	HAVOK	T2	404
0309becc	HAVOK	T1	1584
0309c4fc	HAVOK	T2	492
0309c6e8	HAVOK	T1	1016
0309cae0	HAVOK	T1	1348
0309d024	HAVOK	T2	652
0309d2b0	HAVOK	T2	200
0309d378	HAVOK	T2	8
0309d380	HAVOK	T2	1400
0309d8f8	HAVOK	T2	236
0309d9e4	HAVOK	T2	116
0309da60	HAVOK	T2	224
0309db40	HAVOK	T2	232
0309dc28	HAVOK	T2	116
0309dc9c	HAVOK	T2	960
0309e05c	HAVOK	T2	640
0309e2dc	HAVOK	T2	328
0309e430	HAVOK	T2	220
0309e50c	HAVOK	T2	4736
0309f78c	HAVOK	T2	328
0309f8d4	HAVOK	T2	2148
030a0138	HAVOK	T2	532
030a034c	HAVOK	T2	960
030a070c	HAVOK	T1	564
030a0940	HAVOK	T1	2044
030a113c	HAVOK	T2	1412
030a16c0	HAVOK	T1	968
030a1a88	HAVOK	T2	520
030a1c90	HAVOK	T2	396
030a1e1c	HAVOK	T2	324
030a1f60	HAVOK	T2	828
030a22a0	HAVOK	T2	232
030a2388	HAVOK	T2	52
030a23bc	HAVOK	T2	1396
030a2930	HAVOK	T2	56
030a2968	HAVOK	T2	1740
030a3034	HAVOK	T2	2296
030a392c	HAVOK	T2	184
030a39f0	HAVOK	T2	308
030a3b30	HAVOK	T2	416
030a3cd0	HAVOK	T2	264
030a3dd8	HAVOK	T2	620
030a4050	HAVOK	T2	68
030a40a0	HAVOK	T2	80
030a40f0	HAVOK	T2	324
030a4234	HAVOK	T2	284
030a4350	HAVOK	T2	16
030a4360	HAVOK	T2	332
030a44ac	HAVOK	T2	628
030a4720	HAVOK	T2	4
030a4724	HAVOK	T2	136
030a47ac	HAVOK	T2	96
030a480c	HAVOK	T2	164
030a48b0	HAVOK	T2	88
030a4908	HAVOK	T2	60
030a4944	HAVOK	T2	100
030a49a8	HAVOK	T2	252
030a4aa4	HAVOK	T2	68
030a4ae8	HAVOK	T2	168
030a4b90	HAVOK	T2	80
030a4be0	HAVOK	T2	72
030a4c28	HAVOK	T2	252
030a4d24	HAVOK	T2	124
030a4da0	HAVOK	T2	64
030a4de0	HAVOK	T2	308
030a526c	HAVOK	T2	44
030a5298	HAVOK	T2	584
030a54e0	HAVOK	T2	104
030a5548	HAVOK	T2	604
030a57a4	HAVOK	T2	372
030a5918	HAVOK	T2	136
030a59a0	HAVOK	T2	368
030a5b10	HAVOK	T2	180
030a5bc4	HAVOK	T2	232
030a5cac	HAVOK	T2	208
030a5d7c	HAVOK	T2	4
030a5d80	HAVOK	T2	140
030a5e0c	HAVOK	T2	60
030a5e48	HAVOK	T2	140
030a5ed4	HAVOK	T2	52
030a5f08	HAVOK	T2	324
030a604c	HAVOK	T2	360
030a61b4	HAVOK	T2	4
030a61b8	HAVOK	T2	624
030a6428	HAVOK	T2	1684
030a6abc	HAVOK	T2	180
030a6b70	HAVOK	T2	272
030a6c80	HAVOK	T2	236
030a6d6c	HAVOK	T2	136
030a6df4	HAVOK	T2	852
030a7148	HAVOK	T2	368
030a72b8	HAVOK	T2	1444
030a785c	HAVOK	T2	412
030a79f8	HAVOK	T2	476
030a7bd4	HAVOK	T1	3300
030a88b8	HAVOK	T2	372
030a8a2c	HAVOK	T2	520
030a8c34	HAVOK	T2	332
030a8d80	HAVOK	T2	252
030a8e7c	HAVOK	T2	248
030a8f74	HAVOK	T2	88
030a8fcc	HAVOK	T2	1668
030a9650	HAVOK	T2	2916
030aa1b4	HAVOK	T2	92
030aa210	HAVOK	T2	68
030aa260	HAVOK	T2	68
030aa2b0	HAVOK	T2	68
030aa300	HAVOK	T2	64
030aa340	HAVOK	T2	64
030aa380	HAVOK	T2	188
030aa43c	HAVOK	T2	12
030aa448	HAVOK	T2	120
030aa4c0	HAVOK	T2	248
030aa5b8	HAVOK	T2	64
030aa5f8	HAVOK	T1	508
030aa7f4	HAVOK	T2	80
030aa844	HAVOK	T2	188
030aa900	HAVOK	T2	12
030aa90c	HAVOK	T2	112
030aa97c	HAVOK	T2	240
030aaa6c	HAVOK	T2	64
030aaaac	HAVOK	T1	504
030aaca4	HAVOK	T2	80
030aacf4	HAVOK	T2	192
030aadb4	HAVOK	T2	12
030aadc0	HAVOK	T2	112
030aae30	HAVOK	T2	240
030aaf20	HAVOK	T2	4
030aaf24	HAVOK	T1	552
030ab14c	HAVOK	T2	716
030ab418	HAVOK	T2	284
030ab534	HAVOK	T2	188
030ab5f0	HAVOK	T2	188
030ab6ac	HAVOK	T2	284
030ab7c8	HAVOK	T2	188
030ab884	HAVOK	T2	284
030ab9a0	HAVOK	T2	728
030abc78	HAVOK	T2	344
030abdd0	HAVOK	T2	180
030abe84	HAVOK	T2	872
030ac1ec	HAVOK	T2	112
030ac25c	HAVOK	T2	820
030ac590	HAVOK	T2	340
030ac6ec	HAVOK	T2	128
030ac76c	HAVOK	T2	1136
030acbdc	HAVOK	T2	128
030acc5c	HAVOK	T2	156
030accf8	HAVOK	T2	8
030acd00	HAVOK	T2	24
030acd20	HAVOK	T2	96
030acd80	HAVOK	T2	108
030acdec	HAVOK	T2	200
030acec0	HAVOK	T2	116
030acf34	HAVOK	T2	404
030ad0c8	HAVOK	T2	12456
030b0170	HAVOK	T2	416
030b0310	HAVOK	T2	1148
030b078c	HAVOK	T2	508
030b0988	HAVOK	T2	184
030b0a40	HAVOK	T2	292
030b0b64	HAVOK	T2	452
030b0d28	HAVOK	T2	396
030b0eb4	HAVOK	T2	72
030b0efc	HAVOK	T2	776
030b1204	HAVOK	T2	448
030b13c4	HAVOK	T2	244
030b1548	HAVOK	T2	480
030b1728	HAVOK	T1	6144
030b2f28	HAVOK	T2	68
030b2f6c	HAVOK	T2	240
030b305c	HAVOK	T2	180
030b3110	HAVOK	T2	576
030b3350	HAVOK	T2	724
030b3624	HAVOK	T2	152
030b36bc	HAVOK	T2	128
030b373c	HAVOK	T2	492
030b3928	HAVOK	T2	668
030b3bc4	HAVOK	T2	768
030b3ec4	HAVOK	T2	1032
030b42cc	HAVOK	T2	7088
030b5e7c	HAVOK	T2	572
030b60b8	HAVOK	T2	116
030b612c	HAVOK	T2	2444
030b6ab8	HAVOK	T2	1560
030b70d0	HAVOK	T2	212
030b71a4	HAVOK	T2	64
030b71e4	HAVOK	T2	348
030b7340	HAVOK	T2	228
030b7424	HAVOK	T2	296
030b754c	HAVOK	T2	68
030b7590	HAVOK	T2	68
030b75d4	HAVOK	T2	380
030b7750	HAVOK	T2	68
030b7794	HAVOK	T2	148
030b7830	HAVOK	T2	2440
030b81b8	HAVOK	T2	124
030b8234	HAVOK	T2	180
030b82e8	HAVOK	T2	764
030b85e4	HAVOK	T2	4504
030b977c	HAVOK	T2	436
030b9930	HAVOK	T2	696
030b9bf0	HAVOK	T2	424
030b9d98	HAVOK	T2	252
030b9e94	HAVOK	T2	180
030b9f50	HAVOK	T2	136
030b9fd8	HAVOK	T2	476
030ba1b4	HAVOK	T2	8
030ba1bc	HAVOK	T2	24
030ba1d4	HAVOK	T2	196
030ba298	HAVOK	T2	172
030ba344	HAVOK	T2	88
030ba39c	HAVOK	T2	52
030ba3d0	HAVOK	T2	520
030ba5d8	HAVOK	T2	132
030ba65c	HAVOK	T2	212
030ba730	HAVOK	T2	1216
030babf0	HAVOK	T2	88
030bac48	HAVOK	T2	320
030bad88	HAVOK	T2	404
030baf1c	HAVOK	T2	220
030baff8	HAVOK	T2	156
030bb094	HAVOK	T2	332
030bb1e0	HAVOK	T2	120
030bb258	HAVOK	T2	148
030bb2ec	HAVOK	T2	112
030bb35c	HAVOK	T2	156
030bb3f8	HAVOK	T2	108
030bb464	HAVOK	T2	1404
030bb9e0	HAVOK	T2	900
030bbd64	HAVOK	T2	368
030bbed4	HAVOK	T2	356
030bc038	HAVOK	T2	760
030bc330	HAVOK	T2	220
030bc40c	HAVOK	T2	64
030bc44c	HAVOK	T2	264
030bc554	HAVOK	T2	816
030bc884	HAVOK	T2	848
030bcbd4	HAVOK	T2	2080
030bd3f4	HAVOK	T2	476
030bd5d0	HAVOK	T2	8
030bd5d8	HAVOK	T2	8
030bd5e0	HAVOK	T2	360
030bd748	HAVOK	T2	492
030bd934	HAVOK	T2	236
030bda88	HAVOK	T2	172
030bdb34	HAVOK	T2	180
030bdbe8	HAVOK	T2	156
030bdbfc	HAVOK	T2	1772
030be2e8	HAVOK	T2	4
030be2ec	HAVOK	T2	4
030be2f0	HAVOK	T2	392
030be478	HAVOK	T2	196
030be540	HAVOK	T2	372
030be6b4	HAVOK	T2	496
030be8a4	HAVOK	T2	68
030be8e8	HAVOK	T2	576
030beb28	HAVOK	T2	180
030bee00	HAVOK	T2	220
030beedc	HAVOK	T2	180
030bef90	HAVOK	T2	76
030befdc	HAVOK	T2	152
030bf074	HAVOK	T2	92
030bf0d0	HAVOK	T2	80
030bf120	HAVOK	T2	252
030bf21c	HAVOK	T2	204
030bf2e8	HAVOK	T2	456
030bf4b0	HAVOK	T2	264
030bf5b8	HAVOK	T2	200
030bf680	HAVOK	T2	1928
030bfe08	HAVOK	T2	320
030bff48	HAVOK	T2	124
030bffc4	HAVOK	T2	332
030c0114	HAVOK	T2	188
030c01d0	HAVOK	T2	172
030c027c	HAVOK	T2	288
030c039c	HAVOK	T2	252
030c0498	HAVOK	T2	156
030c0534	HAVOK	T2	180
030c05e8	HAVOK	T2	124
030c0664	HAVOK	T2	64
030c06a4	HAVOK	T2	124
030c0720	HAVOK	T2	272
030c0844	HAVOK	T2	136
030c08cc	HAVOK	T2	120
030c0944	HAVOK	T2	3044
030c1528	HAVOK	T2	132
030c15ac	HAVOK	T2	220
030c1688	HAVOK	T2	24
030c16a0	HAVOK	T2	2664
030c2108	HAVOK	T2	84
030c215c	HAVOK	T2	52
030c2190	HAVOK	T2	996
030c2574	HAVOK	T2	688
030c2824	HAVOK	T2	608
030c2a84	HAVOK	T2	180
030c2b38	HAVOK	T2	140
030c2bc4	HAVOK	T2	1320
030c30ec	HAVOK	T2	744
030c33d4	HAVOK	T2	336
030c3524	HAVOK	T2	176
030c35d4	HAVOK	T2	360
030c373c	HAVOK	T2	180
030c37f0	HAVOK	T2	400
030c3980	HAVOK	T2	76
030c39cc	HAVOK	T2	12
030c39d8	HAVOK	T2	552
030c3c00	HAVOK	T2	20
030c3c14	HAVOK	T2	256
030c3d14	HAVOK	T2	20
030c3d28	HAVOK	T2	268
030c3e34	HAVOK	T2	4156
030c4e70	HAVOK	T2	916
030c5204	HAVOK	T1	496
030c53f4	HAVOK	T1	496
030c55e4	HAVOK	T2	632
030c585c	HAVOK	T2	516
030c5a60	HAVOK	T2	336
030c5bb0	HAVOK	T2	336
030c5d00	HAVOK	T2	216
030c5dd8	HAVOK	T1	464
030c5fb0	HAVOK	T2	476
030c6190	HAVOK	T2	200
030c6260	HAVOK	T2	452
030c6430	HAVOK	T2	200
030c6500	HAVOK	T2	256
030c6600	HAVOK	T2	248
030c66f8	HAVOK	T2	372
030c6ec4	HAVOK	T2	280
030c6fdc	HAVOK	T2	1940
030c7770	HAVOK	T2	180
030c7824	HAVOK	T2	3112
030c844c	HAVOK	T2	180
030c8500	HAVOK	T2	1552
030c8b10	HAVOK	T2	200
030c8bd8	HAVOK	T2	964
030c8f9c	HAVOK	T2	748
030c9290	HAVOK	T2	68
030c92e0	HAVOK	T2	68
030c9330	HAVOK	T2	68
030c9374	HAVOK	T2	160
030c9414	HAVOK	T2	232
030c94fc	HAVOK	T2	372
030c9670	HAVOK	T2	276
030c9784	HAVOK	T2	12
030c9790	HAVOK	T2	120
030c9808	HAVOK	T2	248
030c9900	HAVOK	T2	64
030c9940	HAVOK	T2	272
030c9a50	HAVOK	T2	80
030c9aa0	HAVOK	T2	172
030c9b60	HAVOK	T2	4
030c9b64	HAVOK	T2	8
030c9b6c	HAVOK	T2	388
030c9cf0	HAVOK	T2	1872
030ca440	HAVOK	T2	180
030ca4f4	HAVOK	T2	772
030ca7f8	HAVOK	T2	2968
030cb390	HAVOK	T2	2168
030cbc08	HAVOK	T2	72
030cbc50	HAVOK	T1	632
030cbecc	HAVOK	T2	284
030cbfe8	HAVOK	T2	712
030cc2b0	HAVOK	T2	196
030cc374	HAVOK	T2	748
030cc660	HAVOK	T2	1076
030cca94	HAVOK	T2	1104
030ccee4	HAVOK	T2	356
030cd048	HAVOK	T2	936
030cd3f0	HAVOK	T2	304
030cd520	HAVOK	T2	520
030cd728	HAVOK	T1	1112
030cdb80	HAVOK	T2	448
030cdd40	HAVOK	T2	184
030cddf8	HAVOK	T2	228
030cdedc	HAVOK	T2	360
030ce044	HAVOK	T2	1664
030ce6c4	HAVOK	T2	320
030ce804	HAVOK	T2	32
030ce824	HAVOK	T2	236
030ce910	HAVOK	T1	864
030cec70	HAVOK	T2	296
030ced98	HAVOK	T1	728
030cf070	HAVOK	T2	332
030cf1bc	HAVOK	T1	1344
030cf710	HAVOK	T2	132
030cf794	HAVOK	T1	936
030cfb3c	HAVOK	T2	968
030cff04	HAVOK	T2	220
030cffe0	HAVOK	T2	868
030d0344	HAVOK	T2	180
030d03f8	HAVOK	T2	324
030d053c	HAVOK	T2	1748
030d0c10	HAVOK	T2	164
030d0cb4	HAVOK	T2	2116
030d1a24	HAVOK	T2	532
030d1c50	HAVOK	T2	1148
030d213c	HAVOK	T2	428
030d22e8	HAVOK	T2	904
030d2670	HAVOK	T2	1072
030d2aa0	HAVOK	T2	1364
030d2ff4	HAVOK	T2	140
030d3080	HAVOK	T2	380
030d31fc	HAVOK	T2	876
030d3568	HAVOK	T2	448
030d3728	HAVOK	T2	2380
030d4074	HAVOK	T2	708
030d4338	HAVOK	T2	1556
030d494c	HAVOK	T2	1032
030d4d54	HAVOK	T2	824
030d508c	HAVOK	T2	436
030d5240	HAVOK	T2	312
030d5378	HAVOK	T2	720
030d5648	HAVOK	T2	976
030d5a18	HAVOK	T2	412
030d5bb4	HAVOK	T2	496
030d5da4	HAVOK	T2	28
030d5dc0	HAVOK	T2	848
030d6110	HAVOK	T2	248
030d6208	HAVOK	T2	136
030d6290	HAVOK	T2	52
030d62c4	HAVOK	T1	1220
030d6788	HAVOK	T2	872
030d6af0	HAVOK	T2	1244
030d6d3c	HAVOK	T2	1152
030d71bc	HAVOK	T2	2276
030d7aa8	HAVOK	T2	1024
030d7ea8	HAVOK	T2	1868
030d85f8	HAVOK	T2	124
030d8674	HAVOK	T2	156
030d8710	HAVOK	T2	156
030d87ac	HAVOK	T2	584
030d89f4	HAVOK	T2	136
030d8a7c	HAVOK	T2	1528
030d9074	HAVOK	T2	560
030d92a4	HAVOK	T2	408
030d943c	HAVOK	T2	1332
030d9978	HAVOK	T2	124
030d99f4	HAVOK	T2	236
030d9ae0	HAVOK	T2	668
030da010	HAVOK	T2	1156
030da494	HAVOK	T2	368
030da604	HAVOK	T2	1020
030daa04	HAVOK	T2	388
030dab88	HAVOK	T2	268
030dac94	HAVOK	T2	396
030dae20	HAVOK	T2	500
030db014	HAVOK	T2	48
030db044	HAVOK	T2	1096
030db48c	HAVOK	T2	312
030db5c4	HAVOK	T2	1132
030dba30	HAVOK	T2	588
030dbc7c	HAVOK	T2	592
030dbecc	HAVOK	T2	128
030dbf4c	HAVOK	T2	268
030dc058	HAVOK	T2	588
030dc2a4	HAVOK	T2	592
030dc4f4	HAVOK	T2	132
030dc578	HAVOK	T2	544
030dc798	HAVOK	T2	336
030dc8e8	HAVOK	T2	756
030dcbe0	HAVOK	T2	300
030dcd10	HAVOK	T2	620
030dcf80	HAVOK	T2	244
030dd080	HAVOK	T2	648
030dd310	HAVOK	T2	248
030dd408	HAVOK	T2	236
030dd4f4	HAVOK	T2	476
030dd6d0	HAVOK	T2	136
030dd758	HAVOK	T2	132
030dd7dc	HAVOK	T2	460
030dd9a8	HAVOK	T2	232
030dda90	HAVOK	T2	136
030ddb18	HAVOK	T2	236
030ddc04	HAVOK	T2	504
030dde00	HAVOK	T2	180
030ddec0	HAVOK	T2	548
030de0f0	HAVOK	T2	136
030de180	HAVOK	T2	916
030de520	HAVOK	T2	128
030de5a0	HAVOK	T2	388
030de730	HAVOK	T2	1844
030dee70	HAVOK	T2	1460
030df430	HAVOK	T2	1552
030dfa50	HAVOK	T2	1592
030e0094	HAVOK	T2	136
030e0120	HAVOK	T2	788
030e0440	HAVOK	T2	2352
030e0d70	HAVOK	T2	136
030e0e00	HAVOK	T2	244
030e0f00	HAVOK	T2	1012
030e1300	HAVOK	T2	116
030e1380	HAVOK	T2	808
030e16b0	HAVOK	T2	848
030e1a00	HAVOK	T2	2400
030e2360	HAVOK	T2	696
030e2618	HAVOK	T2	928
030e29c0	HAVOK	T2	116
030e2a40	HAVOK	T2	160
030e2ae0	HAVOK	T2	944
030e2e94	HAVOK	T2	136
030e2f1c	HAVOK	T2	208
030e2fec	HAVOK	T2	292
030e3110	HAVOK	T2	164
030e31b4	HAVOK	T2	776
030e34bc	HAVOK	T2	272
030e35cc	HAVOK	T2	164
030e3670	HAVOK	T2	192
030e3730	HAVOK	T2	364
030e389c	HAVOK	T2	1124
030e3d00	HAVOK	T2	208
030e3dd0	HAVOK	T2	196
030e3e94	HAVOK	T2	128
030e3f14	HAVOK	T1	1412
030e4498	HAVOK	T2	328
030e45e0	HAVOK	T1	684
030e4894	HAVOK	T2	136
030e491c	HAVOK	T2	236
030e4a08	HAVOK	T2	368
030e4b78	HAVOK	T2	128
030e4bf8	HAVOK	T2	280
030e4d10	HAVOK	T2	136
030e4d98	HAVOK	T2	284
030e4eb4	HAVOK	T2	136
030e4f3c	HAVOK	T2	232
030e5024	HAVOK	T2	368
030e5194	HAVOK	T2	132
030e5218	HAVOK	T2	128
030e5298	HAVOK	T2	336
030e53e8	HAVOK	T2	304
030e5518	HAVOK	T2	128
030e5598	HAVOK	T1	1016
030e5990	HAVOK	T2	236
030e5a7c	HAVOK	T1	896
030e5e00	HAVOK	T2	1152
030e6280	HAVOK	T2	136
030e6308	HAVOK	T2	416
030e64b0	HAVOK	T2	3532
030e727c	HAVOK	T2	124
030e72f8	HAVOK	T2	232
030e73e0	HAVOK	T2	228
030e74c4	HAVOK	T2	544
030e76e4	HAVOK	T2	236
030e77d0	HAVOK	T2	472
030e79a8	HAVOK	T2	180
030e7a5c	HAVOK	T2	636
030e7cd8	HAVOK	T2	128
030e7d58	HAVOK	T2	208
030e7e28	HAVOK	T2	28
030e7ebc	HAVOK	T2	1108
030e8310	HAVOK	T2	180
030e83c4	HAVOK	T2	1948
030e8b60	HAVOK	T2	1164
030e8fec	HAVOK	T2	384
030e916c	HAVOK	T2	464
030e933c	HAVOK	T2	376
030e94b4	HAVOK	T2	796
030e97d0	HAVOK	T2	56
030e9808	HAVOK	T2	636
030e9a84	HAVOK	T2	984
030e9e5c	HAVOK	T2	8800
030ec0bc	HAVOK	T2	3156
030ecd10	HAVOK	T2	344
030ece68	HAVOK	T2	252
030ecef0	HAVOK	T2	600
030ed148	HAVOK	T2	12
030ed154	HAVOK	T2	396
030ed2e0	HAVOK	T2	8
030ed2e8	HAVOK	T2	328
030ed430	HAVOK	T2	648
030ed6b8	HAVOK	T2	468
030ed88c	HAVOK	T2	980
030edc60	HAVOK	T2	624
030eded0	HAVOK	T2	1164
030ee35c	HAVOK	T2	300
030ee488	HAVOK	T2	140
030ee514	HAVOK	T1	960
030ee8d4	HAVOK	T1	496
030eeac4	HAVOK	T2	352
030eec24	HAVOK	T1	840
030eef6c	HAVOK	T1	980
030ef340	HAVOK	T1	884
030ef6b4	HAVOK	T1	564
030ef8e8	HAVOK	T1	464
030efab8	HAVOK	T2	564
030efcec	HAVOK	T2	1224
030f01b4	HAVOK	T2	452
030f0380	HAVOK	T2	204
030f044c	HAVOK	T1	632
030f06c4	HAVOK	T1	1044
030f0b4c	HAVOK	T1	432
030f0cfc	HAVOK	T2	72
030f0d44	HAVOK	T2	248
030f0e3c	HAVOK	T2	136
030f0ec4	HAVOK	T2	136
030f0f4c	HAVOK	T1	560
030f117c	HAVOK	T2	56
030f11b4	HAVOK	T2	200
030f127c	HAVOK	T2	56
030f12b4	HAVOK	T2	68
030f12fc	HAVOK	T2	8
030f1304	HAVOK	T2	20
030f1318	HAVOK	T2	200
030f13e0	HAVOK	T2	88
030f1440	HAVOK	T2	72
030f1490	HAVOK	T2	336
030f15e0	HAVOK	T2	128
030f1660	HAVOK	T2	344
030f17b8	HAVOK	T2	548
030f19f4	HAVOK	T2	448
030f1bb4	HAVOK	T2	44
030f1be0	HAVOK	T2	44
030f1c0c	HAVOK	T2	92
030f1c68	HAVOK	T2	200
030f1d30	HAVOK	T2	448
030f1ef0	HAVOK	T2	180
030f1fa4	HAVOK	T2	184
030f205c	HAVOK	T2	664
030f22f8	HAVOK	T2	808
030f2620	HAVOK	T1	1212
030f2adc	HAVOK	T2	716
030f2da8	HAVOK	T2	188
030f2e64	HAVOK	T2	212
030f2f38	HAVOK	T2	208
030f3008	HAVOK	T2	44
030f3034	HAVOK	T2	108
030f30a0	HAVOK	T2	212
030f3174	HAVOK	T2	92
030f31d0	HAVOK	T2	120
030f3248	HAVOK	T2	168
030f32f0	HAVOK	T2	132
030f3374	HAVOK	T2	200
030f343c	HAVOK	T2	112
030f34ac	HAVOK	T2	112
030f351c	HAVOK	T2	8
030f3524	HAVOK	T2	180
030f35d8	HAVOK	T2	136
030f3660	HAVOK	T2	316
030f379c	HAVOK	T2	188
030f3858	HAVOK	T2	180
030f390c	HAVOK	T2	172
030f39b8	HAVOK	T2	112
030f3a28	HAVOK	T1	484
030f3c0c	HAVOK	T2	276
030f3d28	HAVOK	T2	92
030f3d84	HAVOK	T2	188
030f3e40	HAVOK	T2	88
030f3e98	HAVOK	T2	536
030f40b0	HAVOK	T2	280
030f41c8	HAVOK	T2	160
030f4268	HAVOK	T2	908
030f4600	HAVOK	T2	304
030f4730	HAVOK	T2	168
030f47d8	HAVOK	T2	280
030f48f0	HAVOK	T2	280
030f4a08	HAVOK	T2	152
030f4aa0	HAVOK	T2	544
030f4cc0	HAVOK	T2	68
030f4d04	HAVOK	T2	216
030f4ddc	HAVOK	T2	228
030f4ec0	HAVOK	T2	116
030f4f34	HAVOK	T2	220
030f5010	HAVOK	T2	36
030f5034	HAVOK	T2	84
030f5088	HAVOK	T2	216
030f5160	HAVOK	T2	136
030f51f0	HAVOK	T2	1040
030f5600	HAVOK	T2	704
030f58c0	HAVOK	T2	88
030f5918	HAVOK	T2	212
030f59f0	HAVOK	T2	120
030f5a70	HAVOK	T2	120
030f5af0	HAVOK	T2	288
030f5c10	HAVOK	T2	328
030f5d58	HAVOK	T2	48
030f5d88	HAVOK	T2	224
030f5e68	HAVOK	T2	24
030f5e80	HAVOK	T2	16
030f5e90	HAVOK	T2	244
030f5f84	HAVOK	T2	228
030f6068	HAVOK	T2	216
030f6140	HAVOK	T2	96
030f61a0	HAVOK	T2	136
030f6230	HAVOK	T2	184
030f62f0	HAVOK	T2	144
030f6380	HAVOK	T2	296
030f64a8	HAVOK	T2	20
030f64bc	HAVOK	T2	928
030f685c	HAVOK	T2	88
030f68b4	HAVOK	T2	280
030f69cc	HAVOK	T2	424
030f6b74	HAVOK	T2	188
030f6c30	HAVOK	T2	188
030f6cec	HAVOK	T2	188
030f6da8	HAVOK	T2	188
030f6e64	HAVOK	T2	188
030f6f20	HAVOK	T2	188
030f6fdc	HAVOK	T2	188
030f7098	HAVOK	T2	36
030f70bc	HAVOK	T2	268
030f71c8	HAVOK	T2	40
030f71f0	HAVOK	T2	64
030f7230	HAVOK	T2	1212
030f76ec	HAVOK	T2	1676
030f7d78	HAVOK	T2	52
030f7dac	HAVOK	T2	52
030f7de0	HAVOK	T2	4
030f7de4	HAVOK	T2	52
030f7e18	HAVOK	T2	52
030f7e4c	HAVOK	T2	136
030f7ed4	HAVOK	T2	5572
030f94a0	HAVOK	T2	1760
030f9b80	HAVOK	T2	896
030f9f00	HAVOK	T2	1492
030fa4e0	HAVOK	T2	1424
030faa70	HAVOK	T2	828
030fadac	HAVOK	T2	740
030fb090	HAVOK	T2	180
030fb144	HAVOK	T2	200
030fb20c	HAVOK	T2	636
030fb488	HAVOK	T2	12
030fb494	HAVOK	T2	20
030fb4a8	HAVOK	T2	180
030fb55c	HAVOK	T2	8
030fb564	HAVOK	T2	12
030fb570	HAVOK	T2	200
030fb638	HAVOK	T2	856
030fb990	HAVOK	T2	12
030fb99c	HAVOK	T2	20
030fb9b0	HAVOK	T2	180
030fba64	HAVOK	T2	8
030fba6c	HAVOK	T2	12
030fba78	HAVOK	T2	188
030fbb40	HAVOK	T2	2948
030fc6c4	HAVOK	T2	240
030fc7b4	HAVOK	T2	248
030fc8ac	HAVOK	T2	1948
030fd048	HAVOK	T2	8
030fd050	HAVOK	T2	476
030fd22c	HAVOK	T2	8
030fd234	HAVOK	T2	528
030fd444	HAVOK	T2	8
030fd44c	HAVOK	T2	288
030fd56c	HAVOK	T2	8
030fd574	HAVOK	T2	552
030fd79c	HAVOK	T2	8
030fd7a4	HAVOK	T2	516
030fd9a8	HAVOK	T2	8
030fd9b0	HAVOK	T2	1012
030fdda4	HAVOK	T2	8
030fddac	HAVOK	T2	580
030fdff0	HAVOK	T2	8
030fdff8	HAVOK	T2	1104
030fe448	HAVOK	T2	8
030fe450	HAVOK	T2	576
030fe690	HAVOK	T2	8
030fe698	HAVOK	T2	424
030fe840	HAVOK	T2	8
030fe848	HAVOK	T2	440
030fea00	HAVOK	T2	8
030fea08	HAVOK	T2	748
030fecf4	HAVOK	T2	8
030fecfc	HAVOK	T2	1908
030ff470	HAVOK	T2	188
030ff52c	HAVOK	T2	188
030ff5e8	HAVOK	T2	188
030ff6a4	HAVOK	T2	188
030ff760	HAVOK	T2	188
030ff81c	HAVOK	T2	8
030ff830	HAVOK	T2	1176
030ffcd0	HAVOK	T2	12476
03102d90	HAVOK	T2	520
03102fa0	HAVOK	T2	520
031031a8	HAVOK	T2	116
0310321c	HAVOK	T2	244
03103310	HAVOK	T2	12
0310331c	HAVOK	T2	8
03103324	HAVOK	T2	116
03103398	HAVOK	T2	244
0310348c	HAVOK	T2	12
03103498	HAVOK	T2	8
031034a0	HAVOK	T2	116
03103514	HAVOK	T2	244
03103608	HAVOK	T2	12
03103614	HAVOK	T2	8
0310361c	HAVOK	T2	116
03103690	HAVOK	T2	244
03103784	HAVOK	T2	12
03103790	HAVOK	T2	8
03103798	HAVOK	T2	116
0310380c	HAVOK	T2	244
03103900	HAVOK	T2	12
0310390c	HAVOK	T2	8
03103914	HAVOK	T2	116
03103988	HAVOK	T2	244
03103a7c	HAVOK	T2	12
03103a88	HAVOK	T2	8
03103a90	HAVOK	T2	116
03103b04	HAVOK	T2	244
03103bf8	HAVOK	T2	12
03103c04	HAVOK	T2	64
03103c44	HAVOK	T2	8
03103c4c	HAVOK	T2	116
03103cc0	HAVOK	T2	244
03103db4	HAVOK	T2	12
03103dc0	HAVOK	T2	64
03103e00	HAVOK	T2	8
03103e08	HAVOK	T2	116
03103e7c	HAVOK	T2	244
03103f70	HAVOK	T2	12
03103f7c	HAVOK	T2	64
03103fbc	HAVOK	T2	8
03103fc4	HAVOK	T2	116
03104038	HAVOK	T2	244
0310412c	HAVOK	T2	12
03104138	HAVOK	T2	64
03104178	HAVOK	T2	8
03104180	HAVOK	T2	116
031041f4	HAVOK	T2	244
031042e8	HAVOK	T2	12
031042f4	HAVOK	T2	64
03104334	HAVOK	T2	8
0310433c	HAVOK	T2	116
031043b0	HAVOK	T2	244
031044a4	HAVOK	T2	12
031044b0	HAVOK	T2	64
031044f0	HAVOK	T2	8
031044f8	HAVOK	T2	116
0310456c	HAVOK	T2	244
03104660	HAVOK	T2	12
0310466c	HAVOK	T2	64
031046ac	HAVOK	T2	8
031046b4	HAVOK	T2	116
03104728	HAVOK	T2	244
0310481c	HAVOK	T2	12
03104828	HAVOK	T2	64
03104868	HAVOK	T2	8
03104870	HAVOK	T2	116
031048e4	HAVOK	T2	244
031049d8	HAVOK	T2	12
031049e4	HAVOK	T2	40
03104a0c	HAVOK	T2	8
03104a14	HAVOK	T2	116
03104a88	HAVOK	T2	244
03104b7c	HAVOK	T2	12
03104b88	HAVOK	T2	40
03104bb0	HAVOK	T2	8
03104bb8	HAVOK	T2	116
03104c2c	HAVOK	T2	244
03104d20	HAVOK	T2	12
03104d2c	HAVOK	T2	8
03104d34	HAVOK	T2	116
03104da8	HAVOK	T2	244
03104e9c	HAVOK	T2	12
03104ea8	HAVOK	T2	8
03104eb0	HAVOK	T2	116
03104f24	HAVOK	T2	244
03105018	HAVOK	T2	12
03105024	HAVOK	T2	8
0310502c	HAVOK	T2	116
031050a0	HAVOK	T2	244
03105194	HAVOK	T2	12
031051a0	HAVOK	T2	8
031051a8	HAVOK	T2	116
0310521c	HAVOK	T2	244
03105310	HAVOK	T2	12
0310531c	HAVOK	T2	8
03105324	HAVOK	T2	116
03105398	HAVOK	T2	244
0310548c	HAVOK	T2	12
03105498	HAVOK	T2	8
031054a0	HAVOK	T2	116
03105514	HAVOK	T2	244
03105608	HAVOK	T2	12
03105614	HAVOK	T2	116
03105688	HAVOK	T2	244
0310577c	HAVOK	T2	12
03105788	HAVOK	T2	116
031057fc	HAVOK	T2	244
031058f0	HAVOK	T2	12
031058fc	HAVOK	T2	116
03105970	HAVOK	T2	244
03105a64	HAVOK	T2	12
03105a70	HAVOK	T2	116
03105ae4	HAVOK	T2	244
03105bd8	HAVOK	T2	12
03105be4	HAVOK	T2	116
03105c58	HAVOK	T2	244
03105d4c	HAVOK	T2	12
03105d60	HAVOK	T2	40
03105d88	HAVOK	T1	2568
03106790	HAVOK	T2	180
03106844	HAVOK	T2	400
031069d4	HAVOK	T2	312
03106b0c	HAVOK	T2	140
03106b98	HAVOK	T2	192
03106c58	HAVOK	T2	156
03106cf4	HAVOK	T2	128
03106d74	HAVOK	T2	184
03106dfc	HAVOK	T2	4
03106e00	HAVOK	T1	496
03106ff0	HAVOK	T2	264
031070f8	HAVOK	T2	460
031072c4	HAVOK	T2	264
031073cc	HAVOK	T2	492
031075b8	HAVOK	T2	492
031077a4	HAVOK	T2	456
0310796c	HAVOK	T2	456
03107b34	HAVOK	T2	492
03107d20	HAVOK	T2	440
03107ed8	HAVOK	T2	432
03108088	HAVOK	T2	92
031080e4	HAVOK	T2	80
03108134	HAVOK	T2	204
03108200	HAVOK	T2	160
031082a0	HAVOK	T2	8
031082a8	HAVOK	T2	8
031082b0	HAVOK	T2	8
031082b8	HAVOK	T2	344
03108410	HAVOK	T2	204
031084dc	HAVOK	T2	364
03108648	HAVOK	T2	512
03108848	HAVOK	T2	336
03108998	HAVOK	T2	180
03108a4c	HAVOK	T2	352
03108bac	HAVOK	T2	1116
03109008	HAVOK	T2	264
03109110	HAVOK	T2	392
03109298	HAVOK	T2	388
0310941c	HAVOK	T2	8
03109424	HAVOK	T2	12
03109430	HAVOK	T2	264
03109538	HAVOK	T2	8
03109540	HAVOK	T2	8
03109548	HAVOK	T2	12
03109554	HAVOK	T2	8
0310955c	HAVOK	T2	204
03109628	HAVOK	T2	180
031096dc	HAVOK	T2	180
03109790	HAVOK	T2	344
031098e8	HAVOK	T2	204
031099b4	HAVOK	T2	364
03109b20	HAVOK	T2	272
03109c30	HAVOK	T2	400
03109dc0	HAVOK	T2	388
03109f44	HAVOK	T2	8
03109f4c	HAVOK	T2	12
03109f58	HAVOK	T2	280
0310a070	HAVOK	T2	392
0310a1f8	HAVOK	T2	8
0310a200	HAVOK	T2	12
0310a20c	HAVOK	T2	8
0310a214	HAVOK	T2	204
0310a2e0	HAVOK	T2	180
0310a394	HAVOK	T2	180
0310a448	HAVOK	T2	344
0310a5a0	HAVOK	T2	204
0310a66c	HAVOK	T2	364
0310a7d8	HAVOK	T2	416
0310a978	HAVOK	T2	8
0310a980	HAVOK	T2	180
0310aa34	HAVOK	T2	160
0310aad4	HAVOK	T2	2820
0310b5d8	HAVOK	T2	12
0310b5e4	HAVOK	T2	12
0310b5f0	HAVOK	T2	4
0310b5f4	HAVOK	T2	4
0310b5f8	HAVOK	T2	8
0310b600	HAVOK	T2	8
0310b608	HAVOK	T2	1428
0310bb9c	HAVOK	T2	8
0310bba4	HAVOK	T2	172
0310bc50	HAVOK	T2	1844
0310c390	HAVOK	T2	524
0310c5a0	HAVOK	T2	1180
0310ca40	HAVOK	T2	696
0310ccf8	HAVOK	T2	116
0310cd6c	HAVOK	T2	244
0310ce60	HAVOK	T2	12
0310ce6c	HAVOK	T2	8
0310ce74	HAVOK	T2	116
0310cee8	HAVOK	T2	244
0310cfdc	HAVOK	T2	12
0310cfe8	HAVOK	T2	8
0310cff0	HAVOK	T2	264
0310d0f8	HAVOK	T2	392
0310d280	HAVOK	T2	268
0310d38c	HAVOK	T2	8
0310d394	HAVOK	T2	12
0310d3a0	HAVOK	T2	264
0310d4a8	HAVOK	T2	8
0310d4b0	HAVOK	T2	260
0310d5b4	HAVOK	T2	12
0310d5c0	HAVOK	T2	8
0310d5c8	HAVOK	T2	172
0310d674	HAVOK	T2	136
0310d6fc	HAVOK	T2	380
0310d878	HAVOK	T2	8
0310d880	HAVOK	T2	204
0310d94c	HAVOK	T2	344
0310daa4	HAVOK	T2	204
0310db70	HAVOK	T2	364
0310dcdc	HAVOK	T2	624
0310df4c	HAVOK	T2	180
0310e000	HAVOK	T2	116
0310e074	HAVOK	T2	244
0310e168	HAVOK	T2	640
0310e3e8	HAVOK	T2	12
0310e3f4	HAVOK	T2	8
0310e3fc	HAVOK	T2	116
0310e470	HAVOK	T2	244
0310e564	HAVOK	T2	8
0310e56c	HAVOK	T2	12
0310e578	HAVOK	T2	8
0310e580	HAVOK	T2	204
0310e64c	HAVOK	T2	304
0310e780	HAVOK	T2	720
0310ea50	HAVOK	T2	300
0310eb7c	HAVOK	T2	8
0310eb84	HAVOK	T2	248
0310ec7c	HAVOK	T2	248
0310ed74	HAVOK	T2	336
0310eec4	HAVOK	T2	8
0310eecc	HAVOK	T2	516
0310f0d0	HAVOK	T2	188
0310f18c	HAVOK	T2	188
0310f248	HAVOK	T2	188
0310f304	HAVOK	T2	8
0310f310	HAVOK	T2	2116
0310fb60	HAVOK	T2	1168
0310fff0	HAVOK	T2	116
03110064	HAVOK	T2	244
03110158	HAVOK	T2	12
03110164	HAVOK	T2	116
031101d8	HAVOK	T2	244
031102cc	HAVOK	T2	12
031102d8	HAVOK	T2	116
0311034c	HAVOK	T2	244
03110440	HAVOK	T2	12
0311044c	HAVOK	T2	116
031104c0	HAVOK	T2	244
031105b4	HAVOK	T2	12
031105c0	HAVOK	T2	116
03110634	HAVOK	T2	244
03110728	HAVOK	T2	12
03110734	HAVOK	T2	116
031107a8	HAVOK	T2	244
0311089c	HAVOK	T2	12
031108a8	HAVOK	T2	116
0311091c	HAVOK	T2	244
03110a10	HAVOK	T2	12
03110a1c	HAVOK	T2	116
03110a90	HAVOK	T2	244
03110b84	HAVOK	T2	12
03110b90	HAVOK	T2	412
03110d2c	HAVOK	T2	180
03110de0	HAVOK	T2	468
03110fb4	HAVOK	T2	272
031110c4	HAVOK	T2	400
03111254	HAVOK	T2	268
03111360	HAVOK	T2	8
03111368	HAVOK	T2	12
03111374	HAVOK	T2	280
0311148c	HAVOK	T2	392
03111614	HAVOK	T2	260
03111718	HAVOK	T2	12
03111724	HAVOK	T2	8
0311172c	HAVOK	T2	204
031117f8	HAVOK	T2	3040
031123d8	HAVOK	T2	8
031123e0	HAVOK	T2	344
03112538	HAVOK	T2	204
03112604	HAVOK	T2	364
03112770	HAVOK	T2	1776
03112e60	HAVOK	T2	2548
03113860	HAVOK	T2	724
03113b34	HAVOK	T2	472
03113d0c	HAVOK	T2	180
03113dc0	HAVOK	T2	264
03113ec8	HAVOK	T2	392
03114050	HAVOK	T2	376
031141c8	HAVOK	T2	8
031141d0	HAVOK	T2	12
031141dc	HAVOK	T2	264
031142e4	HAVOK	T2	8
031142ec	HAVOK	T2	8
031142f4	HAVOK	T2	12
03114300	HAVOK	T2	8
03114308	HAVOK	T2	168
031143b0	HAVOK	T2	168
03114458	HAVOK	T2	204
03114524	HAVOK	T2	344
0311467c	HAVOK	T2	204
03114748	HAVOK	T2	364
031148b4	HAVOK	T2	116
03114928	HAVOK	T2	244
03114a1c	HAVOK	T2	224
03114afc	HAVOK	T2	12
03114b08	HAVOK	T2	116
03114b7c	HAVOK	T2	244
03114c70	HAVOK	T2	220
03114d4c	HAVOK	T2	12
03114d58	HAVOK	T2	100
03114dbc	HAVOK	T2	264
03114ec4	HAVOK	T2	392
0311504c	HAVOK	T2	264
03115154	HAVOK	T2	8
0311515c	HAVOK	T2	12
03115168	HAVOK	T2	264
03115270	HAVOK	T2	8
03115278	HAVOK	T2	8
03115280	HAVOK	T2	12
0311528c	HAVOK	T2	8
03115294	HAVOK	T2	80
031152e4	HAVOK	T2	204
031153b0	HAVOK	T2	168
03115458	HAVOK	T2	8
03115460	HAVOK	T2	344
031155b8	HAVOK	T2	204
03115684	HAVOK	T2	364
031157f0	HAVOK	T2	116
03115864	HAVOK	T2	244
03115958	HAVOK	T2	232
03115a40	HAVOK	T2	12
03115a4c	HAVOK	T2	116
03115ac0	HAVOK	T2	244
03115bb4	HAVOK	T2	8
03115bbc	HAVOK	T2	12
03115bc8	HAVOK	T2	116
03115c3c	HAVOK	T2	244
03115d30	HAVOK	T2	596
03115f84	HAVOK	T2	12
03115f90	HAVOK	T2	116
03116004	HAVOK	T2	244
031160f8	HAVOK	T2	8
03116100	HAVOK	T2	12
0311610c	HAVOK	T2	816
0311643c	HAVOK	T1	964
03116800	HAVOK	T2	1164
03116c8c	HAVOK	T2	352
03116dec	HAVOK	T2	628
03117060	HAVOK	T2	1980
0311781c	HAVOK	T2	568
03117a54	HAVOK	T2	2168
031182cc	HAVOK	T2	188
03118388	HAVOK	T2	352
031184e8	HAVOK	T2	188
031185a4	HAVOK	T2	116
03118618	HAVOK	T2	244
0311870c	HAVOK	T2	932
03118ab0	HAVOK	T2	12
03118abc	HAVOK	T2	8
03118ac4	HAVOK	T2	116
03118b38	HAVOK	T2	244
03118c2c	HAVOK	T2	8
03118c34	HAVOK	T2	12
03118c40	HAVOK	T2	8
03118c48	HAVOK	T2	136
03118cd0	HAVOK	T2	208
03118da0	HAVOK	T2	188
03118e60	HAVOK	T2	68
03118eb0	HAVOK	T2	64
03118ef0	HAVOK	T2	64
03118f30	HAVOK	T2	64
03118f70	HAVOK	T2	64
03118fb0	HAVOK	T2	64
03118ff0	HAVOK	T2	424
03119198	HAVOK	T2	80
031191e8	HAVOK	T2	172
031192a8	HAVOK	T2	12
031192b4	HAVOK	T2	112
03119324	HAVOK	T2	240
03119414	HAVOK	T2	4
03119418	HAVOK	T2	188
031194d4	HAVOK	T2	188
03119590	HAVOK	T2	52
031195c4	HAVOK	T2	8
031195cc	HAVOK	T2	828
03119908	HAVOK	T2	1756
03119ff0	HAVOK	T2	68
0311a040	HAVOK	T2	68
0311a090	HAVOK	T2	68
0311a0e0	HAVOK	T2	68
0311a124	HAVOK	T2	12
0311a130	HAVOK	T2	280
0311a248	HAVOK	T2	388
0311a3cc	HAVOK	T2	64
0311a40c	HAVOK	T2	420
0311a5b0	HAVOK	T2	80
0311a600	HAVOK	T2	80
0311a650	HAVOK	T1	1488
0311ac20	HAVOK	T2	4
0311ac24	HAVOK	T2	12
0311ac30	HAVOK	T2	300
0311ad5c	HAVOK	T2	408
0311aef4	HAVOK	T2	64
0311af34	HAVOK	T2	396
0311b0c0	HAVOK	T2	80
0311b110	HAVOK	T2	80
0311b160	HAVOK	T1	1516
0311b74c	HAVOK	T2	4
0311b750	HAVOK	T2	80
0311b7a0	HAVOK	T2	4
0311b7a4	HAVOK	T2	12
0311b7b0	HAVOK	T2	60
0311b7ec	HAVOK	T2	328
0311b934	HAVOK	T2	80
0311b984	HAVOK	T2	80
0311b9d4	HAVOK	T2	4
0311b9d8	HAVOK	T2	12
0311b9e4	HAVOK	T2	60
0311ba20	HAVOK	T2	128
0311baa0	HAVOK	T2	80
0311baf0	HAVOK	T2	28
0311bb0c	HAVOK	T2	28
0311bb28	HAVOK	T2	56
0311bb60	HAVOK	T2	12
0311bb6c	HAVOK	T2	64
0311bbac	HAVOK	T2	80
0311bbfc	HAVOK	T2	60
0311bc38	HAVOK	T2	60
0311bc74	HAVOK	T2	68
0311bcb8	HAVOK	T2	12
0311bcc4	HAVOK	T2	60
0311bd00	HAVOK	T1	908
0311c08c	HAVOK	T2	80
0311c0dc	HAVOK	T2	400
0311c26c	HAVOK	T2	104
0311c2d4	HAVOK	T2	12
0311c2e0	HAVOK	T2	96
0311c340	HAVOK	T2	80
0311c390	HAVOK	T2	68
0311c3d4	HAVOK	T2	64
0311c414	HAVOK	T2	12
0311c420	HAVOK	T1	612
0311c684	HAVOK	T2	80
0311c6d4	HAVOK	T1	1164
0311cb60	HAVOK	T2	64
0311cba0	HAVOK	T2	80
0311cbf0	HAVOK	T2	4
0311cbf4	HAVOK	T2	12
0311cc00	HAVOK	T2	116
0311cc74	HAVOK	T2	76
0311ccc0	HAVOK	T2	84
0311cd14	HAVOK	T2	12
0311cd20	HAVOK	T2	68
0311cd64	HAVOK	T2	76
0311cdb0	HAVOK	T2	52
0311cde4	HAVOK	T2	12
0311cdf0	HAVOK	T2	68
0311ce34	HAVOK	T2	80
0311ce84	HAVOK	T2	72
0311cecc	HAVOK	T2	12
0311ced8	HAVOK	T2	120
0311cf50	HAVOK	T2	80
0311cfa0	HAVOK	T2	60
0311cfdc	HAVOK	T2	12
0311cfe8	HAVOK	T2	120
0311d060	HAVOK	T2	80
0311d0b0	HAVOK	T2	60
0311d0ec	HAVOK	T2	80
0311d13c	HAVOK	T2	4
0311d140	HAVOK	T2	80
0311d190	HAVOK	T2	4
0311d194	HAVOK	T2	12
0311d1a0	HAVOK	T2	116
0311d214	HAVOK	T2	76
0311d260	HAVOK	T2	52
0311d294	HAVOK	T2	12
0311d2a0	HAVOK	T2	68
0311d2e4	HAVOK	T2	76
0311d330	HAVOK	T2	52
0311d364	HAVOK	T2	12
0311d370	HAVOK	T2	68
0311d3b4	HAVOK	T2	76
0311d400	HAVOK	T2	52
0311d434	HAVOK	T2	12
0311d440	HAVOK	T2	128
0311d4c0	HAVOK	T2	80
0311d510	HAVOK	T2	60
0311d54c	HAVOK	T2	12
0311d558	HAVOK	T2	128
0311d5d8	HAVOK	T2	80
0311d628	HAVOK	T2	60
0311d664	HAVOK	T2	80
0311d6b4	HAVOK	T2	4
0311d6b8	HAVOK	T2	12
0311d6c4	HAVOK	T2	132
0311d748	HAVOK	T2	80
0311d798	HAVOK	T2	224
0311d878	HAVOK	T2	56
0311d8b0	HAVOK	T2	12
0311d8bc	HAVOK	T2	64
0311d8fc	HAVOK	T1	548
0311db20	HAVOK	T2	80
0311db70	HAVOK	T2	64
0311dbb0	HAVOK	T2	12
0311dbbc	HAVOK	T2	160
0311dc5c	HAVOK	T2	76
0311dca8	HAVOK	T2	100
0311dd0c	HAVOK	T2	12
0311dd18	HAVOK	T2	132
0311dd9c	HAVOK	T2	80
0311ddec	HAVOK	T2	208
0311debc	HAVOK	T2	64
0311defc	HAVOK	T2	12
0311df08	HAVOK	T2	60
0311df44	HAVOK	T1	580
0311e188	HAVOK	T2	80
0311e1d8	HAVOK	T2	4
0311e1dc	HAVOK	T2	80
0311e22c	HAVOK	T2	4
0311e230	HAVOK	T2	80
0311e280	HAVOK	T2	4
0311e284	HAVOK	T2	12
0311e290	HAVOK	T2	112
0311e300	HAVOK	T2	112
0311e370	HAVOK	T2	80
0311e3c0	HAVOK	T2	60
0311e3fc	HAVOK	T2	72
0311e444	HAVOK	T2	40
0311e46c	HAVOK	T2	12
0311e478	HAVOK	T2	60
0311e4b4	HAVOK	T1	2664
0311ef1c	HAVOK	T2	76
0311ef68	HAVOK	T2	12
0311ef74	HAVOK	T2	60
0311efb0	HAVOK	T1	4620
031201bc	HAVOK	T2	80
0312020c	HAVOK	T1	4980
03121580	HAVOK	T2	12
0312158c	HAVOK	T2	64
031215cc	HAVOK	T1	900
03121950	HAVOK	T2	80
031219a0	HAVOK	T1	2320
031222b0	HAVOK	T2	12
031222bc	HAVOK	T2	64
031222fc	HAVOK	T1	788
03122610	HAVOK	T2	80
03122660	HAVOK	T1	2612
03123094	HAVOK	T2	12
031230a0	HAVOK	T2	108
0312310c	HAVOK	T1	724
031233e0	HAVOK	T2	80
03123430	HAVOK	T1	928
031237d0	HAVOK	T2	76
03123820	HAVOK	T2	12
0312382c	HAVOK	T2	56
03123864	HAVOK	T2	60
031238a0	HAVOK	T2	72
031238e8	HAVOK	T2	60
03123924	HAVOK	T2	4
03123928	HAVOK	T2	4
0312392c	HAVOK	T2	116
031239a0	HAVOK	T2	12
031239ac	HAVOK	T2	16
031239bc	HAVOK	T1	2980
03124560	HAVOK	T2	80
031245b0	HAVOK	T1	6716
03125fec	HAVOK	T2	60
03126028	HAVOK	T2	92
03126084	HAVOK	T2	132
03126108	HAVOK	T2	72
03126150	HAVOK	T2	40
03126178	HAVOK	T2	116
031261ec	HAVOK	T2	80
0312623c	HAVOK	T2	12
03126248	HAVOK	T2	60
03126284	HAVOK	T1	1032
0312668c	HAVOK	T2	80
031266dc	HAVOK	T2	68
03126720	HAVOK	T2	52
03126754	HAVOK	T2	80
031267a4	HAVOK	T2	240
03126894	HAVOK	T2	132
03126918	HAVOK	T2	12
03126924	HAVOK	T2	68
03126968	HAVOK	T1	936
03126d10	HAVOK	T2	80
03126d60	HAVOK	T2	328
03126ea8	HAVOK	T2	28
03126ec4	HAVOK	T2	12
03126ed0	HAVOK	T2	144
03126f60	HAVOK	T2	80
03126fb0	HAVOK	T2	12
03126fbc	HAVOK	T2	60
03126ff8	HAVOK	T2	80
03127048	HAVOK	T2	80
03127098	HAVOK	T2	144
03127128	HAVOK	T2	12
03127134	HAVOK	T2	60
03127170	HAVOK	T2	80
031271c0	HAVOK	T2	80
03127210	HAVOK	T2	80
03127260	HAVOK	T2	4
03127264	HAVOK	T2	92
031272c0	HAVOK	T2	80
03127310	HAVOK	T2	4
03127314	HAVOK	T2	144
031273a4	HAVOK	T2	12
031273b0	HAVOK	T2	68
031273f4	HAVOK	T2	76
03127440	HAVOK	T2	112
031274b0	HAVOK	T2	12
031274bc	HAVOK	T2	60
031274f8	HAVOK	T2	80
03127548	HAVOK	T2	80
03127598	HAVOK	T2	80
031275e8	HAVOK	T2	28
03127604	HAVOK	T2	12
03127610	HAVOK	T2	60
0312764c	HAVOK	T2	164
031276f0	HAVOK	T2	80
03127740	HAVOK	T2	88
03127798	HAVOK	T2	360
03127900	HAVOK	T2	96
03127960	HAVOK	T2	60
0312799c	HAVOK	T2	100
03127a00	HAVOK	T2	116
03127a74	HAVOK	T2	64
03127ab4	HAVOK	T2	12
03127ac0	HAVOK	T2	64
03127b00	HAVOK	T1	572
03127d3c	HAVOK	T2	80
03127d8c	HAVOK	T1	1180
03128228	HAVOK	T2	80
03128278	HAVOK	T2	4
0312827c	HAVOK	T2	12
03128288	HAVOK	T2	60
031282c4	HAVOK	T2	80
03128314	HAVOK	T2	80
03128364	HAVOK	T1	2768
03128e34	HAVOK	T2	80
03128e84	HAVOK	T2	208
03128f54	HAVOK	T2	80
03128fa4	HAVOK	T2	12
03128fb0	HAVOK	T2	60
03128fec	HAVOK	T2	80
0312903c	HAVOK	T2	80
0312908c	HAVOK	T2	3164
03129ce8	HAVOK	T2	60
03129d24	HAVOK	T2	12
03129d30	HAVOK	T2	68
03129d74	HAVOK	T1	596
03129fc8	HAVOK	T2	80
0312a018	HAVOK	T2	532
0312a22c	HAVOK	T2	76
0312a278	HAVOK	T2	12
0312a284	HAVOK	T2	120
0312a2fc	HAVOK	T1	1288
0312a804	HAVOK	T2	80
0312a854	HAVOK	T2	348
0312a9b0	HAVOK	T2	72
0312a9f8	HAVOK	T2	216
0312aad0	HAVOK	T2	60
0312ab0c	HAVOK	T2	12
0312ab18	HAVOK	T2	64
0312ab58	HAVOK	T1	520
0312ad60	HAVOK	T2	80
0312adb0	HAVOK	T1	1800
0312b4b8	HAVOK	T2	12
0312b4c4	HAVOK	T2	64
0312b504	HAVOK	T1	536
0312b71c	HAVOK	T2	80
0312b76c	HAVOK	T1	1748
0312be40	HAVOK	T2	12
0312be4c	HAVOK	T2	204
0312bf18	HAVOK	T2	80
0312bf68	HAVOK	T2	104
0312bfd0	HAVOK	T2	12
0312bfdc	HAVOK	T2	60
0312c018	HAVOK	T2	80
0312c068	HAVOK	T2	80
0312c0b8	HAVOK	T1	1940
0312c84c	HAVOK	T2	60
0312c888	HAVOK	T2	4
0312c88c	HAVOK	T2	12
0312c898	HAVOK	T2	60
0312c8d4	HAVOK	T2	80
0312c924	HAVOK	T2	80
0312c974	HAVOK	T2	2076
0312d190	HAVOK	T2	4
0312d194	HAVOK	T2	76
0312d1e0	HAVOK	T2	12
0312d1ec	HAVOK	T2	60
0312d228	HAVOK	T2	80
0312d278	HAVOK	T2	112
0312d2e8	HAVOK	T2	12
0312d2f4	HAVOK	T2	60
0312d330	HAVOK	T2	80
0312d380	HAVOK	T2	80
0312d3d0	HAVOK	T2	260
0312d4d4	HAVOK	T2	68
0312d518	HAVOK	T2	12
0312d524	HAVOK	T2	60
0312d560	HAVOK	T2	80
0312d5b0	HAVOK	T2	80
0312d600	HAVOK	T2	1644
0312dc6c	HAVOK	T2	4
0312dc70	HAVOK	T2	68
0312dcb4	HAVOK	T2	272
0312ddc4	HAVOK	T2	12
0312ddd0	HAVOK	T2	80
0312de20	HAVOK	T2	60
0312de5c	HAVOK	T2	12
0312de68	HAVOK	T2	216
0312df40	HAVOK	T2	308
0312e074	HAVOK	T2	80
0312e0c4	HAVOK	T2	784
0312e3d4	HAVOK	T2	12
0312e3e0	HAVOK	T2	64
0312e420	HAVOK	T1	496
0312e610	HAVOK	T2	80
0312e660	HAVOK	T2	520
0312e868	HAVOK	T2	12
0312e874	HAVOK	T1	960
0312ec34	HAVOK	T2	80
0312ec84	HAVOK	T1	2172
0312f500	HAVOK	T2	72
0312f548	HAVOK	T2	12
0312f554	HAVOK	T1	508
0312f750	HAVOK	T2	80
0312f7a0	HAVOK	T1	804
0312fac4	HAVOK	T2	64
0312fb04	HAVOK	T2	28
0312fb20	HAVOK	T2	28
0312fb3c	HAVOK	T2	788
0312fe50	HAVOK	T2	12
0312fe5c	HAVOK	T1	1260
03130348	HAVOK	T2	76
03130394	HAVOK	T2	748
03130680	HAVOK	T2	104
031306e8	HAVOK	T2	124
03130764	HAVOK	T2	12
03130770	HAVOK	T2	80
031307c0	HAVOK	T2	60
031307fc	HAVOK	T2	12
03130808	HAVOK	T2	92
03130864	HAVOK	T2	264
0313096c	HAVOK	T2	80
031309bc	HAVOK	T2	488
03130ba4	HAVOK	T2	12
03130bb0	HAVOK	T2	64
03130bf0	HAVOK	T1	572
03130e2c	HAVOK	T2	80
03130e7c	HAVOK	T2	512
0313107c	HAVOK	T2	12
03131088	HAVOK	T1	1032
03131490	HAVOK	T2	80
031314e0	HAVOK	T2	648
03131768	HAVOK	T2	72
031317b0	HAVOK	T2	12
031317bc	HAVOK	T1	444
03131978	HAVOK	T2	80
031319c8	HAVOK	T1	1356
03131f14	HAVOK	T2	68
03131f58	HAVOK	T2	28
03131f74	HAVOK	T2	28
03131f90	HAVOK	T2	788
031322a4	HAVOK	T2	12
031322b0	HAVOK	T1	1016
031326a8	HAVOK	T2	80
031326f8	HAVOK	T2	644
0313297c	HAVOK	T2	72
031329c4	HAVOK	T2	60
03132a00	HAVOK	T2	88
03132a58	HAVOK	T2	60
03132a94	HAVOK	T2	128
03132b14	HAVOK	T2	60
03132b50	HAVOK	T2	80
03132ba0	HAVOK	T2	60
03132bdc	HAVOK	T2	12
03132be8	HAVOK	T2	64
03132c28	HAVOK	T1	520
03132e30	HAVOK	T2	80
03132e80	HAVOK	T1	1120
031332e0	HAVOK	T2	72
03133328	HAVOK	T2	68
0313336c	HAVOK	T2	60
031333a8	HAVOK	T2	72
031333f0	HAVOK	T2	68
03133434	HAVOK	T2	44
03133460	HAVOK	T2	60
0313349c	HAVOK	T2	12
031334a8	HAVOK	T2	108
03133514	HAVOK	T1	528
03133724	HAVOK	T2	80
03133774	HAVOK	T2	264
0313387c	HAVOK	T2	60
031338b8	HAVOK	T2	236
031339a4	HAVOK	T2	68
031339e8	HAVOK	T2	120
03133a60	HAVOK	T2	60
03133a9c	HAVOK	T2	12
03133aa8	HAVOK	T2	64
03133ae8	HAVOK	T2	80
03133b38	HAVOK	T2	76
03133b84	HAVOK	T2	80
03133bd4	HAVOK	T2	12
03133be0	HAVOK	T2	60
03133c1c	HAVOK	T2	80
03133c6c	HAVOK	T2	80
03133cbc	HAVOK	T2	80
03133d0c	HAVOK	T2	60
03133d48	HAVOK	T2	80
03133d98	HAVOK	T2	72
03133de0	HAVOK	T2	80
03133e30	HAVOK	T2	12
03133e3c	HAVOK	T2	64
03133e7c	HAVOK	T2	80
03133ecc	HAVOK	T2	80
03133f1c	HAVOK	T2	80
03133f6c	HAVOK	T2	12
03133f78	HAVOK	T2	60
03133fb4	HAVOK	T2	80
03134004	HAVOK	T2	80
03134054	HAVOK	T2	80
031340a4	HAVOK	T2	76
031340f0	HAVOK	T2	12
031340fc	HAVOK	T2	12
03134108	HAVOK	T2	80
03134158	HAVOK	T2	80
031341a8	HAVOK	T2	64
031341e8	HAVOK	T2	112
03134258	HAVOK	T2	52
0313428c	HAVOK	T2	80
031342dc	HAVOK	T2	12
031342e8	HAVOK	T2	84
0313433c	HAVOK	T2	200
03134404	HAVOK	T2	80
03134454	HAVOK	T2	376
031345cc	HAVOK	T2	52
03134600	HAVOK	T2	80
03134650	HAVOK	T2	12
0313465c	HAVOK	T2	84
031346b0	HAVOK	T2	200
03134778	HAVOK	T2	80
031347c8	HAVOK	T2	376
03134940	HAVOK	T2	12
0313494c	HAVOK	T1	1704
03134ff4	HAVOK	T2	80
03135044	HAVOK	T1	4740
031362c8	HAVOK	T2	96
03136328	HAVOK	T2	12
03136334	HAVOK	T2	60
03136370	HAVOK	T1	564
031365a4	HAVOK	T2	80
031365f4	HAVOK	T1	1228
03136ac0	HAVOK	T2	320
03136c00	HAVOK	T2	12
03136c0c	HAVOK	T1	2004
031373e0	HAVOK	T2	80
03137430	HAVOK	T2	60
0313746c	HAVOK	T2	4
03137470	HAVOK	T2	60
031374ac	HAVOK	T2	60
031374e8	HAVOK	T2	60
03137524	HAVOK	T2	60
03137560	HAVOK	T2	60
0313759c	HAVOK	T2	60
031375d8	HAVOK	T2	60
03137614	HAVOK	T2	60
03137650	HAVOK	T2	60
0313768c	HAVOK	T2	60
031376c8	HAVOK	T2	60
03137704	HAVOK	T2	60
03137740	HAVOK	T2	60
0313777c	HAVOK	T2	60
031377b8	HAVOK	T2	60
031377f4	HAVOK	T2	60
03137830	HAVOK	T2	60
0313786c	HAVOK	T2	60
031378a8	HAVOK	T2	60
031378e4	HAVOK	T2	60
03137920	HAVOK	T2	60
0313795c	HAVOK	T2	60
03137998	HAVOK	T2	48
031379c8	HAVOK	T2	48
031379f8	HAVOK	T2	72
03137a40	HAVOK	T2	72
03137a88	HAVOK	T2	60
03137ac4	HAVOK	T2	60
03137b00	HAVOK	T2	60
03137b3c	HAVOK	T2	68
03137b80	HAVOK	T2	48
03137bb0	HAVOK	T2	60
03137bec	HAVOK	T2	48
03137c1c	HAVOK	T2	96
03137c7c	HAVOK	T2	60
03137cb8	HAVOK	T2	48
03137ce8	HAVOK	T2	48
03137d18	HAVOK	T2	48
03137d48	HAVOK	T2	96
03137da8	HAVOK	T2	60
03137de4	HAVOK	T2	48
03137e14	HAVOK	T2	60
03137e50	HAVOK	T2	60
03137e8c	HAVOK	T2	84
03137ee0	HAVOK	T2	84
03137f34	HAVOK	T2	84
03137f88	HAVOK	T2	60
03137fc4	HAVOK	T2	60
03138000	HAVOK	T2	60
0313803c	HAVOK	T2	48
0313806c	HAVOK	T2	60
031380a8	HAVOK	T2	60
031380e4	HAVOK	T2	60
03138120	HAVOK	T2	84
03138174	HAVOK	T2	60
031381b0	HAVOK	T2	60
031381ec	HAVOK	T2	60
03138228	HAVOK	T2	60
03138264	HAVOK	T2	60
031382a0	HAVOK	T2	60
031382dc	HAVOK	T2	60
03138318	HAVOK	T2	60
03138354	HAVOK	T2	60
03138390	HAVOK	T2	60
031383cc	HAVOK	T2	60
03138408	HAVOK	T2	60
03138444	HAVOK	T2	60
03138480	HAVOK	T2	60
031384bc	HAVOK	T2	60
031384f8	HAVOK	T2	60
03138534	HAVOK	T2	60
03138570	HAVOK	T2	60
031385ac	HAVOK	T2	60
031385e8	HAVOK	T2	60
03138624	HAVOK	T2	60
03138660	HAVOK	T2	60
0313869c	HAVOK	T2	60
031386d8	HAVOK	T2	60
03138714	HAVOK	T2	60
03138750	HAVOK	T2	60
0313878c	HAVOK	T2	60
031387c8	HAVOK	T2	60
03138804	HAVOK	T2	60
03138840	HAVOK	T2	60
0313887c	HAVOK	T2	60
031388b8	HAVOK	T2	60
031388f4	HAVOK	T2	48
03138924	HAVOK	T2	60
03138960	HAVOK	T2	60
0313899c	HAVOK	T2	60
031389d8	HAVOK	T2	60
03138a14	HAVOK	T2	60
03138a50	HAVOK	T2	60
03138a8c	HAVOK	T2	60
03138ac8	HAVOK	T2	60
03138b04	HAVOK	T2	60
03138b40	HAVOK	T2	60
03138b7c	HAVOK	T2	60
03138bb8	HAVOK	T2	60
03138bf4	HAVOK	T2	60
03138c30	HAVOK	T2	60
03138c6c	HAVOK	T2	60
03138ca8	HAVOK	T2	60
03138ce4	HAVOK	T2	60
03138d20	HAVOK	T2	60
03138d5c	HAVOK	T2	60
03138d98	HAVOK	T2	60
03138dd4	HAVOK	T2	60
03138e10	HAVOK	T2	132
03138e94	HAVOK	T2	28
03138eb0	HAVOK	T2	28
03138ecc	HAVOK	T2	68
03138f10	HAVOK	T2	356
03139074	HAVOK	T2	180
03139128	HAVOK	T2	172
031391d4	HAVOK	T2	300
03139300	HAVOK	T2	708
031395c4	HAVOK	T2	800
031398e4	HAVOK	T2	132
03139968	HAVOK	T2	268
03139a74	HAVOK	T2	200
03139b3c	HAVOK	T2	172
03139bec	HAVOK	T2	172
03139c98	HAVOK	T2	300
03139dc4	HAVOK	T2	172
03139e74	HAVOK	T2	172
03139f20	HAVOK	T2	300
0313a04c	HAVOK	T2	180
0313a100	HAVOK	T2	288
0313a220	HAVOK	T2	200
0313a2e8	HAVOK	T2	4
0313a2ec	HAVOK	T2	200
0313a3b4	HAVOK	T2	4
0313a3b8	HAVOK	T2	116
0313a42c	HAVOK	T2	244
0313a520	HAVOK	T2	216
0313a5f8	HAVOK	T2	324
0313a73c	HAVOK	T2	512
0313a93c	HAVOK	T1	616
0313aba4	HAVOK	T2	228
0313ac88	HAVOK	T2	336
0313add8	HAVOK	T2	200
0313aea0	HAVOK	T2	40
0313aec8	HAVOK	T2	40
0313aef0	HAVOK	T2	120
0313af68	HAVOK	T2	248
0313b060	HAVOK	T2	180
0313b114	HAVOK	T2	288
0313b234	HAVOK	T2	200
0313b2fc	HAVOK	T2	112
0313b36c	HAVOK	T2	236
0313b458	HAVOK	T2	200
0313b520	HAVOK	T2	200
0313b5e8	HAVOK	T2	112
0313b658	HAVOK	T2	236
0313b744	HAVOK	T2	112
0313b7b4	HAVOK	T2	236
0313b8a0	HAVOK	T2	112
0313b910	HAVOK	T2	236
0313b9fc	HAVOK	T2	200
0313bac4	HAVOK	T2	200
0313bb8c	HAVOK	T2	112
0313bbfc	HAVOK	T2	236
0313bce8	HAVOK	T2	112
0313bd58	HAVOK	T2	236
0313be44	HAVOK	T2	60
0313be80	HAVOK	T2	208
0313bf50	HAVOK	T2	124
0313bfcc	HAVOK	T2	252
0313c0c8	HAVOK	T2	200
0313c190	HAVOK	T2	384
0313c310	HAVOK	T2	492
0313c4fc	HAVOK	T2	548
0313c720	HAVOK	T2	180
0313c7d4	HAVOK	T2	8
0313c7dc	HAVOK	T2	160
0313c87c	HAVOK	T2	4
0313c880	HAVOK	T2	236
0313c96c	HAVOK	T2	336
0313cabc	HAVOK	T2	288
0313cbdc	HAVOK	T2	180
0313cc90	HAVOK	T2	388
0313ce14	HAVOK	T2	180
0313cec8	HAVOK	T2	212
0313cf9c	HAVOK	T2	320
0313d0dc	HAVOK	T2	300
0313d208	HAVOK	T2	408
0313d3a0	HAVOK	T2	280
0313d4b8	HAVOK	T2	388
0313d63c	HAVOK	T2	180
0313d6f0	HAVOK	T2	116
0313d764	HAVOK	T2	244
0313d858	HAVOK	T2	392
0313d9e0	HAVOK	T2	180
0313da94	HAVOK	T2	276
0313dba8	HAVOK	T2	404
0313dd3c	HAVOK	T2	168
0313dde4	HAVOK	T2	296
0313df0c	HAVOK	T2	412
0313e0a8	HAVOK	T2	180
0313e15c	HAVOK	T2	116
0313e1d0	HAVOK	T2	244
0313e2c4	HAVOK	T2	200
0313e38c	HAVOK	T2	332
0313e4d8	HAVOK	T2	168
0313e580	HAVOK	T2	296
0313e6a8	HAVOK	T2	300
0313e7d4	HAVOK	T2	428
0313e980	HAVOK	T2	176
0313ea30	HAVOK	T2	304
0313eb60	HAVOK	T2	120
0313ebd8	HAVOK	T2	248
0313ecd0	HAVOK	T2	64
0313f490	HAVOK	T2	9640
03141a40	HAVOK	T2	64
03141a80	HAVOK	T2	64
03141ac0	HAVOK	T2	64
03141b00	HAVOK	T2	64
03141b40	HAVOK	T2	64
03141b80	HAVOK	T2	64
03141bc0	HAVOK	T2	64
03141c00	HAVOK	T2	64
03141c40	HAVOK	T2	64
03141c80	HAVOK	T2	64
03141cc0	HAVOK	T2	64
03141d00	HAVOK	T2	64
03141d40	HAVOK	T2	64
03141d80	HAVOK	T2	64
03141dc0	HAVOK	T2	64
03141e00	HAVOK	T2	64
03141e40	HAVOK	T2	64
03141e80	HAVOK	T2	64
03141ec0	HAVOK	T2	68
03141f10	HAVOK	T2	64
03141f50	HAVOK	T2	64
03141f90	HAVOK	T2	64
03141fd0	HAVOK	T2	64
03142010	HAVOK	T2	64
03142050	HAVOK	T2	64
03142090	HAVOK	T2	64
031420d0	HAVOK	T2	64
03142110	HAVOK	T2	64
03142150	HAVOK	T2	64
03142190	HAVOK	T2	64
031421d0	HAVOK	T2	64
03142210	HAVOK	T2	64
03142250	HAVOK	T2	64
03142290	HAVOK	T2	64
031422d0	HAVOK	T2	64
03142310	HAVOK	T2	68
03142360	HAVOK	T2	64
031423a0	HAVOK	T2	64
031423e0	HAVOK	T2	64
03142420	HAVOK	T2	64
03142460	HAVOK	T2	64
031424a0	HAVOK	T2	64
031424e0	HAVOK	T2	64
03142520	HAVOK	T2	64
03142560	HAVOK	T2	104
031425c8	HAVOK	T1	392
03142750	HAVOK	T2	64
03142790	HAVOK	T2	64
031427d0	HAVOK	T2	64
03142810	HAVOK	T2	104
03142880	HAVOK	T2	64
031428c0	HAVOK	T2	64
03142900	HAVOK	T2	64
03142940	HAVOK	T2	64
03142980	HAVOK	T2	64
031429c0	HAVOK	T2	104
03142a28	HAVOK	T1	824
03142d60	HAVOK	T2	64
03142da0	HAVOK	T2	64
03142de0	HAVOK	T2	64
03142e20	HAVOK	T2	104
03142e90	HAVOK	T2	64
03142ed0	HAVOK	T2	64
03142f10	HAVOK	T2	64
03142f50	HAVOK	T2	64
03142f90	HAVOK	T2	64
03142fd0	HAVOK	T2	64
03143010	HAVOK	T2	104
03143078	HAVOK	T1	784
03143390	HAVOK	T2	64
031433d0	HAVOK	T2	64
03143410	HAVOK	T2	64
03143450	HAVOK	T2	104
031434c0	HAVOK	T2	64
03143500	HAVOK	T2	64
03143540	HAVOK	T2	64
03143580	HAVOK	T2	64
031435c0	HAVOK	T2	64
03143600	HAVOK	T2	64
03143640	HAVOK	T2	64
03143680	HAVOK	T2	64
031436c0	HAVOK	T2	64
03143700	HAVOK	T2	64
03143740	HAVOK	T2	64
03143780	HAVOK	T2	64
031437c0	HAVOK	T2	104
03143828	HAVOK	T1	1164
03143cc0	HAVOK	T2	64
03143d00	HAVOK	T2	64
03143d40	HAVOK	T2	64
03143d80	HAVOK	T2	104
03143df0	HAVOK	T2	64
03143e30	HAVOK	T2	64
03143e70	HAVOK	T2	64
03143eb0	HAVOK	T2	64
03143ef0	HAVOK	T2	64
03143f30	HAVOK	T2	64
03143f70	HAVOK	T2	104
03143fd8	HAVOK	T1	392
03144160	HAVOK	T2	64
031441a0	HAVOK	T2	104
03144210	HAVOK	T2	64
03144250	HAVOK	T2	64
03144290	HAVOK	T2	64
031442d0	HAVOK	T2	68
03144320	HAVOK	T2	64
03144360	HAVOK	T2	64
031443a0	HAVOK	T2	64
031443e0	HAVOK	T2	64
03144420	HAVOK	T2	64
03144460	HAVOK	T2	104
031444c8	HAVOK	T1	392
03144650	HAVOK	T2	64
03144690	HAVOK	T2	64
031446d0	HAVOK	T2	64
03144710	HAVOK	T2	104
03144780	HAVOK	T2	64
031447c0	HAVOK	T2	64
03144800	HAVOK	T2	64
03144840	HAVOK	T2	64
03144880	HAVOK	T2	64
031448c0	HAVOK	T2	64
03144900	HAVOK	T2	64
03144940	HAVOK	T2	64
03144980	HAVOK	T2	64
031449c0	HAVOK	T2	64
03144a00	HAVOK	T2	64
03144a40	HAVOK	T2	64
03144a80	HAVOK	T2	64
03144ac0	HAVOK	T2	64
03144b00	HAVOK	T2	64
03144b40	HAVOK	T2	64
03144b80	HAVOK	T2	64
03144bc0	HAVOK	T2	64
03144c00	HAVOK	T2	64
03144c40	HAVOK	T2	64
03144c80	HAVOK	T2	64
03144cc0	HAVOK	T2	64
03144d00	HAVOK	T2	64
03144d40	HAVOK	T2	64
03144d80	HAVOK	T2	64
03144dc0	HAVOK	T2	64
03144e00	HAVOK	T2	64
03144e40	HAVOK	T2	64
03144e80	HAVOK	T2	64
03144ec0	HAVOK	T2	64
03144f00	HAVOK	T2	64
03144f40	HAVOK	T2	64
03144f80	HAVOK	T2	64
03144fc0	HAVOK	T2	64
03145000	HAVOK	T2	64
03145040	HAVOK	T2	64
03145080	HAVOK	T2	68
031450d0	HAVOK	T2	64
03145110	HAVOK	T2	64
03145150	HAVOK	T2	64
03145190	HAVOK	T2	64
031451d0	HAVOK	T2	64
03145210	HAVOK	T2	68
03145260	HAVOK	T2	64
031452a0	HAVOK	T2	64
031452e0	HAVOK	T2	64
03145320	HAVOK	T2	64
03145360	HAVOK	T2	64
031453a0	HAVOK	T2	64
031453e0	HAVOK	T2	64
03145420	HAVOK	T2	64
03145460	HAVOK	T2	64
031454a0	HAVOK	T2	64
031454e0	HAVOK	T2	64
03145520	HAVOK	T2	64
03145560	HAVOK	T2	64
031455a0	HAVOK	T2	64
031455e0	HAVOK	T2	64
03145620	HAVOK	T2	64
03145660	HAVOK	T2	64
031456a0	HAVOK	T2	64
031456e0	HAVOK	T2	64
03145720	HAVOK	T2	64
03145760	HAVOK	T2	64
031457a0	HAVOK	T2	64
031457e0	HAVOK	T2	64
03145820	HAVOK	T2	64
03145860	HAVOK	T2	104
031458c8	HAVOK	T1	392
03145a50	HAVOK	T2	64
03145a90	HAVOK	T2	64
03145ad0	HAVOK	T2	64
03145b10	HAVOK	T2	104
03145b80	HAVOK	T2	64
03145bc0	HAVOK	T2	64
03145c00	HAVOK	T2	64
03145c40	HAVOK	T2	64
03145c80	HAVOK	T2	64
03145cc0	HAVOK	T2	104
03145d28	HAVOK	T1	452
03145ef0	HAVOK	T2	64
03145f30	HAVOK	T2	64
03145f70	HAVOK	T2	64
03145fb0	HAVOK	T2	104
03146020	HAVOK	T2	64
03146060	HAVOK	T2	64
031460a0	HAVOK	T2	64
031460e0	HAVOK	T2	64
03146120	HAVOK	T2	64
03146160	HAVOK	T2	64
031461a0	HAVOK	T2	64
031461e0	HAVOK	T2	64
03146220	HAVOK	T2	64
03146260	HAVOK	T2	64
031462a0	HAVOK	T2	64
031462e0	HAVOK	T2	64
03146320	HAVOK	T2	64
03146360	HAVOK	T2	64
031463a0	HAVOK	T2	64
031463e0	HAVOK	T2	64
03146420	HAVOK	T2	64
03146460	HAVOK	T2	64
031464a0	HAVOK	T2	64
031464e0	HAVOK	T2	64
03146520	HAVOK	T2	64
03146560	HAVOK	T2	64
031465a0	HAVOK	T2	64
031465e0	HAVOK	T2	104
03146648	HAVOK	T1	380
031467d0	HAVOK	T2	64
03146810	HAVOK	T2	64
03146850	HAVOK	T2	64
03146890	HAVOK	T2	104
03146900	HAVOK	T2	64
03146940	HAVOK	T2	64
03146980	HAVOK	T2	64
031469c0	HAVOK	T2	64
03146a00	HAVOK	T2	64
03146a40	HAVOK	T2	104
03146aa8	HAVOK	T1	400
03146c40	HAVOK	T2	64
03146c80	HAVOK	T2	64
03146cc0	HAVOK	T2	64
03146d00	HAVOK	T2	64
03146d40	HAVOK	T2	64
03146d80	HAVOK	T2	104
03146de8	HAVOK	T1	452
03146fb0	HAVOK	T2	64
03146ff0	HAVOK	T2	64
03147030	HAVOK	T2	64
03147070	HAVOK	T2	104
031470e0	HAVOK	T2	64
03147120	HAVOK	T2	64
03147160	HAVOK	T2	64
031471a0	HAVOK	T2	64
031471e0	HAVOK	T2	104
03147248	HAVOK	T1	392
031473d0	HAVOK	T2	64
03147410	HAVOK	T2	64
03147450	HAVOK	T2	64
03147490	HAVOK	T2	64
031474d0	HAVOK	T2	104
03147538	HAVOK	T1	1356
03147a90	HAVOK	T2	64
03147ad0	HAVOK	T2	64
03147b10	HAVOK	T2	64
03147b50	HAVOK	T2	104
03147bc0	HAVOK	T2	64
03147c00	HAVOK	T2	64
03147c40	HAVOK	T2	64
03147c80	HAVOK	T2	64
03147cc0	HAVOK	T2	64
03147d00	HAVOK	T2	64
03147d40	HAVOK	T2	64
03147d80	HAVOK	T2	64
03147dc0	HAVOK	T2	64
03147e00	HAVOK	T2	64
03147e40	HAVOK	T2	64
03147e80	HAVOK	T2	64
03147ec0	HAVOK	T2	64
03147f00	HAVOK	T2	64
03147f40	HAVOK	T2	64
03147f80	HAVOK	T2	64
03147fc0	HAVOK	T2	64
03148000	HAVOK	T2	64
03148040	HAVOK	T2	64
03148080	HAVOK	T2	64
031480c0	HAVOK	T2	64
03148100	HAVOK	T2	64
03148140	HAVOK	T2	64
03148180	HAVOK	T2	64
031481c0	HAVOK	T2	64
03148200	HAVOK	T2	64
03148240	HAVOK	T2	64
03148280	HAVOK	T2	68
031482d0	HAVOK	T2	64
03148310	HAVOK	T2	64
03148350	HAVOK	T2	64
03148390	HAVOK	T2	104
031483f8	HAVOK	T1	544
03148620	HAVOK	T2	64
03148660	HAVOK	T2	64
031486a0	HAVOK	T2	64
031486e0	HAVOK	T2	104
03148750	HAVOK	T2	64
03148790	HAVOK	T2	64
031487d0	HAVOK	T2	64
03148810	HAVOK	T2	64
03148850	HAVOK	T2	64
03148890	HAVOK	T2	64
031488d0	HAVOK	T2	64
03148910	HAVOK	T2	64
03148950	HAVOK	T2	64
03148990	HAVOK	T2	64
031489d0	HAVOK	T2	64
03148a10	HAVOK	T2	64
03148a50	HAVOK	T2	64
03148a90	HAVOK	T2	64
03148ad0	HAVOK	T2	64
03148b10	HAVOK	T2	64
03148b50	HAVOK	T2	68
03148ba0	HAVOK	T2	68
03148bf0	HAVOK	T2	64
03148c30	HAVOK	T2	64
03148c70	HAVOK	T2	64
03148cb0	HAVOK	T2	64
03148cf0	HAVOK	T2	64
03148d30	HAVOK	T2	64
03148d70	HAVOK	T2	64
03148db0	HAVOK	T2	64
03148df0	HAVOK	T2	64
03148e30	HAVOK	T2	64
03148e70	HAVOK	T2	64
03148eb0	HAVOK	T2	68
03148f00	HAVOK	T2	64
03148f40	HAVOK	T2	64
03148f80	HAVOK	T2	64
03148fc0	HAVOK	T2	64
03149000	HAVOK	T2	64
03149040	HAVOK	T2	64
03149080	HAVOK	T2	64
031490c0	HAVOK	T2	64
03149100	HAVOK	T2	64
03149140	HAVOK	T2	64
03149180	HAVOK	T2	64
031491c0	HAVOK	T2	64
03149200	HAVOK	T2	64
03149240	HAVOK	T2	64
03149280	HAVOK	T2	64
031492c0	HAVOK	T2	64
03149300	HAVOK	T2	64
03149340	HAVOK	T2	64
03149380	HAVOK	T2	64
031493c0	HAVOK	T2	64
03149400	HAVOK	T2	64
03149440	HAVOK	T2	64
03149480	HAVOK	T2	64
031494c0	HAVOK	T2	64
03149500	HAVOK	T2	64
03149540	HAVOK	T2	64
03149580	HAVOK	T2	64
031495c0	HAVOK	T2	64
03149600	HAVOK	T2	64
03149640	HAVOK	T2	64
03149680	HAVOK	T2	64
031496c0	HAVOK	T2	64
03149700	HAVOK	T2	64
03149740	HAVOK	T2	64
03149780	HAVOK	T2	64
031497c0	HAVOK	T2	64
03149800	HAVOK	T2	64
03149840	HAVOK	T2	64
03149880	HAVOK	T2	68
031498d0	HAVOK	T2	68
03149920	HAVOK	T2	68
03149970	HAVOK	T2	64
031499b0	HAVOK	T2	64
031499f0	HAVOK	T2	64
03149a30	HAVOK	T2	64
03149a70	HAVOK	T2	64
03149ab0	HAVOK	T2	64
03149af0	HAVOK	T2	64
03149b30	HAVOK	T2	64
03149b70	HAVOK	T2	64
03149bb0	HAVOK	T2	64
03149bf0	HAVOK	T2	64
03149c30	HAVOK	T2	64
03149c70	HAVOK	T2	64
03149cb0	HAVOK	T2	64
03149cf0	HAVOK	T2	64
03149d30	HAVOK	T2	64
03149d70	HAVOK	T2	64
03149db0	HAVOK	T2	64
03149df0	HAVOK	T2	64
03149e30	HAVOK	T2	64
03149e70	HAVOK	T2	64
03149eb0	HAVOK	T2	64
03149ef0	HAVOK	T2	64
03149f30	HAVOK	T2	64
03149f70	HAVOK	T2	104
03149fd8	HAVOK	T1	308
0314a110	HAVOK	T2	64
0314a150	HAVOK	T2	64
0314a190	HAVOK	T2	64
0314a1d0	HAVOK	T2	64
0314a210	HAVOK	T2	64
0314a250	HAVOK	T2	64
0314a290	HAVOK	T2	64
0314a2d0	HAVOK	T2	64
0314a310	HAVOK	T2	64
0314a350	HAVOK	T2	64
0314a390	HAVOK	T2	64
0314a3d0	HAVOK	T2	64
0314a410	HAVOK	T2	64
0314a450	HAVOK	T2	64
0314a490	HAVOK	T2	64
0314a4d0	HAVOK	T2	64
0314a510	HAVOK	T2	64
0314a550	HAVOK	T2	64
0314a590	HAVOK	T2	64
0314a5d0	HAVOK	T2	64
0314a610	HAVOK	T2	64
0314a650	HAVOK	T2	64
0314a690	HAVOK	T2	64
0314a6d0	HAVOK	T2	64
0314a710	HAVOK	T2	64
0314a750	HAVOK	T2	64
0314a790	HAVOK	T2	64
0314a7d0	HAVOK	T2	64
0314a810	HAVOK	T2	64
0314a850	HAVOK	T2	64
0314a890	HAVOK	T2	64
0314a8d0	HAVOK	T2	64
0314a910	HAVOK	T2	4
0314a914	HAVOK	T2	4
0314a918	HAVOK	T2	28
0314a934	HAVOK	T2	80
0314a984	HAVOK	T2	112
0314a9f4	HAVOK	T2	200
0314aabc	HAVOK	T2	28
0314aad8	HAVOK	T2	84
0314ab2c	HAVOK	T2	112
0314ab9c	HAVOK	T2	188
0314ac58	HAVOK	T2	4
0314ac5c	HAVOK	T2	4
0314ac60	HAVOK	T2	4
0314ac64	HAVOK	T2	28
0314ac80	HAVOK	T2	84
0314acd4	HAVOK	T2	112
0314ad44	HAVOK	T2	188
0314ae00	HAVOK	T2	28
0314ae1c	HAVOK	T2	144
0314aeac	HAVOK	T2	28
0314aec8	HAVOK	T2	144
0314af58	HAVOK	T2	28
0314af74	HAVOK	T2	76
0314afc0	HAVOK	T2	112
0314b030	HAVOK	T2	188
0314b0ec	HAVOK	T2	28
0314b108	HAVOK	T2	144
0314b198	HAVOK	T2	28
0314b1b4	HAVOK	T2	144
0314b244	HAVOK	T2	28
0314b260	HAVOK	T2	84
0314b2b4	HAVOK	T2	112
0314b324	HAVOK	T2	188
0314b3e0	HAVOK	T2	28
0314b3fc	HAVOK	T2	144
0314b48c	HAVOK	T2	28
0314b4a8	HAVOK	T2	84
0314b4fc	HAVOK	T2	112
0314b56c	HAVOK	T2	188
0314b628	HAVOK	T2	4
0314b62c	HAVOK	T2	28
0314b648	HAVOK	T2	84
0314b69c	HAVOK	T2	112
0314b70c	HAVOK	T2	188
0314b7c8	HAVOK	T2	4
0314b7cc	HAVOK	T2	4
0314b7d0	HAVOK	T1	560
0314ba00	HAVOK	T2	76
0314ba4c	HAVOK	T2	4
0314ba50	HAVOK	T2	4
0314ba54	HAVOK	T2	76
0314baa0	HAVOK	T2	40
0314bac8	HAVOK	T2	4
0314bacc	HAVOK	T2	480
0314bcac	HAVOK	T1	856
0314c004	HAVOK	T2	76
0314c050	HAVOK	T2	4
0314c054	HAVOK	T2	4
0314c058	HAVOK	T2	76
0314c0a4	HAVOK	T2	4
0314c0a8	HAVOK	T2	96
0314c108	HAVOK	T2	4
0314c10c	HAVOK	T2	484
0314c2f0	HAVOK	T1	848
0314c640	HAVOK	T2	76
0314c68c	HAVOK	T2	4
0314c690	HAVOK	T2	4
0314c694	HAVOK	T2	76
0314c6e0	HAVOK	T2	28
0314c6fc	HAVOK	T2	76
0314c748	HAVOK	T2	112
0314c7b8	HAVOK	T2	188
0314c874	HAVOK	T2	28
0314c890	HAVOK	T2	88
0314c8e8	HAVOK	T2	112
0314c958	HAVOK	T2	204
0314ca24	HAVOK	T2	4
0314ca28	HAVOK	T2	76
0314ca74	HAVOK	T2	4
0314ca78	HAVOK	T1	804
0314cd9c	HAVOK	T1	876
0314d108	HAVOK	T2	76
0314d154	HAVOK	T2	4
0314d158	HAVOK	T2	4
0314d15c	HAVOK	T2	76
0314d1a8	HAVOK	T2	28
0314d1c4	HAVOK	T2	76
0314d210	HAVOK	T2	120
0314d288	HAVOK	T2	196
0314d34c	HAVOK	T2	96
0314d3ac	HAVOK	T2	28
0314d3c8	HAVOK	T2	144
0314d458	HAVOK	T2	4
0314d45c	HAVOK	T1	552
0314d684	HAVOK	T2	76
0314d6d0	HAVOK	T2	4
0314d6d4	HAVOK	T2	76
0314d720	HAVOK	T2	4
0314d724	HAVOK	T2	4
0314d728	HAVOK	T2	4
0314d72c	HAVOK	T2	4
0314d730	HAVOK	T2	4
0314d734	HAVOK	T2	4
0314d738	HAVOK	T2	364
0314d8a4	HAVOK	T1	260
0314d9a8	HAVOK	T2	76
0314d9f4	HAVOK	T2	4
0314d9f8	HAVOK	T2	4
0314d9fc	HAVOK	T2	76
0314da48	HAVOK	T2	4
0314da4c	HAVOK	T2	4
0314da50	HAVOK	T1	1408
0314dfd0	HAVOK	T1	3576
0314edc8	HAVOK	T2	4
0314edcc	HAVOK	T2	4
0314edd0	HAVOK	T2	4
0314edd4	HAVOK	T2	28
0314edf0	HAVOK	T2	76
0314ee3c	HAVOK	T2	112
0314eeac	HAVOK	T2	188
0314ef68	HAVOK	T2	4
0314ef6c	HAVOK	T2	4
0314ef70	HAVOK	T2	28
0314ef8c	HAVOK	T2	84
0314efe0	HAVOK	T2	112
0314f050	HAVOK	T2	188
0314f10c	HAVOK	T2	28
0314f128	HAVOK	T2	84
0314f17c	HAVOK	T2	112
0314f1ec	HAVOK	T2	188
0314f2a8	HAVOK	T2	28
0314f2c4	HAVOK	T2	84
0314f318	HAVOK	T2	112
0314f388	HAVOK	T2	188
0314f444	HAVOK	T2	4
0314f448	HAVOK	T2	4
0314f44c	HAVOK	T2	4
0314f450	HAVOK	T2	152
0314f4e8	HAVOK	T2	4
0314f4ec	HAVOK	T2	28
0314f508	HAVOK	T2	84
0314f55c	HAVOK	T2	112
0314f5cc	HAVOK	T2	188
0314f688	HAVOK	T2	4
0314f68c	HAVOK	T2	156
0314f728	HAVOK	T2	172
0314f7d4	HAVOK	T2	112
0314f844	HAVOK	T2	108
0314f8b0	HAVOK	T2	252
0314f9ac	HAVOK	T2	80
0314f9fc	HAVOK	T2	28
0314fa18	HAVOK	T2	76
0314fa64	HAVOK	T2	112
0314fad4	HAVOK	T2	188
0314fb90	HAVOK	T2	4
0314fb94	HAVOK	T2	4
0314fb98	HAVOK	T2	4
0314fb9c	HAVOK	T2	4
0314fba0	HAVOK	T2	44
0314fbcc	HAVOK	T2	96
0314fc2c	HAVOK	T2	412
0314fdc8	HAVOK	T2	80
0314fe18	HAVOK	T2	28
0314fe34	HAVOK	T2	80
0314fe84	HAVOK	T2	128
0314ff04	HAVOK	T2	224
0314ffe4	HAVOK	T2	92
03150040	HAVOK	T1	440
031501f8	HAVOK	T2	144
03150288	HAVOK	T2	196
0315034c	HAVOK	T2	92
031503a8	HAVOK	T2	52
031503dc	HAVOK	T2	296
03150504	HAVOK	T2	96
03150564	HAVOK	T2	28
03150580	HAVOK	T2	84
031505d4	HAVOK	T2	112
03150644	HAVOK	T2	188
03150700	HAVOK	T2	4
03150704	HAVOK	T2	4
03150708	HAVOK	T2	4
0315070c	HAVOK	T2	152
031507a4	HAVOK	T2	168
0315084c	HAVOK	T2	4
03150850	HAVOK	T2	28
0315086c	HAVOK	T2	84
031508c0	HAVOK	T2	112
03150930	HAVOK	T2	188
031509ec	HAVOK	T2	112
03150a5c	HAVOK	T2	108
03150ac8	HAVOK	T2	252
03150bc4	HAVOK	T2	80
03150c14	HAVOK	T2	4
03150c18	HAVOK	T2	4
03150c1c	HAVOK	T2	28
03150c38	HAVOK	T2	80
03150c88	HAVOK	T2	128
03150d08	HAVOK	T2	224
03150de8	HAVOK	T2	112
03150e58	HAVOK	T2	104
03150ec0	HAVOK	T2	256
03150fc0	HAVOK	T2	80
03151010	HAVOK	T2	4
03151014	HAVOK	T2	28
03151030	HAVOK	T2	76
0315107c	HAVOK	T2	112
031510ec	HAVOK	T2	188
031511a8	HAVOK	T2	28
031511c4	HAVOK	T2	84
03151218	HAVOK	T2	112
03151288	HAVOK	T2	188
03151344	HAVOK	T2	28
03151360	HAVOK	T2	84
031513b4	HAVOK	T2	112
03151424	HAVOK	T2	188
031514e0	HAVOK	T2	28
031514fc	HAVOK	T2	84
03151550	HAVOK	T2	112
031515c0	HAVOK	T2	188
0315167c	HAVOK	T2	28
03151698	HAVOK	T2	80
031516e8	HAVOK	T2	128
03151768	HAVOK	T2	224
03151848	HAVOK	T2	28
03151864	HAVOK	T2	76
031518b0	HAVOK	T2	112
03151920	HAVOK	T2	188
031519dc	HAVOK	T2	4
031519e0	HAVOK	T2	4
031519e4	HAVOK	T1	560
03151c14	HAVOK	T2	76
03151c60	HAVOK	T2	4
03151c64	HAVOK	T2	4
03151c68	HAVOK	T2	76
03151cb4	HAVOK	T2	112
03151d24	HAVOK	T2	4
03151d28	HAVOK	T2	460
03151ef4	HAVOK	T1	396
03152080	HAVOK	T2	76
031520cc	HAVOK	T2	4
031520d0	HAVOK	T2	4
031520d4	HAVOK	T2	76
03152120	HAVOK	T2	4
03152124	HAVOK	T2	4
03152128	HAVOK	T2	4
0315212c	HAVOK	T2	28
03152148	HAVOK	T2	84
0315219c	HAVOK	T2	112
0315220c	HAVOK	T2	188
031522c8	HAVOK	T2	28
031522e4	HAVOK	T2	84
03152338	HAVOK	T2	112
031523a8	HAVOK	T2	188
03152464	HAVOK	T2	4
03152468	HAVOK	T2	100
031524cc	HAVOK	T2	4
031524d0	HAVOK	T2	420
03152674	HAVOK	T1	360
031527dc	HAVOK	T2	76
03152828	HAVOK	T2	4
0315282c	HAVOK	T2	4
03152830	HAVOK	T2	76
0315287c	HAVOK	T2	4
03152880	HAVOK	T2	4
03152884	HAVOK	T1	612
03152ae8	HAVOK	T2	76
03152b34	HAVOK	T2	4
03152b38	HAVOK	T2	76
03152b84	HAVOK	T2	28
03152ba0	HAVOK	T2	84
03152bf4	HAVOK	T2	112
03152c64	HAVOK	T2	188
03152d20	HAVOK	T2	112
03152d90	HAVOK	T2	4
03152d94	HAVOK	T2	460
03152f60	HAVOK	T1	396
031530ec	HAVOK	T2	76
03153138	HAVOK	T2	4
0315313c	HAVOK	T2	4
03153140	HAVOK	T2	76
0315318c	HAVOK	T2	4
03153190	HAVOK	T1	588
031533dc	HAVOK	T2	76
03153428	HAVOK	T2	4
0315342c	HAVOK	T2	76
03153478	HAVOK	T2	76
031534c4	HAVOK	T2	4
031534c8	HAVOK	T1	848
03153818	HAVOK	T1	904
03153ba0	HAVOK	T2	76
03153bec	HAVOK	T2	4
03153bf0	HAVOK	T2	4
03153bf4	HAVOK	T2	76
03153c40	HAVOK	T2	44
03153c6c	HAVOK	T2	96
03153ccc	HAVOK	T2	136
03153d54	HAVOK	T2	80
03153da4	HAVOK	T2	4
03153da8	HAVOK	T2	4
03153dac	HAVOK	T2	28
03153dc8	HAVOK	T2	76
03153e14	HAVOK	T2	112
03153e84	HAVOK	T2	188
03153f40	HAVOK	T2	28
03153f5c	HAVOK	T2	88
03153fb4	HAVOK	T2	120
0315402c	HAVOK	T2	212
03154100	HAVOK	T2	152
03154198	HAVOK	T2	152
03154230	HAVOK	T2	4
03154234	HAVOK	T2	28
03154250	HAVOK	T2	84
031542a4	HAVOK	T2	112
03154314	HAVOK	T2	188
031543d0	HAVOK	T2	112
03154440	HAVOK	T2	108
031544ac	HAVOK	T2	252
031545a8	HAVOK	T2	80
031545f8	HAVOK	T2	4
031545fc	HAVOK	T2	112
0315466c	HAVOK	T2	108
031546d8	HAVOK	T2	252
031547d4	HAVOK	T2	80
03154824	HAVOK	T2	4
03154828	HAVOK	T2	28
03154844	HAVOK	T2	84
03154898	HAVOK	T2	112
03154908	HAVOK	T2	188
031549c4	HAVOK	T2	4
031549c8	HAVOK	T2	4
031549cc	HAVOK	T2	48
031549fc	HAVOK	T2	4
03154a00	HAVOK	T2	592
03154c50	HAVOK	T1	1776
03155340	HAVOK	T2	76
0315538c	HAVOK	T2	4
03155390	HAVOK	T2	4
03155394	HAVOK	T2	76
031553e0	HAVOK	T2	4
031553e4	HAVOK	T2	4
031553e8	HAVOK	T2	96
03155448	HAVOK	T2	4
0315544c	HAVOK	T2	4
03155450	HAVOK	T2	4
03155454	HAVOK	T2	28
03155470	HAVOK	T2	84
031554c4	HAVOK	T2	112
03155534	HAVOK	T2	188
031555f0	HAVOK	T2	152
03155688	HAVOK	T2	4
0315568c	HAVOK	T2	28
031556a8	HAVOK	T2	84
031556fc	HAVOK	T2	112
0315576c	HAVOK	T2	188
03155828	HAVOK	T2	112
03155898	HAVOK	T2	108
03155904	HAVOK	T2	72
0315594c	HAVOK	T2	80
0315599c	HAVOK	T2	28
031559b8	HAVOK	T2	84
03155a0c	HAVOK	T2	112
03155a7c	HAVOK	T2	188
03155b38	HAVOK	T2	28
03155b54	HAVOK	T2	84
03155ba8	HAVOK	T2	112
03155c18	HAVOK	T2	188
03155cd4	HAVOK	T2	4
03155cd8	HAVOK	T2	4
03155cdc	HAVOK	T2	28
03155cf8	HAVOK	T2	76
03155d44	HAVOK	T2	112
03155db4	HAVOK	T2	188
03155e70	HAVOK	T2	28
03155e8c	HAVOK	T2	84
03155ee0	HAVOK	T2	112
03155f50	HAVOK	T2	192
03156010	HAVOK	T2	28
0315602c	HAVOK	T2	84
03156080	HAVOK	T2	112
031560f0	HAVOK	T2	200
031561b8	HAVOK	T2	28
031561d4	HAVOK	T2	80
03156224	HAVOK	T2	128
031562a4	HAVOK	T2	224
03156384	HAVOK	T2	28
031563a0	HAVOK	T2	80
031563f0	HAVOK	T2	128
03156470	HAVOK	T2	224
03156550	HAVOK	T2	28
0315656c	HAVOK	T2	76
031565b8	HAVOK	T2	112
03156628	HAVOK	T2	188
031566e4	HAVOK	T2	28
03156700	HAVOK	T2	76
0315674c	HAVOK	T2	112
031567bc	HAVOK	T2	188
03156878	HAVOK	T2	28
03156894	HAVOK	T2	144
03156924	HAVOK	T2	4
03156928	HAVOK	T2	28
03156944	HAVOK	T2	144
031569d4	HAVOK	T2	4
031569d8	HAVOK	T2	4
031569dc	HAVOK	T2	156
03156a78	HAVOK	T2	172
03156b24	HAVOK	T2	4
03156b28	HAVOK	T2	28
03156b44	HAVOK	T2	84
03156b98	HAVOK	T2	112
03156c08	HAVOK	T2	188
03156cc4	HAVOK	T2	28
03156ce0	HAVOK	T2	84
03156d34	HAVOK	T2	112
03156da4	HAVOK	T2	188
03156e60	HAVOK	T2	28
03156e7c	HAVOK	T2	84
03156ed0	HAVOK	T2	112
03156f40	HAVOK	T2	188
03156ffc	HAVOK	T2	28
03157018	HAVOK	T2	84
0315706c	HAVOK	T2	112
031570dc	HAVOK	T2	188
03157198	HAVOK	T2	28
031571b4	HAVOK	T2	84
03157208	HAVOK	T2	112
03157278	HAVOK	T2	188
03157334	HAVOK	T2	4
03157338	HAVOK	T2	28
03157354	HAVOK	T2	144
031573e4	HAVOK	T2	4
031573e8	HAVOK	T2	4
031573ec	HAVOK	T2	156
03157488	HAVOK	T2	172
03157534	HAVOK	T2	96
03157594	HAVOK	T2	4
03157598	HAVOK	T2	4
0315759c	HAVOK	T2	28
031575b8	HAVOK	T2	84
0315760c	HAVOK	T2	112
0315767c	HAVOK	T2	188
03157738	HAVOK	T2	28
03157754	HAVOK	T2	84
031577a8	HAVOK	T2	112
03157818	HAVOK	T2	188
031578d4	HAVOK	T2	4
031578d8	HAVOK	T2	4
031578dc	HAVOK	T2	4
031578e0	HAVOK	T2	4
031578e4	HAVOK	T2	156
03157980	HAVOK	T2	172
03157a2c	HAVOK	T2	28
03157a48	HAVOK	T2	84
03157a9c	HAVOK	T2	112
03157b0c	HAVOK	T2	188
03157bc8	HAVOK	T2	28
03157be4	HAVOK	T2	84
03157c38	HAVOK	T2	112
03157ca8	HAVOK	T2	188
03157d64	HAVOK	T2	28
03157d80	HAVOK	T2	84
03157dd4	HAVOK	T2	112
03157e44	HAVOK	T2	188
03157f00	HAVOK	T2	28
03157f1c	HAVOK	T2	84
03157f70	HAVOK	T2	112
03157fe0	HAVOK	T2	188
0315809c	HAVOK	T2	4
031580a0	HAVOK	T2	4
031580a4	HAVOK	T2	28
031580c0	HAVOK	T2	76
0315810c	HAVOK	T2	112
0315817c	HAVOK	T2	188
03158238	HAVOK	T2	4
0315823c	HAVOK	T2	28
03158258	HAVOK	T2	84
031582ac	HAVOK	T2	112
0315831c	HAVOK	T2	188
031583d8	HAVOK	T2	4
031583dc	HAVOK	T2	28
031583f8	HAVOK	T2	76
03158444	HAVOK	T2	112
031584b4	HAVOK	T2	188
03158570	HAVOK	T2	4
03158574	HAVOK	T2	28
03158590	HAVOK	T2	84
031585e4	HAVOK	T2	112
03158654	HAVOK	T2	188
03158710	HAVOK	T2	28
0315872c	HAVOK	T2	84
03158780	HAVOK	T2	112
031587f0	HAVOK	T2	188
031588ac	HAVOK	T2	116
03158920	HAVOK	T2	4
03158924	HAVOK	T2	384
03158aa4	HAVOK	T1	272
03158bb4	HAVOK	T2	76
03158c00	HAVOK	T2	4
03158c04	HAVOK	T2	76
03158c50	HAVOK	T2	28
03158c6c	HAVOK	T2	84
03158cc0	HAVOK	T2	112
03158d30	HAVOK	T2	188
03158dec	HAVOK	T2	4
03158df0	HAVOK	T2	28
03158e0c	HAVOK	T2	76
03158e58	HAVOK	T2	112
03158ec8	HAVOK	T2	188
03158f84	HAVOK	T2	28
03158fa0	HAVOK	T2	84
03158ff4	HAVOK	T2	112
03159064	HAVOK	T2	188
03159120	HAVOK	T2	28
0315913c	HAVOK	T2	84
03159190	HAVOK	T2	116
03159204	HAVOK	T2	192
031592c4	HAVOK	T2	28
031592e0	HAVOK	T2	84
03159334	HAVOK	T2	116
031593a8	HAVOK	T2	192
03159468	HAVOK	T2	4
0315946c	HAVOK	T2	64
031594ac	HAVOK	T1	512
031596ac	HAVOK	T2	80
031596fc	HAVOK	T2	192
031597bc	HAVOK	T2	12
031597c8	HAVOK	T2	116
0315983c	HAVOK	T2	244
03159930	HAVOK	T2	4
03159934	HAVOK	T2	64
03159974	HAVOK	T1	928
03159d14	HAVOK	T2	80
03159d64	HAVOK	T2	196
03159e28	HAVOK	T2	12
03159e34	HAVOK	T2	120
03159eac	HAVOK	T2	248
03159fa4	HAVOK	T2	4
03159fa8	HAVOK	T2	76
03159ff4	HAVOK	T1	4944
0315b344	HAVOK	T2	640
0315b5c4	HAVOK	T2	136
0315b64c	HAVOK	T2	104
0315b6b4	HAVOK	T2	40
0315b6dc	HAVOK	T2	116
0315b750	HAVOK	T2	76
0315b79c	HAVOK	T2	52
0315b7d0	HAVOK	T2	388
0315b95c	HAVOK	T2	32
0315b97c	HAVOK	T2	48
0315b9ac	HAVOK	T2	100
0315ba10	HAVOK	T2	60
0315ba4c	HAVOK	T2	120
0315bac4	HAVOK	T2	164
0315bb68	HAVOK	T2	316
0315bca4	HAVOK	T2	244
0315bd98	HAVOK	T2	216
0315be70	HAVOK	T2	388
0315bffc	HAVOK	T2	64
0315c03c	HAVOK	T1	1344
0315c57c	HAVOK	T2	1532
0315cb78	HAVOK	T2	496
0315cd68	HAVOK	T2	728
0315d040	HAVOK	T2	792
0315d358	HAVOK	T2	540
0315d574	HAVOK	T2	72
0315d5bc	HAVOK	T2	68
0315d600	HAVOK	T2	108
0315d66c	HAVOK	T2	980
0315da40	HAVOK	T2	128
0315dac0	HAVOK	T2	104
0315db28	HAVOK	T2	140
0315dbb4	HAVOK	T2	160
0315dc54	HAVOK	T2	104
0315dcbc	HAVOK	T2	92
0315dd18	HAVOK	T2	64
0315dd58	HAVOK	T2	248
0315de50	HAVOK	T2	116
0315dec4	HAVOK	T2	116
0315df38	HAVOK	T2	240
0315e028	HAVOK	T2	116
0315e09c	HAVOK	T2	240
0315e18c	HAVOK	T2	280
0315e2a4	HAVOK	T2	248
0315e39c	HAVOK	T2	140
0315e428	HAVOK	T2	160
0315e4c8	HAVOK	T2	180
0315e57c	HAVOK	T2	8
0315e584	HAVOK	T2	720
0315e854	HAVOK	T2	484
0315ea3c	HAVOK	T2	24
0315ea54	HAVOK	T2	932
0315edf8	HAVOK	T2	60
0315ee34	HAVOK	T2	20
0315ee48	HAVOK	T2	16
0315ee58	HAVOK	T2	16
0315ee68	HAVOK	T2	376
0315efe0	HAVOK	T2	372
0315f154	HAVOK	T2	28
0315f170	HAVOK	T2	60
0315f1ac	HAVOK	T2	360
0315f314	HAVOK	T2	64
0315f354	HAVOK	T2	44
0315f380	HAVOK	T2	116
0315f3f4	HAVOK	T2	944
0315f7a4	HAVOK	T2	224
0315f884	HAVOK	T2	1828
0315ffa8	HAVOK	T2	1040
031603b8	HAVOK	T2	368
03160528	HAVOK	T2	640
031607a8	HAVOK	T2	244
0316089c	HAVOK	T2	136
03160924	HAVOK	T2	136
031609ac	HAVOK	T2	396
03160b38	HAVOK	T2	136
03160bc0	HAVOK	T2	4
03160bd0	HAVOK	T2	4
03160bd4	HAVOK	T2	92
03160c30	HAVOK	T2	132
03160cb4	HAVOK	T2	80
03160d04	HAVOK	T2	336
03160e6c	HAVOK	T2	8
03160e74	HAVOK	T2	12
03160e80	HAVOK	T2	68
03160ed0	HAVOK	T2	168
03160f80	HAVOK	T2	148
03161020	HAVOK	T2	204
031610ec	HAVOK	T2	136
03161180	HAVOK	T2	172
03161230	HAVOK	T2	344
03161390	HAVOK	T2	708
03161660	HAVOK	T2	840
031619b0	HAVOK	T2	184
03161b50	HAVOK	T2	176
03161c00	HAVOK	T2	216
03161ce0	HAVOK	T2	1212
031621a0	HAVOK	T2	1104
031625f0	HAVOK	T2	172
031626a0	HAVOK	T2	492
03162890	HAVOK	T2	996
03162c80	HAVOK	T2	1868
031633cc	HAVOK	T2	268
031634d8	HAVOK	T2	268
031635e4	HAVOK	T2	136
03163670	HAVOK	T2	504
03163870	HAVOK	T2	128
031638f0	HAVOK	T2	92
03163950	HAVOK	T2	372
03163ad0	HAVOK	T2	136
03163b60	HAVOK	T2	2032
03164350	HAVOK	T2	584
03164598	HAVOK	T2	12
031645a4	HAVOK	T2	68
031645d0	HAVOK	T2	408
03164768	HAVOK	T2	136
031647f0	HAVOK	T2	264
03164900	HAVOK	T2	460
03164ad0	HAVOK	T2	464
03164ca0	HAVOK	T2	724
03164f80	HAVOK	T2	424
03165130	HAVOK	T2	228
03165220	HAVOK	T2	320
03165360	HAVOK	T2	312
031654a0	HAVOK	T2	312
031655e0	HAVOK	T2	72
03165628	HAVOK	T2	136
031656b0	HAVOK	T2	136
03165740	HAVOK	T2	88
031657a0	HAVOK	T2	1396
03165d20	HAVOK	T2	468
03165f00	HAVOK	T2	44
03165f30	HAVOK	T2	1100
03166380	HAVOK	T2	480
03166560	HAVOK	T2	152
03166600	HAVOK	T2	1172
03166aa0	HAVOK	T2	556
03166cd0	HAVOK	T2	460
03166ea0	HAVOK	T2	552
031670d0	HAVOK	T2	240
031671c0	HAVOK	T2	408
03167358	HAVOK	T2	120
031673d0	HAVOK	T2	488
031675c0	HAVOK	T2	96
03167620	HAVOK	T2	124
0316769c	HAVOK	T2	4
031676a0	HAVOK	T2	44
031676cc	HAVOK	T2	136
03167754	HAVOK	T2	48
03167784	HAVOK	T2	72
031677cc	HAVOK	T2	112
0316783c	HAVOK	T2	8
03167844	HAVOK	T2	340
03167998	HAVOK	T2	576
03167bd8	HAVOK	T2	180
03167c8c	HAVOK	T2	452
03167e50	HAVOK	T2	4416
03168f90	HAVOK	T2	2584
031699a8	HAVOK	T2	128
03169a28	HAVOK	T2	132
03169aac	HAVOK	T2	416
03169c4c	HAVOK	T2	160
03169cec	HAVOK	T2	412
03169e90	HAVOK	T2	40
03169eb8	HAVOK	T2	72
03169f80	HAVOK	T2	36
03169fa4	HAVOK	T2	92
0316a000	HAVOK	T2	152
0316a09c	HAVOK	T2	244
0316a190	HAVOK	T2	40
0316a1b8	HAVOK	T2	20
0316a1cc	HAVOK	T2	240
0316a2bc	HAVOK	T2	384
0316a43c	HAVOK	T2	180
0316a4f0	HAVOK	T2	28
0316a50c	HAVOK	T2	56
0316a550	HAVOK	T2	40
0316a578	HAVOK	T2	12
0316a584	HAVOK	T2	60
0316a5c0	HAVOK	T1	1244
0316aa9c	HAVOK	T2	80
0316aaec	HAVOK	T2	416
0316ac8c	HAVOK	T2	12
0316ac98	HAVOK	T2	60
0316acd4	HAVOK	T1	3068
0316b8d0	HAVOK	T2	80
0316b920	HAVOK	T2	80
0316b970	HAVOK	T2	60
0316b9ac	HAVOK	T2	72
0316b9f4	HAVOK	T2	60
0316ba30	HAVOK	T2	60
0316ba6c	HAVOK	T2	12
0316ba78	HAVOK	T2	64
0316bab8	HAVOK	T1	500
0316bcac	HAVOK	T2	80
0316bcfc	HAVOK	T2	192
0316bdbc	HAVOK	T2	12
0316bdc8	HAVOK	T2	88
0316be20	HAVOK	T1	1320
0316c348	HAVOK	T2	80
0316c398	HAVOK	T2	396
0316c524	HAVOK	T2	12
0316c530	HAVOK	T2	84
0316c584	HAVOK	T1	1220
0316ca48	HAVOK	T2	76
0316ca94	HAVOK	T1	2996
0316d648	HAVOK	T2	12
0316d654	HAVOK	T1	1908
0316ddc8	HAVOK	T2	80
0316de18	HAVOK	T1	3680
0316ec78	HAVOK	T2	104
0316ece0	HAVOK	T2	80
0316ed30	HAVOK	T2	88
0316ed88	HAVOK	T2	60
0316edc4	HAVOK	T2	4
0316edc8	HAVOK	T2	60
0316ee04	HAVOK	T2	60
0316ee40	HAVOK	T2	80
0316ee90	HAVOK	T2	60
0316eecc	HAVOK	T2	12
0316eed8	HAVOK	T2	60
0316ef14	HAVOK	T2	1820
0316f630	HAVOK	T2	80
0316f680	HAVOK	T2	3916
031705cc	HAVOK	T2	60
03170608	HAVOK	T2	60
03170644	HAVOK	T2	60
03170680	HAVOK	T2	244
03170774	HAVOK	T2	352
031708d4	HAVOK	T2	116
03170948	HAVOK	T2	244
03170a3c	HAVOK	T2	248
03170b34	HAVOK	T2	356
03170c98	HAVOK	T2	436
03170e4c	HAVOK	T2	180
03170f00	HAVOK	T2	64
03170f40	HAVOK	T2	64
031712a0	HAVOK	T2	2560
03171ca0	HAVOK	T2	64
03171ce0	HAVOK	T2	64
03171d20	HAVOK	T2	64
03171d60	HAVOK	T2	64
03171da0	HAVOK	T2	64
03171de0	HAVOK	T2	64
03171e20	HAVOK	T2	64
03171e60	HAVOK	T2	64
03171ea0	HAVOK	T2	64
03171ee0	HAVOK	T2	64
03171f20	HAVOK	T2	64
03171f60	HAVOK	T2	64
03171fa0	HAVOK	T2	64
03171fe0	HAVOK	T2	64
03172020	HAVOK	T2	64
03172060	HAVOK	T2	64
031720a0	HAVOK	T2	64
031720e0	HAVOK	T2	64
03172120	HAVOK	T2	64
03172160	HAVOK	T2	64
031721a0	HAVOK	T2	64
031721e0	HAVOK	T2	68
03172230	HAVOK	T2	64
03172270	HAVOK	T2	64
031722b0	HAVOK	T2	64
031722f0	HAVOK	T2	64
03172330	HAVOK	T2	64
03172370	HAVOK	T2	64
031723b0	HAVOK	T2	64
031723f0	HAVOK	T2	64
03172430	HAVOK	T2	64
03172470	HAVOK	T2	64
031724b0	HAVOK	T2	64
031724f0	HAVOK	T2	64
03172530	HAVOK	T2	64
03172570	HAVOK	T2	64
031725b0	HAVOK	T2	64
031725f0	HAVOK	T2	64
03172630	HAVOK	T2	64
03172670	HAVOK	T2	64
031726b0	HAVOK	T2	64
031726f0	HAVOK	T2	64
03172730	HAVOK	T2	64
03172770	HAVOK	T2	64
031727b0	HAVOK	T2	64
031727f0	HAVOK	T2	64
03172830	HAVOK	T2	64
03172870	HAVOK	T2	64
031728b0	HAVOK	T2	64
031728f0	HAVOK	T2	64
03172930	HAVOK	T2	64
03172970	HAVOK	T2	64
031729b0	HAVOK	T2	64
031729f0	HAVOK	T2	64
03172a30	HAVOK	T2	104
03172a98	HAVOK	T1	1120
03172f00	HAVOK	T2	64
03172f40	HAVOK	T2	64
03172f80	HAVOK	T2	64
03172fc0	HAVOK	T2	64
03173000	HAVOK	T2	104
03173068	HAVOK	T1	1184
03173510	HAVOK	T2	64
03173550	HAVOK	T2	64
03173590	HAVOK	T2	64
031735d0	HAVOK	T2	64
03173610	HAVOK	T2	104
03173678	HAVOK	T1	392
03173800	HAVOK	T2	64
03173840	HAVOK	T2	64
03173880	HAVOK	T2	64
031738c0	HAVOK	T2	64
03173900	HAVOK	T2	104
03173968	HAVOK	T1	1144
03173de0	HAVOK	T2	64
03173e20	HAVOK	T2	64
03173e60	HAVOK	T2	64
03173ea0	HAVOK	T2	64
03173ee0	HAVOK	T2	64
03173f20	HAVOK	T2	64
03173f60	HAVOK	T2	64
03173fa0	HAVOK	T2	64
03173fe0	HAVOK	T2	64
03174020	HAVOK	T2	64
03174060	HAVOK	T2	64
031740a0	HAVOK	T2	64
031740e0	HAVOK	T2	64
03174120	HAVOK	T2	64
03174160	HAVOK	T2	64
031741a0	HAVOK	T2	64
031741e0	HAVOK	T2	64
03174220	HAVOK	T2	64
03174260	HAVOK	T2	64
031742a0	HAVOK	T2	64
031742e0	HAVOK	T2	64
03174320	HAVOK	T2	64
03174360	HAVOK	T2	64
031743a0	HAVOK	T2	64
031743e0	HAVOK	T2	64
03174420	HAVOK	T2	64
03174460	HAVOK	T2	64
031744a0	HAVOK	T2	64
031744e0	HAVOK	T2	64
03174520	HAVOK	T2	64
03174560	HAVOK	T2	64
031745a0	HAVOK	T2	64
031745e0	HAVOK	T2	64
03174620	HAVOK	T2	64
03174660	HAVOK	T2	64
031746a0	HAVOK	T2	64
031746e0	HAVOK	T2	68
03174730	HAVOK	T2	64
03174770	HAVOK	T2	64
031747b0	HAVOK	T2	64
031747f0	HAVOK	T2	64
03174830	HAVOK	T2	64
03174870	HAVOK	T2	64
031748b0	HAVOK	T2	64
031748f0	HAVOK	T2	64
03174930	HAVOK	T2	64
03174970	HAVOK	T2	64
031749b0	HAVOK	T2	64
031749f0	HAVOK	T2	64
03174a30	HAVOK	T2	64
03174a70	HAVOK	T2	64
03174ab0	HAVOK	T2	64
03174af0	HAVOK	T2	64
03174b30	HAVOK	T2	64
03174b70	HAVOK	T2	64
03174bb0	HAVOK	T2	104
03174c18	HAVOK	T1	480
03174e00	HAVOK	T2	64
03174e40	HAVOK	T2	64
03174e80	HAVOK	T2	64
03174ec0	HAVOK	T2	64
03174f00	HAVOK	T2	104
03174f68	HAVOK	T1	392
031750f0	HAVOK	T2	64
03175130	HAVOK	T2	64
03175170	HAVOK	T2	64
031751b0	HAVOK	T2	64
031751f0	HAVOK	T2	104
03175258	HAVOK	T1	792
03175570	HAVOK	T2	64
031755b0	HAVOK	T2	64
031755f0	HAVOK	T2	64
03175630	HAVOK	T2	64
03175670	HAVOK	T2	104
031756d8	HAVOK	T1	1228
03175bb0	HAVOK	T2	64
03175bf0	HAVOK	T2	64
03175c30	HAVOK	T2	64
03175c70	HAVOK	T2	64
03175cb0	HAVOK	T2	104
03175d18	HAVOK	T1	924
031760c0	HAVOK	T2	64
03176100	HAVOK	T2	64
03176140	HAVOK	T2	64
03176180	HAVOK	T2	64
031761c0	HAVOK	T2	104
03176228	HAVOK	T1	792
03176540	HAVOK	T2	64
03176580	HAVOK	T2	64
031765c0	HAVOK	T2	64
03176600	HAVOK	T2	64
03176640	HAVOK	T2	104
031766a8	HAVOK	T1	828
031769f0	HAVOK	T2	64
03176a30	HAVOK	T2	64
03176a70	HAVOK	T2	64
03176ab0	HAVOK	T2	64
03176af0	HAVOK	T2	104
03176b58	HAVOK	T1	856
03176eb0	HAVOK	T2	64
03176ef0	HAVOK	T2	64
03176f30	HAVOK	T2	64
03176f70	HAVOK	T2	64
03176fb0	HAVOK	T2	104
03177018	HAVOK	T1	1628
03177680	HAVOK	T2	64
031776c0	HAVOK	T2	64
03177700	HAVOK	T2	64
03177740	HAVOK	T2	64
03177780	HAVOK	T2	104
031777e8	HAVOK	T1	428
031779a0	HAVOK	T2	64
031779e0	HAVOK	T2	64
03177a20	HAVOK	T2	64
03177a60	HAVOK	T2	64
03177aa0	HAVOK	T2	104
03177b08	HAVOK	T1	772
03177e10	HAVOK	T2	64
03177e50	HAVOK	T2	64
03177e90	HAVOK	T2	64
03177ed0	HAVOK	T2	64
03177f10	HAVOK	T2	64
03177f50	HAVOK	T2	64
03177f90	HAVOK	T2	64
03177fd0	HAVOK	T2	64
03178010	HAVOK	T2	64
03178050	HAVOK	T2	64
03178090	HAVOK	T2	64
031780d0	HAVOK	T2	64
03178110	HAVOK	T2	64
03178150	HAVOK	T2	4
03178154	HAVOK	T2	4
03178158	HAVOK	T2	28
03178174	HAVOK	T2	84
031781c8	HAVOK	T2	112
03178238	HAVOK	T2	188
031782f4	HAVOK	T2	4
031782f8	HAVOK	T2	4
031782fc	HAVOK	T2	4
03178300	HAVOK	T2	4
03178304	HAVOK	T2	4
03178308	HAVOK	T2	4
0317830c	HAVOK	T2	4
03178310	HAVOK	T2	4
03178314	HAVOK	T2	4
03178318	HAVOK	T2	4
0317831c	HAVOK	T2	28
03178338	HAVOK	T2	84
0317838c	HAVOK	T2	112
031783fc	HAVOK	T2	188
031784b8	HAVOK	T2	4
031784bc	HAVOK	T2	28
031784d8	HAVOK	T2	84
0317852c	HAVOK	T2	112
0317859c	HAVOK	T2	188
03178658	HAVOK	T2	4
0317865c	HAVOK	T2	28
03178678	HAVOK	T2	84
031786cc	HAVOK	T2	112
0317873c	HAVOK	T2	188
031787f8	HAVOK	T2	4
031787fc	HAVOK	T2	4
03178800	HAVOK	T2	4
03178804	HAVOK	T2	4
03178808	HAVOK	T2	4
0317880c	HAVOK	T2	52
03178840	HAVOK	T2	4
03178844	HAVOK	T2	548
03178a68	HAVOK	T2	548
03178c8c	HAVOK	T2	180
03178d40	HAVOK	T2	192
03178e00	HAVOK	T2	76
03178e4c	HAVOK	T2	4
03178e50	HAVOK	T2	76
03178e9c	HAVOK	T2	52
03178ed0	HAVOK	T2	4
03178ed4	HAVOK	T2	560
03179104	HAVOK	T1	1268
031795f8	HAVOK	T2	76
03179644	HAVOK	T2	4
03179648	HAVOK	T2	76
03179694	HAVOK	T2	4
03179698	HAVOK	T2	4
0317969c	HAVOK	T2	364
03179808	HAVOK	T2	180
031798bc	HAVOK	T2	76
03179908	HAVOK	T2	4
0317990c	HAVOK	T2	76
03179958	HAVOK	T2	40
03179980	HAVOK	T2	4
03179984	HAVOK	T2	664
03179c1c	HAVOK	T1	1232
0317a0ec	HAVOK	T2	76
0317a138	HAVOK	T2	4
0317a13c	HAVOK	T2	76
0317a188	HAVOK	T2	4
0317a18c	HAVOK	T2	4
0317a190	HAVOK	T2	4
0317a194	HAVOK	T2	4
0317a198	HAVOK	T2	4
0317a19c	HAVOK	T2	4
0317a1a0	HAVOK	T2	4
0317a1a4	HAVOK	T2	4
0317a1a8	HAVOK	T2	4
0317a1ac	HAVOK	T2	4
0317a1b0	HAVOK	T2	4
0317a1b4	HAVOK	T2	4
0317a1b8	HAVOK	T2	372
0317a32c	HAVOK	T2	244
0317a420	HAVOK	T2	76
0317a46c	HAVOK	T2	4
0317a470	HAVOK	T2	76
0317a4bc	HAVOK	T2	4
0317a4c0	HAVOK	T2	4
0317a4c4	HAVOK	T2	364
0317a630	HAVOK	T2	180
0317a6e4	HAVOK	T2	76
0317a730	HAVOK	T2	4
0317a734	HAVOK	T2	76
0317a780	HAVOK	T2	96
0317a7e0	HAVOK	T2	4
0317a7e4	HAVOK	T2	488
0317a9cc	HAVOK	T1	784
0317acdc	HAVOK	T2	76
0317ad28	HAVOK	T2	4
0317ad2c	HAVOK	T2	76
0317ad78	HAVOK	T2	52
0317adac	HAVOK	T2	4
0317adb0	HAVOK	T2	556
0317afdc	HAVOK	T1	796
0317b2f8	HAVOK	T2	240
0317b3e8	HAVOK	T2	76
0317b434	HAVOK	T2	4
0317b438	HAVOK	T2	76
0317b484	HAVOK	T2	108
0317b4f0	HAVOK	T2	4
0317b4f4	HAVOK	T2	480
0317b6d4	HAVOK	T2	528
0317b8e4	HAVOK	T2	236
0317b9d0	HAVOK	T2	192
0317ba90	HAVOK	T2	76
0317badc	HAVOK	T2	4
0317bae0	HAVOK	T2	76
0317bb2c	HAVOK	T2	108
0317bb98	HAVOK	T2	4
0317bb9c	HAVOK	T2	476
0317bd78	HAVOK	T2	452
0317bf3c	HAVOK	T2	180
0317bff0	HAVOK	T2	76
0317c03c	HAVOK	T2	4
0317c040	HAVOK	T2	76
0317c08c	HAVOK	T2	92
0317c0e8	HAVOK	T2	4
0317c0ec	HAVOK	T2	460
0317c2b8	HAVOK	T2	460
0317c484	HAVOK	T2	240
0317c574	HAVOK	T2	68
0317c5b8	HAVOK	T2	80
0317c608	HAVOK	T2	76
0317c654	HAVOK	T2	4
0317c658	HAVOK	T2	76
0317c6a4	HAVOK	T2	108
0317c710	HAVOK	T2	4
0317c714	HAVOK	T2	480
0317c8f4	HAVOK	T2	488
0317cadc	HAVOK	T2	236
0317cbc8	HAVOK	T2	80
0317cc18	HAVOK	T2	76
0317cc64	HAVOK	T2	4
0317cc68	HAVOK	T2	76
0317ccb4	HAVOK	T2	40
0317ccdc	HAVOK	T2	4
0317cce0	HAVOK	T2	556
0317cf0c	HAVOK	T1	1408
0317d48c	HAVOK	T2	68
0317d4d0	HAVOK	T2	68
0317d520	HAVOK	T2	208
0317d5f0	HAVOK	T2	184
0317d6a8	HAVOK	T2	76
0317d6f4	HAVOK	T2	4
0317d6f8	HAVOK	T2	76
0317d744	HAVOK	T2	4
0317d748	HAVOK	T2	4
0317d74c	HAVOK	T2	364
0317d8b8	HAVOK	T2	236
0317d9a4	HAVOK	T2	68
0317d9e8	HAVOK	T2	68
0317da2c	HAVOK	T2	100
0317da90	HAVOK	T2	76
0317dadc	HAVOK	T2	4
0317dae0	HAVOK	T2	76
0317db2c	HAVOK	T2	96
0317db8c	HAVOK	T2	4
0317db90	HAVOK	T2	480
0317dd70	HAVOK	T1	756
0317e064	HAVOK	T2	76
0317e0b0	HAVOK	T2	4
0317e0b4	HAVOK	T2	76
0317e100	HAVOK	T2	4
0317e104	HAVOK	T2	240
0317e1f4	HAVOK	T2	4
0317e1f8	HAVOK	T2	864
0317e558	HAVOK	T2	180
0317e60c	HAVOK	T2	284
0317e728	HAVOK	T2	396
0317e8b4	HAVOK	T2	92
0317e910	HAVOK	T2	612
0317eb74	HAVOK	T2	180
0317ec28	HAVOK	T2	456
0317edf0	HAVOK	T2	268
0317eefc	HAVOK	T2	784
0317f20c	HAVOK	T2	120
0317f284	HAVOK	T2	728
0317f55c	HAVOK	T2	340
0317f6b0	HAVOK	T2	7452
031813cc	HAVOK	T2	384
0318154c	HAVOK	T2	180
03181600	HAVOK	T2	268
0318170c	HAVOK	T2	3248
031823bc	HAVOK	T2	8
031823c4	HAVOK	T2	260
031824c8	HAVOK	T2	348
03182624	HAVOK	T2	348
03182780	HAVOK	T2	1376
03182ce0	HAVOK	T2	8
03182ce8	HAVOK	T2	1176
03183180	HAVOK	T2	8
03183188	HAVOK	T2	200
03183250	HAVOK	T2	12
0318325c	HAVOK	T2	116
031832d0	HAVOK	T2	244
031833c4	HAVOK	T2	116
03183438	HAVOK	T2	244
0318352c	HAVOK	T2	116
031835a0	HAVOK	T2	244
03183694	HAVOK	T2	116
03183708	HAVOK	T2	244
031837fc	HAVOK	T2	116
03183870	HAVOK	T2	244
03183964	HAVOK	T2	116
031839d8	HAVOK	T2	244
03183acc	HAVOK	T2	116
03183b40	HAVOK	T2	244
03183c34	HAVOK	T2	116
03183ca8	HAVOK	T2	244
03183d9c	HAVOK	T2	116
03183e10	HAVOK	T2	244
03183f04	HAVOK	T2	116
03183f78	HAVOK	T2	244
0318406c	HAVOK	T2	264
03184174	HAVOK	T2	392
031842fc	HAVOK	T2	420
031844a0	HAVOK	T2	8
031844a8	HAVOK	T2	264
031845b0	HAVOK	T2	8
031845b8	HAVOK	T2	8
031845c0	HAVOK	T2	8
031845c8	HAVOK	T2	264
031846d0	HAVOK	T2	392
03184858	HAVOK	T2	268
03184964	HAVOK	T2	8
0318496c	HAVOK	T2	264
03184a74	HAVOK	T2	8
03184a7c	HAVOK	T2	260
03184b80	HAVOK	T2	8
03184b88	HAVOK	T2	264
03184c90	HAVOK	T2	392
03184e18	HAVOK	T2	404
03184fac	HAVOK	T2	8
03184fb4	HAVOK	T2	264
031850bc	HAVOK	T2	8
031850c4	HAVOK	T2	404
03185258	HAVOK	T2	8
03185260	HAVOK	T2	264
03185368	HAVOK	T2	392
031854f0	HAVOK	T2	268
031855fc	HAVOK	T2	8
03185604	HAVOK	T2	264
0318570c	HAVOK	T2	8
03185714	HAVOK	T2	260
03185818	HAVOK	T2	8
03185820	HAVOK	T2	264
03185928	HAVOK	T2	392
03185ab0	HAVOK	T2	444
03185c6c	HAVOK	T2	8
03185c74	HAVOK	T2	264
03185d7c	HAVOK	T2	8
03185d84	HAVOK	T2	8
03185d8c	HAVOK	T2	8
03185d94	HAVOK	T2	216
03185e6c	HAVOK	T2	100
03185ed0	HAVOK	T2	76
03185f1c	HAVOK	T2	192
03185fdc	HAVOK	T2	212
031860b0	HAVOK	T2	212
03186184	HAVOK	T2	204
03186250	HAVOK	T2	344
031863a8	HAVOK	T2	204
03186474	HAVOK	T2	364
031865e0	HAVOK	T2	204
031866ac	HAVOK	T2	620
03186918	HAVOK	T2	8
03186920	HAVOK	T2	344
03186a78	HAVOK	T2	204
03186b44	HAVOK	T2	364
03186cb0	HAVOK	T2	196
03186d74	HAVOK	T2	196
03186e38	HAVOK	T2	204
03186f04	HAVOK	T2	344
0318705c	HAVOK	T2	204
03187128	HAVOK	T2	364
03187294	HAVOK	T2	300
031873c0	HAVOK	T2	8
031873c8	HAVOK	T2	204
03187494	HAVOK	T2	344
031875ec	HAVOK	T2	204
031876b8	HAVOK	T2	364
03187824	HAVOK	T2	204
031878f0	HAVOK	T2	236
031879dc	HAVOK	T2	236
03187ac8	HAVOK	T2	344
03187c20	HAVOK	T2	204
03187cec	HAVOK	T2	364
03187e60	HAVOK	T2	3056
03188a50	HAVOK	T2	212
03188b30	HAVOK	T2	688
03188de0	HAVOK	T2	1664
03189460	HAVOK	T2	1344
031899a0	HAVOK	T2	356
03189b10	HAVOK	T2	1072
03189f40	HAVOK	T2	1416
0318a4c8	HAVOK	T2	52
0318a4fc	HAVOK	T2	80
0318a54c	HAVOK	T2	4
0318a550	HAVOK	T2	12
0318a55c	HAVOK	T2	200
0318a624	HAVOK	T2	80
0318a674	HAVOK	T2	68
0318a6b8	HAVOK	T2	12
0318a6c4	HAVOK	T2	204
0318a790	HAVOK	T2	80
0318a7e0	HAVOK	T2	360
0318a948	HAVOK	T2	64
0318a988	HAVOK	T2	12
0318a994	HAVOK	T2	632
0318ac0c	HAVOK	T2	80
0318ac5c	HAVOK	T1	1608
0318b2a4	HAVOK	T2	128
0318b324	HAVOK	T2	80
0318b374	HAVOK	T2	4
0318b378	HAVOK	T2	76
0318b3c4	HAVOK	T2	52
0318b3f8	HAVOK	T2	76
0318b444	HAVOK	T2	108
0318b4b0	HAVOK	T2	12
0318b4bc	HAVOK	T2	60
0318b4f8	HAVOK	T1	1128
0318b960	HAVOK	T2	80
0318b9b0	HAVOK	T2	76
0318ba00	HAVOK	T2	12
0318ba0c	HAVOK	T2	76
0318ba58	HAVOK	T2	4
0318ba5c	HAVOK	T2	12
0318ba68	HAVOK	T1	1352
0318bfb0	HAVOK	T2	80
0318c000	HAVOK	T2	80
0318c050	HAVOK	T2	28
0318c06c	HAVOK	T2	28
0318c088	HAVOK	T2	104
0318c0f0	HAVOK	T2	268
0318c1fc	HAVOK	T2	380
0318c37c	HAVOK	T2	4
0318c380	HAVOK	T2	180
0318c434	HAVOK	T2	300
0318c560	HAVOK	T2	64
0318c690	HAVOK	T2	476
0318c870	HAVOK	T2	64
0318c8b0	HAVOK	T2	64
0318c8f0	HAVOK	T2	64
0318c930	HAVOK	T2	64
0318c970	HAVOK	T2	64
0318c9b0	HAVOK	T2	64
0318c9f0	HAVOK	T2	64
0318ca30	HAVOK	T2	64
0318ca70	HAVOK	T2	64
0318cab0	HAVOK	T2	64
0318caf0	HAVOK	T2	64
0318cb30	HAVOK	T2	64
0318cb70	HAVOK	T2	64
0318cbb0	HAVOK	T2	64
0318cbf0	HAVOK	T2	64
0318cc30	HAVOK	T2	64
0318cc70	HAVOK	T2	64
0318ccb0	HAVOK	T2	64
0318ccf0	HAVOK	T2	64
0318cd30	HAVOK	T2	64
0318cd70	HAVOK	T2	64
0318cdb0	HAVOK	T2	64
0318cdf0	HAVOK	T2	28
0318ce0c	HAVOK	T2	76
0318ce58	HAVOK	T2	112
0318cec8	HAVOK	T2	188
0318cf84	HAVOK	T2	28
0318cfa0	HAVOK	T2	76
0318cfec	HAVOK	T2	112
0318d05c	HAVOK	T2	188
0318d118	HAVOK	T2	28
0318d134	HAVOK	T2	84
0318d188	HAVOK	T2	112
0318d1f8	HAVOK	T2	188
0318d2b4	HAVOK	T2	4
0318d2b8	HAVOK	T2	28
0318d2d4	HAVOK	T2	144
0318d364	HAVOK	T2	4
0318d368	HAVOK	T2	4
0318d36c	HAVOK	T2	28
0318d388	HAVOK	T2	144
0318d418	HAVOK	T2	108
0318d484	HAVOK	T2	4
0318d488	HAVOK	T2	4
0318d48c	HAVOK	T2	92
0318d4e8	HAVOK	T2	56
0318d520	HAVOK	T2	4
0318d524	HAVOK	T2	28
0318d540	HAVOK	T2	76
0318d58c	HAVOK	T2	112
0318d5fc	HAVOK	T2	188
0318d6b8	HAVOK	T2	4
0318d6bc	HAVOK	T2	28
0318d6d8	HAVOK	T2	144
0318d768	HAVOK	T2	4
0318d76c	HAVOK	T2	28
0318d788	HAVOK	T2	84
0318d7dc	HAVOK	T2	112
0318d84c	HAVOK	T2	188
0318d908	HAVOK	T2	4
0318d90c	HAVOK	T2	28
0318d928	HAVOK	T2	84
0318d97c	HAVOK	T2	112
0318d9ec	HAVOK	T2	188
0318daa8	HAVOK	T2	180
0318db5c	HAVOK	T2	304
0318dc8c	HAVOK	T2	1732
0318e350	HAVOK	T2	12
0318e35c	HAVOK	T2	4
0318e360	HAVOK	T2	84
0318e3b4	HAVOK	T2	180
0318e468	HAVOK	T2	108
0318e4d4	HAVOK	T2	4
0318e4d8	HAVOK	T2	120
0318e550	HAVOK	T2	140
0318e5dc	HAVOK	T2	304
0318e70c	HAVOK	T2	656
0318e99c	HAVOK	T2	144
0318ea2c	HAVOK	T2	52
0318ea60	HAVOK	T2	136
0318eae8	HAVOK	T2	28
0318eb04	HAVOK	T2	260
0318ec08	HAVOK	T2	392
0318ed90	HAVOK	T2	520
0318ef98	HAVOK	T2	164
0318f03c	HAVOK	T2	272
0318f14c	HAVOK	T2	28
0318f168	HAVOK	T2	156
0318f204	HAVOK	T2	1364
0318f758	HAVOK	T2	720
0318fa28	HAVOK	T2	80
0318fa78	HAVOK	T2	1472
03190038	HAVOK	T2	824
03190370	HAVOK	T2	860
031906cc	HAVOK	T2	188
03190788	HAVOK	T2	688
03190a38	HAVOK	T2	512
03190c38	HAVOK	T2	784
03190f48	HAVOK	T2	256
03191048	HAVOK	T2	48
03191078	HAVOK	T2	328
031911c0	HAVOK	T2	396
0319134c	HAVOK	T2	792
03191664	HAVOK	T2	136
031916ec	HAVOK	T2	568
03191924	HAVOK	T2	1592
03191f70	HAVOK	T2	912
03192300	HAVOK	T2	3812
031931e4	HAVOK	T2	1096
03193630	HAVOK	T2	740
03193914	HAVOK	T1	1524
03193f10	HAVOK	T2	64
03193f50	HAVOK	T2	968
03194320	HAVOK	T2	300
03194450	HAVOK	T2	268
0319455c	HAVOK	T2	1136
031949cc	HAVOK	T2	184
0319532c	HAVOK	T2	576
0319556c	HAVOK	T2	180
03195620	HAVOK	T2	140
031956ac	HAVOK	T2	12
031956b8	HAVOK	T1	1388
03195c24	HAVOK	T2	80
03195c74	HAVOK	T2	88
03195ccc	HAVOK	T2	12
03195cd8	HAVOK	T1	636
03195f54	HAVOK	T2	80
03195fa4	HAVOK	T2	64
03195fe4	HAVOK	T2	92
03196040	HAVOK	T2	80
03196090	HAVOK	T2	80
031960e0	HAVOK	T2	56
03196118	HAVOK	T2	12
03196124	HAVOK	T2	80
03196174	HAVOK	T2	60
031961b0	HAVOK	T2	12
031961bc	HAVOK	T1	756
031964b0	HAVOK	T2	80
03196500	HAVOK	T2	68
03196544	HAVOK	T2	12
03196550	HAVOK	T2	64
03196590	HAVOK	T1	740
03196874	HAVOK	T2	76
031968c0	HAVOK	T2	80
03196910	HAVOK	T2	12
0319691c	HAVOK	T1	1336
03196e54	HAVOK	T2	80
03196ea4	HAVOK	T2	72
03196eec	HAVOK	T2	60
03196f28	HAVOK	T2	12
03196f34	HAVOK	T2	60
03196f70	HAVOK	T2	540
0319718c	HAVOK	T2	80
031971dc	HAVOK	T2	12
031971e8	HAVOK	T2	60
03197224	HAVOK	T2	80
03197274	HAVOK	T2	80
031972c4	HAVOK	T2	4
031972c8	HAVOK	T2	72
03197310	HAVOK	T2	12
0319731c	HAVOK	T2	80
0319736c	HAVOK	T2	80
031973bc	HAVOK	T2	60
031973f8	HAVOK	T2	104
03197460	HAVOK	T2	112
031974d0	HAVOK	T2	128
03197550	HAVOK	T2	224
03197630	HAVOK	T2	12
0319763c	HAVOK	T2	76
03197688	HAVOK	T1	1076
03197abc	HAVOK	T2	76
03197b08	HAVOK	T2	84
03197b5c	HAVOK	T2	80
03197bac	HAVOK	T2	4
03197bb0	HAVOK	T2	60
03197bec	HAVOK	T2	100
03197c50	HAVOK	T2	116
03197cc4	HAVOK	T2	220
03197da0	HAVOK	T2	4
03197da4	HAVOK	T2	4
03197da8	HAVOK	T2	12
03197db4	HAVOK	T2	60
03197df0	HAVOK	T1	1836
0319851c	HAVOK	T2	80
0319856c	HAVOK	T2	12
03198578	HAVOK	T1	1016
03198970	HAVOK	T2	80
031989c0	HAVOK	T2	72
03198a08	HAVOK	T2	80
03198a58	HAVOK	T2	4
03198a5c	HAVOK	T2	80
03198aac	HAVOK	T2	4
03198ab0	HAVOK	T2	112
03198b20	HAVOK	T2	60
03198b5c	HAVOK	T2	204
03198c28	HAVOK	T2	276
03198d3c	HAVOK	T2	352
03198e9c	HAVOK	T2	80
03198eec	HAVOK	T2	4
03198ef0	HAVOK	T2	80
03198f40	HAVOK	T2	80
03198f90	HAVOK	T2	4
03198f94	HAVOK	T2	60
03198fd0	HAVOK	T2	80
03199020	HAVOK	T2	4
03199024	HAVOK	T2	80
03199074	HAVOK	T2	52
031990a8	HAVOK	T2	80
031990f8	HAVOK	T2	100
0319915c	HAVOK	T2	196
03199220	HAVOK	T2	96
03199280	HAVOK	T2	12
0319928c	HAVOK	T2	144
0319931c	HAVOK	T2	80
0319936c	HAVOK	T2	80
031993bc	HAVOK	T2	80
0319940c	HAVOK	T2	108
03199478	HAVOK	T2	208
03199548	HAVOK	T2	8
03199550	HAVOK	T2	4
03199554	HAVOK	T2	8
0319955c	HAVOK	T2	8
03199564	HAVOK	T2	8
0319956c	HAVOK	T2	8
03199574	HAVOK	T2	8
0319957c	HAVOK	T2	4
03199580	HAVOK	T2	24
03199598	HAVOK	T2	8
031995a0	HAVOK	T2	8
031995a8	HAVOK	T2	8
031995b0	HAVOK	T2	36
031995d4	HAVOK	T2	36
031995f8	HAVOK	T2	12
03199604	HAVOK	T2	24
0319961c	HAVOK	T2	76
03199624	HAVOK	T2	76
0319962c	HAVOK	T2	160
03199634	HAVOK	T2	12
03199640	HAVOK	T2	12
0319964c	HAVOK	T2	12
03199658	HAVOK	T2	24
03199670	HAVOK	T2	12
0319967c	HAVOK	T2	4
03199680	HAVOK	T2	4
03199684	HAVOK	T2	12
03199690	HAVOK	T2	8
03199698	HAVOK	T2	8
031996a0	HAVOK	T2	8
031996a8	HAVOK	T2	8
031996b0	HAVOK	T2	8
031996b8	HAVOK	T2	8
031996c0	HAVOK	T2	8
031996c8	HAVOK	T2	12
031996d4	HAVOK	T2	8
031996dc	HAVOK	T2	252
031997d8	HAVOK	T2	360
03199940	HAVOK	T2	8
03199948	HAVOK	T2	16
03199958	HAVOK	T2	16
03199968	HAVOK	T2	8
03199970	HAVOK	T2	392
03199af8	HAVOK	T2	180
03199bac	HAVOK	T2	16
03199bbc	HAVOK	T2	16
03199bcc	HAVOK	T2	8
03199bd4	HAVOK	T2	404
03199d68	HAVOK	T2	508
03199f64	HAVOK	T2	500
0319a158	HAVOK	T2	180
0319a760	HAVOK	T2	1196
0319ac10	HAVOK	T2	68
0319ac60	HAVOK	T2	64
0319aca0	HAVOK	T2	64
0319ace0	HAVOK	T2	68
0319ad30	HAVOK	T2	64
0319ad70	HAVOK	T2	64
0319adb0	HAVOK	T2	64
0319adf0	HAVOK	T2	64
0319ae30	HAVOK	T2	64
0319ae70	HAVOK	T2	64
0319aeb0	HAVOK	T2	64
0319aef0	HAVOK	T2	64
0319af30	HAVOK	T2	64
0319af70	HAVOK	T2	64
0319afb0	HAVOK	T2	64
0319aff0	HAVOK	T2	64
0319b030	HAVOK	T2	64
0319b070	HAVOK	T2	64
0319b0b0	HAVOK	T2	64
0319b0f0	HAVOK	T2	64
0319b130	HAVOK	T2	64
0319b170	HAVOK	T2	64
0319b1b0	HAVOK	T2	64
0319b1f0	HAVOK	T2	64
0319b230	HAVOK	T2	64
0319b270	HAVOK	T2	64
0319b2b0	HAVOK	T2	64
0319b2f0	HAVOK	T2	64
0319b330	HAVOK	T2	64
0319b370	HAVOK	T2	64
0319b3b0	HAVOK	T2	64
0319b3f0	HAVOK	T2	64
0319b430	HAVOK	T2	64
0319b470	HAVOK	T2	64
0319b4b0	HAVOK	T2	64
0319b4f0	HAVOK	T2	64
0319b530	HAVOK	T2	64
0319b570	HAVOK	T2	64
0319b5b0	HAVOK	T2	64
0319b5f0	HAVOK	T2	64
0319b630	HAVOK	T2	64
0319b670	HAVOK	T2	64
0319b6b0	HAVOK	T2	64
0319b6f0	HAVOK	T2	64
0319b730	HAVOK	T2	64
0319b770	HAVOK	T2	64
0319b7b0	HAVOK	T2	64
0319b7f0	HAVOK	T2	64
0319b830	HAVOK	T2	64
0319b870	HAVOK	T2	64
0319b8b0	HAVOK	T2	64
0319b8f0	HAVOK	T2	64
0319b930	HAVOK	T2	64
0319b970	HAVOK	T2	64
0319b9b0	HAVOK	T2	64
0319b9f0	HAVOK	T2	4
0319b9f4	HAVOK	T2	4
0319b9f8	HAVOK	T2	4
0319b9fc	HAVOK	T2	4
0319ba00	HAVOK	T2	4
0319ba04	HAVOK	T2	28
0319ba20	HAVOK	T2	84
0319ba74	HAVOK	T2	112
0319bae4	HAVOK	T2	188
0319bba0	HAVOK	T2	128
0319bc24	HAVOK	T2	236
0319bd10	HAVOK	T2	4
0319bd14	HAVOK	T2	4
0319bd18	HAVOK	T2	28
0319bd34	HAVOK	T2	84
0319bd88	HAVOK	T2	112
0319bdf8	HAVOK	T2	188
0319beb4	HAVOK	T2	4
0319beb8	HAVOK	T2	28
0319bed4	HAVOK	T2	84
0319bf28	HAVOK	T2	112
0319bf98	HAVOK	T2	188
0319c054	HAVOK	T2	4
0319c058	HAVOK	T2	4
0319c05c	HAVOK	T2	28
0319c078	HAVOK	T2	84
0319c0cc	HAVOK	T2	112
0319c13c	HAVOK	T2	188
0319c1f8	HAVOK	T2	28
0319c214	HAVOK	T2	84
0319c268	HAVOK	T2	112
0319c2d8	HAVOK	T2	188
0319c394	HAVOK	T2	4
0319c398	HAVOK	T2	28
0319c3b4	HAVOK	T2	84
0319c408	HAVOK	T2	112
0319c478	HAVOK	T2	188
0319c534	HAVOK	T2	4
0319c538	HAVOK	T2	4
0319c53c	HAVOK	T2	28
0319c558	HAVOK	T2	84
0319c5ac	HAVOK	T2	112
0319c61c	HAVOK	T2	188
0319c6d8	HAVOK	T2	4
0319c6dc	HAVOK	T2	4
0319c6e0	HAVOK	T2	4
0319c6e4	HAVOK	T2	28
0319c700	HAVOK	T2	84
0319c754	HAVOK	T2	112
0319c7c4	HAVOK	T2	188
0319c880	HAVOK	T2	4
0319c884	HAVOK	T2	4
0319c888	HAVOK	T2	4
0319c88c	HAVOK	T2	4
0319c890	HAVOK	T2	4
0319c894	HAVOK	T2	4
0319c898	HAVOK	T2	32
0319c8b8	HAVOK	T2	20
0319c8d0	HAVOK	T2	8
0319c8d8	HAVOK	T2	112
0319c948	HAVOK	T2	112
0319c9b8	HAVOK	T2	92
0319ca14	HAVOK	T2	92
0319ca70	HAVOK	T2	324
0319cab8	HAVOK	T2	96
0319cb18	HAVOK	T2	140
0319ccac	HAVOK	T2	264
0319cdb4	HAVOK	T2	180
0319ce68	HAVOK	T2	8
0319ce70	HAVOK	T2	88
0319cec8	HAVOK	T2	196
0319cf8c	HAVOK	T2	192
0319d04c	HAVOK	T2	180
0319d100	HAVOK	T2	8
0319d108	HAVOK	T2	44
0319d134	HAVOK	T2	36
0319d158	HAVOK	T2	132
0319d1dc	HAVOK	T2	40
0319d204	HAVOK	T2	664
0319d49c	HAVOK	T2	600
0319d6f4	HAVOK	T2	48
0319d724	HAVOK	T2	48
0319d754	HAVOK	T2	284
0319d870	HAVOK	T2	436
0319da24	HAVOK	T2	180
0319db1c	HAVOK	T2	976
0319dfc8	HAVOK	T2	80
0319e018	HAVOK	T2	184
0319e0d0	HAVOK	T2	180
0319e184	HAVOK	T2	96
0319e1e4	HAVOK	T2	180
0319e298	HAVOK	T2	180
0319e34c	HAVOK	T2	28
0319e368	HAVOK	T2	40
0319e390	HAVOK	T2	96
0319e3f0	HAVOK	T2	8
0319e3f8	HAVOK	T2	12
0319e404	HAVOK	T2	8
0319e40c	HAVOK	T2	12
0319e418	HAVOK	T2	496
0319e608	HAVOK	T2	56
0319e640	HAVOK	T2	88
0319e698	HAVOK	T2	36
0319e6bc	HAVOK	T2	36
0319e6e0	HAVOK	T2	420
0319e888	HAVOK	T2	328
0319e9d0	HAVOK	T2	384
0319eb50	HAVOK	T2	336
0319eca0	HAVOK	T2	180
0319ed54	HAVOK	T2	8
0319ed5c	HAVOK	T2	360
0319eec4	HAVOK	T2	100
0319ef28	HAVOK	T2	84
0319ef7c	HAVOK	T2	16
0319ef8c	HAVOK	T1	2640
0319f9dc	HAVOK	T2	48
0319fa0c	HAVOK	T2	8
0319fa14	HAVOK	T2	116
0319fa88	HAVOK	T2	20
0319fa9c	HAVOK	T2	240
0319fb8c	HAVOK	T2	8
0319fb94	HAVOK	T2	48
0319fbc4	HAVOK	T2	348
0319fbe4	HAVOK	T2	188
0319fca0	HAVOK	T2	160
0319fd40	HAVOK	T2	12
0319fd4c	HAVOK	T2	8
0319fd54	HAVOK	T2	324
0319ffdc	HAVOK	T2	332
031a0128	HAVOK	T2	476
031a0304	HAVOK	T2	368
031a0480	HAVOK	T2	80
031a04d0	HAVOK	T2	1492
031a0aa4	HAVOK	T2	84
031a0af8	HAVOK	T2	120
031a0b70	HAVOK	T2	1352
031a10b8	HAVOK	T2	140
031a1144	HAVOK	T2	164
031a11e8	HAVOK	T2	248
031a12e0	HAVOK	T2	16
031a12f0	HAVOK	T2	16
031a1300	HAVOK	T2	16
031a1310	HAVOK	T2	16
031a1320	HAVOK	T2	412
031a14c0	HAVOK	T2	316
031a15fc	HAVOK	T2	120
031a1674	HAVOK	T2	80
031a16c4	HAVOK	T2	288
031a17e4	HAVOK	T2	88
031a183c	HAVOK	T2	448
031a1a00	HAVOK	T2	400
031a1b90	HAVOK	T2	200
031a1c58	HAVOK	T2	108
031a1cc4	HAVOK	T2	180
031a1d78	HAVOK	T2	164
031a1e1c	HAVOK	T2	144
031a1eac	HAVOK	T2	120
031a1f24	HAVOK	T2	268
031a2030	HAVOK	T2	44
031a205c	HAVOK	T2	76
031a20a8	HAVOK	T2	16
031a20b8	HAVOK	T2	16
031a20c8	HAVOK	T2	1728
031a20d8	HAVOK	T2	1732
031a20e8	HAVOK	T2	48
031a2118	HAVOK	T2	640
031a2398	HAVOK	T2	468
031a256c	HAVOK	T2	48
031a259c	HAVOK	T2	264
031a26a4	HAVOK	T2	324
031a354c	HAVOK	T2	8008
031a54e8	HAVOK	T2	52
031a551c	HAVOK	T2	28
031a5538	HAVOK	T2	340
031a568c	HAVOK	T2	8
031a5694	HAVOK	T2	12
031a56a0	HAVOK	T2	8
031a56a8	HAVOK	T2	16
031a56b8	HAVOK	T2	12
031a56c4	HAVOK	T2	8
031a56cc	HAVOK	T2	8
031a56d4	HAVOK	T2	8
031a56dc	HAVOK	T2	8
031a56e4	HAVOK	T2	8
031a56ec	HAVOK	T2	8
031a56f4	HAVOK	T2	4
031a56f8	HAVOK	T2	152
031a5790	HAVOK	T2	76
031a57dc	HAVOK	T2	280
031a58f8	HAVOK	T2	192
031a59b8	HAVOK	T2	300
031a5ae4	HAVOK	T2	52
031a5b18	HAVOK	T2	200
031a5be0	HAVOK	T2	28
031a5c00	HAVOK	T2	508
031a5dfc	HAVOK	T2	16
031a5e0c	HAVOK	T2	16
031a5e1c	HAVOK	T2	16
031a5e2c	HAVOK	T2	16
031a5e3c	HAVOK	T2	16
031a5e4c	HAVOK	T2	256
031a5f4c	HAVOK	T2	180
031a6000	HAVOK	T2	8
031a6008	HAVOK	T2	4
031a600c	HAVOK	T2	4
031a6010	HAVOK	T2	12
031a601c	HAVOK	T2	8
031a6024	HAVOK	T2	28
031a6040	HAVOK	T2	56
031a6078	HAVOK	T2	64
031a60b8	HAVOK	T2	104
031a6120	HAVOK	T2	168
031a61d4	HAVOK	T2	128
031a6254	HAVOK	T2	100
031a62b8	HAVOK	T2	572
031a64f4	HAVOK	T2	592
031a6744	HAVOK	T2	108
031a67e0	HAVOK	T2	204
031a68ac	HAVOK	T2	116
031a6920	HAVOK	T2	52
031a6954	HAVOK	T2	340
031a6ab0	HAVOK	T2	208
031a6b80	HAVOK	T1	356
031a6cf0	HAVOK	T2	32
031a6d14	HAVOK	T2	8
031a6d1c	HAVOK	T2	1144
031a7194	HAVOK	T2	1108
031a75f0	HAVOK	T2	180
031a76a4	HAVOK	T2	264
031a77ac	HAVOK	T2	204
031a7878	HAVOK	T2	160
031a7918	HAVOK	T2	248
031a7a10	HAVOK	T2	484
031a7bf4	HAVOK	T2	280
031a7d0c	HAVOK	T2	1440
031a82ac	HAVOK	T2	1128
031a8714	HAVOK	T2	208
031a87e4	HAVOK	T2	148
031a8878	HAVOK	T2	228
031a895c	HAVOK	T2	200
031a8a24	HAVOK	T2	68
031a8a68	HAVOK	T2	100
031a8acc	HAVOK	T2	140
031a8b58	HAVOK	T2	404
031a8cec	HAVOK	T2	16
031a8cfc	HAVOK	T2	60
031a8d38	HAVOK	T2	404
031a8ecc	HAVOK	T2	16
031a8edc	HAVOK	T2	96
031a8f3c	HAVOK	T2	404
031a90d0	HAVOK	T2	16
031a90e0	HAVOK	T2	152
031a9178	HAVOK	T2	404
031a930c	HAVOK	T2	16
031a931c	HAVOK	T2	316
031a9458	HAVOK	T2	404
031a95ec	HAVOK	T2	16
031a95fc	HAVOK	T2	120
031a9674	HAVOK	T2	404
031a9808	HAVOK	T2	16
031a9818	HAVOK	T2	188
031a98d4	HAVOK	T2	404
031a9a68	HAVOK	T2	16
031a9a78	HAVOK	T2	240
031a9b68	HAVOK	T2	404
031a9cfc	HAVOK	T2	16
031a9d0c	HAVOK	T2	156
031a9da8	HAVOK	T2	404
031a9f3c	HAVOK	T2	16
031a9f4c	HAVOK	T2	180
031aa000	HAVOK	T2	404
031aa194	HAVOK	T2	16
031aa1a4	HAVOK	T2	160
031aa244	HAVOK	T2	404
031aa3d8	HAVOK	T2	16
031aa3e8	HAVOK	T2	80
031aa438	HAVOK	T2	404
031aa5cc	HAVOK	T2	16
031aa5dc	HAVOK	T2	92
031aa638	HAVOK	T2	404
031aa7cc	HAVOK	T2	16
031aa7dc	HAVOK	T2	92
031aa838	HAVOK	T2	404
031aa9cc	HAVOK	T2	16
031aa9dc	HAVOK	T2	388
031aab60	HAVOK	T2	404
031aacf4	HAVOK	T2	16
031aad04	HAVOK	T2	164
031aada8	HAVOK	T2	404
031aaf3c	HAVOK	T2	16
031aaf4c	HAVOK	T2	564
031ab180	HAVOK	T2	404
031ab314	HAVOK	T2	124
031ab390	HAVOK	T2	520
031ab598	HAVOK	T2	836
031ab8dc	HAVOK	T2	180
031ab990	HAVOK	T2	296
031abab8	HAVOK	T2	52
031abaec	HAVOK	T2	404
031abc80	HAVOK	T2	116
031abcf4	HAVOK	T2	592
031abf44	HAVOK	T2	304
031ac074	HAVOK	T2	180
031ac128	HAVOK	T2	296
031ac250	HAVOK	T2	52
031ac284	HAVOK	T2	404
031ac418	HAVOK	T2	16
031ac428	HAVOK	T2	688
031ac6d8	HAVOK	T2	404
031ac86c	HAVOK	T2	16
031ac87c	HAVOK	T2	160
031ac91c	HAVOK	T2	404
031acab0	HAVOK	T2	16
031acac0	HAVOK	T2	132
031acb44	HAVOK	T2	404
031accd8	HAVOK	T2	16
031acce8	HAVOK	T2	108
031acd64	HAVOK	T2	404
031acef8	HAVOK	T2	116
031acf6c	HAVOK	T2	400
031ad0fc	HAVOK	T2	252
031ad1f8	HAVOK	T2	180
031ad2ac	HAVOK	T2	296
031ad3d4	HAVOK	T2	52
031ad408	HAVOK	T2	404
031ad59c	HAVOK	T2	16
031ad5ac	HAVOK	T2	156
031ad648	HAVOK	T2	72
031ad690	HAVOK	T2	368
031ad800	HAVOK	T2	368
031ad970	HAVOK	T2	184
031ada28	HAVOK	T2	296
031adb50	HAVOK	T2	368
031adcc0	HAVOK	T2	252
031addbc	HAVOK	T2	116
031ade30	HAVOK	T2	2184
031ae6b8	HAVOK	T2	68
031ae6fc	HAVOK	T2	100
031ae760	HAVOK	T2	232
031ae850	HAVOK	T2	2032
031af040	HAVOK	T2	604
031af29c	HAVOK	T2	72
031af300	HAVOK	T2	32
031af320	HAVOK	T1	1948
031afac0	HAVOK	T2	192
031afb80	HAVOK	T2	76
031afbe4	HAVOK	T2	16
031afbf4	HAVOK	T2	12
031afc00	HAVOK	T2	68
031afc50	HAVOK	T2	428
031afe00	HAVOK	T2	80
031afe50	HAVOK	T2	1788
031b054c	HAVOK	T2	168
031b0600	HAVOK	T2	1720
031b0b6c	HAVOK	T2	572
031b0ef4	HAVOK	T2	4352
031b1ff4	HAVOK	T2	16
031b2004	HAVOK	T2	12
031b2010	HAVOK	T2	216
031b20e8	HAVOK	T2	84
031b2140	HAVOK	T2	80
031b2190	HAVOK	T2	1712
031b2840	HAVOK	T2	848
031b2b90	HAVOK	T2	1396
031b3104	HAVOK	T2	16
031b3114	HAVOK	T2	12
031b3120	HAVOK	T2	368
031b3290	HAVOK	T2	80
031b32e0	HAVOK	T2	12
031b32ec	HAVOK	T2	104
031b3360	HAVOK	T2	104
031b33c8	HAVOK	T2	168
031b3470	HAVOK	T2	232
031b3558	HAVOK	T2	16
031b3568	HAVOK	T2	12
031b3580	HAVOK	T2	280
031b36a0	HAVOK	T2	1208
031b3b60	HAVOK	T2	120
031b3c30	HAVOK	T2	292
031b3d60	HAVOK	T2	80
031b5388	HAVOK	T2	168
031b5430	HAVOK	T2	84
031b5484	HAVOK	T2	88
031b54dc	HAVOK	T2	24
031b54f4	HAVOK	T2	28
031b5510	HAVOK	T2	28
031b552c	HAVOK	T2	24
031b5544	HAVOK	T2	24
031b555c	HAVOK	T2	24
031b5574	HAVOK	T2	48
031b55a4	HAVOK	T2	68
031b55e8	HAVOK	T2	80
031b5638	HAVOK	T2	264
031b5740	HAVOK	T2	72
031b5788	HAVOK	T2	24
031b57a0	HAVOK	T2	5700
031b580c	HAVOK	T2	604
031b5a68	HAVOK	T2	60
031b5aa4	HAVOK	T2	60
031b5ae0	HAVOK	T2	80
031b5b30	HAVOK	T2	72
031b5b78	HAVOK	T2	80
031b5bd0	HAVOK	T2	64
031b5c10	HAVOK	T2	64
031b5c50	HAVOK	T2	64
031b5c90	HAVOK	T2	64
031b5cd0	HAVOK	T2	64
031b5d10	HAVOK	T2	64
031b5d50	HAVOK	T2	4
031b5d54	HAVOK	T2	44
031b5d80	HAVOK	T2	96
031b5de0	HAVOK	T2	136
031b5e68	HAVOK	T2	80
031b5ec0	HAVOK	T2	140
031b5f4c	HAVOK	T2	52
031b5f80	HAVOK	T2	100
031b5fe4	HAVOK	T2	200
031b60ac	HAVOK	T2	28
031b60c8	HAVOK	T2	20
031b60dc	HAVOK	T2	200
031b61a4	HAVOK	T2	644
031b6428	HAVOK	T2	436
031b65dc	HAVOK	T2	864
031b693c	HAVOK	T2	916
031b6cd0	HAVOK	T2	852
031b7024	HAVOK	T2	748
031b7310	HAVOK	T2	320
031b7450	HAVOK	T2	12
031b745c	HAVOK	T2	44
031b7488	HAVOK	T2	12
031b7494	HAVOK	T2	44
031b74c0	HAVOK	T2	12
031b74cc	HAVOK	T2	12
031b74d8	HAVOK	T2	12
031b74e4	HAVOK	T2	12
031b74f0	HAVOK	T2	12
031b74fc	HAVOK	T2	100
031b7560	HAVOK	T2	12
031b756c	HAVOK	T2	12
031b7578	HAVOK	T2	12
031b7584	HAVOK	T2	12
031b7590	HAVOK	T2	12
031b759c	HAVOK	T2	12
031b75a8	HAVOK	T2	12
031b75b4	HAVOK	T2	44
031b75e0	HAVOK	T2	12
031b75ec	HAVOK	T2	48
031b761c	HAVOK	T2	12
031b7628	HAVOK	T2	40
031b7650	HAVOK	T2	12
031b765c	HAVOK	T2	12
031b7668	HAVOK	T2	12
031b7674	HAVOK	T2	12
031b7680	HAVOK	T2	12
031b768c	HAVOK	T2	12
031b7698	HAVOK	T2	12
031b76a4	HAVOK	T2	12
031b76b0	HAVOK	T2	12
031b76bc	HAVOK	T2	8
031b76c4	HAVOK	T2	4
031b76c8	HAVOK	T2	4
031b76d0	HAVOK	T2	80
031b7720	HAVOK	T1	804
031b7a44	HAVOK	T2	176
031b7af4	HAVOK	T2	116
031b7b68	HAVOK	T2	380
031b7ce4	HAVOK	T2	180
031b7d98	HAVOK	T2	8
031b7da0	HAVOK	T2	24
031b7dc0	HAVOK	T2	96
031b7e20	HAVOK	T2	56
031b7e60	HAVOK	T2	84
031b7ec0	HAVOK	T2	116
031b7f34	HAVOK	T2	16
031b7f44	HAVOK	T2	96
031b7fa4	HAVOK	T2	4
031b7fa8	HAVOK	T2	100
031b800c	HAVOK	T2	116
031b8080	HAVOK	T2	84
031b80d4	HAVOK	T2	60
031b8110	HAVOK	T2	68
031b8154	HAVOK	T2	4
031b8160	HAVOK	T2	260
031b8264	HAVOK	T2	80
031b82b4	HAVOK	T2	188
031b8370	HAVOK	T2	180
031b8424	HAVOK	T2	156
031b84c0	HAVOK	T2	200
031b8588	HAVOK	T2	228
031b866c	HAVOK	T2	200
031b8734	HAVOK	T2	224
031b8814	HAVOK	T2	176
031b88c4	HAVOK	T2	176
031b8974	HAVOK	T2	172
031b8a20	HAVOK	T2	172
031b8acc	HAVOK	T2	172
031b8b78	HAVOK	T2	172
031b8c24	HAVOK	T2	172
031b8cd0	HAVOK	T2	172
031b8d7c	HAVOK	T2	156
031b8e18	HAVOK	T2	252
031b8f14	HAVOK	T2	156
031b8fb0	HAVOK	T2	200
031b9078	HAVOK	T2	224
031b9158	HAVOK	T2	208
031b9228	HAVOK	T2	248
031b9320	HAVOK	T2	224
031b9400	HAVOK	T2	200
031b94c8	HAVOK	T2	208
031b9598	HAVOK	T2	200
031b9660	HAVOK	T2	208
031b9730	HAVOK	T2	224
031b9810	HAVOK	T2	224
031b98f0	HAVOK	T2	208
031b99c0	HAVOK	T2	160
031b9a60	HAVOK	T2	216
031b9b38	HAVOK	T2	224
031b9c18	HAVOK	T2	232
031b9d00	HAVOK	T2	200
031b9dc8	HAVOK	T2	208
031b9e98	HAVOK	T2	224
031b9f78	HAVOK	T2	8
031b9f80	HAVOK	T2	24
031b9fa0	HAVOK	T2	96
031ba000	HAVOK	T2	84
031ba060	HAVOK	T2	196
031ba130	HAVOK	T2	100
031ba194	HAVOK	T2	8
031ba19c	HAVOK	T2	20
031ba1b0	HAVOK	T2	8
031ba1b8	HAVOK	T2	96
031ba218	HAVOK	T2	8
031ba220	HAVOK	T2	40
031ba248	HAVOK	T2	348
031ba3a4	HAVOK	T2	48
031ba3d4	HAVOK	T2	120
031ba44c	HAVOK	T2	200
031ba510	HAVOK	T2	144
031ba5a0	HAVOK	T2	916
031ba940	HAVOK	T2	240
031baa30	HAVOK	T2	272
031bab40	HAVOK	T2	160
031babe0	HAVOK	T2	1232
031bb0b0	HAVOK	T2	160
031bb150	HAVOK	T2	52
031bb190	HAVOK	T2	56
031bb1d0	HAVOK	T2	280
031bb2f0	HAVOK	T2	944
031bb6a0	HAVOK	T2	4100
031bc6b0	HAVOK	T2	1544
031bccb8	HAVOK	T2	112
031bcd28	HAVOK	T2	388
031bceac	HAVOK	T2	100
031bcf10	HAVOK	T1	116
031bcf84	HAVOK	T1	292
031bd0a8	HAVOK	T1	88
031bd100	HAVOK	T1	212
031bd1d4	HAVOK	T1	436
031bd388	HAVOK	T1	104
031bd3f0	HAVOK	T1	380
031bd56c	HAVOK	T2	108
031bd5d8	HAVOK	T2	548
031bd7fc	HAVOK	T2	292
031bd920	HAVOK	T2	180
031bd9d4	HAVOK	T2	440
031bdb8c	HAVOK	T2	272
031bdc9c	HAVOK	T2	24
031bdcb4	HAVOK	T2	8
031bdcbc	HAVOK	T2	20
031bdcd0	HAVOK	T2	784
031bdfe4	HAVOK	T2	136
031be06c	HAVOK	T2	8
031be080	HAVOK	T2	240
031be170	HAVOK	T2	28
031be18c	HAVOK	T2	20
031be1a4	HAVOK	T2	360
031be30c	HAVOK	T2	196
031be3d0	HAVOK	T2	256
031be4d0	HAVOK	T2	112
031be540	HAVOK	T2	328
031be688	HAVOK	T2	312
031be7c0	HAVOK	T2	752
031beab0	HAVOK	T2	472
031bec88	HAVOK	T2	1444
031bf22c	HAVOK	T2	732
031bf508	HAVOK	T2	28
031bf524	HAVOK	T2	64
031bf564	HAVOK	T2	244
031bf658	HAVOK	T2	468
031bf82c	HAVOK	T2	368
031bf99c	HAVOK	T2	44
031bf9c8	HAVOK	T2	120
031bfa40	HAVOK	T2	96
031bfaa0	HAVOK	T2	92
031bfafc	HAVOK	T2	284
031bfc18	HAVOK	T2	192
031bfcd8	HAVOK	T2	200
031bfda0	HAVOK	T2	344
031bfef8	HAVOK	T2	164
031bff9c	HAVOK	T2	32
031bffbc	HAVOK	T2	136
031c0044	HAVOK	T2	28
031c0060	HAVOK	T2	280
031c0178	HAVOK	T2	400
031c0308	HAVOK	T2	224
031c03e8	HAVOK	T2	20
031c03fc	HAVOK	T2	1104
031c084c	HAVOK	T2	580
031c0a90	HAVOK	T2	144
031c0b20	HAVOK	T2	24
031c0b38	HAVOK	T2	4
031c0b3c	HAVOK	T2	200
031c0c04	HAVOK	T2	4
031c0c08	HAVOK	T2	4
031c0c0c	HAVOK	T2	200
031c0cd4	HAVOK	T2	4
031c0cd8	HAVOK	T2	4
031c0ce0	HAVOK	T2	124
031c0d5c	HAVOK	T2	56
031c0d94	HAVOK	T2	364
031c0f00	HAVOK	T2	164
031c0fa4	HAVOK	T2	524
031c11b0	HAVOK	T2	1188
031c1654	HAVOK	T2	616
031c18bc	HAVOK	T2	1432
031c1e54	HAVOK	T2	636
031c20d0	HAVOK	T1	296
031c21f8	HAVOK	T1	296
031c2320	HAVOK	T2	20
031c2334	HAVOK	T1	756
031c2628	HAVOK	T2	88
031c2680	HAVOK	T1	312
031c27b8	HAVOK	T2	36
031c27dc	HAVOK	T1	568
031c2a14	HAVOK	T2	340
031c2b68	HAVOK	T2	36
031c2b90	HAVOK	T2	168
031c2c38	HAVOK	T2	4
031c2c3c	HAVOK	T2	244
031c2d30	HAVOK	T2	156
031c2dcc	HAVOK	T2	160
031c2e6c	HAVOK	T2	212
031c2f40	HAVOK	T2	208
031c3010	HAVOK	T2	80
031c3060	HAVOK	T2	160
031c3100	HAVOK	T2	28
031c311c	HAVOK	T2	208
031c31ec	HAVOK	T2	120
031c3264	HAVOK	T2	56
031c329c	HAVOK	T2	452
031c3460	HAVOK	T2	112
031c34d0	HAVOK	T2	100
031c3534	HAVOK	T1	1352
031c3a7c	HAVOK	T2	468
031c3c50	HAVOK	T2	140
031c3cdc	HAVOK	T2	24
031c3cf4	HAVOK	T2	376
031c3e6c	HAVOK	T2	240
031c3f5c	HAVOK	T2	72
031c3fa4	HAVOK	T2	124
031c4020	HAVOK	T2	40
031c4048	HAVOK	T2	128
031c40c8	HAVOK	T2	36
031c40ec	HAVOK	T2	56
031c4124	HAVOK	T2	44
031c4150	HAVOK	T2	88
031c41a8	HAVOK	T2	132
031c422c	HAVOK	T2	80
031c4280	HAVOK	T2	80
031c42d0	HAVOK	T2	108
031c433c	HAVOK	T2	88
031c4394	HAVOK	T2	328
031c44dc	HAVOK	T2	140
031c4568	HAVOK	T2	12
031c4574	HAVOK	T2	16
031c4584	HAVOK	T2	340
031c46e0	HAVOK	T2	44
031c4710	HAVOK	T2	28
031c4730	HAVOK	T2	56
031c4770	HAVOK	T2	108
031c47e0	HAVOK	T2	108
031c4850	HAVOK	T2	4
031c4860	HAVOK	T2	8
031c4870	HAVOK	T2	104
031c48e0	HAVOK	T2	28
031c4900	HAVOK	T2	20
031c4920	HAVOK	T2	28
031c4940	HAVOK	T2	12
031c4950	HAVOK	T2	12
031c4960	HAVOK	T2	8
031c4970	HAVOK	T2	4
031c4980	HAVOK	T2	4
031c4990	HAVOK	T2	100
031c4a00	HAVOK	T2	8
031c4a10	HAVOK	T2	200
031c4ae0	HAVOK	T2	12
031c4af0	HAVOK	T2	8
031c4b00	HAVOK	T2	8
031c4b10	HAVOK	T2	8
031c4b20	HAVOK	T2	52
031c4be0	HAVOK	T2	48
031c4c10	HAVOK	T2	112
031c4c80	HAVOK	T2	104
031c4ce8	HAVOK	T2	84
031c4d3c	HAVOK	T2	32
031c4d5c	HAVOK	T2	32
031c4d7c	HAVOK	T2	100
031c4de0	HAVOK	T2	28
031c4dfc	HAVOK	T2	40
031c4e24	HAVOK	T2	44
031c4e50	HAVOK	T2	60
031c4e8c	HAVOK	T2	48
031c4ebc	HAVOK	T2	116
031c4f40	HAVOK	T2	148
031c4fd4	HAVOK	T2	256
031c50d4	HAVOK	T2	80
031c5124	HAVOK	T2	160
031c51c4	HAVOK	T2	32
031c521c	HAVOK	T2	8
031c5224	HAVOK	T2	436
031c53d8	HAVOK	T2	104
031c5440	HAVOK	T2	192
031c5500	HAVOK	T2	104
031c5568	HAVOK	T2	136
031c55f0	HAVOK	T2	40
031c5618	HAVOK	T2	764
031c5914	HAVOK	T2	708
031c5bd8	HAVOK	T2	124
031c5c54	HAVOK	T2	68
031c5c98	HAVOK	T2	116
031c5d0c	HAVOK	T2	64
031c5d4c	HAVOK	T2	108
031c5db8	HAVOK	T2	328
031c5f00	HAVOK	T2	152
031c5f98	HAVOK	T2	636
031c638c	HAVOK	T2	932
031c6730	HAVOK	T2	220
031c680c	HAVOK	T2	4
031c6810	HAVOK	T2	188
031c68cc	HAVOK	T2	68
031c6910	HAVOK	T2	180
031c69c4	HAVOK	T2	592
031c6c14	HAVOK	T1	356
031c6d80	HAVOK	T1	908
031c7110	HAVOK	T2	68
031c7160	HAVOK	T2	68
031c71b0	HAVOK	T2	64
031c71f0	HAVOK	T2	68
031c7240	HAVOK	T2	64
031c7280	HAVOK	T2	64
031c72c0	HAVOK	T2	68
031c7310	HAVOK	T2	64
031c7350	HAVOK	T2	68
031c73f0	HAVOK	T2	128
031c7470	HAVOK	T1	328
031c75b8	HAVOK	T2	96
031c7620	HAVOK	T1	428
031c77d0	HAVOK	T1	388
031c7954	HAVOK	T2	64
031c7994	HAVOK	T2	140
031c7a20	HAVOK	T2	36
031c7a44	HAVOK	T2	16
031c7a54	HAVOK	T2	184
031c7b0c	HAVOK	T2	144
031c7b9c	HAVOK	T2	156
031c7c38	HAVOK	T2	288
031c7d58	HAVOK	T2	324
031c7e9c	HAVOK	T2	292
031c7fc0	HAVOK	T2	32
031c7fe0	HAVOK	T2	328
031c81e0	HAVOK	T2	116
031c8254	HAVOK	T2	228
031c8338	HAVOK	T2	140
031c83c4	HAVOK	T2	12
031c83d0	HAVOK	T2	288
031c84f0	HAVOK	T2	20
031c8504	HAVOK	T2	156
031c85a0	HAVOK	T2	76
031c85f0	HAVOK	T2	20
031c8610	HAVOK	T2	52
031c8650	HAVOK	T2	32
031c8670	HAVOK	T2	888
031c89f0	HAVOK	T2	132
031c8a80	HAVOK	T2	32
031c8aa0	HAVOK	T2	136
031c8b30	HAVOK	T2	188
031c8bec	HAVOK	T1	572
031c8e30	HAVOK	T2	20
031c8e50	HAVOK	T2	32
031c8e70	HAVOK	T2	4
031c8e80	HAVOK	T2	12
031c8e90	HAVOK	T2	52
031c8ed0	HAVOK	T2	24
031c8ef0	HAVOK	T2	8
031c8f00	HAVOK	T2	8
031c8f10	HAVOK	T2	4
031c8f20	HAVOK	T2	8
031c8f30	HAVOK	T2	4
031c8f40	HAVOK	T2	4
031c8f50	HAVOK	T2	48
031c8f80	HAVOK	T2	56
031c8fc0	HAVOK	T2	4
031c8fd0	HAVOK	T2	8
031c8fe0	HAVOK	T2	88
031c9038	HAVOK	T2	88
031c9090	HAVOK	T2	308
031c91c4	HAVOK	T2	72
031c920c	HAVOK	T2	80
031c925c	HAVOK	T2	60
031c9298	HAVOK	T2	88
031c92f0	HAVOK	T2	148
031c9384	HAVOK	T2	88
031c93dc	HAVOK	T2	1180
031c9878	HAVOK	T2	984
031c9c50	HAVOK	T2	68
031c9ca0	HAVOK	T2	68
031c9ce4	HAVOK	T2	444
031c9ea0	HAVOK	T2	60
031c9ee0	HAVOK	T2	68
031c9f24	HAVOK	T2	156
031c9fc0	HAVOK	T2	172
031ca06c	HAVOK	T2	212
031ca140	HAVOK	T2	40
031ca168	HAVOK	T2	220
031ca244	HAVOK	T2	216
031ca320	HAVOK	T2	68
031ca370	HAVOK	T2	68
031ca3b4	HAVOK	T2	92
031ca410	HAVOK	T2	136
031ca498	HAVOK	T2	220
031ca574	HAVOK	T2	404
031ca708	HAVOK	T2	108
031ca774	HAVOK	T2	240
031ca864	HAVOK	T2	248
031ca95c	HAVOK	T2	308
031caa90	HAVOK	T2	100
031caaf4	HAVOK	T2	96
031cab54	HAVOK	T2	100
031cabb8	HAVOK	T2	284
031cacd4	HAVOK	T2	60
031cad10	HAVOK	T2	80
031cad60	HAVOK	T2	164
031cae04	HAVOK	T2	604
031cb060	HAVOK	T2	888
031cb3d8	HAVOK	T2	940
031cb790	HAVOK	T2	2044
031cbf90	HAVOK	T2	292
031cc0b4	HAVOK	T2	260
031cc1b8	HAVOK	T2	224
031cc2a0	HAVOK	T2	68
031cc2f0	HAVOK	T2	68
031cc340	HAVOK	T2	68
031cc384	HAVOK	T2	40
031cc3ac	HAVOK	T2	80
031cc3fc	HAVOK	T2	44
031cc428	HAVOK	T2	52
031cc45c	HAVOK	T2	88
031cc4b4	HAVOK	T2	136
031cc53c	HAVOK	T2	128
031cc5bc	HAVOK	T2	124
031cc638	HAVOK	T2	124
031cc6c0	HAVOK	T2	1868
031cce10	HAVOK	T2	340
031ccf64	HAVOK	T2	28
031ccf80	HAVOK	T2	140
031cd00c	HAVOK	T2	72
031cd054	HAVOK	T2	28
031cd070	HAVOK	T2	184
031cd128	HAVOK	T2	84
031cd17c	HAVOK	T2	84
031cd1d0	HAVOK	T2	172
031cd27c	HAVOK	T2	688
031cd52c	HAVOK	T2	224
031cd60c	HAVOK	T2	172
031cd6b8	HAVOK	T2	652
031cd944	HAVOK	T2	152
031cd9dc	HAVOK	T2	628
031cdc50	HAVOK	T2	164
031cdcf4	HAVOK	T2	772
031cdff8	HAVOK	T2	40
031ce020	HAVOK	T2	500
031ce214	HAVOK	T2	112
031ce290	HAVOK	T2	240
031ce380	HAVOK	T2	292
031ce4a4	HAVOK	T2	128
031ce524	HAVOK	T2	132
031ce5a8	HAVOK	T2	172
031ce670	HAVOK	T2	724
031ce944	HAVOK	T2	428
031ceaf0	HAVOK	T2	768
031cedf0	HAVOK	T2	88
031cee48	HAVOK	T1	452
031cf00c	HAVOK	T2	4
031cf010	HAVOK	T2	4
031cf014	HAVOK	T2	8
031cf01c	HAVOK	T2	16
031cf02c	HAVOK	T2	4
031cf034	HAVOK	T2	148
031cf0c8	HAVOK	T2	92
031cf124	HAVOK	T2	108
031cf190	HAVOK	T1	180
031cf244	HAVOK	T1	148
031cf2d8	HAVOK	T1	144
031cf368	HAVOK	T1	152
031cf400	HAVOK	T2	104
031cf470	HAVOK	T2	148
031cf510	HAVOK	T2	148
031cf5b0	HAVOK	T2	132
031cf640	HAVOK	T2	152
031cf6e0	HAVOK	T2	168
031cf788	HAVOK	T2	28
031cf7a8	HAVOK	T2	104
031cf810	HAVOK	T2	36
031cf864	HAVOK	T2	68
031cf8a8	HAVOK	T2	8
031cf8b0	HAVOK	T2	32
031cf8d0	HAVOK	T2	4
031cf8d4	HAVOK	T2	144
031cf964	HAVOK	T2	144
031cf9f4	HAVOK	T2	152
031cfa8c	HAVOK	T2	128
031cfb0c	HAVOK	T2	144
031cfb9c	HAVOK	T2	4
031cfba0	HAVOK	T2	144
031cfc30	HAVOK	T2	144
031cfcc0	HAVOK	T2	152
031cfd58	HAVOK	T2	128
031cfdd8	HAVOK	T2	144
031cfe70	HAVOK	T2	44
031cfea0	HAVOK	T2	132
031cff30	HAVOK	T2	184
031cfff0	HAVOK	T2	116
031d0064	HAVOK	T2	1972
031d0818	HAVOK	T2	616
031d0a80	HAVOK	T2	660
031d0d14	HAVOK	T2	8
031d0d1c	HAVOK	T2	4
031d0d20	HAVOK	T2	8
031d0d28	HAVOK	T2	100
031d0d8c	HAVOK	T2	8
031d0d94	HAVOK	T2	56
031d0dcc	HAVOK	T2	56
031d0e04	HAVOK	T2	40
031d0e2c	HAVOK	T2	40
031d0e54	HAVOK	T2	352
031d0fb4	HAVOK	T2	76
031d1000	HAVOK	T2	140
031d108c	HAVOK	T2	68
031d10d0	HAVOK	T2	376
031d1248	HAVOK	T2	752
031d1538	HAVOK	T2	172
031d15e4	HAVOK	T2	692
031d1898	HAVOK	T2	328
031d19e0	HAVOK	T2	576
031d1b30	HAVOK	T2	24
031d1b48	HAVOK	T2	28
031d1b64	HAVOK	T2	216
031d1c3c	HAVOK	T2	8
031d1c44	HAVOK	T2	236
031d1d30	HAVOK	T2	8
031d1d38	HAVOK	T2	68
031d1d7c	HAVOK	T2	68
031d1dc0	HAVOK	T2	8
031d1dc8	HAVOK	T2	8
031d1dd0	HAVOK	T2	216
031d1ea8	HAVOK	T2	8
031d1eb0	HAVOK	T2	8
031d1fb0	HAVOK	T2	112
031d2020	HAVOK	T2	104
031d2088	HAVOK	T2	12
031d2094	HAVOK	T2	148
031d2128	HAVOK	T2	28
031d2144	HAVOK	T2	8
031d214c	HAVOK	T2	332
031d2298	HAVOK	T2	328
031d23e0	HAVOK	T2	8
031d23e8	HAVOK	T2	8
031d23f0	HAVOK	T2	16
031d2400	HAVOK	T2	16
031d2410	HAVOK	T2	120
031d2488	HAVOK	T2	104
031d24f0	HAVOK	T2	28
031d250c	HAVOK	T2	20
031d2520	HAVOK	T2	12
031d252c	HAVOK	T2	8
031d2534	HAVOK	T2	4
031d2538	HAVOK	T2	476
031d2714	HAVOK	T2	252
031d2810	HAVOK	T2	4
031d2814	HAVOK	T2	136
031d289c	HAVOK	T2	216
031d2974	HAVOK	T2	352
031d2ad4	HAVOK	T2	104
031d2b3c	HAVOK	T2	576
031d2d7c	HAVOK	T2	812
031d30a8	HAVOK	T2	32
031d30c8	HAVOK	T2	24
031d30e0	HAVOK	T1	548
031d3304	HAVOK	T2	44
031d3330	HAVOK	T2	36
031d3354	HAVOK	T2	32
031d335c	HAVOK	T2	28
031d3378	HAVOK	T2	12
031d3384	HAVOK	T2	24
031d339c	HAVOK	T2	376
031d3514	HAVOK	T2	84
031d3568	HAVOK	T2	196
031d362c	HAVOK	T2	176
031d36dc	HAVOK	T2	80
031d372c	HAVOK	T2	12
031d3738	HAVOK	T2	8
031d3740	HAVOK	T2	16
031d3750	HAVOK	T2	16
031d3760	HAVOK	T2	76
031d37ac	HAVOK	T2	20
031d37c0	HAVOK	T2	20
031d37d4	HAVOK	T2	104
031d383c	HAVOK	T2	80
031d388c	HAVOK	T2	468
031d3a60	HAVOK	T2	728
031d3d50	HAVOK	T2	52
031d3d84	HAVOK	T2	20
031d3d98	HAVOK	T2	8
031d3da0	HAVOK	T2	16
031d3db0	HAVOK	T2	16
031d3dc0	HAVOK	T2	136
031d3e48	HAVOK	T2	132
031d3ecc	HAVOK	T2	48
031d3efc	HAVOK	T2	64
031d3f3c	HAVOK	T2	236
031d4028	HAVOK	T2	116
031d409c	HAVOK	T2	280
031d41b4	HAVOK	T2	280
031d42cc	HAVOK	T2	92
031d4328	HAVOK	T2	124
031d43a4	HAVOK	T2	368
031d4514	HAVOK	T2	168
031d45bc	HAVOK	T2	16
031d45cc	HAVOK	T2	288
031d46ec	HAVOK	T2	368
031d485c	HAVOK	T2	316
031d4998	HAVOK	T2	12
031d49a4	HAVOK	T2	12
031d49b0	HAVOK	T2	16
031d49c0	HAVOK	T2	4
031d49c8	HAVOK	T2	4
031d49cc	HAVOK	T2	4
031d49d0	HAVOK	T2	132
031d4a54	HAVOK	T2	8
031d4a5c	HAVOK	T2	12
031d4a68	HAVOK	T2	12
031d4a74	HAVOK	T2	4
031d4a78	HAVOK	T2	12
031d4a84	HAVOK	T2	8
031d4a8c	HAVOK	T2	64
031d4acc	HAVOK	T2	8
031d4ad4	HAVOK	T2	8
031d4adc	HAVOK	T2	8
031d4ae4	HAVOK	T2	52
031d4b18	HAVOK	T2	96
031d4b78	HAVOK	T2	84
031d4bcc	HAVOK	T2	112
031d4c3c	HAVOK	T2	100
031d4ca0	HAVOK	T2	100
031d4d04	HAVOK	T2	76
031d4d50	HAVOK	T2	96
031d4db0	HAVOK	T2	60
031d4df0	HAVOK	T2	4
031d4df4	HAVOK	T2	16
031d4e04	HAVOK	T2	156
031d4ea0	HAVOK	T2	8
031d4ea8	HAVOK	T2	140
031d4f34	HAVOK	T2	24
031d4f4c	HAVOK	T2	584
031d5194	HAVOK	T2	136
031d521c	HAVOK	T1	508
031d5418	HAVOK	T2	460
031d55e4	HAVOK	T1	460
031d57b0	HAVOK	T2	4
031d57c0	HAVOK	T2	8
031d57d0	HAVOK	T2	492
031d59c0	HAVOK	T2	24
031d59e0	HAVOK	T2	212
031d5ab4	HAVOK	T2	16
031d5ac4	HAVOK	T2	4
031d5acc	HAVOK	T2	36
031d5af0	HAVOK	T2	68
031d5b34	HAVOK	T2	68
031d5b78	HAVOK	T2	72
031d5bc0	HAVOK	T2	68
031d5c04	HAVOK	T2	68
031d5c48	HAVOK	T2	44
031d5c74	HAVOK	T2	64
031d5cb4	HAVOK	T2	184
031d5d6c	HAVOK	T2	184
031d5e24	HAVOK	T2	236
031d5f10	HAVOK	T2	320
031d6050	HAVOK	T2	508
031d624c	HAVOK	T2	488
031d6440	HAVOK	T2	28
031d645c	HAVOK	T2	32
031d647c	HAVOK	T2	48
031d64ac	HAVOK	T2	8
031d64c0	HAVOK	T2	24
031d64e0	HAVOK	T2	208
031d65b0	HAVOK	T2	20
031d65c4	HAVOK	T2	12
031d65d0	HAVOK	T2	12
031d65e0	HAVOK	T2	124
031d665c	HAVOK	T2	100
031d66c0	HAVOK	T2	60
031d66fc	HAVOK	T2	208
031d67d0	HAVOK	T2	116
031d6844	HAVOK	T2	16
031d6860	HAVOK	T2	40
031d6888	HAVOK	T1	112
031d6900	HAVOK	T2	80
031d6950	HAVOK	T2	100
031d69d4	HAVOK	T2	228
031d6ab8	HAVOK	T2	88
031d6b10	HAVOK	T2	716
031d6ddc	HAVOK	T2	160
031d6e7c	HAVOK	T1	1096
031d72c4	HAVOK	T2	116
031d7338	HAVOK	T2	1960
031d7ae0	HAVOK	T2	100
031d7b44	HAVOK	T2	548
031d7d70	HAVOK	T2	504
031d7f68	HAVOK	T2	220
031d8044	HAVOK	T2	252
031d8140	HAVOK	T2	120
031d81b8	HAVOK	T1	120
031d8230	HAVOK	T2	8
031d8238	HAVOK	T2	8
031d8240	HAVOK	T2	296
031d8368	HAVOK	T2	140
031d8400	HAVOK	T2	68
031d8450	HAVOK	T2	660
031d86e4	HAVOK	T2	140
031d8770	HAVOK	T2	192
031d8830	HAVOK	T2	12
031d883c	HAVOK	T2	12
031d8850	HAVOK	T2	156
031d88ec	HAVOK	T1	120
031d8964	HAVOK	T1	120
031d89dc	HAVOK	T2	8
031d89e4	HAVOK	T2	8
031d89ec	HAVOK	T2	4
031d89f0	HAVOK	T2	216
031d8ac8	HAVOK	T2	320
031d8c08	HAVOK	T2	728
031d8ee0	HAVOK	T2	144
031d8f70	HAVOK	T2	40
031d8f98	HAVOK	T2	8
031d8fa0	HAVOK	T2	168
031d9048	HAVOK	T2	144
031d90d8	HAVOK	T2	64
031d9118	HAVOK	T2	92
031d9174	HAVOK	T2	448
031d9334	HAVOK	T2	52
031d9368	HAVOK	T1	404
031d94fc	HAVOK	T2	1948
031d9ca0	HAVOK	T2	480
031d9e80	HAVOK	T2	84
031d9ed4	HAVOK	T2	36
031d9ef8	HAVOK	T1	424
031da0a0	HAVOK	T2	44
031da0cc	HAVOK	T2	140
031da160	HAVOK	T2	64
031da1a0	HAVOK	T2	64
031da1e0	HAVOK	T2	64
031da270	HAVOK	T2	124
031da2f0	HAVOK	T2	64
031da330	HAVOK	T2	4
031da334	HAVOK	T2	56
031da36c	HAVOK	T2	4
031da370	HAVOK	T2	4
031da374	HAVOK	T2	8
031da37c	HAVOK	T1	432
031da52c	HAVOK	T2	492
031da718	HAVOK	T2	136
031da7a0	HAVOK	T2	20
031da7b4	HAVOK	T2	12
031da7c0	HAVOK	T2	8
031da7c8	HAVOK	T2	328
031da910	HAVOK	T2	48
031da940	HAVOK	T2	52
031da974	HAVOK	T2	52
031da9a8	HAVOK	T2	340
031dab00	HAVOK	T1	1496
031db0dc	HAVOK	T2	20
031db0f0	HAVOK	T2	52
031db130	HAVOK	T2	372
031db2b0	HAVOK	T2	144
031db340	HAVOK	T2	196
031db410	HAVOK	T2	100
031db480	HAVOK	T2	80
031db4d0	HAVOK	T2	72
031db518	HAVOK	T2	104
031db580	HAVOK	T2	132
031db604	HAVOK	T2	120
031db67c	HAVOK	T2	120
031db6f4	HAVOK	T2	124
031db770	HAVOK	T2	116
031db7e4	HAVOK	T2	480
031db9c4	HAVOK	T2	8
031db9d0	HAVOK	T2	24
031db9f0	HAVOK	T2	96
031dba50	HAVOK	T2	20
031dba64	HAVOK	T2	12
031dba70	HAVOK	T2	684
031dbd1c	HAVOK	T2	40
031dbd44	HAVOK	T2	124
031dbdc0	HAVOK	T2	176
031dbe70	HAVOK	T2	232
031dbf58	HAVOK	T2	392
031dc0e0	HAVOK	T2	164
031dc184	HAVOK	T2	12
031dc190	HAVOK	T2	128
031dc210	HAVOK	T2	12
031dc220	HAVOK	T2	384
031dc3a0	HAVOK	T2	224
031dc480	HAVOK	T2	1784
031dcb78	HAVOK	T2	84
031dcbcc	HAVOK	T2	316
031dcd08	HAVOK	T2	28
031dcd24	HAVOK	T2	536
031dcf40	HAVOK	T2	1400
031dd4b8	HAVOK	T2	1152
031dd938	HAVOK	T2	148
031dd9d0	HAVOK	T2	24
031dd9e8	HAVOK	T2	120
031dda60	HAVOK	T2	288
031ddb80	HAVOK	T2	108
031ddbec	HAVOK	T2	104
031ddc60	HAVOK	T2	64
031ddca0	HAVOK	T2	64
031ddd30	HAVOK	T2	196
031dde00	HAVOK	T2	68
031dde44	HAVOK	T2	888
031de1bc	HAVOK	T1	848
031de50c	HAVOK	T2	344
031de664	HAVOK	T2	164
031de708	HAVOK	T2	340
031de85c	HAVOK	T2	268
031de968	HAVOK	T2	492
031deb54	HAVOK	T1	272
031dec64	HAVOK	T1	976
031df034	HAVOK	T2	1032
031df43c	HAVOK	T2	288
031df55c	HAVOK	T2	160
031df5fc	HAVOK	T2	276
031df710	HAVOK	T2	264
031df818	HAVOK	T1	884
031dfb8c	HAVOK	T2	400
031dfd1c	HAVOK	T2	8
031dfd24	HAVOK	T2	404
031dfeb8	HAVOK	T2	436
031e0070	HAVOK	T2	84
031e00c4	HAVOK	T2	116
031e0138	HAVOK	T2	1384
031e06a0	HAVOK	T2	180
031e0754	HAVOK	T2	132
031e07d8	HAVOK	T2	236
031e08c4	HAVOK	T2	484
031e0ab0	HAVOK	T2	84
031e0b10	HAVOK	T2	12
031e0b20	HAVOK	T2	24
031e0b60	HAVOK	T2	24
031e0b78	HAVOK	T2	24
031e0b90	HAVOK	T2	140
031e0c1c	HAVOK	T2	12
031e0c28	HAVOK	T2	24
031e0c40	HAVOK	T2	48
031e0c70	HAVOK	T2	8
031e0c78	HAVOK	T2	8
031e0c80	HAVOK	T2	4
031e0c84	HAVOK	T2	364
031e0df0	HAVOK	T2	44
031e0e1c	HAVOK	T2	504
031e1014	HAVOK	T2	356
031e1178	HAVOK	T2	12
031e1184	HAVOK	T2	8
031e118c	HAVOK	T2	416
031e132c	HAVOK	T2	324
031e1470	HAVOK	T2	8
031e1478	HAVOK	T2	4
031e147c	HAVOK	T2	928
031e1820	HAVOK	T2	92
031e187c	HAVOK	T2	536
031e1a94	HAVOK	T2	744
031e1d7c	HAVOK	T2	8
031e1d84	HAVOK	T2	4
031e1d88	HAVOK	T2	180
031e1e3c	HAVOK	T2	128
031e1ebc	HAVOK	T2	4
031e1ec0	HAVOK	T1	228
031e1fa4	HAVOK	T2	72
031e1fec	HAVOK	T2	28
031e2008	HAVOK	T2	72
031e2050	HAVOK	T2	96
031e20b0	HAVOK	T2	112
031e2120	HAVOK	T2	104
031e2188	HAVOK	T2	108
031e21f4	HAVOK	T2	104
031e225c	HAVOK	T2	320
031e239c	HAVOK	T2	96
031e23fc	HAVOK	T2	104
031e2464	HAVOK	T2	204
031e2530	HAVOK	T2	104
031e2598	HAVOK	T2	116
031e260c	HAVOK	T2	752
031e28fc	HAVOK	T2	84
031e2950	HAVOK	T2	712
031e2c18	HAVOK	T2	100
031e2c7c	HAVOK	T2	344
031e2dd4	HAVOK	T2	12
031e2de0	HAVOK	T2	276
031e2ef4	HAVOK	T2	36
031e2f18	HAVOK	T2	16
031e2f28	HAVOK	T2	684
031e31d4	HAVOK	T2	132
031e3258	HAVOK	T2	688
031e3508	HAVOK	T2	44
031e3540	HAVOK	T2	152
031e35d8	HAVOK	T2	28
031e35f4	HAVOK	T2	124
031e3670	HAVOK	T2	120
031e36e8	HAVOK	T2	100
031e374c	HAVOK	T2	144
031e37e0	HAVOK	T2	12
031e37ec	HAVOK	T2	352
031e394c	HAVOK	T2	228
031e3a60	HAVOK	T2	312
031e3b98	HAVOK	T2	272
031e3c78	HAVOK	T2	308
031e3dac	HAVOK	T2	396
031e3f38	HAVOK	T2	84
031e3f8c	HAVOK	T2	84
031e3fe0	HAVOK	T2	476
031e41bc	HAVOK	T2	32
031e41dc	HAVOK	T2	216
031e42b4	HAVOK	T2	104
031e431c	HAVOK	T2	104
031e4384	HAVOK	T2	108
031e43f0	HAVOK	T2	16
031e4450	HAVOK	T2	624
031e46c0	HAVOK	T2	140
031e474c	HAVOK	T2	12
031e4758	HAVOK	T2	16
031e4768	HAVOK	T2	60
031e47ac	HAVOK	T2	48
031e47dc	HAVOK	T2	140
031e4868	HAVOK	T2	496
031e4a58	HAVOK	T2	3368
031e5780	HAVOK	T1	896
031e5b00	HAVOK	T1	496
031e5cf0	HAVOK	T2	820
031e6030	HAVOK	T2	200
031e6110	HAVOK	T2	64
031e6150	HAVOK	T2	288
031e6270	HAVOK	T2	160
031e6310	HAVOK	T2	328
031e6458	HAVOK	T2	80
031e64a8	HAVOK	T2	160
031e6548	HAVOK	T2	92
031e65a4	HAVOK	T2	460
031e6770	HAVOK	T1	1624
031e6dc8	HAVOK	T2	128
031e6e50	HAVOK	T2	64
031e6e90	HAVOK	T2	140
031e6f1c	HAVOK	T2	172
031e6fc8	HAVOK	T2	104
031e7030	HAVOK	T2	104
031e7098	HAVOK	T2	76
031e70e4	HAVOK	T2	8
031e70ec	HAVOK	T2	152
031e7184	HAVOK	T2	152
031e721c	HAVOK	T2	372
031e7390	HAVOK	T1	3252
031e8050	HAVOK	T2	128
031e80d0	HAVOK	T2	48
031e8100	HAVOK	T2	88
031e8158	HAVOK	T2	80
031e81b0	HAVOK	T2	52
031e81e4	HAVOK	T2	172
031e8290	HAVOK	T2	776
031e8598	HAVOK	T2	288
031e86b8	HAVOK	T2	168
031e8760	HAVOK	T2	12
031e876c	HAVOK	T2	88
031e87c4	HAVOK	T2	32
031e87e4	HAVOK	T2	392
031e896c	HAVOK	T2	160
031e8a0c	HAVOK	T2	264
031e8b14	HAVOK	T2	136
031e8b9c	HAVOK	T2	160
031e8c3c	HAVOK	T2	264
031e8d44	HAVOK	T2	136
031e8dd0	HAVOK	T2	80
031e8e20	HAVOK	T2	356
031e8f84	HAVOK	T2	4
031e8f88	HAVOK	T2	140
031e9014	HAVOK	T2	308
031e9148	HAVOK	T2	56
031e9180	HAVOK	T2	140
031e920c	HAVOK	T2	4
031e9210	HAVOK	T2	140
031e929c	HAVOK	T2	12
031e92a8	HAVOK	T2	16
031e92b8	HAVOK	T2	4
031e92bc	HAVOK	T2	140
031e9348	HAVOK	T2	184
031e9400	HAVOK	T2	12
031e940c	HAVOK	T2	160
031e94ac	HAVOK	T2	4
031e94b0	HAVOK	T2	140
031e953c	HAVOK	T2	176
031e95ec	HAVOK	T2	156
031e9688	HAVOK	T2	132
031e970c	HAVOK	T2	36
031e9730	HAVOK	T2	12
031e973c	HAVOK	T2	4
031e9740	HAVOK	T2	140
031e97cc	HAVOK	T2	24
031e97e4	HAVOK	T2	16
031e97f4	HAVOK	T2	8
031e97fc	HAVOK	T2	36
031e9820	HAVOK	T2	8
031e9828	HAVOK	T2	4
031e982c	HAVOK	T2	140
031e98b8	HAVOK	T2	20
031e98cc	HAVOK	T2	24
031e98f0	HAVOK	T2	44
031e991c	HAVOK	T2	4
031e9920	HAVOK	T2	140
031e99ac	HAVOK	T2	20
031e99c0	HAVOK	T2	24
031e99e0	HAVOK	T2	44
031e9a0c	HAVOK	T2	4
031e9a10	HAVOK	T2	140
031e9a9c	HAVOK	T2	20
031e9ab0	HAVOK	T2	24
031e9ad0	HAVOK	T2	44
031e9afc	HAVOK	T2	4
031e9b00	HAVOK	T2	140
031e9b8c	HAVOK	T2	20
031e9ba0	HAVOK	T2	16
031e9bb0	HAVOK	T2	44
031e9bdc	HAVOK	T2	4
031e9be0	HAVOK	T2	140
031e9c6c	HAVOK	T2	68
031e9cb0	HAVOK	T2	20
031e9cc4	HAVOK	T2	4
031e9cc8	HAVOK	T2	140
031e9d54	HAVOK	T2	44
031e9d80	HAVOK	T2	20
031e9da0	HAVOK	T2	44
031e9dcc	HAVOK	T2	4
031e9dd0	HAVOK	T2	140
031e9e5c	HAVOK	T2	52
031e9e90	HAVOK	T2	32
031e9eb0	HAVOK	T2	44
031e9edc	HAVOK	T2	4
031e9ee0	HAVOK	T2	140
031e9f6c	HAVOK	T2	56
031e9fa4	HAVOK	T2	32
031e9fd0	HAVOK	T2	44
031e9ffc	HAVOK	T2	4
031ea000	HAVOK	T2	140
031ea08c	HAVOK	T2	44
031ea0b8	HAVOK	T2	20
031ea0d0	HAVOK	T2	44
031ea0fc	HAVOK	T2	4
031ea100	HAVOK	T2	140
031ea18c	HAVOK	T2	56
031ea1c4	HAVOK	T2	40
031ea1f0	HAVOK	T2	44
031ea21c	HAVOK	T2	4
031ea220	HAVOK	T2	140
031ea2ac	HAVOK	T2	44
031ea2d8	HAVOK	T2	20
031ea2f0	HAVOK	T2	44
031ea31c	HAVOK	T2	4
031ea320	HAVOK	T2	140
031ea3ac	HAVOK	T2	56
031ea3e4	HAVOK	T2	32
031ea410	HAVOK	T2	44
031ea43c	HAVOK	T2	4
031ea440	HAVOK	T2	140
031ea4cc	HAVOK	T2	36
031ea4f0	HAVOK	T2	20
031ea510	HAVOK	T2	44
031ea53c	HAVOK	T2	4
031ea540	HAVOK	T2	140
031ea5cc	HAVOK	T2	56
031ea604	HAVOK	T2	32
031ea630	HAVOK	T2	44
031ea65c	HAVOK	T2	4
031ea660	HAVOK	T2	140
031ea6ec	HAVOK	T2	36
031ea710	HAVOK	T2	20
031ea730	HAVOK	T2	44
031ea75c	HAVOK	T2	4
031ea760	HAVOK	T2	140
031ea7ec	HAVOK	T2	16
031ea7fc	HAVOK	T2	20
031ea810	HAVOK	T2	44
031ea83c	HAVOK	T2	4
031ea840	HAVOK	T2	140
031ea8cc	HAVOK	T2	12
031ea8d8	HAVOK	T2	16
031ea8f0	HAVOK	T2	44
031ea91c	HAVOK	T2	4
031ea920	HAVOK	T2	140
031ea9ac	HAVOK	T2	40
031ea9d4	HAVOK	T2	28
031ea9f0	HAVOK	T2	4
031ea9f4	HAVOK	T2	140
031eaa80	HAVOK	T2	8
031eaa88	HAVOK	T2	16
031eaa98	HAVOK	T2	120
031eab10	HAVOK	T2	112
031eab80	HAVOK	T2	108
031eabec	HAVOK	T2	108
031eac58	HAVOK	T2	4
031eac60	HAVOK	T2	4
031eac64	HAVOK	T2	604
031eaec0	HAVOK	T2	140
031eaf4c	HAVOK	T2	652
031eb1e0	HAVOK	T2	424
031eb270	HAVOK	T2	1384
031eb900	HAVOK	T2	120
031eb978	HAVOK	T2	696
031ebc30	HAVOK	T2	372
031ebca8	HAVOK	T2	44
031ebcd4	HAVOK	T2	44
031ebd00	HAVOK	T2	44
031ebd2c	HAVOK	T2	140
031ebdb8	HAVOK	T2	340
031ebf0c	HAVOK	T2	224
031ebfec	HAVOK	T2	140
031ec078	HAVOK	T2	48
031ec0a8	HAVOK	T2	8
031ec0b0	HAVOK	T2	824
031ec3e8	HAVOK	T2	232
031ec4d0	HAVOK	T2	232
031ec5b8	HAVOK	T2	232
031ec6a0	HAVOK	T2	232
031ec890	HAVOK	T2	280
031ec9a8	HAVOK	T2	4
031ec9ac	HAVOK	T2	140
031eca38	HAVOK	T2	500
031ecc30	HAVOK	T2	2332
031ed54c	HAVOK	T2	48
031ed57c	HAVOK	T2	260
031ed680	HAVOK	T2	84
031ed6d4	HAVOK	T2	4
031ed6d8	HAVOK	T2	140
031ed764	HAVOK	T2	1236
031edc38	HAVOK	T2	260
031edd3c	HAVOK	T2	4
031edd40	HAVOK	T2	140
031eddcc	HAVOK	T2	132
031ede50	HAVOK	T2	16
031ede60	HAVOK	T2	96
031edec0	HAVOK	T2	4
031edec4	HAVOK	T2	140
031edf50	HAVOK	T2	4
031edf54	HAVOK	T2	140
031edfe0	HAVOK	T2	432
031ee190	HAVOK	T2	172
031ee23c	HAVOK	T2	4
031ee240	HAVOK	T2	140
031ee2cc	HAVOK	T2	312
031ee404	HAVOK	T2	48
031ee434	HAVOK	T2	516
031ee638	HAVOK	T2	160
031ee6d8	HAVOK	T2	636
031ee954	HAVOK	T2	348
031eeab0	HAVOK	T2	752
031eeda0	HAVOK	T2	20
031eedb4	HAVOK	T2	412
031eef50	HAVOK	T2	92
031eefac	HAVOK	T2	336
031ef0fc	HAVOK	T2	624
031ef36c	HAVOK	T2	584
031ef5b4	HAVOK	T2	184
031ef670	HAVOK	T2	76
031ef6bc	HAVOK	T2	140
031ef748	HAVOK	T2	848
031efa98	HAVOK	T2	140
031efb24	HAVOK	T2	288
031efc44	HAVOK	T2	48
031efc74	HAVOK	T2	216
031efd4c	HAVOK	T2	172
031efdf8	HAVOK	T2	32
031efe18	HAVOK	T2	8
031efef0	HAVOK	T2	300
031f0020	HAVOK	T2	68
031f0070	HAVOK	T2	68
031f00c0	HAVOK	T2	64
031f0100	HAVOK	T2	4
031f0104	HAVOK	T2	4
031f0108	HAVOK	T2	212
031f01dc	HAVOK	T2	240
031f02cc	HAVOK	T2	192
031f038c	HAVOK	T2	8
031f03a0	HAVOK	T2	24
031f03c0	HAVOK	T2	96
031f0420	HAVOK	T2	188
031f04e0	HAVOK	T2	92
031f053c	HAVOK	T2	6344
031f1e04	HAVOK	T2	364
031f1f70	HAVOK	T2	180
031f2024	HAVOK	T2	2316
031f2930	HAVOK	T2	188
031f29ec	HAVOK	T2	264
031f2af4	HAVOK	T2	768
031f2df4	HAVOK	T2	696
031f30b0	HAVOK	T2	1140
031f3530	HAVOK	T2	216
031f3610	HAVOK	T2	1644
031f3c7c	HAVOK	T2	208
031f3d50	HAVOK	T2	96
031f3db0	HAVOK	T2	136
031f3e38	HAVOK	T2	408
031f3fd0	HAVOK	T2	584
031f4218	HAVOK	T2	636
031f44a0	HAVOK	T2	768
031f47a0	HAVOK	T2	2056
031f4fa8	HAVOK	T2	1312
031f54d0	HAVOK	T2	128
031f5550	HAVOK	T2	988
031f592c	HAVOK	T2	360
031f5b90	HAVOK	T2	196
031f5c60	HAVOK	T2	64
031f5ca0	HAVOK	T2	68
031f5cf0	HAVOK	T2	64
031f5d30	HAVOK	T2	64
031f5d70	HAVOK	T2	68
031f5db4	HAVOK	T2	52
031f5de8	HAVOK	T2	212
031f5ec0	HAVOK	T2	880
031f6230	HAVOK	T2	236
031f631c	HAVOK	T1	408
031f64c0	HAVOK	T2	84
031f6514	HAVOK	T2	500
031f6708	HAVOK	T2	92
031f6764	HAVOK	T2	80
031f67b4	HAVOK	T1	432
031f6964	HAVOK	T2	160
031f6a04	HAVOK	T2	248
031f6afc	HAVOK	T2	252
031f6bf8	HAVOK	T2	260
031f6cfc	HAVOK	T2	272
031f6e0c	HAVOK	T2	432
031f6fbc	HAVOK	T2	136
031f7050	HAVOK	T2	204
031f711c	HAVOK	T2	136
031f71a4	HAVOK	T2	136
031f7230	HAVOK	T2	732
031f750c	HAVOK	T2	28
031f7528	HAVOK	T2	104
031f7590	HAVOK	T2	56
031f75c8	HAVOK	T2	12
031f75e0	HAVOK	T2	60
031f761c	HAVOK	T2	20
031f7630	HAVOK	T2	68
031f7674	HAVOK	T2	4
031f7678	HAVOK	T2	28
031f7698	HAVOK	T2	68
031f76dc	HAVOK	T1	1540
031f7ce0	HAVOK	T2	108
031f7d4c	HAVOK	T2	4
031f7d50	HAVOK	T2	684
031f7ffc	HAVOK	T2	16
031f800c	HAVOK	T2	692
031f82c0	HAVOK	T2	168
031f8368	HAVOK	T1	1172
031f87fc	HAVOK	T1	1140
031f8c70	HAVOK	T1	664
031f8f08	HAVOK	T2	612
031f916c	HAVOK	T2	260
031f9270	HAVOK	T2	4
031f9278	HAVOK	T2	8
031f9280	HAVOK	T2	140
031f930c	HAVOK	T2	36
031f9330	HAVOK	T2	36
031f9354	HAVOK	T2	140
031f93e0	HAVOK	T2	44
031f940c	HAVOK	T2	140
031f9498	HAVOK	T2	64
031f94d8	HAVOK	T2	140
031f9564	HAVOK	T2	140
031f95f0	HAVOK	T2	40
031f9618	HAVOK	T2	140
031f96a4	HAVOK	T2	44
031f96d0	HAVOK	T2	140
031f975c	HAVOK	T2	64
031f979c	HAVOK	T2	28
031f97c0	HAVOK	T2	64
031f9800	HAVOK	T1	3552
031fa5e0	HAVOK	T1	540
031fa7fc	HAVOK	T2	1032
031fac04	HAVOK	T2	328
031fad4c	HAVOK	T2	1032
031fb154	HAVOK	T2	1040
031fb564	HAVOK	T2	328
031fb6ac	HAVOK	T1	1052
031fbac8	HAVOK	T2	308
031fbbfc	HAVOK	T1	516
031fbe00	HAVOK	T2	160
031fbea0	HAVOK	T2	264
031fbfa8	HAVOK	T2	136
031fc030	HAVOK	T2	236
031fc11c	HAVOK	T2	340
031fc270	HAVOK	T1	432
031fc420	HAVOK	T2	268
031fc52c	HAVOK	T2	284
031fc650	HAVOK	T2	568
031fc888	HAVOK	T2	4
031fc88c	HAVOK	T2	140
031fc918	HAVOK	T2	1132
031fcd84	HAVOK	T2	140
031fce10	HAVOK	T2	1772
031fd4fc	HAVOK	T2	140
031fd588	HAVOK	T2	1432
031fdb20	HAVOK	T2	16
031fdb30	HAVOK	T2	140
031fdbbc	HAVOK	T2	852
031fdf10	HAVOK	T2	276
031fe030	HAVOK	T2	220
031fe10c	HAVOK	T2	140
031fe198	HAVOK	T2	1096
031fe5e0	HAVOK	T2	140
031fe66c	HAVOK	T2	328
031fe810	HAVOK	T2	80
031fe860	HAVOK	T2	8
031fe868	HAVOK	T1	1672
031feef0	HAVOK	T1	1124
031ff354	HAVOK	T2	624
031ff5c4	HAVOK	T2	476
031ff7a0	HAVOK	T2	500
031ff994	HAVOK	T2	4
031ff998	HAVOK	T2	76
031ff9e4	HAVOK	T2	140
031ffa70	HAVOK	T2	72
031ffab8	HAVOK	T2	216
031ffb90	HAVOK	T2	976
031fff60	HAVOK	T2	80
031fffb0	HAVOK	T2	72
031ffff8	HAVOK	T2	216
032000d0	HAVOK	T2	948
03200484	HAVOK	T2	80
032004d4	HAVOK	T2	72
0320051c	HAVOK	T2	216
032005f4	HAVOK	T2	984
032009cc	HAVOK	T2	80
03200a1c	HAVOK	T2	72
03200a64	HAVOK	T2	216
03200b3c	HAVOK	T2	984
03200f14	HAVOK	T2	80
03200f64	HAVOK	T2	72
03200fac	HAVOK	T2	216
03201084	HAVOK	T2	940
03201430	HAVOK	T2	80
03201480	HAVOK	T2	96
032014e0	HAVOK	T2	216
032015b8	HAVOK	T2	40
032015e0	HAVOK	T2	920
03201978	HAVOK	T2	80
032019c8	HAVOK	T2	72
03201a10	HAVOK	T2	216
03201ae8	HAVOK	T2	96
03201b48	HAVOK	T2	72
03201b90	HAVOK	T2	216
03201c68	HAVOK	T2	1068
03202094	HAVOK	T2	592
032022e4	HAVOK	T2	940
03202690	HAVOK	T2	956
03202a4c	HAVOK	T2	4
03202a50	HAVOK	T2	4
03202a58	HAVOK	T2	80
03202aa8	HAVOK	T2	72
03202af0	HAVOK	T2	216
03202bc8	HAVOK	T2	1260
032030b4	HAVOK	T2	80
03203104	HAVOK	T2	72
0320314c	HAVOK	T2	216
03203224	HAVOK	T2	1232
032036f4	HAVOK	T2	80
03203744	HAVOK	T2	72
0320378c	HAVOK	T2	216
03203864	HAVOK	T2	1268
03203d58	HAVOK	T2	80
03203da8	HAVOK	T2	72
03203df0	HAVOK	T2	216
03203ec8	HAVOK	T2	1268
032043bc	HAVOK	T2	80
0320440c	HAVOK	T2	72
03204454	HAVOK	T2	216
0320452c	HAVOK	T2	1224
032049f4	HAVOK	T2	80
03204a44	HAVOK	T2	104
03204aac	HAVOK	T2	72
03204af4	HAVOK	T2	216
03204bcc	HAVOK	T2	40
03204bf4	HAVOK	T2	1200
032050a4	HAVOK	T2	80
032050f4	HAVOK	T2	216
032051cc	HAVOK	T2	104
03205234	HAVOK	T2	72
0320527c	HAVOK	T2	216
03205354	HAVOK	T2	1352
0320589c	HAVOK	T2	592
03205aec	HAVOK	T2	1224
03205fb4	HAVOK	T2	1236
03206488	HAVOK	T2	4
0320648c	HAVOK	T2	4
03206494	HAVOK	T2	80
032064e4	HAVOK	T2	76
03206530	HAVOK	T2	176
032065e0	HAVOK	T2	160
032067ac	HAVOK	T2	648
03206908	HAVOK	T2	100
0320696c	HAVOK	T2	68
032069b0	HAVOK	T2	140
03206a3c	HAVOK	T2	28
03206a58	HAVOK	T2	196
03206b1c	HAVOK	T2	64
03206b5c	HAVOK	T2	188
03206c18	HAVOK	T2	204
03206ce4	HAVOK	T2	36
03206d08	HAVOK	T2	16
03206d18	HAVOK	T2	8
03206d20	HAVOK	T2	8
03206d30	HAVOK	T2	24
03206d50	HAVOK	T2	180
03206e04	HAVOK	T2	276
03206f18	HAVOK	T2	12
03206f24	HAVOK	T2	780
03207230	HAVOK	T1	304
03207360	HAVOK	T1	8808
032095d0	HAVOK	T1	312
03209708	HAVOK	T2	672
032099a8	HAVOK	T2	412
03209b44	HAVOK	T1	1524
0320a140	HAVOK	T2	316
0320a27c	HAVOK	T2	24
0320a294	HAVOK	T2	328
0320a3dc	HAVOK	T2	2968
0320af74	HAVOK	T2	160
0320b014	HAVOK	T2	240
0320b104	HAVOK	T2	1460
0320b6b8	HAVOK	T2	244
0320b7b0	HAVOK	T2	68
0320b800	HAVOK	T2	64
0320b840	HAVOK	T2	64
0320b880	HAVOK	T2	64
0320ba00	HAVOK	T2	196
0320bad0	HAVOK	T2	68
0320bb20	HAVOK	T2	64
0320bb60	HAVOK	T2	64
0320bba0	HAVOK	T2	64
0320bbe0	HAVOK	T2	64
0320bc20	HAVOK	T2	64
0320bc60	HAVOK	T2	64
0320bca0	HAVOK	T2	64
0320bce0	HAVOK	T2	64
0320bd20	HAVOK	T2	64
0320bd60	HAVOK	T2	64
0320bda0	HAVOK	T2	68
0320bdf0	HAVOK	T2	68
0320be40	HAVOK	T2	68
0320be90	HAVOK	T2	64
0320bed0	HAVOK	T2	64
0320bf10	HAVOK	T2	68
0320bf54	HAVOK	T1	1032
0320c35c	HAVOK	T1	3532
0320d128	HAVOK	T1	3076
0320dd2c	HAVOK	T2	364
0320de98	HAVOK	T1	932
0320e23c	HAVOK	T1	656
0320e4cc	HAVOK	T1	656
0320e75c	HAVOK	T1	680
0320ea04	HAVOK	T1	680
0320ecac	HAVOK	T1	680
0320ef54	HAVOK	T1	680
0320f1fc	HAVOK	T1	264
0320f304	HAVOK	T2	28
0320f320	HAVOK	T2	28
0320f33c	HAVOK	T1	264
0320f444	HAVOK	T2	28
0320f460	HAVOK	T2	28
0320f47c	HAVOK	T1	612
0320f6e0	HAVOK	T2	28
0320f6fc	HAVOK	T2	28
0320f718	HAVOK	T1	624
0320f988	HAVOK	T2	28
0320f9a4	HAVOK	T1	612
0320fc08	HAVOK	T2	256
0320fd08	HAVOK	T2	28
0320fd24	HAVOK	T1	3620
03210b48	HAVOK	T1	3764
032119fc	HAVOK	T2	28
03211a18	HAVOK	T1	12708
03214bbc	HAVOK	T1	804
03214ee0	HAVOK	T1	2272
032157c0	HAVOK	T1	804
03215ae4	HAVOK	T1	680
03215d8c	HAVOK	T1	6796
03217818	HAVOK	T2	28
03217834	HAVOK	T1	820
03217b68	HAVOK	T2	860
03217ed0	HAVOK	T2	188
03217f90	HAVOK	T2	248
03218088	HAVOK	T2	60
032180c4	HAVOK	T2	208
03218194	HAVOK	T2	908
03218520	HAVOK	T2	344
03218678	HAVOK	T2	116
032186ec	HAVOK	T2	104
03218754	HAVOK	T2	372
032188c8	HAVOK	T2	1288
03218dd0	HAVOK	T2	108
03218e40	HAVOK	T2	64
03218e80	HAVOK	T2	180
03218f34	HAVOK	T2	156
03218fd0	HAVOK	T1	624
03219240	HAVOK	T2	16
03219250	HAVOK	T1	920
032195e8	HAVOK	T2	284
03219704	HAVOK	T2	568
0321993c	HAVOK	T2	4988
0321acb8	HAVOK	T2	392
0321ae40	HAVOK	T2	980
0321b214	HAVOK	T2	304
0321b344	HAVOK	T2	1444
0321b8e8	HAVOK	T2	376
0321ba60	HAVOK	T2	3900
0321c99c	HAVOK	T2	980
0321cd70	HAVOK	T2	1840
0321d4a0	HAVOK	T2	1384
0321da08	HAVOK	T2	828
0321dd44	HAVOK	T2	1532
0321e340	HAVOK	T2	328
0321e488	HAVOK	T2	720
0321e758	HAVOK	T2	140
0321e7e4	HAVOK	T2	64
0321e824	HAVOK	T2	3292
0321f500	HAVOK	T2	260
0321f604	HAVOK	T2	88
0321f65c	HAVOK	T2	120
0321f6d4	HAVOK	T2	100
0321f738	HAVOK	T2	100
0321f79c	HAVOK	T2	100
0321f800	HAVOK	T2	112
0321f870	HAVOK	T2	120
0321f8e8	HAVOK	T2	108
0321f954	HAVOK	T2	124
0321f9d0	HAVOK	T2	144
0321fa60	HAVOK	T2	184
0321fb18	HAVOK	T2	116
0321fb8c	HAVOK	T2	132
0321fc10	HAVOK	T2	196
0321fce0	HAVOK	T2	120
0321fd60	HAVOK	T2	92
0321fd68	HAVOK	T2	8
0321fd70	HAVOK	T2	84
0321fdd0	HAVOK	T2	96
0321fe30	HAVOK	T2	28
0321fe4c	HAVOK	T2	20
0321fe64	HAVOK	T2	8
0321fe6c	HAVOK	T2	4
0321fe70	HAVOK	T2	4
0321fe74	HAVOK	T2	4
0321fe78	HAVOK	T2	100
0321fedc	HAVOK	T2	32
0321fefc	HAVOK	T2	128
0321ff7c	HAVOK	T2	16
0321ff8c	HAVOK	T2	144
03220020	HAVOK	T2	100
03220090	HAVOK	T2	116
03220104	HAVOK	T2	4
03220108	HAVOK	T2	80
03220158	HAVOK	T2	112
032201c8	HAVOK	T2	180
0322027c	HAVOK	T2	468
03220450	HAVOK	T2	228
03220534	HAVOK	T2	56
0322056c	HAVOK	T2	8
03220574	HAVOK	T2	8
0322057c	HAVOK	T2	204
03220648	HAVOK	T2	308
0322077c	HAVOK	T2	244
03220870	HAVOK	T2	124
032208ec	HAVOK	T2	16
032208fc	HAVOK	T2	216
032209d4	HAVOK	T2	56
03220a10	HAVOK	T2	216
03220af0	HAVOK	T2	24
03220b10	HAVOK	T2	24
03220b30	HAVOK	T2	24
03220b50	HAVOK	T2	152
03220bf0	HAVOK	T2	48
03220c20	HAVOK	T2	12
03220c84	HAVOK	T2	8
03220c90	HAVOK	T2	24
03220cb0	HAVOK	T2	96
03220d10	HAVOK	T2	64
03220d50	HAVOK	T2	220
03220e2c	HAVOK	T2	180
03220ee0	HAVOK	T2	224
03220fc0	HAVOK	T2	4
03220fc4	HAVOK	T2	8
03220fcc	HAVOK	T2	4
03220fd0	HAVOK	T2	84
03221030	HAVOK	T2	116
032210a4	HAVOK	T2	8
032210b0	HAVOK	T2	24
032210d0	HAVOK	T2	96
03221130	HAVOK	T2	172
032211dc	HAVOK	T2	60
03221218	HAVOK	T2	208
032212f0	HAVOK	T2	84
03221350	HAVOK	T2	116
032213c4	HAVOK	T2	12
032213d0	HAVOK	T2	140
0322145c	HAVOK	T2	92
032214b8	HAVOK	T2	96
03221518	HAVOK	T2	88
03221570	HAVOK	T2	60
032215ac	HAVOK	T2	132
03221630	HAVOK	T2	36
03221654	HAVOK	T2	64
03221694	HAVOK	T2	32
032216b4	HAVOK	T2	32
032216d4	HAVOK	T2	32
032216f4	HAVOK	T2	76
03221758	HAVOK	T2	160
032217f8	HAVOK	T2	248
032218f0	HAVOK	T2	72
03221938	HAVOK	T1	292
03221a5c	HAVOK	T2	512
03221c5c	HAVOK	T2	364
03221dc8	HAVOK	T2	252
03221ec4	HAVOK	T2	72
03221f64	HAVOK	T2	60
03221fa0	HAVOK	T2	8
03221fb0	HAVOK	T2	80
03222000	HAVOK	T2	92
0322205c	HAVOK	T2	28
03222078	HAVOK	T2	28
03222094	HAVOK	T2	140
03222120	HAVOK	T2	52
03222154	HAVOK	T2	108
032221c0	HAVOK	T2	140
0322224c	HAVOK	T2	100
032222b0	HAVOK	T2	96
03222310	HAVOK	T2	32
03222330	HAVOK	T2	20
03222344	HAVOK	T2	200
0322240c	HAVOK	T2	8
03222414	HAVOK	T2	52
03222448	HAVOK	T2	380
032225c4	HAVOK	T2	56
032225fc	HAVOK	T2	248
032226f4	HAVOK	T2	4
032226f8	HAVOK	T2	88
03222750	HAVOK	T2	80
032227a0	HAVOK	T2	164
03222848	HAVOK	T2	216
03222920	HAVOK	T2	216
032229f8	HAVOK	T2	12
03222a04	HAVOK	T2	12
03222a10	HAVOK	T2	12
03222a1c	HAVOK	T1	596
03222c70	HAVOK	T1	732
03222f4c	HAVOK	T2	84
03222fa0	HAVOK	T2	60
03222fdc	HAVOK	T2	192
03223020	HAVOK	T2	76
0322306c	HAVOK	T2	76
032230b8	HAVOK	T2	8
032230c0	HAVOK	T2	8
032230d0	HAVOK	T2	116
03223150	HAVOK	T2	96
032231b0	HAVOK	T2	68
03223250	HAVOK	T2	196
03223320	HAVOK	T2	64
03223360	HAVOK	T2	72
032233a8	HAVOK	T2	76
032233f4	HAVOK	T2	92
03223450	HAVOK	T2	60
0322348c	HAVOK	T2	180
03223540	HAVOK	T2	92
0322359c	HAVOK	T2	280
032236b4	HAVOK	T2	44
032236e0	HAVOK	T2	40
03223708	HAVOK	T2	180
032237bc	HAVOK	T2	76
03223808	HAVOK	T2	184
032238c0	HAVOK	T2	264
032239c8	HAVOK	T2	204
03223a94	HAVOK	T2	96
03223af4	HAVOK	T2	56
03223b2c	HAVOK	T2	180
03223be0	HAVOK	T2	68
03223c24	HAVOK	T2	8
03223c2c	HAVOK	T2	72
03223c74	HAVOK	T2	96
03223cd4	HAVOK	T2	8
03223cdc	HAVOK	T2	412
03223e78	HAVOK	T2	72
03223ec0	HAVOK	T2	60
03223efc	HAVOK	T2	208
03223fcc	HAVOK	T2	468
032241a0	HAVOK	T2	16
032241b0	HAVOK	T2	16
032241c0	HAVOK	T2	8
032241c8	HAVOK	T2	140
03224254	HAVOK	T2	8
0322425c	HAVOK	T2	28
03224278	HAVOK	T2	68
032242bc	HAVOK	T2	188
03224378	HAVOK	T2	120
032243f0	HAVOK	T2	92
0322444c	HAVOK	T2	64
0322448c	HAVOK	T2	40
032244b4	HAVOK	T2	120
0322452c	HAVOK	T2	120
032245a4	HAVOK	T2	120
0322461c	HAVOK	T2	120
03224694	HAVOK	T2	120
0322470c	HAVOK	T2	68
03224750	HAVOK	T2	180
03224804	HAVOK	T2	52
03224838	HAVOK	T2	68
0322487c	HAVOK	T2	156
03224918	HAVOK	T2	116
0322498c	HAVOK	T2	140
03224a18	HAVOK	T2	120
03224a90	HAVOK	T2	112
03224b00	HAVOK	T2	80
03224b3c	HAVOK	T2	180
03224bf0	HAVOK	T2	208
03224cc0	HAVOK	T2	124
03224d3c	HAVOK	T2	184
03224df4	HAVOK	T2	64
03224e34	HAVOK	T2	236
03224f20	HAVOK	T2	16
03224f30	HAVOK	T2	60
03224f6c	HAVOK	T2	68
03224fb0	HAVOK	T2	108
0322501c	HAVOK	T2	8
03225038	HAVOK	T2	8
03225040	HAVOK	T2	28
03225060	HAVOK	T2	4
03225070	HAVOK	T2	212
03225150	HAVOK	T2	240
03225240	HAVOK	T2	136
032252c8	HAVOK	T2	16
032252d8	HAVOK	T2	192
03225398	HAVOK	T2	352
032254f8	HAVOK	T2	368
03225668	HAVOK	T2	100
032256cc	HAVOK	T2	152
03225764	HAVOK	T2	180
03225818	HAVOK	T2	8
03225820	HAVOK	T2	8
03225828	HAVOK	T2	16
03225838	HAVOK	T2	192
032258f8	HAVOK	T2	136
03225980	HAVOK	T2	176
03225a30	HAVOK	T2	112
03225aa0	HAVOK	T2	180
03225b54	HAVOK	T2	196
03225c18	HAVOK	T2	60
03225c54	HAVOK	T2	60
03225c90	HAVOK	T2	52
03225cc4	HAVOK	T2	172
03225d70	HAVOK	T2	68
03225db4	HAVOK	T2	8
03225dbc	HAVOK	T2	28
03225dd8	HAVOK	T2	20
03225df0	HAVOK	T2	8
03225df8	HAVOK	T2	12
03225e04	HAVOK	T2	8
03225e0c	HAVOK	T2	8
03225e14	HAVOK	T2	48
03225e50	HAVOK	T2	56
03225e90	HAVOK	T2	56
03225ec8	HAVOK	T2	188
03225f84	HAVOK	T2	184
0322603c	HAVOK	T2	16
0322604c	HAVOK	T2	12
03226058	HAVOK	T2	44
03226084	HAVOK	T2	72
032260cc	HAVOK	T2	156
03226168	HAVOK	T2	344
032262c0	HAVOK	T2	120
03226338	HAVOK	T2	176
032263e8	HAVOK	T2	100
0322644c	HAVOK	T2	352
032265ac	HAVOK	T2	8
032265c0	HAVOK	T2	24
032265e0	HAVOK	T2	244
032266e0	HAVOK	T2	608
03226940	HAVOK	T2	84
03226994	HAVOK	T2	72
032269dc	HAVOK	T2	160
03226a7c	HAVOK	T2	280
03226adc	HAVOK	T2	252
03226bd8	HAVOK	T2	548
03226dfc	HAVOK	T2	800
0322711c	HAVOK	T2	80
03227170	HAVOK	T2	12
0322717c	HAVOK	T2	32
032271a0	HAVOK	T2	4
032271b0	HAVOK	T2	240
032272a0	HAVOK	T2	12
032272ac	HAVOK	T2	796
032275c8	HAVOK	T2	200
03227690	HAVOK	T2	96
032276f0	HAVOK	T2	180
032277a4	HAVOK	T2	100
03227810	HAVOK	T2	876
03227b7c	HAVOK	T2	20
03227b90	HAVOK	T2	48
03227bc0	HAVOK	T2	152
03227c58	HAVOK	T2	152
03227cf0	HAVOK	T2	256
03227df0	HAVOK	T2	256
03227ef0	HAVOK	T2	180
03227fa4	HAVOK	T2	136
0322802c	HAVOK	T2	404
032281c0	HAVOK	T2	600
03228420	HAVOK	T2	124
0322849c	HAVOK	T2	64
032284dc	HAVOK	T2	712
032287a4	HAVOK	T2	180
03228858	HAVOK	T2	124
032288d4	HAVOK	T2	424
03228a7c	HAVOK	T2	260
03228b80	HAVOK	T2	228
03228c70	HAVOK	T2	324
03228db4	HAVOK	T2	16
03228dc4	HAVOK	T2	4
03228dc8	HAVOK	T2	116
03228e3c	HAVOK	T2	16
03228e4c	HAVOK	T2	4
03228e50	HAVOK	T2	140
03228edc	HAVOK	T2	4
03228ee0	HAVOK	T2	4
03228ef0	HAVOK	T2	4
03228f20	HAVOK	T2	404
032290c0	HAVOK	T2	268
032291d0	HAVOK	T2	196
032292a0	HAVOK	T2	12
032292b0	HAVOK	T2	52
03229500	HAVOK	T2	108
03229570	HAVOK	T2	100
032295d4	HAVOK	T2	32
032295f4	HAVOK	T2	212
032296c8	HAVOK	T2	152
03229760	HAVOK	T2	20
03229780	HAVOK	T2	76
032297d0	HAVOK	T2	84
03229824	HAVOK	T2	136
032298b0	HAVOK	T2	148
03229950	HAVOK	T2	64
03229990	HAVOK	T2	80
032299e0	HAVOK	T2	136
03229a68	HAVOK	T2	80
03229ab8	HAVOK	T2	272
03229ca8	HAVOK	T2	220
03229e10	HAVOK	T2	672
0322a110	HAVOK	T2	716
0322a3dc	HAVOK	T2	392
0322a5c4	HAVOK	T2	388
0322a748	HAVOK	T2	524
0322a954	HAVOK	T2	448
0322ab14	HAVOK	T2	884
0322ae88	HAVOK	T2	232
0322af70	HAVOK	T2	120
0322afe8	HAVOK	T2	408
0322b180	HAVOK	T2	588
0322b3cc	HAVOK	T2	160
0322b46c	HAVOK	T2	84
0322b4c0	HAVOK	T2	180
0322b574	HAVOK	T2	48
0322b5a4	HAVOK	T2	16
0322b5b4	HAVOK	T2	64
0322b600	HAVOK	T2	40
0322b628	HAVOK	T2	140
0322b6b4	HAVOK	T2	156
0322b750	HAVOK	T2	120
0322b7c8	HAVOK	T2	128
0322b848	HAVOK	T2	136
0322b8d0	HAVOK	T2	16
0322b8e0	HAVOK	T2	24
0322b900	HAVOK	T2	40
0322b928	HAVOK	T2	28
0322b944	HAVOK	T2	4
0322b948	HAVOK	T2	4
0322b94c	HAVOK	T2	4
0322b950	HAVOK	T2	252
0322ba4c	HAVOK	T2	8
0322ba54	HAVOK	T2	16
0322ba64	HAVOK	T2	12
0322ba70	HAVOK	T2	352
0322bbd0	HAVOK	T2	240
0322bcc0	HAVOK	T2	772
0322bfc4	HAVOK	T2	564
0322c1f8	HAVOK	T2	244
0322c2ec	HAVOK	T2	112
0322c35c	HAVOK	T2	316
0322c498	HAVOK	T2	512
0322c6a8	HAVOK	T2	528
0322c8b8	HAVOK	T2	516
0322cabc	HAVOK	T2	332
0322cc08	HAVOK	T2	8
0322cc10	HAVOK	T2	24
0322cc30	HAVOK	T2	96
0322cc90	HAVOK	T2	120
0322cd08	HAVOK	T2	180
0322cdd0	HAVOK	T2	180
0322ce84	HAVOK	T2	32
0322ceb0	HAVOK	T2	84
0322cf10	HAVOK	T2	116
0322cf84	HAVOK	T2	12
0322cf90	HAVOK	T2	204
0322d05c	HAVOK	T2	548
0322d280	HAVOK	T2	216
0322d444	HAVOK	T2	296
0322d480	HAVOK	T2	132
0322d504	HAVOK	T2	120
0322d58c	HAVOK	T2	1032
0322d9fc	HAVOK	T2	56
0322da40	HAVOK	T2	28
0322da5c	HAVOK	T2	80
0322daac	HAVOK	T2	172
0322db58	HAVOK	T2	536
0322dd70	HAVOK	T2	840
0322e0b8	HAVOK	T2	164
0322e1bc	HAVOK	T2	180
0322e270	HAVOK	T2	12
0322e27c	HAVOK	T2	392
0322e404	HAVOK	T2	132
0322e54c	HAVOK	T2	216
0322e560	HAVOK	T2	8
0322e568	HAVOK	T2	28
0322e584	HAVOK	T2	12
0322e590	HAVOK	T2	112
0322e600	HAVOK	T2	16
0322e610	HAVOK	T2	56
0322e648	HAVOK	T2	56
0322e680	HAVOK	T2	456
0322e848	HAVOK	T2	44
0322e874	HAVOK	T2	116
0322e8e8	HAVOK	T2	8
0322e8f0	HAVOK	T2	180
0322e9a4	HAVOK	T2	136
0322ea2c	HAVOK	T2	20
0322ea40	HAVOK	T2	24
0322ea58	HAVOK	T2	20
0322ea6c	HAVOK	T2	24
0322ea84	HAVOK	T2	1412
0322f008	HAVOK	T2	928
0322f3a8	HAVOK	T2	392
0322f530	HAVOK	T2	340
0322f684	HAVOK	T2	8
0322f68c	HAVOK	T2	180
0322f740	HAVOK	T2	160
0322f7e0	HAVOK	T2	916
0322fb74	HAVOK	T2	8
0322fb7c	HAVOK	T2	1636
032301e0	HAVOK	T2	364
0323034c	HAVOK	T2	32
0323036c	HAVOK	T2	32
0323038c	HAVOK	T2	20
032303a0	HAVOK	T2	20
032303b4	HAVOK	T2	264
032304bc	HAVOK	T2	8
032304c4	HAVOK	T2	324
03230608	HAVOK	T2	312
03230740	HAVOK	T2	216
03230818	HAVOK	T2	368
03230988	HAVOK	T2	712
03230c50	HAVOK	T2	8
03230c58	HAVOK	T2	1872
032313a8	HAVOK	T2	8
032313b0	HAVOK	T2	14612
03234cc4	HAVOK	T2	8
03234ccc	HAVOK	T2	188
03234d88	HAVOK	T2	192
03234e48	HAVOK	T2	16
03234e58	HAVOK	T2	16
03234e68	HAVOK	T2	16
03234e78	HAVOK	T2	72
03234ec0	HAVOK	T2	76
03234f0c	HAVOK	T2	12680
03238094	HAVOK	T2	8
0323809c	HAVOK	T2	56
032380d4	HAVOK	T2	64
03238114	HAVOK	T2	272
03238224	HAVOK	T2	8
0323822c	HAVOK	T2	348
03238388	HAVOK	T2	8
03238390	HAVOK	T2	200
03238458	HAVOK	T2	768
03238758	HAVOK	T2	8
03238760	HAVOK	T2	16
03238770	HAVOK	T2	304
032388a0	HAVOK	T2	68
032388e4	HAVOK	T2	140
03238970	HAVOK	T2	4
03238974	HAVOK	T2	12
03238980	HAVOK	T2	12
0323898c	HAVOK	T2	8
03238994	HAVOK	T2	16
032389a4	HAVOK	T2	156
03238a40	HAVOK	T2	8
03238a48	HAVOK	T2	8
03238a50	HAVOK	T2	4
03238a54	HAVOK	T2	140
03238ae0	HAVOK	T2	40
03238b08	HAVOK	T2	8
03238b10	HAVOK	T2	16
03238b20	HAVOK	T2	156
03238bbc	HAVOK	T2	8
03238bc4	HAVOK	T2	244
03238cb8	HAVOK	T2	1528
032392b0	HAVOK	T2	52
032392e4	HAVOK	T2	168
0323938c	HAVOK	T2	104
032393f4	HAVOK	T2	144
03239484	HAVOK	T2	144
03239514	HAVOK	T2	168
032395bc	HAVOK	T2	256
032396bc	HAVOK	T2	104
03239724	HAVOK	T2	200
032397ec	HAVOK	T2	244
032398e0	HAVOK	T2	396
03239a6c	HAVOK	T2	244
03239b60	HAVOK	T2	404
03239cf4	HAVOK	T2	140
03239d80	HAVOK	T2	136
03239e08	HAVOK	T2	104
03239e70	HAVOK	T2	100
03239ed4	HAVOK	T2	136
03239f5c	HAVOK	T2	140
03239fe8	HAVOK	T2	32
0323a010	HAVOK	T2	28
0323a02c	HAVOK	T2	100
0323a090	HAVOK	T2	196
0323a154	HAVOK	T2	668
0323a3f0	HAVOK	T2	12
0323a3fc	HAVOK	T2	16
0323a40c	HAVOK	T2	220
0323a4e8	HAVOK	T2	320
0323a628	HAVOK	T2	1352
0323ab70	HAVOK	T2	240
0323ac60	HAVOK	T2	16
0323ac70	HAVOK	T2	248
0323ad68	HAVOK	T2	44
0323ad94	HAVOK	T2	4
0323ad98	HAVOK	T2	44
0323adc4	HAVOK	T2	44
0323adf0	HAVOK	T2	48
0323ae20	HAVOK	T2	44
0323ae4c	HAVOK	T2	8
0323ae54	HAVOK	T2	180
0323af08	HAVOK	T2	4
0323af0c	HAVOK	T2	4
0323af10	HAVOK	T2	4
0323af14	HAVOK	T2	8
0323af1c	HAVOK	T2	12
0323af28	HAVOK	T2	68
0323af6c	HAVOK	T2	368
0323b0dc	HAVOK	T2	180
0323b190	HAVOK	T2	872
0323b4f8	HAVOK	T2	240
0323b5e8	HAVOK	T2	256
0323b6e8	HAVOK	T2	368
0323b858	HAVOK	T2	384
0323b9d8	HAVOK	T2	920
0323bd70	HAVOK	T2	396
0323befc	HAVOK	T2	168
0323bfa4	HAVOK	T2	80
0323bff4	HAVOK	T2	1416
0323c57c	HAVOK	T2	116
0323c5f0	HAVOK	T2	424
0323c798	HAVOK	T2	340
0323c8ec	HAVOK	T2	156
0323c988	HAVOK	T2	32
0323c9a8	HAVOK	T2	656
0323cc38	HAVOK	T2	184
0323ccf0	HAVOK	T2	72
0323cd38	HAVOK	T2	160
0323cdd8	HAVOK	T2	192
0323ce98	HAVOK	T2	400
0323d028	HAVOK	T2	140
0323d0b4	HAVOK	T2	20
0323d0cc	HAVOK	T2	140
0323d158	HAVOK	T2	20
0323d16c	HAVOK	T2	164
0323d224	HAVOK	T2	156
0323d2c0	HAVOK	T2	108
0323d330	HAVOK	T2	4
0323d334	HAVOK	T2	168
0323d3e0	HAVOK	T2	4
0323d3e4	HAVOK	T2	252
0323d4e0	HAVOK	T2	156
0323d57c	HAVOK	T2	120
0323d654	HAVOK	T2	4
0323d658	HAVOK	T2	92
0323d6b0	HAVOK	T2	68
0323d6f4	HAVOK	T2	4
0323d6f8	HAVOK	T2	84
0323d74c	HAVOK	T2	24
0323d77c	HAVOK	T2	100
0323d7e0	HAVOK	T2	4
0323d7e4	HAVOK	T2	60
0323d820	HAVOK	T2	228
0323d904	HAVOK	T2	40
0323d918	HAVOK	T2	156
0323d9c8	HAVOK	T2	776
0323dcd0	HAVOK	T2	208
0323dda0	HAVOK	T2	52
0323ddd4	HAVOK	T2	68
0323de18	HAVOK	T2	88
0323de70	HAVOK	T2	112
0323dee0	HAVOK	T2	128
0323e044	HAVOK	T2	108
0323e0b0	HAVOK	T2	196
0323e180	HAVOK	T2	160
0323e220	HAVOK	T2	148
0323e2c0	HAVOK	T2	304
0323e3f0	HAVOK	T2	40
0323e418	HAVOK	T2	384
0323e598	HAVOK	T2	148
0323e688	HAVOK	T2	168
0323e730	HAVOK	T2	180
0323e7e4	HAVOK	T2	12
0323e7f0	HAVOK	T2	908
0323eb80	HAVOK	T2	64
0323ebc0	HAVOK	T2	64
0323ec00	HAVOK	T2	80
0323ec50	HAVOK	T2	124
0323eccc	HAVOK	T2	76
0323ed18	HAVOK	T2	180
0323edcc	HAVOK	T2	8
0323ede0	HAVOK	T2	24
0323ee00	HAVOK	T2	96
0323ee60	HAVOK	T2	12
0323ee6c	HAVOK	T2	8
0323ee74	HAVOK	T2	112
0323eee4	HAVOK	T2	8
0323eef0	HAVOK	T2	84
0323ef50	HAVOK	T2	128
0323efd0	HAVOK	T2	8
0323efd8	HAVOK	T2	152
0323f070	HAVOK	T2	204
0323f13c	HAVOK	T2	104
0323f1a4	HAVOK	T2	132
0323f228	HAVOK	T2	472
0323f400	HAVOK	T2	96
0323f460	HAVOK	T2	48
0323f490	HAVOK	T2	48
0323f4c0	HAVOK	T2	48
0323f4f0	HAVOK	T2	48
0323f520	HAVOK	T2	48
0323f550	HAVOK	T2	48
0323f580	HAVOK	T2	48
0323f5b0	HAVOK	T2	48
0323f5e0	HAVOK	T2	48
0323f610	HAVOK	T2	48
0323f640	HAVOK	T2	48
0323f670	HAVOK	T2	48
0323f6a0	HAVOK	T2	48
0323f6d0	HAVOK	T2	48
0323f700	HAVOK	T2	48
0323f730	HAVOK	T2	48
0323f760	HAVOK	T2	48
0323f790	HAVOK	T2	48
0323f7c0	HAVOK	T2	48
0323f7f0	HAVOK	T2	48
0323f820	HAVOK	T2	48
0323f850	HAVOK	T2	48
0323f880	HAVOK	T2	140
0323f90c	HAVOK	T2	52
0323f940	HAVOK	T2	32
0323f960	HAVOK	T2	140
0323f9ec	HAVOK	T2	52
0323fa20	HAVOK	T2	32
0323fa40	HAVOK	T2	140
0323facc	HAVOK	T2	56
0323fb04	HAVOK	T2	32
0323fb24	HAVOK	T2	140
0323fbb0	HAVOK	T2	64
0323fbf0	HAVOK	T2	44
0323fc1c	HAVOK	T2	140
0323fca8	HAVOK	T2	56
0323fce0	HAVOK	T2	40
0323fd08	HAVOK	T2	140
0323fd94	HAVOK	T2	60
0323fdd0	HAVOK	T2	48
0323fe00	HAVOK	T2	140
0323fe8c	HAVOK	T2	56
0323fec4	HAVOK	T2	32
0323fee4	HAVOK	T2	140
0323ff70	HAVOK	T2	60
0323ffac	HAVOK	T2	36
0323ffd0	HAVOK	T2	140
0324005c	HAVOK	T2	44
03240088	HAVOK	T2	20
0324009c	HAVOK	T2	140
03240128	HAVOK	T2	44
03240154	HAVOK	T2	20
03240168	HAVOK	T2	140
032401f4	HAVOK	T2	44
03240220	HAVOK	T2	20
03240234	HAVOK	T2	140
032402c0	HAVOK	T2	52
032402f4	HAVOK	T2	28
03240310	HAVOK	T2	140
0324039c	HAVOK	T2	44
032403c8	HAVOK	T2	20
032403dc	HAVOK	T2	140
03240468	HAVOK	T2	48
03240498	HAVOK	T2	24
032404b0	HAVOK	T2	140
0324053c	HAVOK	T2	36
03240560	HAVOK	T2	20
03240574	HAVOK	T2	140
03240600	HAVOK	T2	40
03240628	HAVOK	T2	24
03240640	HAVOK	T2	140
032406cc	HAVOK	T2	24
032406e4	HAVOK	T2	28
03240700	HAVOK	T2	140
0324078c	HAVOK	T2	28
032407a8	HAVOK	T2	32
032407c8	HAVOK	T2	140
03240854	HAVOK	T2	16
03240864	HAVOK	T2	20
03240878	HAVOK	T2	140
03240904	HAVOK	T2	24
0324091c	HAVOK	T2	28
03240938	HAVOK	T2	140
032409c4	HAVOK	T2	12
032409d0	HAVOK	T2	16
032409e0	HAVOK	T2	140
03240a6c	HAVOK	T2	20
03240a80	HAVOK	T2	20
03240aa0	HAVOK	T2	548
03240cc4	HAVOK	T2	64
03240d04	HAVOK	T2	168
03240dac	HAVOK	T2	256
03240eac	HAVOK	T2	204
03240f78	HAVOK	T2	128
03241000	HAVOK	T2	64
03241040	HAVOK	T2	156
032410dc	HAVOK	T2	100
03241140	HAVOK	T2	72
03241190	HAVOK	T2	268
0324129c	HAVOK	T2	96
032412fc	HAVOK	T2	28
03241318	HAVOK	T2	28
03241334	HAVOK	T2	80
03241384	HAVOK	T2	72
032413cc	HAVOK	T2	80
0324141c	HAVOK	T2	40
03241444	HAVOK	T2	40
0324146c	HAVOK	T2	132
032414f0	HAVOK	T2	4
032414f4	HAVOK	T2	132
03241578	HAVOK	T1	384
032417c0	HAVOK	T2	596
03241a4c	HAVOK	T2	4
03241a50	HAVOK	T2	4
03241a54	HAVOK	T2	4
03241a58	HAVOK	T2	60
03241a94	HAVOK	T2	80
03241ae4	HAVOK	T2	68
03241b28	HAVOK	T2	80
03241b78	HAVOK	T2	40
03241ba0	HAVOK	T2	40
03241bc8	HAVOK	T2	40
03241bf0	HAVOK	T2	28
03241c0c	HAVOK	T2	60
03241c48	HAVOK	T2	80
03241c98	HAVOK	T2	72
03241ce0	HAVOK	T2	80
03241d30	HAVOK	T2	8
03241d38	HAVOK	T2	8
03241d40	HAVOK	T2	56
03241d78	HAVOK	T2	60
03241db4	HAVOK	T2	28
03241dd0	HAVOK	T2	80
03241e20	HAVOK	T2	68
03241e64	HAVOK	T2	80
03241eb4	HAVOK	T2	120
03241f2c	HAVOK	T2	4
03241f30	HAVOK	T2	56
03241f68	HAVOK	T2	92
03241fc4	HAVOK	T2	520
032421cc	HAVOK	T2	460
03242398	HAVOK	T2	88
032423f0	HAVOK	T2	280
03242460	HAVOK	T2	180
03242514	HAVOK	T2	32
03242534	HAVOK	T2	4
03242538	HAVOK	T2	76
03242584	HAVOK	T2	116
032425f8	HAVOK	T2	64
03242638	HAVOK	T2	28
03242654	HAVOK	T2	32
03242674	HAVOK	T2	24
0324268c	HAVOK	T2	144
0324271c	HAVOK	T2	144
032427ac	HAVOK	T2	60
032427e8	HAVOK	T2	12
032427f4	HAVOK	T2	60
03242830	HAVOK	T2	80
03242880	HAVOK	T2	12
0324288c	HAVOK	T2	60
032428c8	HAVOK	T2	80
03242918	HAVOK	T2	112
03242988	HAVOK	T2	12
03242994	HAVOK	T2	60
032429d0	HAVOK	T2	80
03242a20	HAVOK	T2	4
03242a24	HAVOK	T2	12
03242a30	HAVOK	T2	60
03242a6c	HAVOK	T2	80
03242abc	HAVOK	T2	108
03242b28	HAVOK	T2	116
03242ba0	HAVOK	T2	12
03242bac	HAVOK	T2	12
03242bb8	HAVOK	T2	92
03242c14	HAVOK	T2	76
03242c60	HAVOK	T2	12
03242c6c	HAVOK	T2	12
03242c78	HAVOK	T2	120
03242cf0	HAVOK	T2	80
03242d40	HAVOK	T2	72
03242d88	HAVOK	T2	68
03242dd0	HAVOK	T2	64
03242e10	HAVOK	T2	28
03242e2c	HAVOK	T2	28
03242e48	HAVOK	T2	144
03242ed8	HAVOK	T2	28
03242ef4	HAVOK	T2	108
03242f60	HAVOK	T2	92
03242fbc	HAVOK	T2	144
0324304c	HAVOK	T2	4
03243050	HAVOK	T2	28
0324306c	HAVOK	T2	92
032430c8	HAVOK	T2	28
032430e4	HAVOK	T2	92
03243140	HAVOK	T2	28
0324315c	HAVOK	T2	92
032431b8	HAVOK	T2	28
032431d4	HAVOK	T2	92
03243230	HAVOK	T2	28
0324324c	HAVOK	T2	92
032432a8	HAVOK	T2	28
032432c4	HAVOK	T2	92
03243320	HAVOK	T2	28
0324333c	HAVOK	T2	92
03243398	HAVOK	T2	28
032433b4	HAVOK	T2	92
03243410	HAVOK	T2	28
0324342c	HAVOK	T2	92
03243488	HAVOK	T2	28
032434a4	HAVOK	T2	92
03243500	HAVOK	T2	28
0324351c	HAVOK	T2	92
03243578	HAVOK	T2	100
032435dc	HAVOK	T2	128
0324365c	HAVOK	T2	68
032436a0	HAVOK	T2	120
03243718	HAVOK	T2	60
03243754	HAVOK	T2	80
032437a4	HAVOK	T2	60
032437e0	HAVOK	T2	12
032437ec	HAVOK	T2	12
032437f8	HAVOK	T2	16
03243808	HAVOK	T2	52
0324383c	HAVOK	T2	76
03243890	HAVOK	T2	12
0324389c	HAVOK	T2	52
032438d0	HAVOK	T2	52
03243904	HAVOK	T2	52
03243938	HAVOK	T2	76
03243990	HAVOK	T2	12
0324399c	HAVOK	T2	76
032439f0	HAVOK	T2	12
032439fc	HAVOK	T2	72
03243a44	HAVOK	T2	80
03243a94	HAVOK	T2	12
03243aa0	HAVOK	T2	64
03243ae0	HAVOK	T2	76
03243b2c	HAVOK	T2	12
03243b38	HAVOK	T2	60
03243b74	HAVOK	T2	80
03243bc4	HAVOK	T2	4
03243bc8	HAVOK	T2	4
03243bcc	HAVOK	T2	12
03243bd8	HAVOK	T2	60
03243c14	HAVOK	T2	80
03243c64	HAVOK	T2	80
03243cb4	HAVOK	T2	80
03243d04	HAVOK	T2	12
03243d10	HAVOK	T2	60
03243d4c	HAVOK	T2	80
03243d9c	HAVOK	T2	80
03243dec	HAVOK	T1	1348
03244330	HAVOK	T2	64
03244370	HAVOK	T2	108
032443dc	HAVOK	T2	56
03244414	HAVOK	T2	4
03244418	HAVOK	T2	4
0324441c	HAVOK	T2	12
03244428	HAVOK	T2	92
03244484	HAVOK	T2	76
032444d0	HAVOK	T2	12
032444dc	HAVOK	T2	28
032444f8	HAVOK	T2	80
03244548	HAVOK	T2	112
032445b8	HAVOK	T2	192
03244678	HAVOK	T2	4
0324467c	HAVOK	T2	4
03244680	HAVOK	T2	140
0324470c	HAVOK	T2	8
03244714	HAVOK	T2	8
0324471c	HAVOK	T2	12
03244728	HAVOK	T2	8
03244730	HAVOK	T2	8
03244738	HAVOK	T2	8
03244740	HAVOK	T2	216
03244818	HAVOK	T2	324
032453a0	HAVOK	T2	7188
03246fc0	HAVOK	T2	64
03247000	HAVOK	T2	64
03247040	HAVOK	T2	64
03247080	HAVOK	T2	64
032470c0	HAVOK	T2	64
03247100	HAVOK	T2	64
03247140	HAVOK	T2	64
03247180	HAVOK	T2	64
032471c0	HAVOK	T2	64
03247200	HAVOK	T2	64
03247240	HAVOK	T2	64
03247280	HAVOK	T2	64
032472c0	HAVOK	T2	64
03247300	HAVOK	T2	64
03247340	HAVOK	T2	64
03247380	HAVOK	T2	64
032473c0	HAVOK	T2	64
03247400	HAVOK	T2	64
03247440	HAVOK	T2	64
03247480	HAVOK	T2	64
032474c0	HAVOK	T2	64
03247500	HAVOK	T2	68
03247550	HAVOK	T2	64
03247590	HAVOK	T2	64
032475d0	HAVOK	T2	64
03247610	HAVOK	T2	64
03247650	HAVOK	T2	64
03247690	HAVOK	T2	64
032476d0	HAVOK	T2	64
03247710	HAVOK	T2	64
03247750	HAVOK	T2	64
03247790	HAVOK	T2	64
032477d0	HAVOK	T2	64
03247810	HAVOK	T2	64
03247850	HAVOK	T2	64
03247890	HAVOK	T2	64
032478d0	HAVOK	T2	64
03247910	HAVOK	T2	64
03247950	HAVOK	T2	64
03247990	HAVOK	T2	64
032479d0	HAVOK	T2	64
03247a10	HAVOK	T2	64
03247a50	HAVOK	T2	64
03247a90	HAVOK	T2	64
03247ad0	HAVOK	T2	64
03247b10	HAVOK	T2	64
03247b50	HAVOK	T2	64
03247b90	HAVOK	T2	64
03247bd0	HAVOK	T2	64
03247c10	HAVOK	T2	64
03247c50	HAVOK	T2	64
03247c90	HAVOK	T2	64
03247cd0	HAVOK	T2	64
03247d10	HAVOK	T2	64
03247d50	HAVOK	T2	64
03247d90	HAVOK	T2	64
03247dd0	HAVOK	T2	64
03247e10	HAVOK	T2	64
03247e50	HAVOK	T2	64
03247e90	HAVOK	T2	64
03247ed0	HAVOK	T2	64
03247f10	HAVOK	T2	64
03247f50	HAVOK	T2	64
03247f90	HAVOK	T2	64
03247fd0	HAVOK	T2	64
03248010	HAVOK	T2	64
03248050	HAVOK	T2	64
03248090	HAVOK	T2	64
032480d0	HAVOK	T2	64
03248110	HAVOK	T2	64
03248150	HAVOK	T2	64
03248190	HAVOK	T2	64
032481d0	HAVOK	T2	64
03248210	HAVOK	T2	64
03248250	HAVOK	T2	64
03248290	HAVOK	T2	64
032482d0	HAVOK	T2	64
03248310	HAVOK	T2	64
03248350	HAVOK	T2	68
03248394	HAVOK	T2	40
032483bc	HAVOK	T2	40
032483e4	HAVOK	T2	136
0324846c	HAVOK	T2	40
03248494	HAVOK	T2	40
032484bc	HAVOK	T2	136
03248544	HAVOK	T2	4
03248548	HAVOK	T2	40
03248570	HAVOK	T2	4
03248574	HAVOK	T2	4
03248578	HAVOK	T2	4
0324857c	HAVOK	T2	40
032485a4	HAVOK	T2	4
032485a8	HAVOK	T2	4
032485ac	HAVOK	T2	4
032485b0	HAVOK	T2	4
032485b4	HAVOK	T2	40
032485dc	HAVOK	T2	4
032485e0	HAVOK	T2	68
03248630	HAVOK	T2	236
0324871c	HAVOK	T2	4
03248720	HAVOK	T2	4
03248724	HAVOK	T2	4
03248728	HAVOK	T2	4
0324872c	HAVOK	T2	4
03248730	HAVOK	T2	4
03248734	HAVOK	T2	4
03248738	HAVOK	T2	4
0324873c	HAVOK	T2	4
03248740	HAVOK	T2	4
03248744	HAVOK	T2	4
03248748	HAVOK	T2	4
0324874c	HAVOK	T2	4
03248750	HAVOK	T2	4
03248754	HAVOK	T2	28
03248770	HAVOK	T2	144
03248800	HAVOK	T2	4
03248804	HAVOK	T2	4
03248808	HAVOK	T2	28
03248824	HAVOK	T2	144
032488b4	HAVOK	T2	12
032488c0	HAVOK	T2	20
032488d4	HAVOK	T2	172
03248980	HAVOK	T2	96
032489e0	HAVOK	T2	400
03248b70	HAVOK	T2	180
03248c24	HAVOK	T2	48
03248c54	HAVOK	T2	212
03248d28	HAVOK	T2	180
03248ddc	HAVOK	T2	48
03248e0c	HAVOK	T2	172
03248eb8	HAVOK	T2	180
03248f6c	HAVOK	T2	44
03248f98	HAVOK	T2	156
03249034	HAVOK	T2	180
032490f0	HAVOK	T2	68
03249140	HAVOK	T2	80
03249190	HAVOK	T2	256
03249290	HAVOK	T2	44
032492bc	HAVOK	T2	292
032493e0	HAVOK	T2	180
03249494	HAVOK	T2	36
032494b8	HAVOK	T2	36
032494dc	HAVOK	T2	12
032494e8	HAVOK	T2	252
032495e4	HAVOK	T2	60
03249620	HAVOK	T2	8
03249628	HAVOK	T2	12
03249634	HAVOK	T2	40
0324965c	HAVOK	T2	196
03249720	HAVOK	T2	304
03249850	HAVOK	T2	136
032498e0	HAVOK	T2	2844
0324a400	HAVOK	T2	924
0324a848	HAVOK	T2	64
0324a930	HAVOK	T2	80
0324a980	HAVOK	T2	72
0324a9c8	HAVOK	T2	32
0324a9e8	HAVOK	T2	264
0324ab08	HAVOK	T2	184
0324abc0	HAVOK	T2	168
0324ac78	HAVOK	T2	68
0324acbc	HAVOK	T2	56
0324acf4	HAVOK	T2	36
0324ad18	HAVOK	T2	184
0324add0	HAVOK	T2	220
0324aeac	HAVOK	T2	12
0324aeb8	HAVOK	T2	16
0324aec8	HAVOK	T2	140
0324af54	HAVOK	T2	20
0324af68	HAVOK	T2	20
0324af7c	HAVOK	T2	140
0324b010	HAVOK	T2	180
0324b0d0	HAVOK	T2	2624
0324bb10	HAVOK	T2	716
0324bde0	HAVOK	T2	396
0324bf70	HAVOK	T2	80
0324bfc0	HAVOK	T2	848
0324c310	HAVOK	T2	3792
0324d1e0	HAVOK	T2	880
0324d550	HAVOK	T1	1580
0324db7c	HAVOK	T2	520
0324dd84	HAVOK	T1	5952
032503cc	HAVOK	T2	3060
03250fc0	HAVOK	T2	60
03250ffc	HAVOK	T2	4
03251000	HAVOK	T2	168
032510a8	HAVOK	T2	260
032511b0	HAVOK	T2	292
032512d4	HAVOK	T2	104
03251340	HAVOK	T2	292
03251464	HAVOK	T2	104
032514cc	HAVOK	T2	96
0325152c	HAVOK	T2	3840
0325242c	HAVOK	T2	4
03252430	HAVOK	T2	192
032524f0	HAVOK	T2	492
032526dc	HAVOK	T2	112
0325274c	HAVOK	T1	1516
03252d38	HAVOK	T2	104
03252da0	HAVOK	T2	140
03252e2c	HAVOK	T2	4
03252e30	HAVOK	T2	140
03252ebc	HAVOK	T2	32
03252edc	HAVOK	T2	1612
03253078	HAVOK	T2	336
03253678	HAVOK	T2	140
03253704	HAVOK	T2	44
03253730	HAVOK	T2	1344
0325377c	HAVOK	T2	416
0325391c	HAVOK	T2	460
03253fdc	HAVOK	T1	492
032541d0	HAVOK	T2	304
03254300	HAVOK	T2	20
03254314	HAVOK	T2	200
032543dc	HAVOK	T2	244
032544d0	HAVOK	T2	12
032544dc	HAVOK	T1	7032
03256054	HAVOK	T2	116
032560c8	HAVOK	T2	244
032561bc	HAVOK	T2	8
032561c4	HAVOK	T2	12
032561d4	HAVOK	T2	116
0325624c	HAVOK	T2	116
032562c0	HAVOK	T2	244
032563b4	HAVOK	T2	12
032563c0	HAVOK	T2	1772
03256aac	HAVOK	T2	116
03256b20	HAVOK	T2	244
03256c14	HAVOK	T2	8
03256c1c	HAVOK	T2	12
03256c28	HAVOK	T2	244
03256d1c	HAVOK	T2	12
03256d28	HAVOK	T1	3700
03257b9c	HAVOK	T2	116
03257c10	HAVOK	T2	244
03257d04	HAVOK	T2	8
03257d0c	HAVOK	T2	12
03257d20	HAVOK	T2	312
03257e58	HAVOK	T1	3592
03258eb0	HAVOK	T2	1944
03259650	HAVOK	T2	4392
0325a780	HAVOK	T2	4340
0325b874	HAVOK	T2	84
0325b8c8	HAVOK	T2	88
0325b920	HAVOK	T2	1116
0325bd80	HAVOK	T2	1992
0325c548	HAVOK	T2	2020
0325cd2c	HAVOK	T2	1124
0325d190	HAVOK	T2	128
0325d210	HAVOK	T2	124
0325d290	HAVOK	T2	760
0325d590	HAVOK	T2	2932
0325e110	HAVOK	T2	564
0325e350	HAVOK	T2	840
0325e6a0	HAVOK	T2	608
0325e900	HAVOK	T2	248
0325e9f8	HAVOK	T2	196
0325eac0	HAVOK	T2	3760
0325f970	HAVOK	T2	144
0325fa00	HAVOK	T2	464
0325fbd0	HAVOK	T2	400
0325fd60	HAVOK	T2	280
0325fe78	HAVOK	T2	84
0325fecc	HAVOK	T2	48
0325fefc	HAVOK	T2	124
0325ff78	HAVOK	T2	60
0325ffb4	HAVOK	T2	60
0325fff0	HAVOK	T2	60
0326002c	HAVOK	T2	728
03260304	HAVOK	T2	200
032603cc	HAVOK	T2	504
032605c4	HAVOK	T2	80
03260614	HAVOK	T2	4
03260618	HAVOK	T2	4
0326061c	HAVOK	T2	4
03260620	HAVOK	T2	4
03260624	HAVOK	T2	4
03260628	HAVOK	T2	4
0326062c	HAVOK	T2	4
03260630	HAVOK	T2	12
0326063c	HAVOK	T2	60
03260678	HAVOK	T2	204
03260744	HAVOK	T2	80
03260794	HAVOK	T2	448
03260954	HAVOK	T2	64
03260994	HAVOK	T2	4
03260998	HAVOK	T2	12
032609a4	HAVOK	T2	72
032609ec	HAVOK	T2	80
03260a3c	HAVOK	T2	80
03260a8c	HAVOK	T2	580
03260cd0	HAVOK	T2	4
03260cd4	HAVOK	T2	12
03260ce0	HAVOK	T2	60
03260d1c	HAVOK	T2	80
03260d6c	HAVOK	T2	80
03260dbc	HAVOK	T2	76
03260e08	HAVOK	T2	4
03260e0c	HAVOK	T2	12
03260e18	HAVOK	T2	60
03260e54	HAVOK	T2	80
03260ea4	HAVOK	T2	80
03260ef4	HAVOK	T2	64
03260f34	HAVOK	T2	104
03260f9c	HAVOK	T2	4
03260fa0	HAVOK	T2	4
03260fa4	HAVOK	T2	4
03260fa8	HAVOK	T2	12
03260fb4	HAVOK	T2	72
03260ffc	HAVOK	T2	80
0326104c	HAVOK	T2	80
0326109c	HAVOK	T2	476
03261278	HAVOK	T2	60
032612b4	HAVOK	T2	12
032612c0	HAVOK	T2	72
03261308	HAVOK	T2	80
03261358	HAVOK	T2	76
032613a4	HAVOK	T1	2016
03261b84	HAVOK	T2	56
03261bbc	HAVOK	T2	12
03261bc8	HAVOK	T2	52
03261bfc	HAVOK	T2	116
03261c70	HAVOK	T2	76
03261cbc	HAVOK	T2	196
03261d80	HAVOK	T2	476
03261f5c	HAVOK	T2	4
03261f60	HAVOK	T2	4
03261f64	HAVOK	T2	48
03261f94	HAVOK	T2	612
032621f8	HAVOK	T2	196
032622bc	HAVOK	T1	1980
03262a78	HAVOK	T2	4
03262a7c	HAVOK	T2	96
03262adc	HAVOK	T2	4
03262ae0	HAVOK	T2	136
03262b68	HAVOK	T1	724
03262e3c	HAVOK	T2	4
03262e40	HAVOK	T2	28
03262e5c	HAVOK	T2	4
03262e60	HAVOK	T2	84
03262eb4	HAVOK	T2	4
03262eb8	HAVOK	T2	4
03262ebc	HAVOK	T2	4
03262ec0	HAVOK	T2	88
03262f18	HAVOK	T2	4
03262f1c	HAVOK	T2	136
03262fa4	HAVOK	T2	108
03263010	HAVOK	T2	236
032630fc	HAVOK	T2	4
03263100	HAVOK	T2	188
032631bc	HAVOK	T2	180
03263270	HAVOK	T2	112
032632e0	HAVOK	T2	240
03263b40	HAVOK	T2	1676
032641d0	HAVOK	T2	64
03264210	HAVOK	T2	64
03264250	HAVOK	T2	64
03264290	HAVOK	T2	64
032642d0	HAVOK	T2	64
03264310	HAVOK	T2	64
03264350	HAVOK	T2	64
03264390	HAVOK	T2	64
032643d0	HAVOK	T2	64
03264410	HAVOK	T2	64
03264450	HAVOK	T2	52
03264490	HAVOK	T2	64
032644d0	HAVOK	T2	64
03264510	HAVOK	T2	64
03264550	HAVOK	T2	64
03264590	HAVOK	T2	64
032645d0	HAVOK	T2	64
03264610	HAVOK	T2	64
03264650	HAVOK	T2	64
03264690	HAVOK	T2	64
032646d0	HAVOK	T2	64
03264710	HAVOK	T2	64
03264750	HAVOK	T2	64
03264790	HAVOK	T2	64
032647d0	HAVOK	T2	64
03264810	HAVOK	T2	64
03264850	HAVOK	T2	64
03264890	HAVOK	T2	52
032648d0	HAVOK	T2	64
03264910	HAVOK	T2	64
03264950	HAVOK	T2	52
03264990	HAVOK	T2	64
032649d0	HAVOK	T2	64
03264a10	HAVOK	T2	64
03264a50	HAVOK	T2	64
03264a90	HAVOK	T2	64
03264ad0	HAVOK	T2	64
03264b10	HAVOK	T2	64
03264b50	HAVOK	T2	64
03264b90	HAVOK	T2	64
03264bd0	HAVOK	T2	64
03264c10	HAVOK	T2	64
03264c50	HAVOK	T2	64
03264c90	HAVOK	T2	64
03264cd0	HAVOK	T2	64
03264d10	HAVOK	T2	64
03264d50	HAVOK	T2	64
03264d90	HAVOK	T2	64
03264dd0	HAVOK	T2	64
03264e10	HAVOK	T2	64
03264e50	HAVOK	T2	64
03264e90	HAVOK	T2	68
03264ee0	HAVOK	T2	68
03264f30	HAVOK	T2	68
03264f80	HAVOK	T2	68
03264fd0	HAVOK	T2	68
03265020	HAVOK	T2	64
03265060	HAVOK	T2	64
032650a0	HAVOK	T2	64
032650e0	HAVOK	T2	64
03265120	HAVOK	T2	64
03265160	HAVOK	T2	64
032651a0	HAVOK	T2	64
032651e0	HAVOK	T2	64
03265220	HAVOK	T2	64
03265260	HAVOK	T2	64
032652a0	HAVOK	T2	64
032652e0	HAVOK	T2	64
03265320	HAVOK	T2	64
03265360	HAVOK	T2	64
032653a0	HAVOK	T2	64
032653e0	HAVOK	T2	64
03265420	HAVOK	T2	64
03265460	HAVOK	T2	64
032654a0	HAVOK	T2	64
032654e0	HAVOK	T2	64
03265520	HAVOK	T2	64
03265560	HAVOK	T2	64
032655a0	HAVOK	T2	64
032655e0	HAVOK	T2	64
03265620	HAVOK	T2	64
03265660	HAVOK	T2	64
032656a0	HAVOK	T2	64
032656e0	HAVOK	T2	64
03265720	HAVOK	T2	64
03265760	HAVOK	T2	64
032657a0	HAVOK	T2	64
032657e0	HAVOK	T2	64
03265820	HAVOK	T2	12
0326582c	HAVOK	T2	240
0326591c	HAVOK	T2	112
0326598c	HAVOK	T2	96
032659ec	HAVOK	T2	140
03265a78	HAVOK	T2	80
03265ac8	HAVOK	T2	136
03265b50	HAVOK	T2	28
03265b6c	HAVOK	T1	556
03265d98	HAVOK	T2	232
03265e80	HAVOK	T2	640
03266100	HAVOK	T2	4
03266104	HAVOK	T2	28
03266120	HAVOK	T2	80
03266170	HAVOK	T2	4
03266174	HAVOK	T1	516
03266378	HAVOK	T2	28
03266394	HAVOK	T2	80
032663e4	HAVOK	T2	4
032663e8	HAVOK	T2	28
03266404	HAVOK	T2	88
0326645c	HAVOK	T2	4
03266460	HAVOK	T2	28
0326647c	HAVOK	T1	576
032666bc	HAVOK	T2	228
032667a0	HAVOK	T2	656
03266a30	HAVOK	T2	4
03266a34	HAVOK	T2	132
03266ab8	HAVOK	T2	80
03266b08	HAVOK	T2	4
03266b0c	HAVOK	T1	544
03266d2c	HAVOK	T2	132
03266db0	HAVOK	T2	80
03266e00	HAVOK	T2	4
03266e04	HAVOK	T2	28
03266e20	HAVOK	T2	96
03266e80	HAVOK	T2	4
03266e84	HAVOK	T2	52
03266eb8	HAVOK	T2	96
03266f18	HAVOK	T2	4
03266f1c	HAVOK	T2	28
03266f38	HAVOK	T2	96
03266f98	HAVOK	T2	4
03266f9c	HAVOK	T2	28
03266fb8	HAVOK	T1	572
032671f4	HAVOK	T2	244
032672e8	HAVOK	T2	684
03267594	HAVOK	T2	4
03267598	HAVOK	T2	132
0326761c	HAVOK	T2	80
0326766c	HAVOK	T2	4
03267670	HAVOK	T2	132
032676f4	HAVOK	T2	80
03267744	HAVOK	T2	4
03267748	HAVOK	T2	28
03267764	HAVOK	T1	556
03267990	HAVOK	T2	232
03267a78	HAVOK	T2	640
03267cf8	HAVOK	T2	4
03267cfc	HAVOK	T2	132
03267d80	HAVOK	T2	80
03267dd0	HAVOK	T2	4
03267dd4	HAVOK	T1	516
03267fd8	HAVOK	T2	132
0326805c	HAVOK	T2	80
032680ac	HAVOK	T2	4
032680b0	HAVOK	T2	28
032680cc	HAVOK	T2	84
03268120	HAVOK	T2	112
03268190	HAVOK	T2	188
0326824c	HAVOK	T2	28
03268268	HAVOK	T2	84
032682bc	HAVOK	T2	112
0326832c	HAVOK	T2	188
032683e8	HAVOK	T2	28
03268404	HAVOK	T2	84
03268458	HAVOK	T2	112
032684c8	HAVOK	T2	188
03268584	HAVOK	T2	28
032685a0	HAVOK	T2	84
032685f4	HAVOK	T2	112
03268664	HAVOK	T2	188
03268720	HAVOK	T2	4
03268724	HAVOK	T2	64
03268764	HAVOK	T2	420
03268908	HAVOK	T2	80
03268958	HAVOK	T2	404
03268aec	HAVOK	T2	28
03268b08	HAVOK	T2	84
03268b5c	HAVOK	T2	112
03268bcc	HAVOK	T2	188
03268c88	HAVOK	T2	28
03268ca4	HAVOK	T2	84
03268cf8	HAVOK	T2	112
03268d68	HAVOK	T2	188
03268e24	HAVOK	T1	808
0326914c	HAVOK	T1	512
0326934c	HAVOK	T2	4
03269350	HAVOK	T2	28
0326936c	HAVOK	T1	572
032695a8	HAVOK	T2	232
03269690	HAVOK	T2	672
03269930	HAVOK	T2	4
03269934	HAVOK	T2	4
03269938	HAVOK	T2	4
0326993c	HAVOK	T2	4
03269940	HAVOK	T2	28
0326995c	HAVOK	T1	556
03269b88	HAVOK	T2	232
03269c70	HAVOK	T2	640
03269ef0	HAVOK	T2	4
03269ef4	HAVOK	T2	28
03269f10	HAVOK	T1	556
0326a13c	HAVOK	T2	232
0326a224	HAVOK	T2	640
0326a4a4	HAVOK	T2	4
0326a4a8	HAVOK	T2	28
0326a4c4	HAVOK	T1	556
0326a6f0	HAVOK	T2	232
0326a7d8	HAVOK	T2	640
0326aa58	HAVOK	T2	4
0326aa5c	HAVOK	T2	28
0326aa78	HAVOK	T1	556
0326aca4	HAVOK	T2	232
0326ad8c	HAVOK	T2	640
0326b00c	HAVOK	T2	4
0326b010	HAVOK	T2	28
0326b02c	HAVOK	T1	2032
0326b81c	HAVOK	T2	468
0326b9f0	HAVOK	T2	1808
0326c100	HAVOK	T2	4
0326c104	HAVOK	T2	28
0326c120	HAVOK	T1	556
0326c34c	HAVOK	T2	232
0326c434	HAVOK	T2	632
0326c6ac	HAVOK	T2	4
0326c6b0	HAVOK	T2	28
0326c6cc	HAVOK	T1	556
0326c8f8	HAVOK	T2	232
0326c9e0	HAVOK	T2	636
0326cc5c	HAVOK	T2	4
0326cc60	HAVOK	T2	28
0326cc7c	HAVOK	T1	568
0326ceb4	HAVOK	T2	232
0326cf9c	HAVOK	T2	644
0326d220	HAVOK	T2	4
0326d224	HAVOK	T2	148
0326d2b8	HAVOK	T1	600
0326d510	HAVOK	T2	4
0326d514	HAVOK	T2	28
0326d530	HAVOK	T1	936
0326d8d8	HAVOK	T2	232
0326d9c0	HAVOK	T2	888
0326dd38	HAVOK	T2	4
0326dd3c	HAVOK	T2	148
0326ddd0	HAVOK	T1	952
0326e188	HAVOK	T2	4
0326e18c	HAVOK	T2	28
0326e1a8	HAVOK	T1	1048
0326e5c0	HAVOK	T2	232
0326e6a8	HAVOK	T2	952
0326ea60	HAVOK	T2	4
0326ea64	HAVOK	T2	148
0326eaf8	HAVOK	T1	1068
0326ef24	HAVOK	T2	4
0326ef28	HAVOK	T2	36
0326ef4c	HAVOK	T2	24
0326ef64	HAVOK	T2	144
0326eff4	HAVOK	T2	180
0326f0a8	HAVOK	T2	280
0326f1c0	HAVOK	T2	396
0326f530	HAVOK	T2	80
0326f580	HAVOK	T2	128
0326f600	HAVOK	T2	140
0326f68c	HAVOK	T2	132
0326f710	HAVOK	T2	196
0326f7d4	HAVOK	T2	124
0326f850	HAVOK	T2	136
0326f8d8	HAVOK	T2	968
0326fca0	HAVOK	T2	456
0326fe68	HAVOK	T2	548
0327008c	HAVOK	T2	4
03270090	HAVOK	T2	1272
03270588	HAVOK	T2	168
03270630	HAVOK	T2	180
032706e4	HAVOK	T2	1780
03270dd8	HAVOK	T2	24
03270df0	HAVOK	T2	96
03270e50	HAVOK	T2	180
03270f10	HAVOK	T2	80
03270f60	HAVOK	T2	36
03270f84	HAVOK	T2	36
03270fa8	HAVOK	T2	4240
03272038	HAVOK	T2	388
032721bc	HAVOK	T2	568
032723f4	HAVOK	T2	228
032724d8	HAVOK	T2	180
0327258c	HAVOK	T2	68
032725d0	HAVOK	T2	212
032726b0	HAVOK	T2	456
03272878	HAVOK	T2	92
032728d4	HAVOK	T2	212
032729a8	HAVOK	T2	180
03272a5c	HAVOK	T2	452
03272c20	HAVOK	T2	432
03272dd0	HAVOK	T2	196
03272ea0	HAVOK	T2	284
03272fbc	HAVOK	T2	120
03273040	HAVOK	T2	1528
03273638	HAVOK	T2	468
0327380c	HAVOK	T2	84
03273860	HAVOK	T2	108
032738cc	HAVOK	T2	372
03273a40	HAVOK	T2	168
03273ae8	HAVOK	T2	60
03273b24	HAVOK	T2	4
03273b30	HAVOK	T2	368
03273ca0	HAVOK	T2	3244
0327494c	HAVOK	T2	512
03274b4c	HAVOK	T2	192
03274c0c	HAVOK	T2	176
03274cbc	HAVOK	T2	120
03274d34	HAVOK	T2	180
03274fd0	HAVOK	T2	80
03275020	HAVOK	T2	476
032751fc	HAVOK	T2	24
03275214	HAVOK	T2	36
03275238	HAVOK	T2	416
032753d8	HAVOK	T2	4
032753dc	HAVOK	T2	4
03275410	HAVOK	T2	128
03275490	HAVOK	T2	40
032754b8	HAVOK	T2	140
03275544	HAVOK	T2	8
0327554c	HAVOK	T2	8
03275554	HAVOK	T2	8
0327555c	HAVOK	T2	8
03275564	HAVOK	T2	4
03275568	HAVOK	T2	140
032755f4	HAVOK	T2	60
03275630	HAVOK	T2	100
03275698	HAVOK	T2	28
032756b4	HAVOK	T2	20
032756cc	HAVOK	T2	224
032757ac	HAVOK	T2	8
032757b4	HAVOK	T2	12
032757c0	HAVOK	T2	4
032757d0	HAVOK	T2	140
0327585c	HAVOK	T2	200
03275924	HAVOK	T2	8
0327592c	HAVOK	T2	32
03275934	HAVOK	T2	8
03275940	HAVOK	T2	52
03275974	HAVOK	T2	284
03275a90	HAVOK	T2	144
03275b20	HAVOK	T2	76
03275b6c	HAVOK	T2	76
03275bb8	HAVOK	T1	2108
032763f4	HAVOK	T2	388
03276578	HAVOK	T2	12
03276584	HAVOK	T2	168
0327662c	HAVOK	T2	268
03276748	HAVOK	T2	136
032767d0	HAVOK	T1	660
03276a64	HAVOK	T2	160
03276b04	HAVOK	T2	824
03276e3c	HAVOK	T2	1628
03277498	HAVOK	T2	264
032775a0	HAVOK	T2	136
03277628	HAVOK	T2	188
032776f4	HAVOK	T2	432
032778a4	HAVOK	T2	84
032778f8	HAVOK	T2	340
03277a50	HAVOK	T2	260
03277b54	HAVOK	T2	72
03277b9c	HAVOK	T2	676
03277e40	HAVOK	T1	864
032781a0	HAVOK	T2	780
032784ac	HAVOK	T2	72
032784f4	HAVOK	T2	132
03278578	HAVOK	T2	20
0327858c	HAVOK	T2	76
032785d8	HAVOK	T2	8
032785e0	HAVOK	T2	64
03278620	HAVOK	T2	64
03278660	HAVOK	T2	64
032786a0	HAVOK	T2	100
03278710	HAVOK	T2	64
03278750	HAVOK	T2	200
03278820	HAVOK	T2	196
032788f0	HAVOK	T2	100
03278960	HAVOK	T2	64
032789a0	HAVOK	T2	64
032789e0	HAVOK	T2	372
03278b54	HAVOK	T2	244
03278c48	HAVOK	T2	328
03278d90	HAVOK	T2	712
03279058	HAVOK	T2	176
03279108	HAVOK	T2	36
0327912c	HAVOK	T2	36
03279150	HAVOK	T2	16
03279160	HAVOK	T2	16
03279170	HAVOK	T2	16
03279180	HAVOK	T1	676
03279424	HAVOK	T2	156
032794c0	HAVOK	T2	392
03279648	HAVOK	T2	976
03279a18	HAVOK	T2	904
03279df0	HAVOK	T2	416
03279f90	HAVOK	T2	64
03279fd0	HAVOK	T2	280
0327a0e8	HAVOK	T2	204
0327a1b4	HAVOK	T2	136
0327a23c	HAVOK	T1	416
0327a3dc	HAVOK	T2	252
0327a4d8	HAVOK	T2	260
0327a5dc	HAVOK	T2	260
0327a6e0	HAVOK	T2	980
0327aab4	HAVOK	T2	360
0327ac1c	HAVOK	T2	56
0327ac54	HAVOK	T2	160
0327acf4	HAVOK	T2	264
0327adfc	HAVOK	T2	204
0327aec8	HAVOK	T1	564
0327b0fc	HAVOK	T1	540
0327b318	HAVOK	T2	364
0327b484	HAVOK	T1	812
0327b7b0	HAVOK	T2	536
0327b9c8	HAVOK	T1	532
0327bbdc	HAVOK	T2	672
0327be7c	HAVOK	T2	692
0327c130	HAVOK	T2	672
0327c3d0	HAVOK	T2	692
0327c684	HAVOK	T2	672
0327c924	HAVOK	T2	692
0327cbd8	HAVOK	T2	4
0327cbdc	HAVOK	T2	52
0327cc10	HAVOK	T1	484
0327cdf4	HAVOK	T2	52
0327ce28	HAVOK	T2	4
0327ce2c	HAVOK	T1	744
0327d114	HAVOK	T2	4
0327d118	HAVOK	T1	1388
0327d684	HAVOK	T2	12
0327d690	HAVOK	T2	4
0327d694	HAVOK	T1	844
0327d9e0	HAVOK	T2	4
0327d9e4	HAVOK	T1	1780
0327e0d8	HAVOK	T2	148
0327e16c	HAVOK	T2	480
0327e34c	HAVOK	T2	352
0327e4ac	HAVOK	T2	480
0327e68c	HAVOK	T2	352
0327e7ec	HAVOK	T2	480
0327e9cc	HAVOK	T2	352
0327eb2c	HAVOK	T2	4
0327eb30	HAVOK	T1	656
0327edc0	HAVOK	T2	4
0327edc4	HAVOK	T2	52
0327edf8	HAVOK	T1	472
0327efd0	HAVOK	T2	52
0327f004	HAVOK	T1	484
0327f1e8	HAVOK	T1	940
0327f594	HAVOK	T2	268
0327f6a0	HAVOK	T2	4
0327f6a4	HAVOK	T1	5920
03280dc4	HAVOK	T2	456
03280f8c	HAVOK	T2	24
03280fa4	HAVOK	T2	28
03280fc0	HAVOK	T2	28
03280fdc	HAVOK	T2	184
03281094	HAVOK	T2	172
03281140	HAVOK	T2	28
0328115c	HAVOK	T2	184
03281214	HAVOK	T2	172
032812c0	HAVOK	T2	4
032812c4	HAVOK	T1	1296
032817d4	HAVOK	T2	488
032819bc	HAVOK	T2	4
032819c0	HAVOK	T1	568
03281bf8	HAVOK	T2	488
03281de0	HAVOK	T2	148
03281e74	HAVOK	T1	11324
03284ab0	HAVOK	T2	252
03284bac	HAVOK	T2	200
03284c74	HAVOK	T1	608
03284ed4	HAVOK	T2	412
03285070	HAVOK	T1	304
032851a0	HAVOK	T1	1112
032855f8	HAVOK	T2	300
03285724	HAVOK	T2	340
03285878	HAVOK	T2	1324
03285da4	HAVOK	T2	160
03285e44	HAVOK	T2	180
03285ef8	HAVOK	T1	868
0328625c	HAVOK	T2	280
03286374	HAVOK	T2	8
0328637c	HAVOK	T2	716
03286648	HAVOK	T2	16
03286658	HAVOK	T2	16
03286668	HAVOK	T2	132
032866f0	HAVOK	T2	280
03286a40	HAVOK	T2	212
03286b20	HAVOK	T2	64
03286b60	HAVOK	T2	64
03286ba0	HAVOK	T2	64
03286be0	HAVOK	T1	952
03286f98	HAVOK	T2	144
03287028	HAVOK	T2	236
03287114	HAVOK	T2	904
0328749c	HAVOK	T2	264
032875a4	HAVOK	T2	308
032876d8	HAVOK	T2	140
03287764	HAVOK	T2	12
03287770	HAVOK	T2	732
03287a4c	HAVOK	T2	140
03287ad8	HAVOK	T2	1376
03288038	HAVOK	T2	12
03288044	HAVOK	T2	140
032880d0	HAVOK	T2	12
032880dc	HAVOK	T2	336
0328822c	HAVOK	T2	140
032882b8	HAVOK	T2	140
03288344	HAVOK	T1	1392
032888b4	HAVOK	T1	1392
03288e24	HAVOK	T1	464
03288ff4	HAVOK	T2	92
03289050	HAVOK	T1	1192
032894f8	HAVOK	T2	1192
032899a0	HAVOK	T1	6688
0328b3c0	HAVOK	T2	1412
0328b944	HAVOK	T1	4784
0328cbf4	HAVOK	T2	216
0328cccc	HAVOK	T1	584
0328cf20	HAVOK	T2	348
0328d07c	HAVOK	T2	128
0328d0fc	HAVOK	T1	440
0328d2b4	HAVOK	T1	2904
0328de0c	HAVOK	T2	136
0328de94	HAVOK	T2	132
0328df18	HAVOK	T2	132
0328df9c	HAVOK	T2	132
0328e020	HAVOK	T2	132
0328e0a4	HAVOK	T2	132
0328e128	HAVOK	T2	128
0328e1a8	HAVOK	T2	136
0328e230	HAVOK	T2	132
0328e2b4	HAVOK	T2	132
0328e338	HAVOK	T2	132
0328e3bc	HAVOK	T2	372
0328e530	HAVOK	T1	492
0328e71c	HAVOK	T2	112
0328e78c	HAVOK	T2	108
0328e7f8	HAVOK	T1	464
0328e9c8	HAVOK	T1	464
0328eb98	HAVOK	T2	492
0328ed84	HAVOK	T2	516
0328ef88	HAVOK	T2	328
0328f0d0	HAVOK	T1	3168
0328fd30	HAVOK	T2	1060
03290154	HAVOK	T2	144
032901e4	HAVOK	T2	60
03290220	HAVOK	T2	124
032902a0	HAVOK	T2	164
03290344	HAVOK	T2	276
03290458	HAVOK	T2	160
032904f8	HAVOK	T2	180
032905ac	HAVOK	T1	2612
03290fe0	HAVOK	T2	128
03291060	HAVOK	T1	3752
03291f08	HAVOK	T2	292
0329202c	HAVOK	T2	112
0329209c	HAVOK	T1	256
0329219c	HAVOK	T2	144
0329222c	HAVOK	T2	184
032923e0	HAVOK	T1	2512
03292db0	HAVOK	T2	172
03292e5c	HAVOK	T2	104
03292ec4	HAVOK	T2	160
03292f70	HAVOK	T2	288
03293090	HAVOK	T2	156
0329312c	HAVOK	T2	8252
03295168	HAVOK	T2	112
032951d8	HAVOK	T2	116
0329524c	HAVOK	T2	76
03295298	HAVOK	T2	204
03295364	HAVOK	T2	20
03295378	HAVOK	T2	8
03295380	HAVOK	T2	28
0329539c	HAVOK	T2	48
032953cc	HAVOK	T2	28
032953e8	HAVOK	T2	24
03295400	HAVOK	T2	28
03295420	HAVOK	T2	60
0329545c	HAVOK	T2	228
03295540	HAVOK	T2	148
03295640	HAVOK	T2	244
03295740	HAVOK	T2	64
03295780	HAVOK	T2	252
0329587c	HAVOK	T1	756
03295b70	HAVOK	T1	984
03295f48	HAVOK	T1	324
0329608c	HAVOK	T2	56
032960c4	HAVOK	T2	60
03296100	HAVOK	T2	224
032961e0	HAVOK	T2	264
032962f8	HAVOK	T2	236
032963e4	HAVOK	T2	1792
03296ae4	HAVOK	T2	868
03296e48	HAVOK	T1	432
03296ff8	HAVOK	T2	136
03297080	HAVOK	T2	4
03297090	HAVOK	T2	200
03297158	HAVOK	T1	492
03297344	HAVOK	T1	464
03297598	HAVOK	T1	432
03297750	HAVOK	T2	244
03297850	HAVOK	T2	384
032979d0	HAVOK	T1	492
03297bbc	HAVOK	T1	436
03297d70	HAVOK	T2	256
03297e70	HAVOK	T2	228
03297f54	HAVOK	T2	164
03297ff8	HAVOK	T2	76
03298044	HAVOK	T2	172
032980f0	HAVOK	T2	332
0329823c	HAVOK	T2	820
03298570	HAVOK	T1	452
03298734	HAVOK	T2	292
03298860	HAVOK	T2	84
032988b4	HAVOK	T2	288
032989d8	HAVOK	T1	528
03298be8	HAVOK	T2	208
03298cb8	HAVOK	T2	100
03298d1c	HAVOK	T2	76
03298d68	HAVOK	T2	340
03298ebc	HAVOK	T2	56
03298ef4	HAVOK	T2	80
03298f44	HAVOK	T2	4
03298f48	HAVOK	T2	4
03298f4c	HAVOK	T2	112
03298fc8	HAVOK	T2	240
032990b8	HAVOK	T2	80
03299108	HAVOK	T2	72
03299150	HAVOK	T2	476
0329932c	HAVOK	T2	108
03299398	HAVOK	T2	232
03299480	HAVOK	T2	180
03299638	HAVOK	T2	132
032996bc	HAVOK	T2	608
032999a8	HAVOK	T2	568
03299a50	HAVOK	T2	36
03299a74	HAVOK	T2	108
03299ae0	HAVOK	T2	56
03299b18	HAVOK	T2	196
03299bdc	HAVOK	T2	92
03299c38	HAVOK	T2	120
03299cb0	HAVOK	T2	372
03299e24	HAVOK	T2	64
03299e64	HAVOK	T2	60
03299ea0	HAVOK	T2	208
03299f70	HAVOK	T2	168
0329a094	HAVOK	T2	184
0329a14c	HAVOK	T2	180
0329a200	HAVOK	T2	196
0329a2c4	HAVOK	T2	528
0329a458	HAVOK	T2	360
0329a5c0	HAVOK	T2	64
0329a600	HAVOK	T2	144
0329a690	HAVOK	T2	112
0329a700	HAVOK	T2	180
0329a7b4	HAVOK	T2	296
0329a8dc	HAVOK	T2	80
0329a92c	HAVOK	T2	120
0329a9a4	HAVOK	T2	92
0329aa00	HAVOK	T2	88
0329aa58	HAVOK	T2	124
0329aad4	HAVOK	T2	340
0329ac74	HAVOK	T2	60
0329acb0	HAVOK	T2	28
0329accc	HAVOK	T2	28
0329ace8	HAVOK	T2	80
0329ad38	HAVOK	T2	80
0329ad88	HAVOK	T2	80
0329add8	HAVOK	T2	12
0329ade4	HAVOK	T2	60
0329ae20	HAVOK	T2	80
0329ae70	HAVOK	T2	28
0329ae8c	HAVOK	T2	12
0329ae98	HAVOK	T2	252
0329af94	HAVOK	T2	80
0329afe4	HAVOK	T2	52
0329b018	HAVOK	T2	12
0329b024	HAVOK	T2	60
0329b060	HAVOK	T1	1784
0329b758	HAVOK	T2	516
0329b95c	HAVOK	T2	28
0329b978	HAVOK	T2	8
0329b980	HAVOK	T2	8
0329b988	HAVOK	T2	8
0329b990	HAVOK	T2	8
0329b998	HAVOK	T2	32
0329b9c0	HAVOK	T2	64
0329ba00	HAVOK	T2	64
0329ba40	HAVOK	T2	64
0329ba80	HAVOK	T2	64
0329bac0	HAVOK	T2	64
0329bb00	HAVOK	T2	64
0329bb40	HAVOK	T2	64
0329bb80	HAVOK	T2	4
0329bb84	HAVOK	T2	28
0329bba0	HAVOK	T2	84
0329bbf4	HAVOK	T2	112
0329bc64	HAVOK	T2	188
0329bd20	HAVOK	T2	4
0329bd24	HAVOK	T2	28
0329bd40	HAVOK	T2	84
0329bd94	HAVOK	T2	112
0329be04	HAVOK	T2	188
0329bec0	HAVOK	T2	4
0329bec4	HAVOK	T2	4
0329bed0	HAVOK	T2	308
0329c004	HAVOK	T2	40
0329c02c	HAVOK	T2	180
0329c0e0	HAVOK	T2	180
0329c194	HAVOK	T2	84
0329c1e8	HAVOK	T2	28
0329c204	HAVOK	T2	8
0329c20c	HAVOK	T2	8
0329c214	HAVOK	T2	8
0329c21c	HAVOK	T2	84
0329c224	HAVOK	T2	140
0329c2b0	HAVOK	T2	80
0329c390	HAVOK	T2	472
0329c894	HAVOK	T2	744
0329cb7c	HAVOK	T2	148
0329cc10	HAVOK	T2	272
0329cd20	HAVOK	T2	288
0329ce40	HAVOK	T2	180
0329cef4	HAVOK	T2	232
0329cfdc	HAVOK	T1	460
0329d208	HAVOK	T2	184
0329d2c0	HAVOK	T2	284
0329d3dc	HAVOK	T2	12
0329d3e8	HAVOK	T2	320
0329d528	HAVOK	T2	200
0329d5f0	HAVOK	T2	8
0329d5f8	HAVOK	T2	160
0329d6b0	HAVOK	T2	564
0329d8e4	HAVOK	T2	324
0329da28	HAVOK	T2	244
0329db1c	HAVOK	T2	136
0329dba4	HAVOK	T2	384
0329dd24	HAVOK	T2	384
0329dea4	HAVOK	T2	268
0329dfb0	HAVOK	T2	180
0329e064	HAVOK	T2	8
0329e06c	HAVOK	T2	4
0329e070	HAVOK	T2	52
0329e0a4	HAVOK	T2	372
0329e218	HAVOK	T1	1756
0329e8f4	HAVOK	T1	1300
0329ee08	HAVOK	T1	392
0329ef90	HAVOK	T1	1512
0329f578	HAVOK	T2	368
0329f6e8	HAVOK	T2	136
0329f770	HAVOK	T2	128
0329f7f0	HAVOK	T2	540
0329fa0c	HAVOK	T1	592
0329fc5c	HAVOK	T1	1620
032a02b0	HAVOK	T1	344
032a0550	HAVOK	T2	80
032a05a0	HAVOK	T2	328
032a06e8	HAVOK	T2	320
032a0828	HAVOK	T2	328
032a0970	HAVOK	T2	268
032a0a7c	HAVOK	T1	716
032a0d48	HAVOK	T3	340
032a1d70	HAVOK	T3	116
032a2540	LUA_CORE	T3	16
032a2570	LUA_CORE	T3	16
032a2580	LUA_CORE	T3	16
032a25f0	LUA_CORE	T3	16
032a2610	LUA_CORE	T3	16
032a2630	LUA_CORE	T3	16
032a2640	LUA_CORE	T3	16
032a2660	LUA_CORE	T3	16
032a2670	LUA_CORE	T3	16
032a2680	LUA_CORE	T3	16
032a2690	LUA_CORE	T3	16
032a26a0	LUA_CORE	T3	16
032a26b0	LUA_CORE	T3	16
032a26c0	LUA_CORE	T3	16
032a26d0	LUA_CORE	T3	16
032a26e0	LUA_CORE	T3	16
032a26f0	LUA_CORE	T3	16
032a2700	LUA_CORE	T3	16
032a2710	LUA_CORE	T3	16
032a2720	LUA_CORE	T3	16
032a2790	LUA_CORE	T3	16
032a27a0	LUA_CORE	T3	16
032a27d0	LUA_CORE	T3	16
032a27e0	LUA_CORE	T3	16
032a27f0	LUA_CORE	T3	16
032a2800	LUA_CORE	T3	16
032a2850	LUA_CORE	T3	16
032a28c0	LUA_CORE	T3	16
032a28e0	LUA_CORE	T3	16
032a28f0	LUA_CORE	T3	16
032a2d00	NET	T3	16
032a2d10	NET	T3	16
032a2e20	NET	T3	16
032a2e60	NET	T3	16
032a2e70	NET	T3	16
032a2e80	NET	T3	16
032a2e90	NET	T3	16
032a2ea0	NET	T3	16
032a2eb0	NET	T3	16
032a2ec0	NET	T3	16
032a2ed0	NET	T3	16
032a2ee0	NET	T3	16
032a2ef0	NET	T3	16
032a2f00	NET	T3	16
032a2f10	NET	T3	16
032a2f20	NET	T3	16
032a2f30	NET	T3	16
032a2f40	NET	T3	16
032a2f50	NET	T3	16
032a2f60	NET	T3	16
032a2f70	NET	T3	16
032a2f80	NET	T3	16
032a2f90	NET	T3	16
032a2fa0	NET	T3	16
032a2fb0	NET	T3	16
032a2fc0	NET	T3	16
032a3010	NET	T3	16
032a30c0	NET	T3	16
032a30d0	NET	T3	16
032a3120	NET	T3	16
032a3130	NET	T3	16
032a3140	NET	T3	16
032a3150	NET	T3	16
032a3160	NET	T3	16
032a3170	NET	T3	16
032a31e0	NET	T3	16
032a3200	NET	T3	16
032a32f0	NET	T3	16
032a3390	NET	T3	16
032a33b0	NET	T3	16
032a33d0	NET	T3	16
032a33e0	NET	T3	16
032a3410	NET	T3	16
032a3430	NET	T3	16
032a3440	NET	T3	16
032a3450	NET	T3	16
032a3470	NET	T3	16
032a3490	NET	T3	16
032a34a0	NET	T3	16
032a34b0	NET	T3	16
032a34c0	NET	T3	16
032a34d0	NET	T3	16
032a34e0	NET	T3	16
032a34f0	NET	T3	16
032a3500	NET	T3	16
032a3510	NET	T3	16
032a3520	NET	T3	16
032a35c0	NET	T3	16
032a35f0	NET	T3	16
032a3600	NET	T3	16
032a3610	NET	T3	16
032a3620	NET	T3	16
032a3630	NET	T3	16
032a3640	NET	T3	16
032a3650	NET	T3	16
032a3670	NET	T3	16
032a3680	NET	T3	16
032a3690	NET	T3	16
032a36a0	NET	T3	16
032a36b0	NET	T3	16
032a36c0	NET	T3	16
032a36d0	NET	T3	16
032a36e0	NET	T3	16
032a36f0	NET	T3	16
032a3730	NET	T3	16
032a3740	NET	T3	16
032a3750	NET	T3	16
032a37c0	NET	T3	16
032a37e0	NET	T3	16
032a37f0	NET	T3	16
032a3800	NET	T3	16
032a3810	NET	T3	16
032a3820	NET	T3	16
032a3830	NET	T3	16
032a3840	NET	T3	16
032a3850	NET	T3	16
032a3860	NET	T3	16
032a3930	NET	T3	16
032a3940	NET	T3	16
032a3950	NET	T3	16
032a3960	NET	T3	16
032a3970	NET	T3	16
032a3980	NET	T3	16
032a3990	NET	T3	16
032a39a0	NET	T3	16
032a39b0	NET	T3	16
032a39c0	NET	T3	16
032a39d0	NET	T3	16
032a3a00	NET	T3	16
032a3a40	NET	T3	16
032a3a50	NET	T3	16
032a3a70	NET	T3	16
032a3a80	NET	T3	16
032a3aa0	NET	T3	16
032a3ab0	NET	T3	16
032a3ac0	NET	T3	16
032a3ae0	NET	T3	16
032a3af0	NET	T3	16
032a3b10	NET	T3	16
032a3b20	NET	T3	16
032a3b30	NET	T3	16
032a3b40	NET	T3	16
032a3b60	NET	T3	16
032a3b70	NET	T3	16
032a3b80	NET	T3	16
032a3bb0	NET	T3	16
032a3bc0	NET	T3	16
032a3bd0	NET	T3	16
032a3be0	NET	T3	16
032a3bf0	NET	T3	16
032a3c00	NET	T3	16
032a3c10	NET	T3	16
032a3c20	NET	T3	16
032a3cd0	NET	T3	16
032a3ce0	NET	T3	16
032a3cf0	NET	T3	16
032a3df0	NET	T3	16
032a3e00	NET	T3	16
032a3e10	NET	T3	16
032a3e20	NET	T3	16
032a3e70	NET	T3	16
032a3e80	NET	T3	16
032a3ec0	NET	T3	16
032a3ed0	NET	T3	16
032a3ee0	NET	T3	16
032a3ef0	NET	T3	16
032a3f00	NET	T3	16
032a3f10	NET	T3	16
032a3f20	NET	T3	16
032a3f30	NET	T3	16
032a3fb0	NET	T3	16
032a3fd0	NET	T3	16
032a3fe0	NET	T3	16
032a3ff0	NET	T3	16
032a4000	NET	T3	16
032a4010	NET	T3	16
032a4020	NET	T3	16
032a4520	NET	T3	16
032a5530	WWISE	T3	16
032a5620	HAVOK	T3	16
032a5630	HAVOK	T3	16
032a5640	HAVOK	T3	16
032a5650	HAVOK	T3	16
032a5660	HAVOK	T3	16
032a5670	HAVOK	T3	16
032a5680	HAVOK	T3	16
