path	status	frame_count	frame_rate	loops	tracks	key_records	duplicate_frame_channels	record_fingerprint	skeleton_path	skeleton_sha256
bin/demo/graphic/ev/d020/item_224/anm/d020_item_224_c002.tranm	records_decoded	241	60	0	3	489	0	0b7f3de1091e99c2		
bin/demo/graphic/ev/d020/item_224/anm/d020_item_224_c003.tranm	records_decoded	181	60	0	3	369	0	e4877b06dbacb9b9		
bin/demo/graphic/ev/d020/item_224/anm/d020_item_224_c004.tranm	records_decoded	151	60	0	3	287	1	218ab4ab45c3a45a		
bin/demo/graphic/ev/d020/item_224/anm/d020_item_224_c006.tranm	records_decoded	301	60	0	5	488	1	ff1af24ff8af1f1b		
bin/demo/graphic/ev/d020/item_224/anm/d020_item_224_c007.tranm	records_decoded	211	60	0	3	359	1	6df6bb7a284119cc		
bin/demo/graphic/ev/d020/item_224/anm/d020_item_224_c008.tranm	records_decoded	241	60	0	5	400	1	c9eb57e0b668d5b5		
bin/demo/graphic/ev/d020/item_224/anm/d020_item_224_c009.tranm	records_decoded	181	60	0	5	375	0	f39675d6e7187eb0		
bin/demo/graphic/ev/d020/item_224/anm/d020_item_224_c011.tranm	records_decoded	211	60	0	5	203	2	ff9c6d9361228472		
bin/demo/graphic/ev/d020/item_224/anm/d020_item_224_c012.tranm	records_decoded	421	60	0	5	519	1	98f01c5159c64f4d		
bin/demo/graphic/ev/d020/pm0493_11/anm/d020_pm0493_c006.tranm	records_decoded	301	60	0	46	1524	48	c1e479ac40493b95		
bin/demo/graphic/ev/d020/pm0493_11/anm/d020_pm0493_c007.tranm	records_decoded	211	60	0	40	1351	46	46fc32ca7bd037d3		
bin/demo/graphic/ev/d020/pm0493_11/anm/d020_pm0493_c008.tranm	records_decoded	241	60	0	41	1378	48	1355280833e76f8f		
bin/demo/graphic/ev/d020/pm0493_11/anm/d020_pm0493_c010.tranm	records_decoded	181	60	0	41	717	32	44ef7979831633b9		
bin/demo/graphic/ev/d020/pm0493_11/anm/d020_pm0493_c012.tranm	records_decoded	421	60	0	41	1622	49	f5bc73ae5fa5e126		
bin/demo/graphic/ev/d020/shr_locator01/anm/d020_locator01_c005.tranm	records_decoded	231	60	0	8	24	0	3a3efb265dc05d46	bin/demo/graphic/share/shr_locator02/mdl/shr_locator02.trskl	b8be4177c15f021adedbf706d2ec5ec80fd6f986c3972585cf90fd69b43b107a
bin/demo/graphic/ev/d020/shr_locator01/anm/d020_locator01_c012.tranm	records_decoded	421	60	0	5	2115	0	cb1ada8cb5c2d350	bin/demo/graphic/share/shr_locator02/mdl/shr_locator02.trskl	b8be4177c15f021adedbf706d2ec5ec80fd6f986c3972585cf90fd69b43b107a
bin/demo/graphic/ev/d020/shr_locator01_line/anm/d020_locator01_line_c005.tranm	records_decoded	231	60	0	2	112	2	2cf0b0b8a66f594a	bin/demo/graphic/share/shr_locator03/mdl/shr_locator03.trskl	3ab16215d727e78368e815d38b38176f839101fcf78311b0d4188cc1c3d4a065
bin/demo/graphic/ev/d020/shr_locator01_line/anm/d020_locator01_line_c006.tranm	records_decoded	201	60	0	4	478	3	fb31c7976d1dcd2e	bin/demo/graphic/share/shr_locator03/mdl/shr_locator03.trskl	3ab16215d727e78368e815d38b38176f839101fcf78311b0d4188cc1c3d4a065
bin/demo/graphic/ev/d020/shr_white01/anm/d020_white01_anim.tranm	records_decoded	121	60	0	3	129	0	a68be3858726f243		
bin/demo/graphic/ev/d110/lightanim/anm/d110_loc_anim_c005.tranm	records_decoded	290	60	0	1	3	0	dadbdc917851f93c		
bin/demo/graphic/ev/d110/pm0399_00_00/anm/d110_pm0399_anim_c003.tranm	records_decoded	130	60	0	43	2326	50	ef12e74ddf842ded		
bin/demo/graphic/ev/d120/d120_loc01_Lightanim/anm/d120_loc01_lightanim.tranm	records_decoded	1461	60	0	1	633	1	fd84029149d8c61d		
bin/demo/graphic/ev/d120/objects_area01_tree02/anm/objects_area01_tree02.tranm	records_decoded	401	60	0	3	467	2	681556ea39104e25		
bin/demo/graphic/ev/d120/pm1002_00_00/anm/d120_pm1002_anim.tranm	records_decoded	1461	60	0	33	15914	39	ea8cd5a01ab00e75		
bin/demo/graphic/ev/d130/nusi_lightanim/anm/d130_loc_anim_01.tranm	records_decoded	652	60	0	3	798	2	b05cede7144f9a80		
bin/demo/graphic/ev/d130/nusi_lightanim/anm/d130_loc_anim_02.tranm	records_decoded	591	60	0	3	431	2	0bc8a80f78f4e26c		
bin/demo/graphic/ev/d130/pm0549_00_41/anm/d130_pm0549_anim01.tranm	records_decoded	652	60	0	41	11767	40	405f5756f80e9893		
bin/demo/graphic/ev/d130/pm0549_00_41/anm/d130_pm0549_anim02.tranm	records_decoded	591	60	0	43	7183	40	0762af587f289194		
bin/demo/graphic/ev/d140/motion/anm/d140_tr0016_anim_c003.tranm	records_decoded	120	60	0	94	1021	57	97393ea574463fb6		
bin/demo/graphic/ev/d140/motion/anm/d140_tr0016_anim_c005.tranm	records_decoded	412	60	0	99	4159	101	45052f2a8dcbc688		
bin/demo/graphic/ev/d140/motion/anm/d140_tr0017_anim_c003.tranm	records_decoded	120	60	0	101	2968	110	5be1414e8ca13396		
bin/demo/graphic/ev/d140/motion/anm/d140_tr0017_anim_c005_006.tranm	records_decoded	840	60	0	103	9193	120	baacb77b8c9e92e0		
bin/demo/graphic/ev/d140/motion/anm/d140_tr0017_anim_c008_009.tranm	records_decoded	390	60	0	104	7413	123	9bdfab3b50d67112		
bin/demo/graphic/ev/d140/motion/anm/d140_tr0033_anim_c001.tranm	records_decoded	146	60	0	118	1908	123	e3df2bf5107477d5		
bin/demo/graphic/ev/d140/motion/anm/d140_tr0033_anim_c007.tranm	records_decoded	496	60	0	115	3844	125	9cb21ba65f8641f1		
bin/demo/graphic/ev/d140/motion/anm/d140_tr0034_anim_c001.tranm	records_decoded	146	60	0	115	2943	136	ea25fba98f924d2e		
bin/demo/graphic/ev/d140/motion/anm/d140_tr0034_anim_c007.tranm	records_decoded	496	60	0	116	8430	127	b14724888df2e4dc		
bin/demo/graphic/ev/d140/motion/anm/d140_tr0035_anim_c001.tranm	records_decoded	146	60	0	103	2540	104	506ba3a270004ded		
bin/demo/graphic/ev/d140/motion/anm/d140_tr0035_anim_c007.tranm	records_decoded	496	60	0	107	5847	106	140a9603e6567e2a		
bin/demo/graphic/ev/d140/nusi_lightanim/anm/d140_loc_anim_c010.tranm	records_decoded	352	60	0	3	360	0	c643256fcb0c9866		
bin/demo/graphic/ev/d140/nusi_lightanim/anm/d140_loc_anim_c011.tranm	records_decoded	220	60	0	3	109	1	27358af824b9811f		
bin/demo/graphic/ev/d140/pm0058_00_41/anm/d140_pm0058_anim01.tranm	records_decoded	146	60	0	36	622	31	b4acefc36c2e4d7a		
bin/demo/graphic/ev/d140/pm0058_00_41/anm/d140_pm0058_anim02.tranm	records_decoded	184	60	0	44	1488	35	7ead6484e98ca8b9		
bin/demo/graphic/ev/d140/pm0059_00_41/anm/d140_pm0059_anim_c004.tranm	records_decoded	338	60	0	62	6262	69	a3e17b22fb5c0de1		
bin/demo/graphic/ev/d140/pm0059_00_41/anm/d140_pm0059_anim_c007_02.tranm	records_decoded	105	60	1	41	532	32	696e0808a9ec61c6		
bin/demo/graphic/ev/d140/pm0059_00_41/anm/d140_pm0059_anim_c010.tranm	records_decoded	442	60	0	61	9210	63	2a1499adf58018fe		
bin/demo/graphic/ev/d140/pm0059_00_41/anm/d140_pm0059_anim_c011.tranm	records_decoded	220	60	0	59	1499	53	bdce15720db643e8		
bin/demo/graphic/ev/d141/nusi_lightanim/anm/d141_loc_anim_c002.tranm	records_decoded	231	60	0	3	184	1	b018cbba3cae6cb8		
bin/demo/graphic/ev/d141/nusi_lightanim/anm/d141_loc_anim_c003.tranm	records_decoded	321	60	0	3	329	0	8e7d34825e6a8a0d		
bin/demo/graphic/ev/d141/nusi_lightanim/anm/d141_loc_anim_c004.tranm	records_decoded	201	60	0	3	175	1	63728c321d72f750		
bin/demo/graphic/ev/d141/pm0059_00_41/anm/d141_pm0059_anim_c002.tranm	records_decoded	231	60	0	64	4826	61	3cc6fc3cefcfd3f7		
bin/demo/graphic/ev/d141/pm0059_00_41/anm/d141_pm0059_anim_c003.tranm	records_decoded	321	60	0	63	12854	42	4f016aab7feefb82		
bin/demo/graphic/ev/d141/pm0059_00_41/anm/d141_pm0059_anim_c004.tranm	records_decoded	201	60	0	61	6511	54	6a142df9f901bc99		
bin/demo/graphic/ev/d150/d150_kingtree/anm/d150_c002_kingtree_anim.tranm	records_decoded	132	60	0	7	511	9	8b83e3344bb0eaca		
bin/demo/graphic/ev/d150/nusi_lightanim/anm/d150_loc_anim_c004.tranm	records_decoded	488	60	0	3	160	2	57e17fc5ca7a7b00		
bin/demo/graphic/ev/d150/nusi_lightanim/anm/d150_loc_anim_c005.tranm	records_decoded	576	60	0	3	635	2	3a3b70e72ee92b2a		
bin/demo/graphic/ev/d150/pm0100_00_41/anm/d150_pm0100_anim01_01.tranm	records_decoded	132	60	0	3	109	2	8881e57bc1b145e3		
bin/demo/graphic/ev/d150/pm0100_00_41/anm/d150_pm0100_anim01_02.tranm	records_decoded	132	60	0	3	98	2	3b4d7f1ecffa99f9		
bin/demo/graphic/ev/d150/pm0100_00_41/anm/d150_pm0100_anim01_03.tranm	records_decoded	132	60	0	3	109	2	a9297d9a500601f9		
bin/demo/graphic/ev/d150/pm0100_00_41/anm/d150_pm0100_anim01_04.tranm	records_decoded	132	60	0	3	77	2	ba4dd689575ac3e8		
bin/demo/graphic/ev/d150/pm0100_00_41/anm/d150_pm0100_anim01_05.tranm	records_decoded	132	60	0	3	99	2	e47faf5828f1e8e0		
bin/demo/graphic/ev/d150/pm0100_00_41/anm/d150_pm0100_anim02_01.tranm	records_decoded	488	60	0	3	620	4	d2f7d38dc65d0ae9		
bin/demo/graphic/ev/d150/pm0100_00_41/anm/d150_pm0100_anim02_02.tranm	records_decoded	488	60	0	3	477	3	a813a5d8f56c196c		
bin/demo/graphic/ev/d150/pm0100_00_41/anm/d150_pm0100_anim02_03.tranm	records_decoded	488	60	0	3	546	4	07c9e76516844f13		
bin/demo/graphic/ev/d150/pm0100_00_41/anm/d150_pm0100_anim02_04.tranm	records_decoded	488	60	0	3	421	3	5ea1109f3e0fb327		
bin/demo/graphic/ev/d150/pm0100_00_41/anm/d150_pm0100_anim02_05.tranm	records_decoded	488	60	0	3	590	4	01d9a000fcea2228		
bin/demo/graphic/ev/d150/pm0101_00_41/anm/d150_pm0101_anim01.tranm	records_decoded	108	60	0	3	157	3	fd6645ee48853bfd		
bin/demo/graphic/ev/d150/pm0101_00_41/anm/d150_pm0101_anim02.tranm	records_decoded	576	60	0	6	883	1	f346c01225a16243		
bin/demo/graphic/ev/d160/d160_backsnow/anm/d160_backsnow01_c007.tranm	records_decoded	331	60	0	10	927	9	f35dc2b370968e59		
bin/demo/graphic/ev/d160/d160_backsnow/anm/d160_backsnow02_c007.tranm	records_decoded	331	60	0	10	1950	11	a93863a42535a376		
bin/demo/graphic/ev/d160/d160_backsnow/anm/d160_backsnow03_c007.tranm	records_decoded	331	60	0	10	324	2	1a0f2ed607162913		
bin/demo/graphic/ev/d160/d160_backsnow/anm/d160_backsnow_c006.tranm	records_decoded	181	60	0	10	1351	10	612b6be89c31a991		
bin/demo/graphic/ev/d160/lightanim/anm/d160_c007_loc01_anim.tranm	records_decoded	331	60	0	1	333	0	c28178565963c5c6		
bin/demo/graphic/ev/d160/lightanim/anm/d160_c008_loc01_anim.tranm	records_decoded	301	60	0	1	303	0	cc83f525bdba42d8		
bin/demo/graphic/ev/d160/pm0751_41/anm/d160_pm0751_41_c006.tranm	records_decoded	181	60	0	82	1426	27	63b45758d8109282		
bin/demo/graphic/ev/d160/pm0751_41/anm/d160_pm0751_41_c007.tranm	records_decoded	331	60	0	81	2041	33	d54ec1117e70a792		
bin/demo/graphic/ev/d160/pm0751_41/anm/d160_pm0751_41_c008.tranm	records_decoded	301	60	0	82	2646	45	04b77db6a2450ef4		
bin/demo/graphic/ev/d170/item_255/anm/d170_item_255_c001.tranm	records_decoded	121	60	0	21	1349	14	fbd9d92ab37b9293		
bin/demo/graphic/ev/d170/item_255/anm/d170_item_255_c002.tranm	records_decoded	341	60	0	21	4562	36	e9fa7a46395bfc7f		
bin/demo/graphic/ev/d170/item_255/anm/d173_item_255_c002.tranm	records_decoded	341	60	0	21	4566	36	0d2b9837c112179f		
bin/demo/graphic/ev/d170/item_255/anm/d174_item_255_c002.tranm	records_decoded	341	60	0	21	4564	36	3bd6af4b6d518322		
bin/demo/graphic/ev/d170/item_255/anm/d175_item_255_c002.tranm	records_decoded	341	60	0	21	4563	36	fe243f9c9c5b9871		
bin/demo/graphic/ev/d170/item_255/anm/d176_item_255_c001.tranm	records_decoded	121	60	0	21	1374	14	eecda528392adc8d		
bin/demo/graphic/ev/d170/item_255/anm/d176_item_255_c002.tranm	records_decoded	341	60	0	21	4583	38	d1c7e56973ecbcec		
bin/demo/graphic/ev/d170/lightanim/anm/d170_c001_loc01_anim.tranm	records_decoded	121	60	0	1	123	0	0e6e6e7a3d2f0838		
bin/demo/graphic/ev/d170/lightanim/anm/d170_c002_loc01_anim.tranm	records_decoded	341	60	0	1	105	1	7ec0724ebf7d7ac6		
bin/demo/graphic/ev/d170/lightanim/anm/d170_c004_loc01_anim.tranm	records_decoded	151	60	0	1	153	0	15cad61c7be2387f		
bin/demo/graphic/ev/d170/lightanim/anm/d173_c001_loc01_anim.tranm	records_decoded	121	60	0	1	123	0	31479c582b404ff6		
bin/demo/graphic/ev/d170/lightanim/anm/d173_c002_loc01_anim.tranm	records_decoded	341	60	0	1	95	1	7de7b6d74ed96f57		
bin/demo/graphic/ev/d170/lightanim/anm/d174_c001_loc01_anim.tranm	records_decoded	121	60	0	1	123	0	8b0507f9b9cc187d		
bin/demo/graphic/ev/d170/lightanim/anm/d174_c002_loc01_anim.tranm	records_decoded	341	60	0	1	264	2	35c8abc8c8062a49		
bin/demo/graphic/ev/d170/lightanim/anm/d175_c001_loc01_anim.tranm	records_decoded	121	60	0	1	123	0	eae539a3cbc1b561		
bin/demo/graphic/ev/d170/lightanim/anm/d175_c002_loc01_anim.tranm	records_decoded	341	60	0	1	81	1	9ac827dfa639b979		
bin/demo/graphic/ev/d170/lightanim/anm/d176_c001_loc01_anim.tranm	records_decoded	121	60	0	1	166	1	c9c3106de00485e2		
bin/demo/graphic/ev/d170/pm0059_00_41/anm/d174_pm0059_anim_c001.tranm	records_decoded	121	60	0	62	5702	42	68c027b9a63caf89		
bin/demo/graphic/ev/d170/pm0059_00_41/anm/d174_pm0059_anim_c002.tranm	records_decoded	341	60	0	61	3664	58	1526798f6a3a0a5a		
bin/demo/graphic/ev/d170/pm0059_00_41/anm/d174_pm0059_anim_c005.tranm	records_decoded	321	60	0	67	6383	72	66705ae4ac35005d		
bin/demo/graphic/ev/d170/pm0101_00_41/anm/d175_pm0101_c001_anim.tranm	records_decoded	121	60	0	7	261	0	e7840558bf9d9ead		
bin/demo/graphic/ev/d170/pm0101_00_41/anm/d175_pm0101_c002_anim.tranm	records_decoded	340	60	0	7	229	6	2822b1df6ca9ecc9		
bin/demo/graphic/ev/d170/pm0101_00_41/anm/d175_pm0101_c005_anim.tranm	records_decoded	321	60	0	7	579	5	4c139b4faf0811df		
bin/demo/graphic/ev/d170/pm0549_00_41/anm/d173_pm0549_c001.tranm	records_decoded	121	60	0	39	2908	35	daebaa8725534613		
bin/demo/graphic/ev/d170/pm0549_00_41/anm/d173_pm0549_c002.tranm	records_decoded	341	60	0	34	592	23	e6d81f756e79796d		
bin/demo/graphic/ev/d170/pm0549_00_41/anm/d173_pm0549_c005.tranm	records_decoded	321	60	0	46	4295	46	ee8300d5ad7fedcd		
bin/demo/graphic/ev/d170/pm0751_00_41/anm/d176_pm0751_c001.tranm	records_decoded	121	60	0	81	1808	39	23e5ca63b541b6a7		
bin/demo/graphic/ev/d170/pm0751_00_41/anm/d176_pm0751_c002.tranm	records_decoded	231	60	0	80	1053	23	cd8d76ac2b119009		
bin/demo/graphic/ev/d170/pm0751_00_41/anm/d176_pm0751_c005.tranm	records_decoded	321	60	0	85	1273	24	fd8dc433e2bfcf4e		
bin/demo/graphic/ev/d170/pm1002_00_00/anm/d170_pm1002_c001.tranm	records_decoded	121	60	0	36	1753	33	74adc2227e029699		
bin/demo/graphic/ev/d170/pm1002_00_00/anm/d170_pm1002_c002.tranm	records_decoded	151	60	0	37	1948	34	972fc110e152da7f		
bin/demo/graphic/ev/d170/pm1002_00_00/anm/d170_pm1002_c005.tranm	records_decoded	321	60	0	37	2435	36	dfca6ca860eee38f		
bin/demo/graphic/ev/d200/akaikusari/anm/d200_akaikusari_anim_07.tranm	records_decoded	710	60	0	39	14259	97	a99ab29ef65e60a2		
bin/demo/graphic/ev/d200/akaikusari/anm/d200_akaikusari_anim_08.tranm	records_decoded	370	60	0	38	13288	68	fbcbd966854ad92d		
bin/demo/graphic/ev/d200/motion/anm/d200_tr0003_00_ouji_anim_02.tranm	records_decoded	120	60	0	111	6070	141	90e315204ca56737		
bin/demo/graphic/ev/d200/motion/anm/d200_tr0003_00_ouji_anim_09.tranm	records_decoded	90	60	0	142	2826	160	aad027e5cf2893e8		
bin/demo/graphic/ev/d200/motion/anm/d200_tr0004_00_hime_anim_02.tranm	records_decoded	120	60	0	113	6919	107	58356bb5c73b913f		
bin/demo/graphic/ev/d200/motion/anm/d200_tr0004_00_hime_anim_09.tranm	records_decoded	90	60	0	117	2939	115	58c79507b5a6811f		
bin/demo/graphic/ev/d200/motion/anm/d200_tr0006_00_boss2_anim_02.tranm	records_decoded	120	60	0	103	5564	118	47de3434eaf4fa13		
bin/demo/graphic/ev/d200/motion/anm/d200_tr0006_00_boss2_anim_09.tranm	records_decoded	90	60	0	103	2890	121	c90f1ed8a5004758		
bin/demo/graphic/ev/d200/pm0483_11_00/anm/d200_pm0483_anim_05.tranm	records_decoded	560	60	0	45	3654	44	15978025469dfefc		
bin/demo/graphic/ev/d200/pm0483_11_00/anm/d200_pm0483_anim_07.tranm	records_decoded	710	60	0	44	3151	37	3bfa0b7b63cc0d9c		
bin/demo/graphic/ev/d200/pm0483_11_00/anm/d200_pm0483_anim_08.tranm	records_decoded	370	60	0	45	3328	63	0da4ccd365c13ea8		
bin/demo/graphic/ev/d200/pm0483_11_00/anm/d200_pm0483_anim_10.tranm	records_decoded	340	60	0	45	2627	37	e356dc71cdfbb245		
bin/demo/graphic/ev/d200/pm0484_11_00/anm/d200_pm0484_anim_05.tranm	records_decoded	560	60	0	52	3419	32	c84f32ca8a4e92b7		
bin/demo/graphic/ev/d200/pm0484_11_00/anm/d200_pm0484_anim_07.tranm	records_decoded	710	60	0	47	3438	34	a23d572468f918d7		
bin/demo/graphic/ev/d200/pm0484_11_00/anm/d200_pm0484_anim_08.tranm	records_decoded	370	60	0	53	3818	42	259e180ab4581e64		
bin/demo/graphic/ev/d200/pm0484_11_00/anm/d200_pm0484_anim_10.tranm	records_decoded	340	60	0	51	3758	47	726b03d2c0e53417		
bin/demo/graphic/ev/d210/motion/anm/d210_tr0004_00_hime_anim.tranm	records_decoded	210	60	0	74	1567	69	d90bb8653ef3b403		
bin/demo/graphic/ev/d210/motion/anm/d210_tr0006_00_boss2_anim_01.tranm	records_decoded	740	60	0	88	4179	106	09c52994cd9c18b7		
bin/demo/graphic/ev/d210/motion/anm/d210_tr0006_00_boss2_anim_02.tranm	records_decoded	410	60	0	107	6615	138	603ecfb701028757		
bin/demo/graphic/ev/d210/motion/anm/d210_tr0006_00_boss2_anim_03.tranm	records_decoded	511	60	0	104	9837	141	fd2654f1bc4b596d		
bin/demo/graphic/ev/d210/pm0483_11_00/anm/d210_pm0483_11_00_anim_01.tranm	records_decoded	530	60	0	49	5598	60	d516f513a565ba3f		
bin/demo/graphic/ev/d210/pm0483_11_00/anm/d210_pm0483_11_00_anim_02.tranm	records_decoded	400	60	0	51	4338	80	e25e3b32ae7fdfd1		
bin/demo/graphic/ev/d210/pm0483_11_00/anm/d210_pm0483_11_00_anim_03.tranm	records_decoded	631	60	0	52	4656	62	643ec30d5fbe4bd8		
bin/demo/graphic/ev/d210/pm0484_11_00/anm/d210_pm0484_11_00_anim_01.tranm	records_decoded	530	60	1	63	5065	68	95939a229922dd62		
bin/demo/graphic/ev/d210/pm0484_11_00/anm/d210_pm0484_11_00_anim_02.tranm	records_decoded	400	60	1	63	4852	67	150096df9ffdfc1f		
bin/demo/graphic/ev/d210/pm0484_11_00/anm/d210_pm0484_11_00_anim_03.tranm	records_decoded	631	60	1	63	5909	62	0f8ca2fe8ed6c530		
bin/demo/graphic/ev/d220/d220_area04_building01_broken/anm/d220_area04_building01_broken_anim.tranm	records_decoded	450	60	0	13	5023	26	383bc780477ab703	bin/demo/graphic/ev/d220/d220_area04_building01_broken/mdl/d220_area04_building01_broken.trskl	19b982b6fbea89c0c6e23967151f9995ec43c645f8d04f0191c7c9ec100944cb
bin/demo/graphic/ev/d220/item_100/anm/d220_item_100_anim_c01-c03.tranm	records_decoded	100	60	0	3	146	2	63cd1d45fb8e25cc		
bin/demo/graphic/ev/d220/item_100/anm/d220_item_100_anim_c04-c09.tranm	records_decoded	650	60	0	3	666	2	2dc4204af997058b		
bin/demo/graphic/ev/d220/item_229/anm/d220_item_229_anim_c01-c03.tranm	records_decoded	100	60	0	3	144	2	bd367d089e6c4cc9		
bin/demo/graphic/ev/d220/item_229/anm/d220_item_229_anim_c04-c09.tranm	records_decoded	650	60	0	3	665	2	3608f3dbecb06767		
bin/demo/graphic/ev/d220/pm0483_11_00/anm/d220_pm0483_11_00_anim_c01-c03.tranm	records_decoded	620	60	1	47	2293	51	bb04452833d1fc1d		
bin/demo/graphic/ev/d220/pm0483_11_00/anm/d220_pm0483_11_00_anim_c04-c09.tranm	records_decoded	650	60	0	44	1983	49	dcd8ac71f61be322		
bin/demo/graphic/ev/d220/pm0483_11_00/anm/d220_pm0483_11_00_anim_c10-c12.tranm	records_decoded	450	60	0	44	132	0	b4f16778238be0f3		
bin/demo/graphic/ev/d220/pm0483_11_00/anm/d220_pm0483_11_00_anim_c13-c18.tranm	records_decoded	640	60	1	50	2124	63	89712ac995157052		
bin/demo/graphic/ev/d220/pm0483_11_00/anm/d220_pm0483_11_00_anim_c19-c20.tranm	records_decoded	300	60	0	47	2256	56	165f1e72aeab5167		
bin/demo/graphic/ev/d220/pm0483_12_00/anm/d220_pm0483_12_00_anim_c21-c23.tranm	records_decoded	1051	60	0	39	10986	41	44d77419ba0376f8		
bin/demo/graphic/ev/d220/pm0484_11_00/anm/d220_pm0484_11_00_anim_c01-c03.tranm	records_decoded	620	60	1	63	3910	57	eb27915ca95d1534		
bin/demo/graphic/ev/d220/pm0484_11_00/anm/d220_pm0484_11_00_anim_c04-c09.tranm	records_decoded	650	60	0	37	1721	32	4d883d00f17eb05b		
bin/demo/graphic/ev/d220/pm0484_11_00/anm/d220_pm0484_11_00_anim_c10-c12.tranm	records_decoded	450	60	0	37	111	0	c95167b06a4c2a6b		
bin/demo/graphic/ev/d220/pm0484_11_00/anm/d220_pm0484_11_00_anim_c13-c18.tranm	records_decoded	640	60	1	63	4054	63	2c2641e5ca7e18d7		
bin/demo/graphic/ev/d220/pm0484_11_00/anm/d220_pm0484_11_00_anim_c19-c20.tranm	records_decoded	300	60	0	54	3855	52	f8c537da0cc6163c		
bin/demo/graphic/ev/d220/pm0484_12_00/anm/d220_pm0483_12_00_anim_c21-c23.tranm	records_decoded	1051	60	1	83	20655	91	ef4b2df677c94d57		
bin/demo/graphic/ev/d220/tr0003/anm/d220_tr0003_anim_c04-c09.tranm	records_decoded	650	60	0	122	2819	64	7dffc23796cd98a4		
bin/demo/graphic/ev/d220/tr0003/anm/d220_tr0003_anim_c13-c18.tranm	records_decoded	1030	60	0	115	4206	96	b763b2d9925160a9		
bin/demo/graphic/ev/d220/tr0004/anm/d220_tr0004_anim_c04-c09.tranm	records_decoded	650	60	0	103	2882	71	e3c41b60ddcaf5e9		
bin/demo/graphic/ev/d220/tr0004/anm/d220_tr0004_anim_c13-c18.tranm	records_decoded	1030	60	0	96	2939	63	844c1a3ba9f59e9b		
bin/demo/graphic/ev/d230/item_229/anm/d230_originball_anim_c01-c04.tranm	records_decoded	910	60	0	6	1249	3	8a5362fea01c41bd		
bin/demo/graphic/ev/d230/item_229/anm/d230_originball_anim_c05-c06.tranm	records_decoded	980	60	0	6	1180	3	97581eb8ed1202c1		
bin/demo/graphic/ev/d230/pm0483_12_00/anm/d230_pm0483_12_anim_c01-c04.tranm	records_decoded	910	60	0	24	4110	24	2941a3c0ac3fd7d8		
bin/demo/graphic/ev/d230/pm0484_12_00/anm/d230_pm0484_12_00_anim_c01-c04.tranm	records_decoded	910	60	0	75	7205	64	b48503cfb2380b0b		
bin/demo/graphic/ev/d230/tr0003_00_ouji/anm/d230_tr0003_00_ouji_anim_c01-c04.tranm	records_decoded	910	60	0	127	5414	120	fb74ebd93cb448f6		
bin/demo/graphic/ev/d230/tr0003_00_ouji/anm/d230_tr0003_00_ouji_anim_c10-c11.tranm	records_decoded	391	60	0	118	3007	101	6faf4d0327f66dd6		
bin/demo/graphic/ev/d230/tr0004_00_hime/anm/d230_tr0004_00_hime_anim_c01-c04.tranm	records_decoded	910	60	0	101	5454	64	c9d335940563694c		
bin/demo/graphic/ev/d230/tr0004_00_hime/anm/d230_tr0004_00_hime_anim_c10-c11.tranm	records_decoded	391	60	0	91	2517	58	529c2dc41ce25ec2		
bin/demo/graphic/ev/d230/tr0006_00_boss2/anm/d230_tr0006_00_boss2_anim_c01-c04.tranm	records_decoded	910	60	0	99	3488	99	92978c2f973bd1b2		
bin/demo/graphic/ev/d230/tr0006_00_boss2/anm/d230_tr0006_00_boss2_anim_c10-c11.tranm	records_decoded	391	60	0	86	863	37	23d8d7706699ee2a		
bin/demo/graphic/ev/d240/motion/anm/d240_tr0008_00_si2_c002.tranm	records_decoded	241	60	0	106	2867	71	94dae2467d85acf3		
bin/demo/graphic/ev/d240/motion/anm/d240_tr0008_00_si2_c003.tranm	records_decoded	211	60	0	117	4393	104	37a678f559c3330c		
bin/demo/graphic/ev/d240/motion/anm/d240_tr0008_00_si2_c005.tranm	records_decoded	281	60	0	118	9401	110	65dd78e2622d2ba6		
bin/demo/graphic/ev/d240/motion/anm/d240_tr0008_00_si2_c006.tranm	records_decoded	241	60	0	118	10959	117	cdab72cf03cb04e5		
bin/demo/graphic/ev/d240/motion/anm/d240_tr0008_00_si2_c008.tranm	records_decoded	81	60	0	118	3568	122	6e84502107903d75		
bin/demo/graphic/ev/d240/pm0487_11/anm/d240_pm0487_11_c003.tranm	records_decoded	81	60	0	96	2352	35	b874c3aa2c489717		
bin/demo/graphic/ev/d240/pm0487_11/anm/d240_pm0487_11_c005.tranm	records_decoded	561	60	0	104	14440	169	cacfc46336cc96d8		
bin/demo/graphic/ev/d240/pm0487_11/anm/d240_pm0487_11_c006.tranm	records_decoded	241	60	0	102	6535	142	35251a90d4c8534e		
bin/demo/graphic/ev/d240/pm0487_11/anm/d240_pm0487_11_c008.tranm	records_decoded	81	60	0	99	1474	127	dfb349a8ec63fffd		
bin/demo/graphic/ev/d240/pm0487_11/anm/d240_pm0487_11_c009.tranm	records_decoded	311	60	0	102	12034	152	007501db67d6801d		
bin/demo/graphic/ev/pm400_00_00/anm/d110_pm0400_anim_c003.tranm	records_decoded	130	60	0	37	650	42	f30ad9ad3cf701a1		
bin/demo/graphic/pc/p1/motion/p1_drs0001_00_default/d020_p2_c001.tranm	records_decoded	501	60	0	12	1812	8	3b064ab4673aaadb		
bin/demo/graphic/pc/p1/motion/p1_drs0001_00_default/d020_p2_c002.tranm	records_decoded	241	60	0	7	1469	5	6072511d9138c1fc		
bin/demo/graphic/pc/p1/motion/p1_drs0001_00_default/d020_p2_c003.tranm	records_decoded	181	60	0	7	1259	4	cfd1b4b845f680ee		
bin/demo/graphic/pc/p1/motion/p1_drs0001_00_default/d020_p2_c005.tranm	records_decoded	231	60	0	7	1481	3	4fe2184b4da6bbba		
bin/demo/graphic/pc/p1/motion/p1_drs0001_00_default/d020_p2_c007.tranm	records_decoded	211	60	0	7	394	8	ff25dad4c67ca760		
bin/demo/graphic/pc/p1/motion/p1_drs0001_00_default/d020_p2_c008.tranm	records_decoded	241	60	0	7	263	8	badbc6ba75cdfca5		
bin/demo/graphic/pc/p1/motion/p1_drs0001_00_default/d020_p2_c009.tranm	records_decoded	181	60	0	7	831	8	9a8339525de8b462		
bin/demo/graphic/pc/p1/motion/p1_drs0001_00_default/d020_p2_c011.tranm	records_decoded	211	60	0	7	307	7	2125172a7cd6f953		
bin/demo/graphic/pc/p1/motion/p1_drs0001_00_default/d020_p2_c012.tranm	records_decoded	421	60	0	7	995	7	8d92d6b72875c5af		
bin/demo/graphic/pc/p1/motion/p1_drs0001_00_default/d120_p2_anim.tranm	records_decoded	1461	60	0	12	5005	14	2c8a22a9798a48be		
bin/demo/graphic/pc/p1/motion/p1_drs0001_00_default/d130_p2_anim01.tranm	records_decoded	470	60	0	11	3715	15	8064829d042697cb		
bin/demo/graphic/pc/p1/motion/p1_drs0001_00_default/d130_p2_anim02.tranm	records_decoded	80	60	0	10	598	5	1f6379f8c2fad942		
bin/demo/graphic/pc/p1/motion/p1_drs0001_00_default/d140_p2_anim_01.tranm	records_decoded	120	60	0	10	441	11	8ea6e1cce53bf685		
bin/demo/graphic/pc/p1/motion/p1_drs0001_00_default/d140_p2_anim_02.tranm	records_decoded	412	60	0	8	316	7	1016653a24e389c6		
bin/demo/graphic/pc/p1/motion/p1_drs0001_00_default/d140_p2_anim_03.tranm	records_decoded	390	60	0	11	1848	12	8494447214d57887		
bin/demo/graphic/pc/p1/motion/p1_drs0001_00_default/d141_p2_c001_anim.tranm	records_decoded	151	60	0	10	1682	4	a3bbbde23f685306		
bin/demo/graphic/pc/p1/motion/p1_drs0001_00_default/d141_p2_c002_anim.tranm	records_decoded	231	60	0	10	1100	12	6d049c083972acfd		
bin/demo/graphic/pc/p1/motion/p1_drs0001_00_default/d141_p2_c004_anim.tranm	records_decoded	201	60	0	10	780	10	197f211dfd331ff6		
bin/demo/graphic/pc/p1/motion/p1_drs0001_00_default/d150_p2_anim01.tranm	records_decoded	210	60	0	10	801	10	f0ce776b7de36e1d		
bin/demo/graphic/pc/p1/motion/p1_drs0001_00_default/d150_p2_anim02.tranm	records_decoded	132	60	0	10	620	11	93ec10a24a6d5181		
bin/demo/graphic/pc/p1/motion/p1_drs0001_00_default/d150_p2_anim03.tranm	records_decoded	488	60	0	8	384	7	23a093e201821da1		
bin/demo/graphic/pc/p1/motion/p1_drs0001_00_default/d150_p2_anim04.tranm	records_decoded	80	60	0	10	617	12	09c68b7623ed0539		
bin/demo/graphic/pc/p1/motion/p1_drs0001_00_default/d160_p2_c001.tranm	records_decoded	241	60	0	11	812	12	8b42e8b08492da4b		
bin/demo/graphic/pc/p1/motion/p1_drs0001_00_default/d160_p2_c002.tranm	records_decoded	131	60	1	10	870	9	18a308d0585fe069		
bin/demo/graphic/pc/p1/motion/p1_drs0001_00_default/d160_p2_c003.tranm	records_decoded	151	60	1	7	550	6	5e2a6ba86c1b4e55		
bin/demo/graphic/pc/p1/motion/p1_drs0001_00_default/d160_p2_c004.tranm	records_decoded	181	60	1	11	2340	3	c17e2ff2b00fdb0f		
bin/demo/graphic/pc/p1/motion/p1_drs0001_00_default/d160_p2_c005.tranm	records_decoded	181	60	1	11	1551	9	b19498046ae20e20		
bin/demo/graphic/pc/p1/motion/p1_drs0001_00_default/d160_p2_c006.tranm	records_decoded	181	60	1	11	1094	11	78723a0face3301b		
bin/demo/graphic/pc/p1/motion/p1_drs0001_00_default/d160_p2_c007.tranm	records_decoded	331	60	1	11	1517	12	611dbbd0e8905734		
bin/demo/graphic/pc/p1/motion/p1_drs0001_00_default/d160_p2_c008.tranm	records_decoded	301	60	1	11	3106	7	1cea2d942fa9a715		
bin/demo/graphic/pc/p1/motion/p1_drs0001_00_default/d170_p2_c001.tranm	records_decoded	121	60	0	11	468	12	b33dbcb2f48cab9e		
bin/demo/graphic/pc/p1/motion/p1_drs0001_00_default/d170_p2_c002.tranm	records_decoded	111	60	0	11	1281	3	67994e211f443074		
bin/demo/graphic/pc/p1/motion/p1_drs0001_00_default/d170_p2_c003.tranm	records_decoded	151	60	0	11	1380	8	f36b2f6850b7e8d6		
bin/demo/graphic/pc/p1/motion/p1_drs0001_00_default/d170_p2_c004.tranm	records_decoded	151	60	0	11	948	10	b4ba60c936a43d9b		
bin/demo/graphic/pc/p1/motion/p1_drs0001_00_default/d173-175_p2_c004.tranm	records_decoded	151	60	0	11	948	10	b4ba60c936a43d9b		
bin/demo/graphic/pc/p1/motion/p1_drs0001_00_default/d176_p2_c001.tranm	records_decoded	121	60	0	10	551	9	e87cd611d3d4f19e		
bin/demo/graphic/pc/p1/motion/p1_drs0001_00_default/d176_p2_c002.tranm	records_decoded	111	60	0	10	1067	2	df1424ad83ebe5a1		
bin/demo/graphic/pc/p1/motion/p1_drs0001_00_default/d176_p2_c003.tranm	records_decoded	151	60	0	11	1378	8	1a6f8654fa37831f		
bin/demo/graphic/pc/p1/motion/p1_drs0001_00_default/d176_p2_c004.tranm	records_decoded	151	60	0	11	943	10	478751ad6fb5e2d9		
bin/demo/graphic/pc/p1/motion/p1_drs0001_00_default/d200_p2_anim_c004.tranm	records_decoded	420	60	0	12	2516	9	588995429e104fd9		
bin/demo/graphic/pc/p1/motion/p1_drs0001_00_default/d200_p2_anim_c005.tranm	records_decoded	560	60	0	10	2230	10	74ffc31a36f6b41c		
bin/demo/graphic/pc/p1/motion/p1_drs0001_00_default/d200_p2_anim_c006.tranm	records_decoded	70	60	0	62	649	6	1a731c4f81bc2d48		
bin/demo/graphic/pc/p1/motion/p1_drs0001_00_default/d200_p2_anim_c007.tranm	records_decoded	710	60	0	11	2708	11	bb40cbcdc5cbe478		
bin/demo/graphic/pc/p1/motion/p1_drs0001_00_default/d200_p2_anim_c008.tranm	records_decoded	370	60	0	10	1894	9	9f63bcfad4433c43		
bin/demo/graphic/pc/p1/motion/p1_drs0001_00_default/d200_p2_anim_c010.tranm	records_decoded	191	60	0	10	1064	8	b6b40f9bd92f6950		
bin/demo/graphic/pc/p1/motion/p1_drs0001_00_default/d210_p2_anim_01.tranm	records_decoded	740	60	0	10	2577	11	8d1e7e1a5087336b		
bin/demo/graphic/pc/p1/motion/p1_drs0001_00_default/d210_p2_anim_02.tranm	records_decoded	80	60	0	11	808	6	23bf3e7b72f36344		
bin/demo/graphic/pc/p1/motion/p1_drs0001_00_default/d210_p2_anim_03.tranm	records_decoded	311	60	0	11	2690	8	aaaa78ef83b3ac1b		
bin/demo/graphic/pc/p1/motion/p1_drs0001_00_default/d220_p2_anim_c01-c03.tranm	records_decoded	620	60	0	11	1298	12	dcec2ebd385dc0f2		
bin/demo/graphic/pc/p1/motion/p1_drs0001_00_default/d220_p2_anim_c04-c09.tranm	records_decoded	650	60	0	10	1814	11	df1afa4a9180baba		
bin/demo/graphic/pc/p1/motion/p1_drs0001_00_default/d220_p2_anim_c10-c12.tranm	records_decoded	450	60	0	10	772	11	d52444ff4ef1a0e2		
bin/demo/graphic/pc/p1/motion/p1_drs0001_00_default/d220_p2_anim_c13-c18.tranm	records_decoded	1030	60	0	10	1516	10	fd1ab1a243fe7610		
bin/demo/graphic/pc/p1/motion/p1_drs0001_00_default/d220_p2_anim_c19-c20.tranm	records_decoded	300	60	0	10	1692	12	c19f94c14472ad57		
bin/demo/graphic/pc/p1/motion/p1_drs0001_00_default/d220_p2_anim_c21-c23.tranm	records_decoded	1051	60	0	11	1559	11	3505016ba5075b41		
bin/demo/graphic/pc/p1/motion/p1_drs0001_00_default/d230_p2_anim_c01-c04.tranm	records_decoded	910	60	0	10	3418	10	47b29ef2239ceb19		
bin/demo/graphic/pc/p1/motion/p1_drs0001_00_default/d230_p2_anim_c07-c09.tranm	records_decoded	241	60	0	11	1399	12	78799e5e442f8ac0		
bin/demo/graphic/pc/p1/motion/p1_drs0001_00_default/d240_p2_c002.tranm	records_decoded	241	60	0	11	1829	11	0bdf9ad5c5ebbf89		
bin/demo/graphic/pc/p1/motion/p1_drs0001_00_default/d240_p2_c004.tranm	records_decoded	151	60	0	11	1365	8	e477699619eb8738		
bin/demo/graphic/pc/p1/motion/p1_drs0001_00_default/d240_p2_c005.tranm	records_decoded	281	60	1	11	2487	8	fa338a48ad8068d9		
bin/demo/graphic/pc/p1/motion/p1_drs0001_00_default/d240_p2_c007.tranm	records_decoded	111	60	0	11	1115	8	3e080f4108e7beac		
bin/demo/graphic/pc/p1/motion/p1_face0001_00_default/d020_p2_c001.tranm	records_decoded	501	60	0	48	4556	53	872b51ed73ac5297		
bin/demo/graphic/pc/p1/motion/p1_face0001_00_default/d020_p2_c002.tranm	records_decoded	241	60	0	46	2612	45	04c38bbb56a769fc		
bin/demo/graphic/pc/p1/motion/p1_face0001_00_default/d020_p2_c003.tranm	records_decoded	181	60	0	44	2034	49	59f2bc2d8d9b91a9		
bin/demo/graphic/pc/p1/motion/p1_face0001_00_default/d020_p2_c005.tranm	records_decoded	231	60	0	43	3752	48	3dabe1a600e7c441		
bin/demo/graphic/pc/p1/motion/p1_face0001_00_default/d020_p2_c007.tranm	records_decoded	211	60	0	43	1117	40	d71ba1e939dd6de6		
bin/demo/graphic/pc/p1/motion/p1_face0001_00_default/d020_p2_c008.tranm	records_decoded	241	60	0	3	223	4	ad1ce61dba0e56f7		
bin/demo/graphic/pc/p1/motion/p1_face0001_00_default/d020_p2_c009.tranm	records_decoded	181	60	0	41	1247	38	5d7d1921e60576c1		
bin/demo/graphic/pc/p1/motion/p1_face0001_00_default/d020_p2_c011.tranm	records_decoded	211	60	0	44	1069	41	bae60cda6a908465		
bin/demo/graphic/pc/p1/motion/p1_face0001_00_default/d020_p2_c012.tranm	records_decoded	421	60	0	3	675	3	3c88b4bf30eeceeb		
bin/demo/graphic/pc/p1/motion/p1_face0001_00_default/d120_p2_anim.tranm	records_decoded	1461	60	0	43	2191	31	d35246d0126028eb		
bin/demo/graphic/pc/p1/motion/p1_face0001_00_default/d130_p2_anim01.tranm	records_decoded	470	60	0	43	2279	50	2effa930af9b9988		
bin/demo/graphic/pc/p1/motion/p1_face0001_00_default/d130_p2_anim02.tranm	records_decoded	80	60	0	42	734	30	d126f600ef70bcf2		
bin/demo/graphic/pc/p1/motion/p1_face0001_00_default/d140_p2_anim_01.tranm	records_decoded	120	60	0	46	1286	45	c2a255c6e01b79e9		
bin/demo/graphic/pc/p1/motion/p1_face0001_00_default/d140_p2_anim_02.tranm	records_decoded	412	60	0	42	999	22	cf6633e04744cadb		
bin/demo/graphic/pc/p1/motion/p1_face0001_00_default/d140_p2_anim_03.tranm	records_decoded	390	60	0	43	1686	50	1d08395f10c93aa2		
bin/demo/graphic/pc/p1/motion/p1_face0001_00_default/d141_p2_c001_anim.tranm	records_decoded	151	60	0	33	882	21	89c64064e9f93b82		
bin/demo/graphic/pc/p1/motion/p1_face0001_00_default/d141_p2_c002_anim.tranm	records_decoded	231	60	0	35	299	3	380ea2d2adb40151		
bin/demo/graphic/pc/p1/motion/p1_face0001_00_default/d141_p2_c004_anim.tranm	records_decoded	201	60	0	3	158	2	bf0d70775382bfff		
bin/demo/graphic/pc/p1/motion/p1_face0001_00_default/d150_p2_anim01.tranm	records_decoded	210	60	0	3	195	2	46a101b6a99724ac		
bin/demo/graphic/pc/p1/motion/p1_face0001_00_default/d150_p2_anim02.tranm	records_decoded	132	60	0	40	925	38	69c6f187cccf2c4d		
bin/demo/graphic/pc/p1/motion/p1_face0001_00_default/d150_p2_anim03.tranm	records_decoded	488	60	0	3	91	2	106e06b588dc7a48		
bin/demo/graphic/pc/p1/motion/p1_face0001_00_default/d150_p2_anim04.tranm	records_decoded	80	60	0	44	1455	46	e72368411b842012		
bin/demo/graphic/pc/p1/motion/p1_face0001_00_default/d160_p2_c001.tranm	records_decoded	241	60	0	3	57	2	26484d3f49028c85		
bin/demo/graphic/pc/p1/motion/p1_face0001_00_default/d160_p2_c002.tranm	records_decoded	131	60	1	44	1051	39	35badf84687eb3d3		
bin/demo/graphic/pc/p1/motion/p1_face0001_00_default/d160_p2_c003.tranm	records_decoded	151	60	1	3	122	2	05a9be3fa208c4de		
bin/demo/graphic/pc/p1/motion/p1_face0001_00_default/d160_p2_c004.tranm	records_decoded	181	60	1	44	2418	45	67507811f3f6a030		
bin/demo/graphic/pc/p1/motion/p1_face0001_00_default/d160_p2_c005.tranm	records_decoded	181	60	1	45	1694	48	b074f7e05d6f31df		
bin/demo/graphic/pc/p1/motion/p1_face0001_00_default/d160_p2_c006.tranm	records_decoded	181	60	1	3	70	2	3b7454f776a058f8		
bin/demo/graphic/pc/p1/motion/p1_face0001_00_default/d160_p2_c007.tranm	records_decoded	331	60	1	3	105	2	bf4c74f474dc4572		
bin/demo/graphic/pc/p1/motion/p1_face0001_00_default/d160_p2_c008.tranm	records_decoded	301	60	1	3	405	2	a0bbc44bdaff2ede		
bin/demo/graphic/pc/p1/motion/p1_face0001_00_default/d170_p2_c001.tranm	records_decoded	121	60	0	40	690	33	bd4be5db8be0508e		
bin/demo/graphic/pc/p1/motion/p1_face0001_00_default/d170_p2_c002.tranm	records_decoded	111	60	0	45	1605	51	914306f8328161e7		
bin/demo/graphic/pc/p1/motion/p1_face0001_00_default/d170_p2_c003.tranm	records_decoded	151	60	0	3	160	2	419e8759b947d5fe		
bin/demo/graphic/pc/p1/motion/p1_face0001_00_default/d170_p2_c004.tranm	records_decoded	151	60	0	47	1252	53	2cbcf25b384b387a		
bin/demo/graphic/pc/p1/motion/p1_face0001_00_default/d173-175_p2_c004.tranm	records_decoded	151	60	0	45	980	41	2671c44816a28418		
bin/demo/graphic/pc/p1/motion/p1_face0001_00_default/d176_p2_c001.tranm	records_decoded	121	60	0	41	689	26	228233345418d24d		
bin/demo/graphic/pc/p1/motion/p1_face0001_00_default/d176_p2_c002.tranm	records_decoded	111	60	0	44	1335	48	55704358c6f4002e		
bin/demo/graphic/pc/p1/motion/p1_face0001_00_default/d176_p2_c003.tranm	records_decoded	151	60	0	3	154	2	8fa65f15c7d6e7df		
bin/demo/graphic/pc/p1/motion/p1_face0001_00_default/d176_p2_c004.tranm	records_decoded	151	60	0	44	886	39	0122597f9b29fe75		
bin/demo/graphic/pc/p1/motion/p1_face0001_00_default/d200_p2_anim_c004.tranm	records_decoded	420	60	0	46	2554	53	2e97598cf95dde3d		
bin/demo/graphic/pc/p1/motion/p1_face0001_00_default/d200_p2_anim_c005.tranm	records_decoded	560	60	0	3	368	2	8d7dff118860ef6a		
bin/demo/graphic/pc/p1/motion/p1_face0001_00_default/d200_p2_anim_c006.tranm	records_decoded	70	60	0	3	78	0	c33d300f15d250d6		
bin/demo/graphic/pc/p1/motion/p1_face0001_00_default/d200_p2_anim_c007.tranm	records_decoded	710	60	0	44	2439	46	1ae69136e56feaf3		
bin/demo/graphic/pc/p1/motion/p1_face0001_00_default/d200_p2_anim_c008.tranm	records_decoded	370	60	0	3	301	2	0483e6c389393e3a		
bin/demo/graphic/pc/p1/motion/p1_face0001_00_default/d200_p2_anim_c010.tranm	records_decoded	191	60	0	3	122	2	c42a2087666ca99e		
bin/demo/graphic/pc/p1/motion/p1_face0001_00_default/d210_p2_anim_01.tranm	records_decoded	740	60	0	41	1533	43	f835095f97c133e0		
bin/demo/graphic/pc/p1/motion/p1_face0001_00_default/d210_p2_anim_02.tranm	records_decoded	80	60	0	44	885	44	76f0c0b67a5f24f3		
bin/demo/graphic/pc/p1/motion/p1_face0001_00_default/d210_p2_anim_03.tranm	records_decoded	311	60	0	41	2482	42	c6083bb23efbbd84		
bin/demo/graphic/pc/p1/motion/p1_face0001_00_default/d220_p2_anim_c01-c03.tranm	records_decoded	620	60	0	39	1115	29	888564e485793732		
bin/demo/graphic/pc/p1/motion/p1_face0001_00_default/d220_p2_anim_c04-c09.tranm	records_decoded	650	60	0	41	1160	32	ee2412d1dbbc3ddd		
bin/demo/graphic/pc/p1/motion/p1_face0001_00_default/d220_p2_anim_c10-c12.tranm	records_decoded	450	60	0	3	212	3	ec2085d90ab59ee8		
bin/demo/graphic/pc/p1/motion/p1_face0001_00_default/d220_p2_anim_c13-c18.tranm	records_decoded	1030	60	0	47	4892	55	4edee689f36e70a9		
bin/demo/graphic/pc/p1/motion/p1_face0001_00_default/d220_p2_anim_c19-c20.tranm	records_decoded	300	60	0	44	2064	50	f0245da4f234254b		
bin/demo/graphic/pc/p1/motion/p1_face0001_00_default/d220_p2_anim_c21-c23.tranm	records_decoded	1051	60	0	44	1167	45	4655930fe57867b2		
bin/demo/graphic/pc/p1/motion/p1_face0001_00_default/d230_p2_anim_c01-c04.tranm	records_decoded	910	60	0	44	3461	49	7b3d7ebfe7a1a2bc		
bin/demo/graphic/pc/p1/motion/p1_face0001_00_default/d230_p2_anim_c07-c09.tranm	records_decoded	241	60	0	45	1483	42	e9a2e71a3191a4ee		
bin/demo/graphic/pc/p1/motion/p1_face0001_00_default/d240_p2_c002.tranm	records_decoded	241	60	0	30	275	2	ec2d0befc71477ce		
bin/demo/graphic/pc/p1/motion/p1_face0001_00_default/d240_p2_c004.tranm	records_decoded	151	60	0	43	1316	46	5baf0275630fe854		
bin/demo/graphic/pc/p1/motion/p1_face0001_00_default/d240_p2_c005.tranm	records_decoded	281	60	1	3	191	2	ea19ecfc95d49d41		
bin/demo/graphic/pc/p1/motion/p1_face0001_00_default/d240_p2_c007.tranm	records_decoded	111	60	0	44	1098	47	0c9cde6917ca0db9		
bin/demo/graphic/pc/p1/motion/p1_hrs0003_00_bundle/d020_p2_c001.tranm	records_decoded	501	60	0	6	776	4	fffafa1c06828545		
bin/demo/graphic/pc/p1/motion/p1_hrs0003_00_bundle/d020_p2_c002.tranm	records_decoded	241	60	0	6	564	3	613783fe2e31b2d7		
bin/demo/graphic/pc/p1/motion/p1_hrs0003_00_bundle/d020_p2_c003.tranm	records_decoded	181	60	0	4	508	3	e106e446ab11716b		
bin/demo/graphic/pc/p1/motion/p1_hrs0003_00_bundle/d020_p2_c005.tranm	records_decoded	231	60	0	6	628	2	4a848dcf1325ec56		
bin/demo/graphic/pc/p1/motion/p1_hrs0003_00_bundle/d020_p2_c007.tranm	records_decoded	211	60	0	4	173	4	066014deb728400d		
bin/demo/graphic/pc/p1/motion/p1_hrs0003_00_bundle/d020_p2_c008.tranm	records_decoded	241	60	0	6	232	4	dbcd8927d9aeb76f		
bin/demo/graphic/pc/p1/motion/p1_hrs0003_00_bundle/d020_p2_c009.tranm	records_decoded	181	60	0	6	418	4	ad22d6299c565b24		
bin/demo/graphic/pc/p1/motion/p1_hrs0003_00_bundle/d020_p2_c011.tranm	records_decoded	211	60	0	6	175	3	b6e097f4209c3803		
bin/demo/graphic/pc/p1/motion/p1_hrs0003_00_bundle/d020_p2_c012.tranm	records_decoded	421	60	0	6	684	3	5255f48b70b2438b		
bin/demo/graphic/pc/p1/motion/p1_hrs0003_00_bundle/d120_p2_anim.tranm	records_decoded	1461	60	0	6	2111	6	70ecdf6251f6d430		
bin/demo/graphic/pc/p1/motion/p1_hrs0003_00_bundle/d130_p2_anim01.tranm	records_decoded	470	60	0	6	1654	7	eed877c7b805bcce		
bin/demo/graphic/pc/p1/motion/p1_hrs0003_00_bundle/d130_p2_anim02.tranm	records_decoded	80	60	0	6	195	4	4b3b4d4f4479e3b8		
bin/demo/graphic/pc/p1/motion/p1_hrs0003_00_bundle/d140_p2_anim_01.tranm	records_decoded	120	60	0	6	238	5	24ec488c29e9763c		
bin/demo/graphic/pc/p1/motion/p1_hrs0003_00_bundle/d140_p2_anim_02.tranm	records_decoded	412	60	0	6	321	5	0bec331e453375fb		
bin/demo/graphic/pc/p1/motion/p1_hrs0003_00_bundle/d140_p2_anim_03.tranm	records_decoded	390	60	0	6	916	5	02c78c83704fbb33		
bin/demo/graphic/pc/p1/motion/p1_hrs0003_00_bundle/d141_p2_c001_anim.tranm	records_decoded	151	60	0	6	557	4	ab8c5c7a0bcf5a56		
bin/demo/graphic/pc/p1/motion/p1_hrs0003_00_bundle/d141_p2_c002_anim.tranm	records_decoded	231	60	0	6	447	6	bb9785b5bcae0048		
bin/demo/graphic/pc/p1/motion/p1_hrs0003_00_bundle/d141_p2_c004_anim.tranm	records_decoded	201	60	0	6	345	5	5517ac0f0165a2e0		
bin/demo/graphic/pc/p1/motion/p1_hrs0003_00_bundle/d150_p2_anim01.tranm	records_decoded	210	60	0	6	467	5	f956321d19ef0c51		
bin/demo/graphic/pc/p1/motion/p1_hrs0003_00_bundle/d150_p2_anim02.tranm	records_decoded	132	60	0	6	367	5	c2f709ebe686741d		
bin/demo/graphic/pc/p1/motion/p1_hrs0003_00_bundle/d150_p2_anim03.tranm	records_decoded	488	60	0	6	100	2	04509cde7fa5edee		
bin/demo/graphic/pc/p1/motion/p1_hrs0003_00_bundle/d150_p2_anim04.tranm	records_decoded	80	60	0	6	297	5	1da17e55ab9a9566		
bin/demo/graphic/pc/p1/motion/p1_hrs0003_00_bundle/d160_p2_c001.tranm	records_decoded	241	60	0	6	390	5	2ae5e0c683c5d388		
bin/demo/graphic/pc/p1/motion/p1_hrs0003_00_bundle/d160_p2_c002.tranm	records_decoded	131	60	1	6	448	4	9b33454f813b5ca0		
bin/demo/graphic/pc/p1/motion/p1_hrs0003_00_bundle/d160_p2_c003.tranm	records_decoded	151	60	1	6	131	2	42d7a56eb54b38f0		
bin/demo/graphic/pc/p1/motion/p1_hrs0003_00_bundle/d160_p2_c004.tranm	records_decoded	181	60	1	6	856	1	17a83766795b7082		
bin/demo/graphic/pc/p1/motion/p1_hrs0003_00_bundle/d160_p2_c005.tranm	records_decoded	181	60	1	6	623	4	e457c42c5efadfe5		
bin/demo/graphic/pc/p1/motion/p1_hrs0003_00_bundle/d160_p2_c006.tranm	records_decoded	181	60	1	6	550	3	071d2fa53a05d10d		
bin/demo/graphic/pc/p1/motion/p1_hrs0003_00_bundle/d160_p2_c007.tranm	records_decoded	331	60	1	6	894	3	38a14096ad20f38d		
bin/demo/graphic/pc/p1/motion/p1_hrs0003_00_bundle/d160_p2_c008.tranm	records_decoded	301	60	1	6	1314	2	9f68cc856c61c696		
bin/demo/graphic/pc/p1/motion/p1_hrs0003_00_bundle/d170_p2_c001.tranm	records_decoded	121	60	0	6	126	4	ca59b9a96d1ec160		
bin/demo/graphic/pc/p1/motion/p1_hrs0003_00_bundle/d170_p2_c002.tranm	records_decoded	111	60	0	6	495	2	2fbd823a0ce77df0		
bin/demo/graphic/pc/p1/motion/p1_hrs0003_00_bundle/d170_p2_c003.tranm	records_decoded	151	60	0	6	619	2	8b22ceba43625023		
bin/demo/graphic/pc/p1/motion/p1_hrs0003_00_bundle/d170_p2_c004.tranm	records_decoded	151	60	0	6	369	2	6d708de0dd2ee486		
bin/demo/graphic/pc/p1/motion/p1_hrs0003_00_bundle/d173-175_p2_c004.tranm	records_decoded	151	60	0	6	369	2	6d708de0dd2ee486		
bin/demo/graphic/pc/p1/motion/p1_hrs0003_00_bundle/d176_p2_c001.tranm	records_decoded	121	60	0	6	324	4	f5dd5e6fed776afc		
bin/demo/graphic/pc/p1/motion/p1_hrs0003_00_bundle/d176_p2_c002.tranm	records_decoded	111	60	0	6	503	2	9b9abad4af111393		
bin/demo/graphic/pc/p1/motion/p1_hrs0003_00_bundle/d176_p2_c003.tranm	records_decoded	151	60	0	6	406	4	185cff9ecb93ff20		
bin/demo/graphic/pc/p1/motion/p1_hrs0003_00_bundle/d176_p2_c004.tranm	records_decoded	151	60	0	6	316	3	853cfce27cced505		
bin/demo/graphic/pc/p1/motion/p1_hrs0003_00_bundle/d200_p2_anim_c004.tranm	records_decoded	420	60	0	6	805	4	b05f1e736461f197		
bin/demo/graphic/pc/p1/motion/p1_hrs0003_00_bundle/d200_p2_anim_c005.tranm	records_decoded	560	60	0	6	1102	5	d19386c30c36f1de		
bin/demo/graphic/pc/p1/motion/p1_hrs0003_00_bundle/d200_p2_anim_c006.tranm	records_decoded	70	60	0	62	649	6	1a731c4f81bc2d48		
bin/demo/graphic/pc/p1/motion/p1_hrs0003_00_bundle/d200_p2_anim_c007.tranm	records_decoded	710	60	0	6	1175	5	037a5d7511dd914c		
bin/demo/graphic/pc/p1/motion/p1_hrs0003_00_bundle/d200_p2_anim_c008.tranm	records_decoded	370	60	0	6	928	5	59b84a2c7be5cab9		
bin/demo/graphic/pc/p1/motion/p1_hrs0003_00_bundle/d200_p2_anim_c010.tranm	records_decoded	191	60	0	6	412	5	4b196fd1bf206394		
bin/demo/graphic/pc/p1/motion/p1_hrs0003_00_bundle/d210_p2_anim_01.tranm	records_decoded	740	60	0	6	1003	6	0bec323a77962c42		
bin/demo/graphic/pc/p1/motion/p1_hrs0003_00_bundle/d210_p2_anim_02.tranm	records_decoded	80	60	0	6	277	3	e5aefcd8f3d4f4b1		
bin/demo/graphic/pc/p1/motion/p1_hrs0003_00_bundle/d210_p2_anim_03.tranm	records_decoded	311	60	0	6	1492	5	a06699e9317e3df3		
bin/demo/graphic/pc/p1/motion/p1_hrs0003_00_bundle/d220_p2_anim_c01-c03.tranm	records_decoded	620	60	0	6	497	5	c09dc3eb100695d7		
bin/demo/graphic/pc/p1/motion/p1_hrs0003_00_bundle/d220_p2_anim_c04-c09.tranm	records_decoded	650	60	0	6	790	6	113cc0210708e6e0		
bin/demo/graphic/pc/p1/motion/p1_hrs0003_00_bundle/d220_p2_anim_c10-c12.tranm	records_decoded	450	60	0	6	420	6	ee8c111011a08c1c		
bin/demo/graphic/pc/p1/motion/p1_hrs0003_00_bundle/d220_p2_anim_c13-c18.tranm	records_decoded	1030	60	0	6	1094	5	4050aec0f473c136		
bin/demo/graphic/pc/p1/motion/p1_hrs0003_00_bundle/d220_p2_anim_c19-c20.tranm	records_decoded	300	60	0	6	995	6	ee5ba20f6c0d612a		
bin/demo/graphic/pc/p1/motion/p1_hrs0003_00_bundle/d220_p2_anim_c21-c23.tranm	records_decoded	1051	60	0	6	665	6	8bcc20a5296c9fcc		
bin/demo/graphic/pc/p1/motion/p1_hrs0003_00_bundle/d230_p2_anim_c01-c04.tranm	records_decoded	910	60	0	6	1258	5	c0dab8dade66c862		
bin/demo/graphic/pc/p1/motion/p1_hrs0003_00_bundle/d230_p2_anim_c07-c09.tranm	records_decoded	241	60	0	6	587	5	493bab58c5143bf7		
bin/demo/graphic/pc/p1/motion/p1_hrs0003_00_bundle/d240_p2_c002.tranm	records_decoded	241	60	0	6	842	3	5a8b408652ca7c3c		
bin/demo/graphic/pc/p1/motion/p1_hrs0003_00_bundle/d240_p2_c004.tranm	records_decoded	151	60	0	6	588	2	65a103031445810c		
bin/demo/graphic/pc/p1/motion/p1_hrs0003_00_bundle/d240_p2_c005.tranm	records_decoded	281	60	1	6	1040	2	24553abfe10aaf1c		
bin/demo/graphic/pc/p1/motion/p1_hrs0003_00_bundle/d240_p2_c007.tranm	records_decoded	111	60	0	6	438	2	9aeccd305deb05b5		
bin/demo/graphic/pc/p1/motion/p1_hrs0015_00_braids/d020_p2_c001.tranm	records_decoded	501	60	0	5	770	3	07c0751bbc86735a		
bin/demo/graphic/pc/p1/motion/p1_hrs0015_00_braids/d020_p2_c002.tranm	records_decoded	241	60	0	3	555	3	afe91ec4fc3ec9bf		
bin/demo/graphic/pc/p1/motion/p1_hrs0015_00_braids/d020_p2_c003.tranm	records_decoded	181	60	0	3	505	3	8b5ee16976a9b847		
bin/demo/graphic/pc/p1/motion/p1_hrs0015_00_braids/d020_p2_c005.tranm	records_decoded	231	60	0	3	619	2	672622c0bd648ee8		
bin/demo/graphic/pc/p1/motion/p1_hrs0015_00_braids/d020_p2_c007.tranm	records_decoded	211	60	0	3	170	4	c284d7df7c30f089		
bin/demo/graphic/pc/p1/motion/p1_hrs0015_00_braids/d020_p2_c008.tranm	records_decoded	241	60	0	3	223	4	ad1ce61dba0e56f7		
bin/demo/graphic/pc/p1/motion/p1_hrs0015_00_braids/d020_p2_c009.tranm	records_decoded	181	60	0	3	409	4	d2891eb0c3762a86		
bin/demo/graphic/pc/p1/motion/p1_hrs0015_00_braids/d020_p2_c011.tranm	records_decoded	211	60	0	3	166	3	ff581c6762c6bd97		
bin/demo/graphic/pc/p1/motion/p1_hrs0015_00_braids/d020_p2_c012.tranm	records_decoded	421	60	0	3	675	3	3c88b4bf30eeceeb		
bin/demo/graphic/pc/p1/motion/p1_hrs0015_00_braids/d120_p2_anim.tranm	records_decoded	1461	60	0	5	1653	5	a05b41c1f7272b31		
bin/demo/graphic/pc/p1/motion/p1_hrs0015_00_braids/d130_p2_anim01.tranm	records_decoded	470	60	0	5	1371	6	064aced65e252869		
bin/demo/graphic/pc/p1/motion/p1_hrs0015_00_braids/d130_p2_anim02.tranm	records_decoded	80	60	0	5	157	3	334c0fb529084f6b		
bin/demo/graphic/pc/p1/motion/p1_hrs0015_00_braids/d140_p2_anim_01.tranm	records_decoded	120	60	0	5	164	4	395a6d73ad97efa1		
bin/demo/graphic/pc/p1/motion/p1_hrs0015_00_braids/d140_p2_anim_02.tranm	records_decoded	412	60	0	5	240	4	121995761beb2e9f		
bin/demo/graphic/pc/p1/motion/p1_hrs0015_00_braids/d140_p2_anim_03.tranm	records_decoded	390	60	0	5	569	4	addd042683341489		
bin/demo/graphic/pc/p1/motion/p1_hrs0015_00_braids/d141_p2_c001_anim.tranm	records_decoded	151	60	0	5	543	3	281d237d0e9ae22b		
bin/demo/graphic/pc/p1/motion/p1_hrs0015_00_braids/d141_p2_c002_anim.tranm	records_decoded	231	60	0	4	315	4	a9bbcda66109850d		
bin/demo/graphic/pc/p1/motion/p1_hrs0015_00_braids/d141_p2_c004_anim.tranm	records_decoded	201	60	0	5	277	4	9087914ed68181fe		
bin/demo/graphic/pc/p1/motion/p1_hrs0015_00_braids/d150_p2_anim01.tranm	records_decoded	210	60	0	5	333	4	5cc5bedc5b1c37bd		
bin/demo/graphic/pc/p1/motion/p1_hrs0015_00_braids/d150_p2_anim02.tranm	records_decoded	132	60	0	5	287	4	c7ccd2a0dc3f7cb9		
bin/demo/graphic/pc/p1/motion/p1_hrs0015_00_braids/d150_p2_anim03.tranm	records_decoded	488	60	0	3	91	2	106e06b588dc7a48		
bin/demo/graphic/pc/p1/motion/p1_hrs0015_00_braids/d150_p2_anim04.tranm	records_decoded	80	60	0	5	221	5	6fa87b80f34ef51e		
bin/demo/graphic/pc/p1/motion/p1_hrs0015_00_braids/d160_p2_c001.tranm	records_decoded	241	60	0	5	314	4	74d0f96324450a24		
bin/demo/graphic/pc/p1/motion/p1_hrs0015_00_braids/d160_p2_c002.tranm	records_decoded	131	60	1	5	360	3	bdb781d29c2ccdad		
bin/demo/graphic/pc/p1/motion/p1_hrs0015_00_braids/d160_p2_c003.tranm	records_decoded	151	60	1	3	122	2	05a9be3fa208c4de		
bin/demo/graphic/pc/p1/motion/p1_hrs0015_00_braids/d160_p2_c004.tranm	records_decoded	181	60	1	5	673	1	da20c27a5b395f36		
bin/demo/graphic/pc/p1/motion/p1_hrs0015_00_braids/d160_p2_c005.tranm	records_decoded	181	60	1	5	448	4	9dfaa8a6da330cf9		
bin/demo/graphic/pc/p1/motion/p1_hrs0015_00_braids/d160_p2_c006.tranm	records_decoded	181	60	1	5	367	3	4fa9120f8e65cff5		
bin/demo/graphic/pc/p1/motion/p1_hrs0015_00_braids/d160_p2_c007.tranm	records_decoded	331	60	1	5	414	4	47191e2607e6e812		
bin/demo/graphic/pc/p1/motion/p1_hrs0015_00_braids/d160_p2_c008.tranm	records_decoded	301	60	1	5	1011	2	cdd86faee027349d		
bin/demo/graphic/pc/p1/motion/p1_hrs0015_00_braids/d170_p2_c001.tranm	records_decoded	121	60	0	4	90	3	ead670ea03abdc39		
bin/demo/graphic/pc/p1/motion/p1_hrs0015_00_braids/d170_p2_c002.tranm	records_decoded	111	60	0	5	382	2	43e1d49fbb742684		
bin/demo/graphic/pc/p1/motion/p1_hrs0015_00_braids/d170_p2_c003.tranm	records_decoded	151	60	0	5	466	2	bc89655304023618		
bin/demo/graphic/pc/p1/motion/p1_hrs0015_00_braids/d170_p2_c004.tranm	records_decoded	151	60	0	5	241	4	47241df38f672828		
bin/demo/graphic/pc/p1/motion/p1_hrs0015_00_braids/d173-175_p2_c004.tranm	records_decoded	151	60	0	5	241	4	47241df38f672828		
bin/demo/graphic/pc/p1/motion/p1_hrs0015_00_braids/d176_p2_c001.tranm	records_decoded	121	60	0	5	238	4	a9ccbaa6121b200d		
bin/demo/graphic/pc/p1/motion/p1_hrs0015_00_braids/d176_p2_c002.tranm	records_decoded	111	60	0	5	390	2	dd6b52b4f58c438a		
bin/demo/graphic/pc/p1/motion/p1_hrs0015_00_braids/d176_p2_c003.tranm	records_decoded	151	60	0	5	460	2	aa63b66a89c52018		
bin/demo/graphic/pc/p1/motion/p1_hrs0015_00_braids/d176_p2_c004.tranm	records_decoded	151	60	0	5	233	4	7d0a25e7ee8d622c		
bin/demo/graphic/pc/p1/motion/p1_hrs0015_00_braids/d200_p2_anim_c004.tranm	records_decoded	420	60	0	5	842	4	fb32d43296f2b876		
bin/demo/graphic/pc/p1/motion/p1_hrs0015_00_braids/d200_p2_anim_c005.tranm	records_decoded	560	60	0	5	834	4	1e957fdbc8223007		
bin/demo/graphic/pc/p1/motion/p1_hrs0015_00_braids/d200_p2_anim_c006.tranm	records_decoded	70	60	0	62	649	6	1a731c4f81bc2d48		
bin/demo/graphic/pc/p1/motion/p1_hrs0015_00_braids/d200_p2_anim_c007.tranm	records_decoded	710	60	0	5	963	4	76c65688fd0ada14		
bin/demo/graphic/pc/p1/motion/p1_hrs0015_00_braids/d200_p2_anim_c008.tranm	records_decoded	370	60	0	5	645	4	db0f3f43a672a595		
bin/demo/graphic/pc/p1/motion/p1_hrs0015_00_braids/d200_p2_anim_c010.tranm	records_decoded	191	60	0	5	343	4	4a7f38fcde7d1937		
bin/demo/graphic/pc/p1/motion/p1_hrs0015_00_braids/d210_p2_anim_01.tranm	records_decoded	740	60	0	5	929	5	2c925b3a2c0df173		
bin/demo/graphic/pc/p1/motion/p1_hrs0015_00_braids/d210_p2_anim_02.tranm	records_decoded	80	60	0	5	271	2	6aee3fb40786a886		
bin/demo/graphic/pc/p1/motion/p1_hrs0015_00_braids/d210_p2_anim_03.tranm	records_decoded	311	60	0	5	1324	4	f57bc3dbeb929bfe		
bin/demo/graphic/pc/p1/motion/p1_hrs0015_00_braids/d220_p2_anim_c01-c03.tranm	records_decoded	620	60	0	5	475	4	5fca36cb525f36ee		
bin/demo/graphic/pc/p1/motion/p1_hrs0015_00_braids/d220_p2_anim_c04-c09.tranm	records_decoded	650	60	0	5	648	5	1c7402a18d64a756		
bin/demo/graphic/pc/p1/motion/p1_hrs0015_00_braids/d220_p2_anim_c10-c12.tranm	records_decoded	450	60	0	5	351	5	9cf3c34cbe272da2		
bin/demo/graphic/pc/p1/motion/p1_hrs0015_00_braids/d220_p2_anim_c13-c18.tranm	records_decoded	1030	60	0	5	891	4	e918cdcb09fa7325		
bin/demo/graphic/pc/p1/motion/p1_hrs0015_00_braids/d220_p2_anim_c19-c20.tranm	records_decoded	300	60	0	5	752	5	4fc285df74ae8caf		
bin/demo/graphic/pc/p1/motion/p1_hrs0015_00_braids/d220_p2_anim_c21-c23.tranm	records_decoded	1051	60	0	5	526	5	caf72d8898f4b5db		
bin/demo/graphic/pc/p1/motion/p1_hrs0015_00_braids/d230_p2_anim_c01-c04.tranm	records_decoded	910	60	0	5	1160	4	73bda43e1415fa25		
bin/demo/graphic/pc/p1/motion/p1_hrs0015_00_braids/d230_p2_anim_c07-c09.tranm	records_decoded	241	60	0	5	540	4	590dbd3dc8f3d93f		
bin/demo/graphic/pc/p1/motion/p1_hrs0015_00_braids/d240_p2_c002.tranm	records_decoded	241	60	0	5	680	2	20a09f6af405b0fe		
bin/demo/graphic/pc/p1/motion/p1_hrs0015_00_braids/d240_p2_c004.tranm	records_decoded	151	60	0	5	435	2	bfdf59bf198f4c41		
bin/demo/graphic/pc/p1/motion/p1_hrs0015_00_braids/d240_p2_c005.tranm	records_decoded	281	60	1	5	757	2	17dde84a7f8715b7		
bin/demo/graphic/pc/p1/motion/p1_hrs0015_00_braids/d240_p2_c007.tranm	records_decoded	111	60	0	5	325	2	5b1810441c5c44ac		
bin/demo/graphic/pc/p2/motion/p2_base0000_00_sample/d020_p2_c001.tranm	records_decoded	501	60	0	64	7729	73	2a18c7503f9938bb		
bin/demo/graphic/pc/p2/motion/p2_base0000_00_sample/d020_p2_c002.tranm	records_decoded	241	60	0	62	4131	54	297589a174578449		
bin/demo/graphic/pc/p2/motion/p2_base0000_00_sample/d020_p2_c003.tranm	records_decoded	181	60	0	62	7885	51	4782fbb040543765		
bin/demo/graphic/pc/p2/motion/p2_base0000_00_sample/d020_p2_c005.tranm	records_decoded	231	60	0	62	7352	52	d04247502f95f3af		
bin/demo/graphic/pc/p2/motion/p2_base0000_00_sample/d020_p2_c007.tranm	records_decoded	211	60	0	62	1573	54	97106511002bbfa8		
bin/demo/graphic/pc/p2/motion/p2_base0000_00_sample/d020_p2_c008.tranm	records_decoded	241	60	0	62	384	7	548290d62b50d70b		
bin/demo/graphic/pc/p2/motion/p2_base0000_00_sample/d020_p2_c009.tranm	records_decoded	181	60	0	62	3026	54	45b9ef5c2d993e29		
bin/demo/graphic/pc/p2/motion/p2_base0000_00_sample/d020_p2_c011.tranm	records_decoded	211	60	0	62	1572	53	1b06bff1fb7870f3		
bin/demo/graphic/pc/p2/motion/p2_base0000_00_sample/d020_p2_c012.tranm	records_decoded	421	60	0	62	2547	53	1e22f214fb165dd2		
bin/demo/graphic/pc/p2/motion/p2_base0000_00_sample/d120_p2_anim.tranm	records_decoded	1461	60	0	62	6248	70	c1b271e199dbd0b2		
bin/demo/graphic/pc/p2/motion/p2_base0000_00_sample/d130_p2_anim01.tranm	records_decoded	470	60	0	62	5573	55	b632db3c73c29e16		
bin/demo/graphic/pc/p2/motion/p2_base0000_00_sample/d130_p2_anim02.tranm	records_decoded	80	60	0	62	1694	50	5495a0cb71bea83d		
bin/demo/graphic/pc/p2/motion/p2_base0000_00_sample/d140_p2_anim_01.tranm	records_decoded	120	60	0	62	544	33	080662d698f865a4		
bin/demo/graphic/pc/p2/motion/p2_base0000_00_sample/d140_p2_anim_02.tranm	records_decoded	412	60	0	62	755	33	d6440da5f12f91e9		
bin/demo/graphic/pc/p2/motion/p2_base0000_00_sample/d140_p2_anim_03.tranm	records_decoded	390	60	0	61	2802	50	eadf2bf3b505e5f6		
bin/demo/graphic/pc/p2/motion/p2_base0000_00_sample/d141_p2_c001_anim.tranm	records_decoded	151	60	0	62	2664	32	31551fc8deed4a5a		
bin/demo/graphic/pc/p2/motion/p2_base0000_00_sample/d141_p2_c002_anim.tranm	records_decoded	231	60	0	62	1631	40	a7447d36fe903978		
bin/demo/graphic/pc/p2/motion/p2_base0000_00_sample/d141_p2_c004_anim.tranm	records_decoded	201	60	0	62	1196	47	da99766b0f712d54		
bin/demo/graphic/pc/p2/motion/p2_base0000_00_sample/d150_p2_anim01.tranm	records_decoded	210	60	0	62	601	24	4bb38225e1284691		
bin/demo/graphic/pc/p2/motion/p2_base0000_00_sample/d150_p2_anim02.tranm	records_decoded	132	60	0	62	1887	67	08234a9855c12a68		
bin/demo/graphic/pc/p2/motion/p2_base0000_00_sample/d150_p2_anim03.tranm	records_decoded	101	60	0	62	353	33	6075873f61372a86		
bin/demo/graphic/pc/p2/motion/p2_base0000_00_sample/d150_p2_anim04.tranm	records_decoded	80	60	0	62	876	48	fe23dc66ac61ef33		
bin/demo/graphic/pc/p2/motion/p2_base0000_00_sample/d160_p2_c001.tranm	records_decoded	241	60	0	63	601	20	a2415ca03ff778fd		
bin/demo/graphic/pc/p2/motion/p2_base0000_00_sample/d160_p2_c002.tranm	records_decoded	131	60	1	62	777	37	9a1e6acf6a13fb64		
bin/demo/graphic/pc/p2/motion/p2_base0000_00_sample/d160_p2_c003.tranm	records_decoded	151	60	1	62	1024	39	2bbc67fa8feb96fe		
bin/demo/graphic/pc/p2/motion/p2_base0000_00_sample/d160_p2_c004.tranm	records_decoded	181	60	1	63	7520	52	c953699c224fa3b8		
bin/demo/graphic/pc/p2/motion/p2_base0000_00_sample/d160_p2_c005.tranm	records_decoded	181	60	1	63	3476	53	39d1fe8b23ceb825		
bin/demo/graphic/pc/p2/motion/p2_base0000_00_sample/d160_p2_c006.tranm	records_decoded	181	60	1	63	1751	70	5af9bcb75a8f9514		
bin/demo/graphic/pc/p2/motion/p2_base0000_00_sample/d160_p2_c007.tranm	records_decoded	331	60	1	62	1297	47	5b149d22f46f24c9		
bin/demo/graphic/pc/p2/motion/p2_base0000_00_sample/d160_p2_c008.tranm	records_decoded	301	60	1	63	6041	71	54cdf32517c15200		
bin/demo/graphic/pc/p2/motion/p2_base0000_00_sample/d170_p2_c001.tranm	records_decoded	121	60	0	63	833	37	edc963671f0be11c		
bin/demo/graphic/pc/p2/motion/p2_base0000_00_sample/d170_p2_c002.tranm	records_decoded	111	60	0	62	2833	52	37bc8ee403edc43e		
bin/demo/graphic/pc/p2/motion/p2_base0000_00_sample/d170_p2_c003.tranm	records_decoded	151	60	0	63	3160	68	910b03c421772d0e		
bin/demo/graphic/pc/p2/motion/p2_base0000_00_sample/d170_p2_c004.tranm	records_decoded	151	60	0	62	897	50	d303c7d4823d3496		
bin/demo/graphic/pc/p2/motion/p2_base0000_00_sample/d173-175_p2_c004.tranm	records_decoded	151	60	0	62	897	50	d303c7d4823d3496		
bin/demo/graphic/pc/p2/motion/p2_base0000_00_sample/d176_p2_c001.tranm	records_decoded	121	60	0	62	796	36	7ba9ff6c4f77f3e9		
bin/demo/graphic/pc/p2/motion/p2_base0000_00_sample/d176_p2_c002.tranm	records_decoded	111	60	0	62	2966	51	27bd45b891401cbc		
bin/demo/graphic/pc/p2/motion/p2_base0000_00_sample/d176_p2_c003.tranm	records_decoded	151	60	0	62	2883	68	e7a39159bc1810af		
bin/demo/graphic/pc/p2/motion/p2_base0000_00_sample/d176_p2_c004.tranm	records_decoded	151	60	0	62	978	50	7b887dc4f14d1c9f		
bin/demo/graphic/pc/p2/motion/p2_base0000_00_sample/d200_p2_anim_c004.tranm	records_decoded	420	60	0	62	6258	51	86ef6f6b42c135a2		
bin/demo/graphic/pc/p2/motion/p2_base0000_00_sample/d200_p2_anim_c005.tranm	records_decoded	560	60	0	63	5267	53	4194c2b01019b688		
bin/demo/graphic/pc/p2/motion/p2_base0000_00_sample/d200_p2_anim_c006.tranm	records_decoded	70	60	0	62	665	6	a16f573e5801c5e6		
bin/demo/graphic/pc/p2/motion/p2_base0000_00_sample/d200_p2_anim_c007.tranm	records_decoded	710	60	0	63	5757	54	e2d70f338eccd363		
bin/demo/graphic/pc/p2/motion/p2_base0000_00_sample/d200_p2_anim_c008.tranm	records_decoded	370	60	0	62	3056	51	1e0b2efa85b83b5b		
bin/demo/graphic/pc/p2/motion/p2_base0000_00_sample/d200_p2_anim_c010.tranm	records_decoded	191	60	0	62	2552	51	25074034c1313c0b		
bin/demo/graphic/pc/p2/motion/p2_base0000_00_sample/d210_p2_anim_01.tranm	records_decoded	740	60	0	62	5884	70	d13a78b73f6037f7		
bin/demo/graphic/pc/p2/motion/p2_base0000_00_sample/d210_p2_anim_02.tranm	records_decoded	80	60	0	62	1719	53	7865fbc8b18acfb9		
bin/demo/graphic/pc/p2/motion/p2_base0000_00_sample/d210_p2_anim_03.tranm	records_decoded	311	60	0	62	5849	52	6418af87b5650b3f		
bin/demo/graphic/pc/p2/motion/p2_base0000_00_sample/d220_p2_anim_c01-c03.tranm	records_decoded	620	60	0	64	2957	66	008a3af664e89d40		
bin/demo/graphic/pc/p2/motion/p2_base0000_00_sample/d220_p2_anim_c04-c09.tranm	records_decoded	650	60	0	63	3607	53	1eed0755c1c7a083		
bin/demo/graphic/pc/p2/motion/p2_base0000_00_sample/d220_p2_anim_c10-c12.tranm	records_decoded	450	60	0	62	1172	20	16b827ed020ac90b		
bin/demo/graphic/pc/p2/motion/p2_base0000_00_sample/d220_p2_anim_c13-c18.tranm	records_decoded	1030	60	0	62	2223	21	aeb3d095fe281f4d		
bin/demo/graphic/pc/p2/motion/p2_base0000_00_sample/d220_p2_anim_c19-c20.tranm	records_decoded	300	60	0	62	2533	40	1c97f27c4be4fcfa		
bin/demo/graphic/pc/p2/motion/p2_base0000_00_sample/d220_p2_anim_c21-c23.tranm	records_decoded	1051	60	0	62	2498	54	6805a5cdcad158cb		
bin/demo/graphic/pc/p2/motion/p2_base0000_00_sample/d230_p2_anim_c01-c04.tranm	records_decoded	910	60	0	63	7818	53	08bcdca88085a82d		
bin/demo/graphic/pc/p2/motion/p2_base0000_00_sample/d230_p2_anim_c07-c09.tranm	records_decoded	241	60	0	61	3130	67	394d211fde454ffb		
bin/demo/graphic/pc/p2/motion/p2_base0000_00_sample/d240_p2_c002.tranm	records_decoded	241	60	0	62	1149	47	6070bcb03d4d0360		
bin/demo/graphic/pc/p2/motion/p2_base0000_00_sample/d240_p2_c004.tranm	records_decoded	151	60	0	62	946	47	d2b02255968ee612		
bin/demo/graphic/pc/p2/motion/p2_base0000_00_sample/d240_p2_c005.tranm	records_decoded	281	60	1	62	1644	47	5b069198fe8dbeec		
bin/demo/graphic/pc/p2/motion/p2_base0000_00_sample/d240_p2_c007.tranm	records_decoded	111	60	0	62	1102	47	b3e19533a46070ba		
bin/demo/graphic/pc/p2/motion/p2_drs0001_00_default/d020_p2_c001.tranm	records_decoded	501	60	0	17	2176	11	a33e21243d36202d		
bin/demo/graphic/pc/p2/motion/p2_drs0001_00_default/d020_p2_c002.tranm	records_decoded	241	60	0	7	1753	8	dcfa8a67e54b5378		
bin/demo/graphic/pc/p2/motion/p2_drs0001_00_default/d020_p2_c003.tranm	records_decoded	181	60	0	7	1556	5	4f65ff3a32e8b709		
bin/demo/graphic/pc/p2/motion/p2_drs0001_00_default/d020_p2_c005.tranm	records_decoded	231	60	0	14	1933	12	e5ba7d4a170a098f		
bin/demo/graphic/pc/p2/motion/p2_drs0001_00_default/d020_p2_c007.tranm	records_decoded	211	60	0	7	432	11	2e0d3816c8805004		
bin/demo/graphic/pc/p2/motion/p2_drs0001_00_default/d020_p2_c008.tranm	records_decoded	241	60	0	9	269	8	9584ef654e499a3e		
bin/demo/graphic/pc/p2/motion/p2_drs0001_00_default/d020_p2_c009.tranm	records_decoded	181	60	0	7	855	11	319e9a93cdc33176		
bin/demo/graphic/pc/p2/motion/p2_drs0001_00_default/d020_p2_c011.tranm	records_decoded	211	60	0	7	348	10	f70d3cda4659ec04		
bin/demo/graphic/pc/p2/motion/p2_drs0001_00_default/d020_p2_c012.tranm	records_decoded	421	60	0	7	1075	10	3a356b0fbff22d70		
bin/demo/graphic/pc/p2/motion/p2_drs0001_00_default/d120_p2_anim.tranm	records_decoded	1461	60	0	27	7084	20	7903a1e2051c635e		
bin/demo/graphic/pc/p2/motion/p2_drs0001_00_default/d130_p2_anim01.tranm	records_decoded	470	60	0	31	7105	35	0086b4340cc1ff48		
bin/demo/graphic/pc/p2/motion/p2_drs0001_00_default/d130_p2_anim02.tranm	records_decoded	80	60	0	20	919	17	31ba48dfdf819821		
bin/demo/graphic/pc/p2/motion/p2_drs0001_00_default/d140_p2_anim_01.tranm	records_decoded	120	60	0	17	583	19	fdd465784773fe5e		
bin/demo/graphic/pc/p2/motion/p2_drs0001_00_default/d140_p2_anim_02.tranm	records_decoded	412	60	0	14	398	11	dd118868543e39a2		
bin/demo/graphic/pc/p2/motion/p2_drs0001_00_default/d140_p2_anim_03.tranm	records_decoded	390	60	0	30	4473	34	5807fdb09dcd9383		
bin/demo/graphic/pc/p2/motion/p2_drs0001_00_default/d141_p2_c001_anim.tranm	records_decoded	151	60	0	34	3597	26	dcce6c98e8415eba		
bin/demo/graphic/pc/p2/motion/p2_drs0001_00_default/d141_p2_c002_anim.tranm	records_decoded	231	60	0	34	3468	37	0a7951b0c4c0210e		
bin/demo/graphic/pc/p2/motion/p2_drs0001_00_default/d141_p2_c004_anim.tranm	records_decoded	201	60	0	20	1117	17	4c0a7b1c9c5b4bb6		
bin/demo/graphic/pc/p2/motion/p2_drs0001_00_default/d150_p2_anim01.tranm	records_decoded	210	60	0	18	1114	22	55ee1b0352e54af7		
bin/demo/graphic/pc/p2/motion/p2_drs0001_00_default/d150_p2_anim02.tranm	records_decoded	132	60	0	25	1114	28	effed176f8add0a2		
bin/demo/graphic/pc/p2/motion/p2_drs0001_00_default/d150_p2_anim03.tranm	records_decoded	101	60	0	12	122	11	fb17122804ed3b77		
bin/demo/graphic/pc/p2/motion/p2_drs0001_00_default/d150_p2_anim04.tranm	records_decoded	80	60	0	16	1057	24	f0d20c97693ca35f		
bin/demo/graphic/pc/p2/motion/p2_drs0001_00_default/d160_p2_c001.tranm	records_decoded	241	60	0	36	3271	38	bdc3b90328706775		
bin/demo/graphic/pc/p2/motion/p2_drs0001_00_default/d160_p2_c002.tranm	records_decoded	131	60	1	16	1460	14	8bb2944a15b0cc99		
bin/demo/graphic/pc/p2/motion/p2_drs0001_00_default/d160_p2_c003.tranm	records_decoded	151	60	1	7	696	8	7e6584a8a02203f2		
bin/demo/graphic/pc/p2/motion/p2_drs0001_00_default/d160_p2_c004.tranm	records_decoded	181	60	1	36	6185	12	d220edfec395fc99		
bin/demo/graphic/pc/p2/motion/p2_drs0001_00_default/d160_p2_c005.tranm	records_decoded	181	60	1	36	5312	23	29fcd4a25d292973		
bin/demo/graphic/pc/p2/motion/p2_drs0001_00_default/d160_p2_c006.tranm	records_decoded	181	60	1	36	3464	37	85b5d10b6957692f		
bin/demo/graphic/pc/p2/motion/p2_drs0001_00_default/d160_p2_c007.tranm	records_decoded	331	60	1	36	5604	39	19a497f7e67bc1fd		
bin/demo/graphic/pc/p2/motion/p2_drs0001_00_default/d160_p2_c008.tranm	records_decoded	301	60	1	36	9578	21	f2911dbd4db5a9f9		
bin/demo/graphic/pc/p2/motion/p2_drs0001_00_default/d170_p2_c001.tranm	records_decoded	121	60	0	36	1035	38	3aa26afd006b7ccc		
bin/demo/graphic/pc/p2/motion/p2_drs0001_00_default/d170_p2_c002.tranm	records_decoded	111	60	0	36	3221	26	1504192b915d33aa		
bin/demo/graphic/pc/p2/motion/p2_drs0001_00_default/d170_p2_c003.tranm	records_decoded	151	60	0	36	5054	14	ee11e50a3a3b1afe		
bin/demo/graphic/pc/p2/motion/p2_drs0001_00_default/d170_p2_c004.tranm	records_decoded	151	60	0	16	1471	15	81e2cae10dea0c9b		
bin/demo/graphic/pc/p2/motion/p2_drs0001_00_default/d173-175_p2_c004.tranm	records_decoded	151	60	0	16	1471	15	81e2cae10dea0c9b		
bin/demo/graphic/pc/p2/motion/p2_drs0001_00_default/d176_p2_c001.tranm	records_decoded	121	60	0	36	1646	38	2aafff66e9134ddc		
bin/demo/graphic/pc/p2/motion/p2_drs0001_00_default/d176_p2_c002.tranm	records_decoded	111	60	0	36	3234	25	8c3462a51309ca38		
bin/demo/graphic/pc/p2/motion/p2_drs0001_00_default/d176_p2_c003.tranm	records_decoded	151	60	0	36	5049	14	bb8d4ec606781de7		
bin/demo/graphic/pc/p2/motion/p2_drs0001_00_default/d176_p2_c004.tranm	records_decoded	151	60	0	16	1466	15	e52983513e482b39		
bin/demo/graphic/pc/p2/motion/p2_drs0001_00_default/d200_p2_anim_c004.tranm	records_decoded	420	60	0	36	7297	38	9e879e952499ec56		
bin/demo/graphic/pc/p2/motion/p2_drs0001_00_default/d200_p2_anim_c005.tranm	records_decoded	560	60	0	36	8820	39	31da1effda8b0465		
bin/demo/graphic/pc/p2/motion/p2_drs0001_00_default/d200_p2_anim_c006.tranm	records_decoded	70	60	0	9	345	1	7faa55e2d7a73380		
bin/demo/graphic/pc/p2/motion/p2_drs0001_00_default/d200_p2_anim_c007.tranm	records_decoded	710	60	0	36	9366	39	e9269ff1589b82da		
bin/demo/graphic/pc/p2/motion/p2_drs0001_00_default/d200_p2_anim_c008.tranm	records_decoded	370	60	0	36	5980	36	232f5c159ec72863		
bin/demo/graphic/pc/p2/motion/p2_drs0001_00_default/d200_p2_anim_c010.tranm	records_decoded	191	60	0	36	2082	14	f1d0a15887e4445f		
bin/demo/graphic/pc/p2/motion/p2_drs0001_00_default/d210_p2_anim_01.tranm	records_decoded	740	60	0	20	3762	25	2504e74db01c5a3c		
bin/demo/graphic/pc/p2/motion/p2_drs0001_00_default/d210_p2_anim_02.tranm	records_decoded	80	60	0	36	2463	30	d08fa2e3a8ebb666		
bin/demo/graphic/pc/p2/motion/p2_drs0001_00_default/d210_p2_anim_03.tranm	records_decoded	311	60	0	36	4926	34	2593043242eb1c65		
bin/demo/graphic/pc/p2/motion/p2_drs0001_00_default/d220_p2_anim_c01-c03.tranm	records_decoded	620	60	0	16	1783	18	376f635ab58588e4		
bin/demo/graphic/pc/p2/motion/p2_drs0001_00_default/d220_p2_anim_c04-c09.tranm	records_decoded	650	60	0	37	3781	40	97543b860321c70c		
bin/demo/graphic/pc/p2/motion/p2_drs0001_00_default/d220_p2_anim_c10-c12.tranm	records_decoded	450	60	0	22	1194	19	de4b1a0701113d0e		
bin/demo/graphic/pc/p2/motion/p2_drs0001_00_default/d220_p2_anim_c13-c18.tranm	records_decoded	1030	60	0	17	2009	21	8d234adda63ea982		
bin/demo/graphic/pc/p2/motion/p2_drs0001_00_default/d220_p2_anim_c19-c20.tranm	records_decoded	300	60	0	16	2370	19	a29a62dc249681d7		
bin/demo/graphic/pc/p2/motion/p2_drs0001_00_default/d220_p2_anim_c21-c23.tranm	records_decoded	1051	60	0	37	4147	41	0914393b175dec73		
bin/demo/graphic/pc/p2/motion/p2_drs0001_00_default/d230_p2_anim_c01-c04.tranm	records_decoded	910	60	0	32	6071	34	2b2f2b0b6cfca36b		
bin/demo/graphic/pc/p2/motion/p2_drs0001_00_default/d230_p2_anim_c07-c09.tranm	records_decoded	241	60	0	16	1789	17	3a149e4436755247		
bin/demo/graphic/pc/p2/motion/p2_drs0001_00_default/d240_p2_c002.tranm	records_decoded	241	60	0	36	3907	35	b00185d785b9a17b		
bin/demo/graphic/pc/p2/motion/p2_drs0001_00_default/d240_p2_c004.tranm	records_decoded	151	60	0	36	2002	10	aac9911b211f6b79		
bin/demo/graphic/pc/p2/motion/p2_drs0001_00_default/d240_p2_c005.tranm	records_decoded	281	60	1	36	6563	30	01769a264efad721		
bin/demo/graphic/pc/p2/motion/p2_drs0001_00_default/d240_p2_c007.tranm	records_decoded	111	60	0	16	1610	10	44f70c7db3664d6b		
bin/demo/graphic/pc/p2/motion/p2_drs0004_00_kon/d020_p2_c001.tranm	records_decoded	501	60	0	5	678	3	0e3d16b70d855a0d		
bin/demo/graphic/pc/p2/motion/p2_drs0004_00_kon/d020_p2_c002.tranm	records_decoded	241	60	0	3	572	3	72e0c30fae03d426		
bin/demo/graphic/pc/p2/motion/p2_drs0004_00_kon/d020_p2_c003.tranm	records_decoded	181	60	0	3	536	3	660223522a9bf53f		
bin/demo/graphic/pc/p2/motion/p2_drs0004_00_kon/d020_p2_c005.tranm	records_decoded	231	60	0	3	567	3	d49d5edaa6483368		
bin/demo/graphic/pc/p2/motion/p2_drs0004_00_kon/d020_p2_c007.tranm	records_decoded	211	60	0	3	178	4	d7b2a117345e18c3		
bin/demo/graphic/pc/p2/motion/p2_drs0004_00_kon/d020_p2_c008.tranm	records_decoded	241	60	0	3	208	4	b91b5cf6f4a94fea		
bin/demo/graphic/pc/p2/motion/p2_drs0004_00_kon/d020_p2_c009.tranm	records_decoded	181	60	0	3	342	4	9427eaf47204dc9d		
bin/demo/graphic/pc/p2/motion/p2_drs0004_00_kon/d020_p2_c011.tranm	records_decoded	211	60	0	3	116	3	d9041c0f2bd4b6c3		
bin/demo/graphic/pc/p2/motion/p2_drs0004_00_kon/d020_p2_c012.tranm	records_decoded	421	60	0	4	591	3	300eb14f153d09c2		
bin/demo/graphic/pc/p2/motion/p2_drs0004_00_kon/d120_p2_anim.tranm	records_decoded	1461	60	0	4	1136	4	73a8ee3f4dd387a0		
bin/demo/graphic/pc/p2/motion/p2_drs0004_00_kon/d130_p2_anim01.tranm	records_decoded	470	60	0	5	1253	6	c2ff515a24d17e8b		
bin/demo/graphic/pc/p2/motion/p2_drs0004_00_kon/d130_p2_anim02.tranm	records_decoded	80	60	0	5	246	2	3102df0fc5053f50		
bin/demo/graphic/pc/p2/motion/p2_drs0004_00_kon/d140_p2_anim_01.tranm	records_decoded	120	60	0	5	138	4	26f8db683d6bfa89		
bin/demo/graphic/pc/p2/motion/p2_drs0004_00_kon/d140_p2_anim_02.tranm	records_decoded	412	60	0	5	217	4	8f58163532eef415		
bin/demo/graphic/pc/p2/motion/p2_drs0004_00_kon/d140_p2_anim_03.tranm	records_decoded	390	60	0	5	824	6	152a6f258bfbd58a		
bin/demo/graphic/pc/p2/motion/p2_drs0004_00_kon/d141_p2_c001_anim.tranm	records_decoded	151	60	0	4	564	1	d32e41fd7dc999f7		
bin/demo/graphic/pc/p2/motion/p2_drs0004_00_kon/d141_p2_c002_anim.tranm	records_decoded	231	60	0	4	315	4	3f8d2b1a3f9db15c		
bin/demo/graphic/pc/p2/motion/p2_drs0004_00_kon/d141_p2_c004_anim.tranm	records_decoded	201	60	0	4	181	3	ad458724f05e4d10		
bin/demo/graphic/pc/p2/motion/p2_drs0004_00_kon/d150_p2_anim01.tranm	records_decoded	210	60	0	5	189	4	e82d677aff996822		
bin/demo/graphic/pc/p2/motion/p2_drs0004_00_kon/d150_p2_anim02.tranm	records_decoded	132	60	0	5	270	6	96bfb42ba681f7a2		
bin/demo/graphic/pc/p2/motion/p2_drs0004_00_kon/d150_p2_anim03.tranm	records_decoded	101	60	0	3	17	1	a89a88f4c210d8fa		
bin/demo/graphic/pc/p2/motion/p2_drs0004_00_kon/d150_p2_anim04.tranm	records_decoded	80	60	0	5	178	5	94fc0fbc4de8716b		
bin/demo/graphic/pc/p2/motion/p2_drs0004_00_kon/d160_p2_c001.tranm	records_decoded	241	60	0	4	106	3	7552dca8f18ce822		
bin/demo/graphic/pc/p2/motion/p2_drs0004_00_kon/d160_p2_c002.tranm	records_decoded	131	60	1	4	183	3	061b28fa4f088d3f		
bin/demo/graphic/pc/p2/motion/p2_drs0004_00_kon/d160_p2_c003.tranm	records_decoded	151	60	1	3	153	2	3425072ee6992ec3		
bin/demo/graphic/pc/p2/motion/p2_drs0004_00_kon/d160_p2_c004.tranm	records_decoded	181	60	1	4	498	1	2e56ecc4725b4420		
bin/demo/graphic/pc/p2/motion/p2_drs0004_00_kon/d160_p2_c005.tranm	records_decoded	181	60	1	4	378	2	9d224d490e4c48f3		
bin/demo/graphic/pc/p2/motion/p2_drs0004_00_kon/d160_p2_c006.tranm	records_decoded	181	60	1	4	191	3	eebdc4f1c3cd1bb7		
bin/demo/graphic/pc/p2/motion/p2_drs0004_00_kon/d160_p2_c007.tranm	records_decoded	331	60	1	4	227	3	68f1c456e6ece417		
bin/demo/graphic/pc/p2/motion/p2_drs0004_00_kon/d160_p2_c008.tranm	records_decoded	301	60	1	4	700	2	d3b0353c6cf266bb		
bin/demo/graphic/pc/p2/motion/p2_drs0004_00_kon/d170_p2_c001.tranm	records_decoded	121	60	0	5	108	4	00b96251dd015a64		
bin/demo/graphic/pc/p2/motion/p2_drs0004_00_kon/d170_p2_c002.tranm	records_decoded	111	60	0	5	323	4	cc58dce11c4a83a6		
bin/demo/graphic/pc/p2/motion/p2_drs0004_00_kon/d170_p2_c003.tranm	records_decoded	151	60	0	5	398	3	7751901e76dd6423		
bin/demo/graphic/pc/p2/motion/p2_drs0004_00_kon/d170_p2_c004.tranm	records_decoded	151	60	0	5	251	4	98e669904987fa67		
bin/demo/graphic/pc/p2/motion/p2_drs0004_00_kon/d173-175_p2_c004.tranm	records_decoded	151	60	0	5	251	4	98e669904987fa67		
bin/demo/graphic/pc/p2/motion/p2_drs0004_00_kon/d176_p2_c001.tranm	records_decoded	121	60	0	5	183	4	b70b6ff0da8f1dba		
bin/demo/graphic/pc/p2/motion/p2_drs0004_00_kon/d176_p2_c002.tranm	records_decoded	111	60	0	5	358	3	db0682a5a8754f81		
bin/demo/graphic/pc/p2/motion/p2_drs0004_00_kon/d176_p2_c003.tranm	records_decoded	151	60	0	5	398	3	d48433087841d0b6		
bin/demo/graphic/pc/p2/motion/p2_drs0004_00_kon/d176_p2_c004.tranm	records_decoded	151	60	0	5	251	4	7fc70a10da296429		
bin/demo/graphic/pc/p2/motion/p2_drs0004_00_kon/d200_p2_anim_c004.tranm	records_decoded	420	60	0	5	783	4	4fb6445223079586		
bin/demo/graphic/pc/p2/motion/p2_drs0004_00_kon/d200_p2_anim_c005.tranm	records_decoded	560	60	0	5	830	4	4e169dd7ae058bf1		
bin/demo/graphic/pc/p2/motion/p2_drs0004_00_kon/d200_p2_anim_c006.tranm	records_decoded	70	60	0	62	649	6	1a731c4f81bc2d48		
bin/demo/graphic/pc/p2/motion/p2_drs0004_00_kon/d200_p2_anim_c007.tranm	records_decoded	710	60	0	5	1079	4	907c015bd5ce4c68		
bin/demo/graphic/pc/p2/motion/p2_drs0004_00_kon/d200_p2_anim_c008.tranm	records_decoded	370	60	0	5	579	4	14aab8cd48cd9a20		
bin/demo/graphic/pc/p2/motion/p2_drs0004_00_kon/d200_p2_anim_c010.tranm	records_decoded	191	60	0	5	287	4	07137a352876c0d2		
bin/demo/graphic/pc/p2/motion/p2_drs0004_00_kon/d210_p2_anim_01.tranm	records_decoded	740	60	0	5	740	5	c414778ea5ebcebb		
bin/demo/graphic/pc/p2/motion/p2_drs0004_00_kon/d210_p2_anim_02.tranm	records_decoded	80	60	0	5	260	2	9cf9a54a24747086		
bin/demo/graphic/pc/p2/motion/p2_drs0004_00_kon/d210_p2_anim_03.tranm	records_decoded	311	60	0	5	1212	4	06c687eb72c37f9f		
bin/demo/graphic/pc/p2/motion/p2_drs0004_00_kon/d220_p2_anim_c01-c03.tranm	records_decoded	620	60	0	5	249	2	bb2d59e2d22fe8f2		
bin/demo/graphic/pc/p2/motion/p2_drs0004_00_kon/d220_p2_anim_c04-c09.tranm	records_decoded	650	60	0	3	364	3	665d8ea50685f9f6		
bin/demo/graphic/pc/p2/motion/p2_drs0004_00_kon/d220_p2_anim_c10-c12.tranm	records_decoded	450	60	0	5	341	5	e1f1cf449bbdaeea		
bin/demo/graphic/pc/p2/motion/p2_drs0004_00_kon/d220_p2_anim_c13-c18.tranm	records_decoded	1030	60	0	5	345	4	aa720abf07fc65b4		
bin/demo/graphic/pc/p2/motion/p2_drs0004_00_kon/d220_p2_anim_c19-c20.tranm	records_decoded	300	60	0	5	554	5	6373767019aa77b7		
bin/demo/graphic/pc/p2/motion/p2_drs0004_00_kon/d220_p2_anim_c21-c23.tranm	records_decoded	1051	60	0	5	379	5	17084fe4deec8bf2		
bin/demo/graphic/pc/p2/motion/p2_drs0004_00_kon/d230_p2_anim_c01-c04.tranm	records_decoded	910	60	0	5	911	4	23e1a9cbf31265b9		
bin/demo/graphic/pc/p2/motion/p2_drs0004_00_kon/d230_p2_anim_c07-c09.tranm	records_decoded	241	60	0	5	322	4	44beaac3e0d1eec0		
bin/demo/graphic/pc/p2/motion/p2_drs0004_00_kon/d240_p2_c002.tranm	records_decoded	241	60	0	5	652	2	a2d0d96c5b3a861e		
bin/demo/graphic/pc/p2/motion/p2_drs0004_00_kon/d240_p2_c004.tranm	records_decoded	151	60	0	5	362	3	b5e20c6754de38f3		
bin/demo/graphic/pc/p2/motion/p2_drs0004_00_kon/d240_p2_c005.tranm	records_decoded	281	60	1	5	668	3	6bbd91ebda6f8cf2		
bin/demo/graphic/pc/p2/motion/p2_drs0004_00_kon/d240_p2_c007.tranm	records_decoded	111	60	0	5	312	3	d17bb2ed93b2baac		
bin/demo/graphic/pc/p2/motion/p2_drs0006_00_karate/d020_p2_c001.tranm	records_decoded	501	60	0	7	1540	7	1abb2cee5ab06538		
bin/demo/graphic/pc/p2/motion/p2_drs0006_00_karate/d020_p2_c002.tranm	records_decoded	241	60	0	5	1304	6	21089b20fcc7064a		
bin/demo/graphic/pc/p2/motion/p2_drs0006_00_karate/d020_p2_c003.tranm	records_decoded	181	60	0	5	1179	4	8e735deba5e7c4ea		
bin/demo/graphic/pc/p2/motion/p2_drs0006_00_karate/d020_p2_c005.tranm	records_decoded	231	60	0	5	1316	5	990c6971e5aee16f		
bin/demo/graphic/pc/p2/motion/p2_drs0006_00_karate/d020_p2_c007.tranm	records_decoded	211	60	0	5	209	7	221f3b232e6f6c4c		
bin/demo/graphic/pc/p2/motion/p2_drs0006_00_karate/d020_p2_c008.tranm	records_decoded	241	60	0	5	265	7	6a6be679f227562a		
bin/demo/graphic/pc/p2/motion/p2_drs0006_00_karate/d020_p2_c009.tranm	records_decoded	181	60	0	5	575	7	293b1911a851c73e		
bin/demo/graphic/pc/p2/motion/p2_drs0006_00_karate/d020_p2_c011.tranm	records_decoded	211	60	0	7	282	7	7853980e13362549		
bin/demo/graphic/pc/p2/motion/p2_drs0006_00_karate/d020_p2_c012.tranm	records_decoded	421	60	0	5	734	6	34cc33bdd99ad02c		
bin/demo/graphic/pc/p2/motion/p2_drs0006_00_karate/d120_p2_anim.tranm	records_decoded	1461	60	0	9	3073	13	49737dd1ccb07f9f		
bin/demo/graphic/pc/p2/motion/p2_drs0006_00_karate/d130_p2_anim01.tranm	records_decoded	470	60	0	9	2354	12	2587b167e3da06e1		
bin/demo/graphic/pc/p2/motion/p2_drs0006_00_karate/d130_p2_anim02.tranm	records_decoded	80	60	0	9	602	7	e9d57d60ed4900b7		
bin/demo/graphic/pc/p2/motion/p2_drs0006_00_karate/d140_p2_anim_01.tranm	records_decoded	120	60	0	9	385	10	bb4f39466e0896af		
bin/demo/graphic/pc/p2/motion/p2_drs0006_00_karate/d140_p2_anim_02.tranm	records_decoded	412	60	0	9	420	10	7b198ffecc9ca184		
bin/demo/graphic/pc/p2/motion/p2_drs0006_00_karate/d140_p2_anim_03.tranm	records_decoded	390	60	0	9	1251	10	ff714f8325d138cf		
bin/demo/graphic/pc/p2/motion/p2_drs0006_00_karate/d141_p2_c001_anim.tranm	records_decoded	151	60	0	9	1358	5	3cf13d8219ae98c9		
bin/demo/graphic/pc/p2/motion/p2_drs0006_00_karate/d141_p2_c002_anim.tranm	records_decoded	231	60	0	9	690	9	05c4b3a44a80aee0		
bin/demo/graphic/pc/p2/motion/p2_drs0006_00_karate/d141_p2_c004_anim.tranm	records_decoded	201	60	0	9	684	10	e8552fad10067b0f		
bin/demo/graphic/pc/p2/motion/p2_drs0006_00_karate/d150_p2_anim01.tranm	records_decoded	210	60	0	9	425	8	d52f08e6bcec7fa3		
bin/demo/graphic/pc/p2/motion/p2_drs0006_00_karate/d150_p2_anim02.tranm	records_decoded	132	60	0	9	594	10	acd542f8337103f1		
bin/demo/graphic/pc/p2/motion/p2_drs0006_00_karate/d150_p2_anim03.tranm	records_decoded	101	60	0	7	56	5	d26a34ac679d0764		
bin/demo/graphic/pc/p2/motion/p2_drs0006_00_karate/d150_p2_anim04.tranm	records_decoded	80	60	0	9	326	9	c387ff9ad492ee65		
bin/demo/graphic/pc/p2/motion/p2_drs0006_00_karate/d160_p2_c001.tranm	records_decoded	241	60	0	9	468	9	259743486fe9607b		
bin/demo/graphic/pc/p2/motion/p2_drs0006_00_karate/d160_p2_c002.tranm	records_decoded	131	60	1	9	561	10	a02b0d748360436e		
bin/demo/graphic/pc/p2/motion/p2_drs0006_00_karate/d160_p2_c003.tranm	records_decoded	151	60	1	5	440	6	42af6c0fcecf4cc0		
bin/demo/graphic/pc/p2/motion/p2_drs0006_00_karate/d160_p2_c004.tranm	records_decoded	181	60	1	9	1545	5	11e36f2dfd4aacf7		
bin/demo/graphic/pc/p2/motion/p2_drs0006_00_karate/d160_p2_c005.tranm	records_decoded	181	60	1	9	1114	8	c08f765e4a7ef005		
bin/demo/graphic/pc/p2/motion/p2_drs0006_00_karate/d160_p2_c006.tranm	records_decoded	181	60	1	9	693	9	9f82339aed896eb9		
bin/demo/graphic/pc/p2/motion/p2_drs0006_00_karate/d160_p2_c007.tranm	records_decoded	331	60	1	9	869	10	b54ef57ea340ce91		
bin/demo/graphic/pc/p2/motion/p2_drs0006_00_karate/d160_p2_c008.tranm	records_decoded	301	60	1	9	2144	8	b54570103ed82a20		
bin/demo/graphic/pc/p2/motion/p2_drs0006_00_karate/d170_p2_c001.tranm	records_decoded	121	60	0	9	309	10	b8e7eaefeaf59bac		
bin/demo/graphic/pc/p2/motion/p2_drs0006_00_karate/d170_p2_c002.tranm	records_decoded	111	60	0	7	659	8	6a3d09af7a603af4		
bin/demo/graphic/pc/p2/motion/p2_drs0006_00_karate/d170_p2_c003.tranm	records_decoded	151	60	0	8	725	9	845188f2c87b6830		
bin/demo/graphic/pc/p2/motion/p2_drs0006_00_karate/d170_p2_c004.tranm	records_decoded	151	60	0	7	291	8	8d4a04fd5e3e4559		
bin/demo/graphic/pc/p2/motion/p2_drs0006_00_karate/d173-175_p2_c004.tranm	records_decoded	151	60	0	7	291	8	8d4a04fd5e3e4559		
bin/demo/graphic/pc/p2/motion/p2_drs0006_00_karate/d176_p2_c001.tranm	records_decoded	121	60	0	9	402	10	56b8cf9f73f89b28		
bin/demo/graphic/pc/p2/motion/p2_drs0006_00_karate/d176_p2_c002.tranm	records_decoded	111	60	0	9	953	6	c55240c667b66a73		
bin/demo/graphic/pc/p2/motion/p2_drs0006_00_karate/d176_p2_c003.tranm	records_decoded	151	60	0	9	930	8	59263be880e214eb		
bin/demo/graphic/pc/p2/motion/p2_drs0006_00_karate/d176_p2_c004.tranm	records_decoded	151	60	0	7	287	8	024fe5a9424edc91		
bin/demo/graphic/pc/p2/motion/p2_drs0006_00_karate/d200_p2_anim_c004.tranm	records_decoded	420	60	0	9	1650	10	de9eff52c9f6b0dc		
bin/demo/graphic/pc/p2/motion/p2_drs0006_00_karate/d200_p2_anim_c005.tranm	records_decoded	560	60	0	9	2064	10	0b90caf7aed05507		
bin/demo/graphic/pc/p2/motion/p2_drs0006_00_karate/d200_p2_anim_c006.tranm	records_decoded	70	60	0	62	649	6	1a731c4f81bc2d48		
bin/demo/graphic/pc/p2/motion/p2_drs0006_00_karate/d200_p2_anim_c007.tranm	records_decoded	710	60	0	9	2147	10	8ae3b329f305a790		
bin/demo/graphic/pc/p2/motion/p2_drs0006_00_karate/d200_p2_anim_c008.tranm	records_decoded	370	60	0	9	1479	10	f4be0d1af5d777e5		
bin/demo/graphic/pc/p2/motion/p2_drs0006_00_karate/d200_p2_anim_c010.tranm	records_decoded	191	60	0	9	635	10	bd0a6a253bce6282		
bin/demo/graphic/pc/p2/motion/p2_drs0006_00_karate/d210_p2_anim_01.tranm	records_decoded	740	60	0	9	2055	11	889a37ae957fa497		
bin/demo/graphic/pc/p2/motion/p2_drs0006_00_karate/d210_p2_anim_02.tranm	records_decoded	80	60	0	9	597	7	da19a81a7271416b		
bin/demo/graphic/pc/p2/motion/p2_drs0006_00_karate/d210_p2_anim_03.tranm	records_decoded	311	60	0	9	2554	8	3212f072729ac36b		
bin/demo/graphic/pc/p2/motion/p2_drs0006_00_karate/d220_p2_anim_c01-c03.tranm	records_decoded	620	60	0	8	790	6	6658dc9eb6567acd		
bin/demo/graphic/pc/p2/motion/p2_drs0006_00_karate/d220_p2_anim_c04-c09.tranm	records_decoded	650	60	0	6	1060	8	4c44e96a9994158b		
bin/demo/graphic/pc/p2/motion/p2_drs0006_00_karate/d220_p2_anim_c10-c12.tranm	records_decoded	450	60	0	5	445	7	a41ccffa130ddce7		
bin/demo/graphic/pc/p2/motion/p2_drs0006_00_karate/d220_p2_anim_c13-c18.tranm	records_decoded	1030	60	0	7	1105	8	25b713769f750b61		
bin/demo/graphic/pc/p2/motion/p2_drs0006_00_karate/d220_p2_anim_c19-c20.tranm	records_decoded	300	60	0	7	1246	9	9e9b0907283da210		
bin/demo/graphic/pc/p2/motion/p2_drs0006_00_karate/d220_p2_anim_c21-c23.tranm	records_decoded	1051	60	0	7	844	9	ca03aff3ce067983		
bin/demo/graphic/pc/p2/motion/p2_drs0006_00_karate/d230_p2_anim_c01-c04.tranm	records_decoded	910	60	0	9	2964	10	ae21d7d724170f91		
bin/demo/graphic/pc/p2/motion/p2_drs0006_00_karate/d230_p2_anim_c07-c09.tranm	records_decoded	241	60	0	9	804	10	7088146eeeb1abff		
bin/demo/graphic/pc/p2/motion/p2_drs0006_00_karate/d240_p2_c002.tranm	records_decoded	241	60	0	9	1305	8	8525ad2612eb02aa		
bin/demo/graphic/pc/p2/motion/p2_drs0006_00_karate/d240_p2_c004.tranm	records_decoded	151	60	0	9	500	8	cd54c5013328c7df		
bin/demo/graphic/pc/p2/motion/p2_drs0006_00_karate/d240_p2_c005.tranm	records_decoded	281	60	1	9	1482	8	084365cd2120910c		
bin/demo/graphic/pc/p2/motion/p2_drs0006_00_karate/d240_p2_c007.tranm	records_decoded	111	60	0	7	537	7	e0207f70eb5225ad		
bin/demo/graphic/pc/p2/motion/p2_drs0007_00_ar/d020_p2_c001.tranm	records_decoded	501	60	0	11	1536	7	6d9fd08af6f30d2a		
bin/demo/graphic/pc/p2/motion/p2_drs0007_00_ar/d020_p2_c002.tranm	records_decoded	241	60	0	7	1274	6	d1eb38f9030e00b2		
bin/demo/graphic/pc/p2/motion/p2_drs0007_00_ar/d020_p2_c003.tranm	records_decoded	181	60	0	7	1205	4	66161529a7888c45		
bin/demo/graphic/pc/p2/motion/p2_drs0007_00_ar/d020_p2_c005.tranm	records_decoded	231	60	0	7	1324	5	8d143d0da9746864		
bin/demo/graphic/pc/p2/motion/p2_drs0007_00_ar/d020_p2_c007.tranm	records_decoded	211	60	0	7	246	7	a7af7bab7910f30d		
bin/demo/graphic/pc/p2/motion/p2_drs0007_00_ar/d020_p2_c008.tranm	records_decoded	241	60	0	7	254	6	972738fa66f81932		
bin/demo/graphic/pc/p2/motion/p2_drs0007_00_ar/d020_p2_c009.tranm	records_decoded	181	60	0	7	541	7	906a86a00059ceab		
bin/demo/graphic/pc/p2/motion/p2_drs0007_00_ar/d020_p2_c011.tranm	records_decoded	211	60	0	7	253	6	8d48a96c8824f727		
bin/demo/graphic/pc/p2/motion/p2_drs0007_00_ar/d020_p2_c012.tranm	records_decoded	421	60	0	7	775	6	308a43d006a3eb82		
bin/demo/graphic/pc/p2/motion/p2_drs0007_00_ar/d120_p2_anim.tranm	records_decoded	1461	60	0	14	3897	19	dd2ad9bff6f4e4f4		
bin/demo/graphic/pc/p2/motion/p2_drs0007_00_ar/d130_p2_anim01.tranm	records_decoded	470	60	0	13	3094	19	03348a12f99deeed		
bin/demo/graphic/pc/p2/motion/p2_drs0007_00_ar/d130_p2_anim02.tranm	records_decoded	80	60	0	13	578	13	fe0ae84041f8eb87		
bin/demo/graphic/pc/p2/motion/p2_drs0007_00_ar/d140_p2_anim_01.tranm	records_decoded	120	60	0	11	354	10	c15a6b3cef521aeb		
bin/demo/graphic/pc/p2/motion/p2_drs0007_00_ar/d140_p2_anim_02.tranm	records_decoded	412	60	0	11	442	10	2564a3c1a53a6754		
bin/demo/graphic/pc/p2/motion/p2_drs0007_00_ar/d140_p2_anim_03.tranm	records_decoded	390	60	0	14	2187	20	e4af2cf527fd9e9f		
bin/demo/graphic/pc/p2/motion/p2_drs0007_00_ar/d141_p2_c001_anim.tranm	records_decoded	151	60	0	15	1496	11	fb077bdf127bc43f		
bin/demo/graphic/pc/p2/motion/p2_drs0007_00_ar/d141_p2_c002_anim.tranm	records_decoded	231	60	0	11	726	11	cff621d892fa10cd		
bin/demo/graphic/pc/p2/motion/p2_drs0007_00_ar/d141_p2_c004_anim.tranm	records_decoded	201	60	0	12	462	7	19372abf80c56a2d		
bin/demo/graphic/pc/p2/motion/p2_drs0007_00_ar/d150_p2_anim01.tranm	records_decoded	210	60	0	10	536	12	ba106e3a310448d6		
bin/demo/graphic/pc/p2/motion/p2_drs0007_00_ar/d150_p2_anim02.tranm	records_decoded	132	60	0	13	877	15	cba02084d57cea62		
bin/demo/graphic/pc/p2/motion/p2_drs0007_00_ar/d150_p2_anim03.tranm	records_decoded	101	60	0	9	54	4	6568f78ca92f1436		
bin/demo/graphic/pc/p2/motion/p2_drs0007_00_ar/d150_p2_anim04.tranm	records_decoded	80	60	0	11	595	13	95c8296a04d590e0		
bin/demo/graphic/pc/p2/motion/p2_drs0007_00_ar/d160_p2_c001.tranm	records_decoded	241	60	0	9	502	9	444ba471011acb41		
bin/demo/graphic/pc/p2/motion/p2_drs0007_00_ar/d160_p2_c002.tranm	records_decoded	131	60	1	11	606	11	3fb33dd70509435f		
bin/demo/graphic/pc/p2/motion/p2_drs0007_00_ar/d160_p2_c003.tranm	records_decoded	151	60	1	7	453	6	172ee040268f0d61		
bin/demo/graphic/pc/p2/motion/p2_drs0007_00_ar/d160_p2_c004.tranm	records_decoded	181	60	1	15	1780	9	fba8cb12daf7b09b		
bin/demo/graphic/pc/p2/motion/p2_drs0007_00_ar/d160_p2_c005.tranm	records_decoded	181	60	1	15	1049	15	20a05615eab903ad		
bin/demo/graphic/pc/p2/motion/p2_drs0007_00_ar/d160_p2_c006.tranm	records_decoded	181	60	1	11	585	8	03045ac7d901d820		
bin/demo/graphic/pc/p2/motion/p2_drs0007_00_ar/d160_p2_c007.tranm	records_decoded	331	60	1	14	1209	11	e14aec5abc2ae952		
bin/demo/graphic/pc/p2/motion/p2_drs0007_00_ar/d160_p2_c008.tranm	records_decoded	301	60	1	13	1688	16	c06a67634d8b98f0		
bin/demo/graphic/pc/p2/motion/p2_drs0007_00_ar/d170_p2_c001.tranm	records_decoded	121	60	0	15	303	13	d7479f973af85165		
bin/demo/graphic/pc/p2/motion/p2_drs0007_00_ar/d170_p2_c002.tranm	records_decoded	111	60	0	12	1021	10	329bffab87d7f1cb		
bin/demo/graphic/pc/p2/motion/p2_drs0007_00_ar/d170_p2_c003.tranm	records_decoded	151	60	0	9	750	10	5fac699f0e08ff71		
bin/demo/graphic/pc/p2/motion/p2_drs0007_00_ar/d170_p2_c004.tranm	records_decoded	151	60	0	11	482	11	72d1d6dce766ba94		
bin/demo/graphic/pc/p2/motion/p2_drs0007_00_ar/d173-175_p2_c004.tranm	records_decoded	151	60	0	11	482	11	72d1d6dce766ba94		
bin/demo/graphic/pc/p2/motion/p2_drs0007_00_ar/d176_p2_c001.tranm	records_decoded	121	60	0	15	460	13	9230acb32e863741		
bin/demo/graphic/pc/p2/motion/p2_drs0007_00_ar/d176_p2_c002.tranm	records_decoded	111	60	0	13	1091	15	fc7187ac57b51cce		
bin/demo/graphic/pc/p2/motion/p2_drs0007_00_ar/d176_p2_c003.tranm	records_decoded	151	60	0	9	779	10	1e3ef385d19cb548		
bin/demo/graphic/pc/p2/motion/p2_drs0007_00_ar/d176_p2_c004.tranm	records_decoded	151	60	0	11	550	11	73564cb45cf2c92c		
bin/demo/graphic/pc/p2/motion/p2_drs0007_00_ar/d200_p2_anim_c004.tranm	records_decoded	420	60	0	14	2618	15	15481df2ed7645f9		
bin/demo/graphic/pc/p2/motion/p2_drs0007_00_ar/d200_p2_anim_c005.tranm	records_decoded	560	60	0	14	2104	15	1f32fbcfde29686b		
bin/demo/graphic/pc/p2/motion/p2_drs0007_00_ar/d200_p2_anim_c006.tranm	records_decoded	70	60	0	62	649	6	1a731c4f81bc2d48		
bin/demo/graphic/pc/p2/motion/p2_drs0007_00_ar/d200_p2_anim_c007.tranm	records_decoded	710	60	0	15	2636	16	498eecd8c645498d		
bin/demo/graphic/pc/p2/motion/p2_drs0007_00_ar/d200_p2_anim_c008.tranm	records_decoded	370	60	0	13	1949	15	51f93243b7fd9629		
bin/demo/graphic/pc/p2/motion/p2_drs0007_00_ar/d200_p2_anim_c010.tranm	records_decoded	191	60	0	11	954	12	4f4d9ce2ee1a889b		
bin/demo/graphic/pc/p2/motion/p2_drs0007_00_ar/d210_p2_anim_01.tranm	records_decoded	740	60	0	12	2400	14	fae37b26b81a25b1		
bin/demo/graphic/pc/p2/motion/p2_drs0007_00_ar/d210_p2_anim_02.tranm	records_decoded	80	60	0	12	739	10	07312a230338471f		
bin/demo/graphic/pc/p2/motion/p2_drs0007_00_ar/d210_p2_anim_03.tranm	records_decoded	311	60	0	13	2917	12	4159c61297135d4d		
bin/demo/graphic/pc/p2/motion/p2_drs0007_00_ar/d220_p2_anim_c01-c03.tranm	records_decoded	620	60	0	11	1249	11	ccf3530293b771d2		
bin/demo/graphic/pc/p2/motion/p2_drs0007_00_ar/d220_p2_anim_c04-c09.tranm	records_decoded	650	60	0	7	990	7	059e2598204444db		
bin/demo/graphic/pc/p2/motion/p2_drs0007_00_ar/d220_p2_anim_c10-c12.tranm	records_decoded	450	60	0	11	709	13	94f41ae5e31d9db5		
bin/demo/graphic/pc/p2/motion/p2_drs0007_00_ar/d220_p2_anim_c13-c18.tranm	records_decoded	1030	60	0	11	1687	12	24d50f5e49353ec4		
bin/demo/graphic/pc/p2/motion/p2_drs0007_00_ar/d220_p2_anim_c19-c20.tranm	records_decoded	300	60	0	11	1844	15	be750a25526f5972		
bin/demo/graphic/pc/p2/motion/p2_drs0007_00_ar/d220_p2_anim_c21-c23.tranm	records_decoded	1051	60	0	13	1466	15	807ea03816524025		
bin/demo/graphic/pc/p2/motion/p2_drs0007_00_ar/d230_p2_anim_c01-c04.tranm	records_decoded	910	60	0	13	2943	16	a14c02323a9ad48c		
bin/demo/graphic/pc/p2/motion/p2_drs0007_00_ar/d230_p2_anim_c07-c09.tranm	records_decoded	241	60	0	11	1037	10	ffd7cf663e2614c4		
bin/demo/graphic/pc/p2/motion/p2_drs0007_00_ar/d240_p2_c002.tranm	records_decoded	241	60	0	13	1131	13	133f34b50389538b		
bin/demo/graphic/pc/p2/motion/p2_drs0007_00_ar/d240_p2_c004.tranm	records_decoded	151	60	0	13	947	8	a30b89047900a013		
bin/demo/graphic/pc/p2/motion/p2_drs0007_00_ar/d240_p2_c005.tranm	records_decoded	281	60	1	11	1166	8	a7fc8984c5726ba2		
bin/demo/graphic/pc/p2/motion/p2_drs0007_00_ar/d240_p2_c007.tranm	records_decoded	111	60	0	13	870	10	0079fe7bfa180fce		
bin/demo/graphic/pc/p2/motion/p2_drs0010_00_bandit/d020_p2_c001.tranm	records_decoded	501	60	0	8	1543	7	fe79c60efb296445		
bin/demo/graphic/pc/p2/motion/p2_drs0010_00_bandit/d020_p2_c002.tranm	records_decoded	241	60	0	7	1310	6	78c23818f7a45b6a		
bin/demo/graphic/pc/p2/motion/p2_drs0010_00_bandit/d020_p2_c003.tranm	records_decoded	181	60	0	6	1182	4	5ba3304af6da83c2		
bin/demo/graphic/pc/p2/motion/p2_drs0010_00_bandit/d020_p2_c005.tranm	records_decoded	231	60	0	7	1322	5	8acc305963487ba3		
bin/demo/graphic/pc/p2/motion/p2_drs0010_00_bandit/d020_p2_c007.tranm	records_decoded	211	60	0	7	215	7	5b08c00aa6bbe5d8		
bin/demo/graphic/pc/p2/motion/p2_drs0010_00_bandit/d020_p2_c008.tranm	records_decoded	241	60	0	7	271	7	15e99dab756d4f56		
bin/demo/graphic/pc/p2/motion/p2_drs0010_00_bandit/d020_p2_c009.tranm	records_decoded	181	60	0	7	581	7	6510997c01d43cae		
bin/demo/graphic/pc/p2/motion/p2_drs0010_00_bandit/d020_p2_c011.tranm	records_decoded	211	60	0	7	282	7	b94f137913fbc311		
bin/demo/graphic/pc/p2/motion/p2_drs0010_00_bandit/d020_p2_c012.tranm	records_decoded	421	60	0	7	740	6	c0c6521315235992		
bin/demo/graphic/pc/p2/motion/p2_drs0010_00_bandit/d120_p2_anim.tranm	records_decoded	1461	60	0	8	2824	10	05114bab20cc33f2		
bin/demo/graphic/pc/p2/motion/p2_drs0010_00_bandit/d130_p2_anim01.tranm	records_decoded	470	60	0	8	2127	11	11c95ae1315fe018		
bin/demo/graphic/pc/p2/motion/p2_drs0010_00_bandit/d130_p2_anim02.tranm	records_decoded	80	60	0	8	483	8	2791aaf0ce690a9c		
bin/demo/graphic/pc/p2/motion/p2_drs0010_00_bandit/d140_p2_anim_01.tranm	records_decoded	120	60	0	8	337	9	7754da7df69ee60f		
bin/demo/graphic/pc/p2/motion/p2_drs0010_00_bandit/d140_p2_anim_02.tranm	records_decoded	412	60	0	8	472	9	a9f93d6735da9a2b		
bin/demo/graphic/pc/p2/motion/p2_drs0010_00_bandit/d140_p2_anim_03.tranm	records_decoded	390	60	0	8	1117	9	2f6986ee70244ceb		
bin/demo/graphic/pc/p2/motion/p2_drs0010_00_bandit/d141_p2_c001_anim.tranm	records_decoded	151	60	0	8	1154	6	f7a2f9f0be7c88bc		
bin/demo/graphic/pc/p2/motion/p2_drs0010_00_bandit/d141_p2_c002_anim.tranm	records_decoded	231	60	0	8	687	9	672808eec685be9d		
bin/demo/graphic/pc/p2/motion/p2_drs0010_00_bandit/d141_p2_c004_anim.tranm	records_decoded	201	60	0	8	574	9	c5c1f4d140cb656d		
bin/demo/graphic/pc/p2/motion/p2_drs0010_00_bandit/d150_p2_anim01.tranm	records_decoded	210	60	0	8	422	8	66bc63594a1594dd		
bin/demo/graphic/pc/p2/motion/p2_drs0010_00_bandit/d150_p2_anim02.tranm	records_decoded	132	60	0	8	503	9	d8ccd4496bc75276		
bin/demo/graphic/pc/p2/motion/p2_drs0010_00_bandit/d150_p2_anim03.tranm	records_decoded	101	60	0	7	56	5	2d65b13cf3396e48		
bin/demo/graphic/pc/p2/motion/p2_drs0010_00_bandit/d150_p2_anim04.tranm	records_decoded	80	60	0	8	324	9	c3a905587b8e0035		
bin/demo/graphic/pc/p2/motion/p2_drs0010_00_bandit/d160_p2_c001.tranm	records_decoded	241	60	0	8	401	9	fc4ce4e459eabd11		
bin/demo/graphic/pc/p2/motion/p2_drs0010_00_bandit/d160_p2_c002.tranm	records_decoded	131	60	1	8	417	8	e7aaf7e4c6aae252		
bin/demo/graphic/pc/p2/motion/p2_drs0010_00_bandit/d160_p2_c003.tranm	records_decoded	151	60	1	6	443	6	dfa214c59b951960		
bin/demo/graphic/pc/p2/motion/p2_drs0010_00_bandit/d160_p2_c004.tranm	records_decoded	181	60	1	8	1414	4	31aa7095e2c9181d		
bin/demo/graphic/pc/p2/motion/p2_drs0010_00_bandit/d160_p2_c005.tranm	records_decoded	181	60	1	8	716	6	a4ef63b11864e8fd		
bin/demo/graphic/pc/p2/motion/p2_drs0010_00_bandit/d160_p2_c006.tranm	records_decoded	181	60	1	8	556	8	82858dcd367ca49b		
bin/demo/graphic/pc/p2/motion/p2_drs0010_00_bandit/d160_p2_c007.tranm	records_decoded	331	60	1	8	706	9	13a09c988d190bad		
bin/demo/graphic/pc/p2/motion/p2_drs0010_00_bandit/d160_p2_c008.tranm	records_decoded	301	60	1	8	1841	8	865b52013f316c85		
bin/demo/graphic/pc/p2/motion/p2_drs0010_00_bandit/d170_p2_c001.tranm	records_decoded	121	60	0	7	223	7	8b5bc637b874451f		
bin/demo/graphic/pc/p2/motion/p2_drs0010_00_bandit/d170_p2_c002.tranm	records_decoded	111	60	0	8	678	8	5b189becde504bc6		
bin/demo/graphic/pc/p2/motion/p2_drs0010_00_bandit/d170_p2_c003.tranm	records_decoded	151	60	0	7	608	6	6dc310878e8a88ad		
bin/demo/graphic/pc/p2/motion/p2_drs0010_00_bandit/d170_p2_c004.tranm	records_decoded	151	60	0	8	294	8	3b8b70e222c41da7		
bin/demo/graphic/pc/p2/motion/p2_drs0010_00_bandit/d173-175_p2_c004.tranm	records_decoded	151	60	0	8	294	8	3b8b70e222c41da7		
bin/demo/graphic/pc/p2/motion/p2_drs0010_00_bandit/d176_p2_c001.tranm	records_decoded	121	60	0	8	343	9	50f10ac1f18a4aef		
bin/demo/graphic/pc/p2/motion/p2_drs0010_00_bandit/d176_p2_c002.tranm	records_decoded	111	60	0	8	701	8	a45bb5e9d727e100		
bin/demo/graphic/pc/p2/motion/p2_drs0010_00_bandit/d176_p2_c003.tranm	records_decoded	151	60	0	7	660	8	3b6e0c35ca7d2883		
bin/demo/graphic/pc/p2/motion/p2_drs0010_00_bandit/d176_p2_c004.tranm	records_decoded	151	60	0	8	290	8	6cb4040a60bd69af		
bin/demo/graphic/pc/p2/motion/p2_drs0010_00_bandit/d200_p2_anim_c004.tranm	records_decoded	420	60	0	8	1637	9	1750fed74d46e6cd		
bin/demo/graphic/pc/p2/motion/p2_drs0010_00_bandit/d200_p2_anim_c005.tranm	records_decoded	560	60	0	8	1723	9	198989a8bf35fa3e		
bin/demo/graphic/pc/p2/motion/p2_drs0010_00_bandit/d200_p2_anim_c006.tranm	records_decoded	70	60	0	62	649	6	1a731c4f81bc2d48		
bin/demo/graphic/pc/p2/motion/p2_drs0010_00_bandit/d200_p2_anim_c007.tranm	records_decoded	710	60	0	8	1940	9	95b75c7fe48aaa2f		
bin/demo/graphic/pc/p2/motion/p2_drs0010_00_bandit/d200_p2_anim_c008.tranm	records_decoded	370	60	0	8	1339	9	2ef2199224eb85c9		
bin/demo/graphic/pc/p2/motion/p2_drs0010_00_bandit/d200_p2_anim_c010.tranm	records_decoded	191	60	0	8	639	9	b95cdeef61edb828		
bin/demo/graphic/pc/p2/motion/p2_drs0010_00_bandit/d210_p2_anim_01.tranm	records_decoded	740	60	0	8	1802	10	a4f8fb7bd3b9e966		
bin/demo/graphic/pc/p2/motion/p2_drs0010_00_bandit/d210_p2_anim_02.tranm	records_decoded	80	60	0	8	540	6	52bd5de668620b64		
bin/demo/graphic/pc/p2/motion/p2_drs0010_00_bandit/d210_p2_anim_03.tranm	records_decoded	311	60	0	8	2321	7	ad71a73a74323354		
bin/demo/graphic/pc/p2/motion/p2_drs0010_00_bandit/d220_p2_anim_c01-c03.tranm	records_decoded	620	60	0	6	812	7	3bbd537fb98342bd		
bin/demo/graphic/pc/p2/motion/p2_drs0010_00_bandit/d220_p2_anim_c04-c09.tranm	records_decoded	650	60	0	7	1122	9	4ada0eaaad438c45		
bin/demo/graphic/pc/p2/motion/p2_drs0010_00_bandit/d220_p2_anim_c10-c12.tranm	records_decoded	450	60	0	7	451	7	5826517469ccede1		
bin/demo/graphic/pc/p2/motion/p2_drs0010_00_bandit/d220_p2_anim_c13-c18.tranm	records_decoded	1030	60	0	7	1105	8	25b713769f750b61		
bin/demo/graphic/pc/p2/motion/p2_drs0010_00_bandit/d220_p2_anim_c19-c20.tranm	records_decoded	300	60	0	8	1271	9	854d2075f34bc66a		
bin/demo/graphic/pc/p2/motion/p2_drs0010_00_bandit/d220_p2_anim_c21-c23.tranm	records_decoded	1051	60	0	6	843	8	9711d796fd85cc72		
bin/demo/graphic/pc/p2/motion/p2_drs0010_00_bandit/d230_p2_anim_c01-c04.tranm	records_decoded	910	60	0	7	2129	7	3a9cb33b83795a1a		
bin/demo/graphic/pc/p2/motion/p2_drs0010_00_bandit/d230_p2_anim_c07-c09.tranm	records_decoded	241	60	0	6	665	7	41a40533b87ea6b3		
bin/demo/graphic/pc/p2/motion/p2_drs0010_00_bandit/d240_p2_c002.tranm	records_decoded	241	60	0	8	1049	8	c6cc37024d686adb		
bin/demo/graphic/pc/p2/motion/p2_drs0010_00_bandit/d240_p2_c004.tranm	records_decoded	151	60	0	8	554	7	70d19f4322c161ae		
bin/demo/graphic/pc/p2/motion/p2_drs0010_00_bandit/d240_p2_c005.tranm	records_decoded	281	60	1	8	1430	6	e6b8a81dcf337585		
bin/demo/graphic/pc/p2/motion/p2_drs0010_00_bandit/d240_p2_c007.tranm	records_decoded	111	60	0	8	515	8	c9dd8f533e88a8c9		
bin/demo/graphic/pc/p2/motion/p2_face0001_00_default/d020_p2_c001.tranm	records_decoded	501	60	0	54	4955	59	0a6869a55fcafeb8		
bin/demo/graphic/pc/p2/motion/p2_face0001_00_default/d020_p2_c002.tranm	records_decoded	241	60	0	50	3017	56	a2928308aff25592		
bin/demo/graphic/pc/p2/motion/p2_face0001_00_default/d020_p2_c003.tranm	records_decoded	181	60	0	50	2115	58	f786d72bd37a8a44		
bin/demo/graphic/pc/p2/motion/p2_face0001_00_default/d020_p2_c005.tranm	records_decoded	231	60	0	50	4461	57	d7a81eb28e988737		
bin/demo/graphic/pc/p2/motion/p2_face0001_00_default/d020_p2_c007.tranm	records_decoded	211	60	0	48	1496	53	996748580a2aaf0f		
bin/demo/graphic/pc/p2/motion/p2_face0001_00_default/d020_p2_c008.tranm	records_decoded	241	60	0	3	223	4	ad1ce61dba0e56f7		
bin/demo/graphic/pc/p2/motion/p2_face0001_00_default/d020_p2_c009.tranm	records_decoded	181	60	0	48	1616	53	4346973b00203589		
bin/demo/graphic/pc/p2/motion/p2_face0001_00_default/d020_p2_c011.tranm	records_decoded	211	60	0	50	1627	56	daf8317b5b593682		
bin/demo/graphic/pc/p2/motion/p2_face0001_00_default/d020_p2_c012.tranm	records_decoded	421	60	0	3	675	3	3c88b4bf30eeceeb		
bin/demo/graphic/pc/p2/motion/p2_face0001_00_default/d120_p2_anim.tranm	records_decoded	1461	60	0	47	2619	42	712df35e49cca5be		
bin/demo/graphic/pc/p2/motion/p2_face0001_00_default/d130_p2_anim01.tranm	records_decoded	470	60	0	48	2757	59	acae4db001a82e7b		
bin/demo/graphic/pc/p2/motion/p2_face0001_00_default/d130_p2_anim02.tranm	records_decoded	80	60	0	50	1148	54	f50d9ad368940be3		
bin/demo/graphic/pc/p2/motion/p2_face0001_00_default/d140_p2_anim_01.tranm	records_decoded	120	60	0	52	1520	57	15daf6a067723fc7		
bin/demo/graphic/pc/p2/motion/p2_face0001_00_default/d140_p2_anim_02.tranm	records_decoded	412	60	0	48	1462	34	657795477ea435b2		
bin/demo/graphic/pc/p2/motion/p2_face0001_00_default/d140_p2_anim_03.tranm	records_decoded	390	60	0	49	2019	59	12fb5d9d8b1035a4		
bin/demo/graphic/pc/p2/motion/p2_face0001_00_default/d141_p2_c001_anim.tranm	records_decoded	151	60	0	39	1112	33	1af63e9a1ca6e17e		
bin/demo/graphic/pc/p2/motion/p2_face0001_00_default/d141_p2_c002_anim.tranm	records_decoded	231	60	0	25	269	3	47db079b989f63ea		
bin/demo/graphic/pc/p2/motion/p2_face0001_00_default/d141_p2_c004_anim.tranm	records_decoded	201	60	0	3	158	2	bf0d70775382bfff		
bin/demo/graphic/pc/p2/motion/p2_face0001_00_default/d150_p2_anim01.tranm	records_decoded	210	60	0	3	195	2	46a101b6a99724ac		
bin/demo/graphic/pc/p2/motion/p2_face0001_00_default/d150_p2_anim02.tranm	records_decoded	132	60	0	46	1128	50	ab5b9c9be892ebfa		
bin/demo/graphic/pc/p2/motion/p2_face0001_00_default/d150_p2_anim03.tranm	records_decoded	101	60	0	3	26	2	1dacbd06ac8a9938		
bin/demo/graphic/pc/p2/motion/p2_face0001_00_default/d150_p2_anim04.tranm	records_decoded	80	60	0	50	1796	58	19dd1a87570f4ca5		
bin/demo/graphic/pc/p2/motion/p2_face0001_00_default/d160_p2_c001.tranm	records_decoded	241	60	0	3	57	2	26484d3f49028c85		
bin/demo/graphic/pc/p2/motion/p2_face0001_00_default/d160_p2_c002.tranm	records_decoded	131	60	1	50	1307	51	3ad265dda7a14ee0		
bin/demo/graphic/pc/p2/motion/p2_face0001_00_default/d160_p2_c003.tranm	records_decoded	151	60	1	3	122	2	05a9be3fa208c4de		
bin/demo/graphic/pc/p2/motion/p2_face0001_00_default/d160_p2_c004.tranm	records_decoded	181	60	1	50	2887	56	5e0b40c5897b2130		
bin/demo/graphic/pc/p2/motion/p2_face0001_00_default/d160_p2_c005.tranm	records_decoded	181	60	1	50	1841	57	a13342c8abef075f		
bin/demo/graphic/pc/p2/motion/p2_face0001_00_default/d160_p2_c006.tranm	records_decoded	181	60	1	3	70	2	3b7454f776a058f8		
bin/demo/graphic/pc/p2/motion/p2_face0001_00_default/d160_p2_c007.tranm	records_decoded	331	60	1	3	105	2	bf4c74f474dc4572		
bin/demo/graphic/pc/p2/motion/p2_face0001_00_default/d160_p2_c008.tranm	records_decoded	301	60	1	3	405	2	a0bbc44bdaff2ede		
bin/demo/graphic/pc/p2/motion/p2_face0001_00_default/d170_p2_c001.tranm	records_decoded	121	60	0	43	994	44	e8f15a4fede06016		
bin/demo/graphic/pc/p2/motion/p2_face0001_00_default/d170_p2_c002.tranm	records_decoded	111	60	0	44	1329	48	e81b89599f2fbaec		
bin/demo/graphic/pc/p2/motion/p2_face0001_00_default/d170_p2_c003.tranm	records_decoded	151	60	0	3	160	2	419e8759b947d5fe		
bin/demo/graphic/pc/p2/motion/p2_face0001_00_default/d170_p2_c004.tranm	records_decoded	151	60	0	51	1640	59	40650964ea130272		
bin/demo/graphic/pc/p2/motion/p2_face0001_00_default/d173-175_p2_c004.tranm	records_decoded	151	60	0	50	1309	50	a7efdb78acc6857d		
bin/demo/graphic/pc/p2/motion/p2_face0001_00_default/d176_p2_c001.tranm	records_decoded	121	60	0	47	960	38	5011dbc0a8f2c635		
bin/demo/graphic/pc/p2/motion/p2_face0001_00_default/d176_p2_c002.tranm	records_decoded	111	60	0	50	1627	60	97fbd6db335676ca		
bin/demo/graphic/pc/p2/motion/p2_face0001_00_default/d176_p2_c003.tranm	records_decoded	151	60	0	3	154	2	8fa65f15c7d6e7df		
bin/demo/graphic/pc/p2/motion/p2_face0001_00_default/d176_p2_c004.tranm	records_decoded	151	60	0	49	1257	50	5bf1f633850cb9a3		
bin/demo/graphic/pc/p2/motion/p2_face0001_00_default/d200_p2_anim_c004.tranm	records_decoded	420	60	0	51	3669	66	6f063835e5297f83		
bin/demo/graphic/pc/p2/motion/p2_face0001_00_default/d200_p2_anim_c005.tranm	records_decoded	560	60	0	5	374	2	5674bfff24272cb7		
bin/demo/graphic/pc/p2/motion/p2_face0001_00_default/d200_p2_anim_c006.tranm	records_decoded	70	60	0	5	84	0	43d50d4166f37f53		
bin/demo/graphic/pc/p2/motion/p2_face0001_00_default/d200_p2_anim_c007.tranm	records_decoded	710	60	0	50	2816	58	ca65812cb6cd9f52		
bin/demo/graphic/pc/p2/motion/p2_face0001_00_default/d200_p2_anim_c008.tranm	records_decoded	370	60	0	3	301	2	0483e6c389393e3a		
bin/demo/graphic/pc/p2/motion/p2_face0001_00_default/d200_p2_anim_c010.tranm	records_decoded	191	60	0	3	122	2	c42a2087666ca99e		
bin/demo/graphic/pc/p2/motion/p2_face0001_00_default/d210_p2_anim_01.tranm	records_decoded	740	60	0	48	1940	56	9d9fbbef8c740b93		
bin/demo/graphic/pc/p2/motion/p2_face0001_00_default/d210_p2_anim_02.tranm	records_decoded	80	60	0	44	876	45	8a4337ff9a890d46		
bin/demo/graphic/pc/p2/motion/p2_face0001_00_default/d210_p2_anim_03.tranm	records_decoded	311	60	0	48	2838	55	1f43de98625f0c78		
bin/demo/graphic/pc/p2/motion/p2_face0001_00_default/d220_p2_anim_c01-c03.tranm	records_decoded	620	60	0	45	1495	43	9127dd0b994585c2		
bin/demo/graphic/pc/p2/motion/p2_face0001_00_default/d220_p2_anim_c04-c09.tranm	records_decoded	650	60	0	27	1053	29	f5c4968605567c79		
bin/demo/graphic/pc/p2/motion/p2_face0001_00_default/d220_p2_anim_c10-c12.tranm	records_decoded	450	60	0	3	212	3	ec2085d90ab59ee8		
bin/demo/graphic/pc/p2/motion/p2_face0001_00_default/d220_p2_anim_c13-c18.tranm	records_decoded	1030	60	0	52	6479	62	ca91aebc5154dec0		
bin/demo/graphic/pc/p2/motion/p2_face0001_00_default/d220_p2_anim_c19-c20.tranm	records_decoded	300	60	0	49	2410	57	b028cda02e4dbb6e		
bin/demo/graphic/pc/p2/motion/p2_face0001_00_default/d220_p2_anim_c21-c23.tranm	records_decoded	1051	60	0	49	1400	57	700cef6179de0bf3		
bin/demo/graphic/pc/p2/motion/p2_face0001_00_default/d230_p2_anim_c01-c04.tranm	records_decoded	910	60	0	52	3791	60	0b1decba5d9887d0		
bin/demo/graphic/pc/p2/motion/p2_face0001_00_default/d230_p2_anim_c07-c09.tranm	records_decoded	241	60	0	49	1986	54	b693772ab89e69bd		
bin/demo/graphic/pc/p2/motion/p2_face0001_00_default/d240_p2_c002.tranm	records_decoded	241	60	0	21	248	2	ff81138f3ed3e515		
bin/demo/graphic/pc/p2/motion/p2_face0001_00_default/d240_p2_c004.tranm	records_decoded	151	60	0	48	1545	55	dd691180c7ee7584		
bin/demo/graphic/pc/p2/motion/p2_face0001_00_default/d240_p2_c005.tranm	records_decoded	281	60	1	3	191	2	ea19ecfc95d49d41		
bin/demo/graphic/pc/p2/motion/p2_face0001_00_default/d240_p2_c007.tranm	records_decoded	111	60	0	50	1428	57	b042ee201a9dd11a		
bin/demo/graphic/pc/p2/motion/p2_hdw0005_00_headband/d020_p2_c001.tranm	records_decoded	501	60	0	4	767	3	a8f5e6debcc0affe		
bin/demo/graphic/pc/p2/motion/p2_hdw0005_00_headband/d020_p2_c002.tranm	records_decoded	241	60	0	4	558	3	7e19c202cb379a1f		
bin/demo/graphic/pc/p2/motion/p2_hdw0005_00_headband/d020_p2_c003.tranm	records_decoded	181	60	0	4	508	3	5230b27949e1b6fb		
bin/demo/graphic/pc/p2/motion/p2_hdw0005_00_headband/d020_p2_c005.tranm	records_decoded	231	60	0	4	622	2	9d505a3de9cd3f4c		
bin/demo/graphic/pc/p2/motion/p2_hdw0005_00_headband/d020_p2_c007.tranm	records_decoded	211	60	0	4	173	4	4f4c2e80997ea5b9		
bin/demo/graphic/pc/p2/motion/p2_hdw0005_00_headband/d020_p2_c008.tranm	records_decoded	241	60	0	4	226	4	7cfe981af876b957		
bin/demo/graphic/pc/p2/motion/p2_hdw0005_00_headband/d020_p2_c009.tranm	records_decoded	181	60	0	4	412	4	b121edea5e4b5e06		
bin/demo/graphic/pc/p2/motion/p2_hdw0005_00_headband/d020_p2_c011.tranm	records_decoded	211	60	0	4	169	3	f75508018d845ea3		
bin/demo/graphic/pc/p2/motion/p2_hdw0005_00_headband/d020_p2_c012.tranm	records_decoded	421	60	0	4	678	3	984760c17934340b		
bin/demo/graphic/pc/p2/motion/p2_hdw0005_00_headband/d120_p2_anim.tranm	records_decoded	1461	60	0	5	1776	5	08801210fd23b873		
bin/demo/graphic/pc/p2/motion/p2_hdw0005_00_headband/d130_p2_anim01.tranm	records_decoded	470	60	0	5	1603	5	19f0a12b5252dbe2		
bin/demo/graphic/pc/p2/motion/p2_hdw0005_00_headband/d130_p2_anim02.tranm	records_decoded	80	60	0	5	188	3	26ded8964c4b3cc5		
bin/demo/graphic/pc/p2/motion/p2_hdw0005_00_headband/d140_p2_anim_01.tranm	records_decoded	120	60	0	5	215	4	9785ad4f3b0d1515		
bin/demo/graphic/pc/p2/motion/p2_hdw0005_00_headband/d140_p2_anim_02.tranm	records_decoded	412	60	0	5	240	4	6e2d7aa7890ec9ad		
bin/demo/graphic/pc/p2/motion/p2_hdw0005_00_headband/d140_p2_anim_03.tranm	records_decoded	390	60	0	5	745	4	e6aa7d8de9815943		
bin/demo/graphic/pc/p2/motion/p2_hdw0005_00_headband/d141_p2_c001_anim.tranm	records_decoded	151	60	0	5	654	1	9ef5024a2cca5cc5		
bin/demo/graphic/pc/p2/motion/p2_hdw0005_00_headband/d141_p2_c002_anim.tranm	records_decoded	231	60	0	5	601	4	b993d8d82f511cd5		
bin/demo/graphic/pc/p2/motion/p2_hdw0005_00_headband/d141_p2_c004_anim.tranm	records_decoded	201	60	0	5	360	4	dae336cbb898e5ae		
bin/demo/graphic/pc/p2/motion/p2_hdw0005_00_headband/d150_p2_anim01.tranm	records_decoded	210	60	0	5	331	4	54b5d4437c131e0f		
bin/demo/graphic/pc/p2/motion/p2_hdw0005_00_headband/d150_p2_anim02.tranm	records_decoded	132	60	0	5	421	2	d3fda572314a95a4		
bin/demo/graphic/pc/p2/motion/p2_hdw0005_00_headband/d150_p2_anim03.tranm	records_decoded	101	60	0	4	29	2	3cecd49d386d91c4		
bin/demo/graphic/pc/p2/motion/p2_hdw0005_00_headband/d150_p2_anim04.tranm	records_decoded	80	60	0	5	275	3	722452bf3b8c92cf		
bin/demo/graphic/pc/p2/motion/p2_hdw0005_00_headband/d160_p2_c001.tranm	records_decoded	241	60	0	5	305	4	05d4b9c5e2b8698d		
bin/demo/graphic/pc/p2/motion/p2_hdw0005_00_headband/d160_p2_c002.tranm	records_decoded	131	60	1	5	367	3	363e812ba4d03122		
bin/demo/graphic/pc/p2/motion/p2_hdw0005_00_headband/d160_p2_c003.tranm	records_decoded	151	60	1	4	125	2	f9daf311b5276626		
bin/demo/graphic/pc/p2/motion/p2_hdw0005_00_headband/d160_p2_c004.tranm	records_decoded	181	60	1	5	673	1	c9c61f8122e560e5		
bin/demo/graphic/pc/p2/motion/p2_hdw0005_00_headband/d160_p2_c005.tranm	records_decoded	181	60	1	5	549	2	d720b0646f516e75		
bin/demo/graphic/pc/p2/motion/p2_hdw0005_00_headband/d160_p2_c006.tranm	records_decoded	181	60	1	5	237	4	d22d5bb6054a4a69		
bin/demo/graphic/pc/p2/motion/p2_hdw0005_00_headband/d160_p2_c007.tranm	records_decoded	331	60	1	5	651	3	4ed3fadb5769a029		
bin/demo/graphic/pc/p2/motion/p2_hdw0005_00_headband/d160_p2_c008.tranm	records_decoded	301	60	1	5	1011	2	da7eb32759acb835		
bin/demo/graphic/pc/p2/motion/p2_hdw0005_00_headband/d170_p2_c001.tranm	records_decoded	121	60	0	5	102	4	a348fba58a203061		
bin/demo/graphic/pc/p2/motion/p2_hdw0005_00_headband/d170_p2_c002.tranm	records_decoded	111	60	0	5	382	2	8b53c575d2fc381f		
bin/demo/graphic/pc/p2/motion/p2_hdw0005_00_headband/d170_p2_c003.tranm	records_decoded	151	60	0	5	466	2	e070c557e66c7d1c		
bin/demo/graphic/pc/p2/motion/p2_hdw0005_00_headband/d170_p2_c004.tranm	records_decoded	151	60	0	5	326	3	cd29c12eac1aa985		
bin/demo/graphic/pc/p2/motion/p2_hdw0005_00_headband/d173-175_p2_c004.tranm	records_decoded	151	60	0	5	326	3	cd29c12eac1aa985		
bin/demo/graphic/pc/p2/motion/p2_hdw0005_00_headband/d176_p2_c001.tranm	records_decoded	121	60	0	5	244	4	c9638202a504a2c9		
bin/demo/graphic/pc/p2/motion/p2_hdw0005_00_headband/d176_p2_c002.tranm	records_decoded	111	60	0	5	390	2	6fac345c61513c3b		
bin/demo/graphic/pc/p2/motion/p2_hdw0005_00_headband/d176_p2_c003.tranm	records_decoded	151	60	0	5	415	3	6089d69a14647c6d		
bin/demo/graphic/pc/p2/motion/p2_hdw0005_00_headband/d176_p2_c004.tranm	records_decoded	151	60	0	5	328	3	c1588c3c1c57ed16		
bin/demo/graphic/pc/p2/motion/p2_hdw0005_00_headband/d200_p2_anim_c004.tranm	records_decoded	420	60	0	5	884	4	6b3b12b8ebdeeca1		
bin/demo/graphic/pc/p2/motion/p2_hdw0005_00_headband/d200_p2_anim_c005.tranm	records_decoded	560	60	0	5	884	4	8e9ee25daf580231		
bin/demo/graphic/pc/p2/motion/p2_hdw0005_00_headband/d200_p2_anim_c006.tranm	records_decoded	70	60	0	62	649	6	1a731c4f81bc2d48		
bin/demo/graphic/pc/p2/motion/p2_hdw0005_00_headband/d200_p2_anim_c007.tranm	records_decoded	710	60	0	5	955	4	57dd5c95f35eee09		
bin/demo/graphic/pc/p2/motion/p2_hdw0005_00_headband/d200_p2_anim_c008.tranm	records_decoded	370	60	0	5	692	4	7dc0910ff9f094fe		
bin/demo/graphic/pc/p2/motion/p2_hdw0005_00_headband/d200_p2_anim_c010.tranm	records_decoded	191	60	0	5	309	4	644ea443e92c25ef		
bin/demo/graphic/pc/p2/motion/p2_hdw0005_00_headband/d210_p2_anim_01.tranm	records_decoded	740	60	0	5	1071	5	907e31042e4e8392		
bin/demo/graphic/pc/p2/motion/p2_hdw0005_00_headband/d210_p2_anim_02.tranm	records_decoded	80	60	0	5	271	2	d3f3d7cb48c4cae7		
bin/demo/graphic/pc/p2/motion/p2_hdw0005_00_headband/d210_p2_anim_03.tranm	records_decoded	311	60	0	5	1289	4	3ba9707ddbbae8fb		
bin/demo/graphic/pc/p2/motion/p2_hdw0005_00_headband/d220_p2_anim_c01-c03.tranm	records_decoded	620	60	0	5	445	4	dc60b71e17f2fa8d		
bin/demo/graphic/pc/p2/motion/p2_hdw0005_00_headband/d220_p2_anim_c04-c09.tranm	records_decoded	650	60	0	5	680	5	6401e2825a345d53		
bin/demo/graphic/pc/p2/motion/p2_hdw0005_00_headband/d220_p2_anim_c10-c12.tranm	records_decoded	450	60	0	5	361	5	d938eb387ab3674d		
bin/demo/graphic/pc/p2/motion/p2_hdw0005_00_headband/d220_p2_anim_c13-c18.tranm	records_decoded	1030	60	0	4	434	2	150b54639ddfb33b		
bin/demo/graphic/pc/p2/motion/p2_hdw0005_00_headband/d220_p2_anim_c19-c20.tranm	records_decoded	300	60	0	5	839	5	6c7f81d3771a1446		
bin/demo/graphic/pc/p2/motion/p2_hdw0005_00_headband/d220_p2_anim_c21-c23.tranm	records_decoded	1051	60	0	5	646	5	122e8902e9db461e		
bin/demo/graphic/pc/p2/motion/p2_hdw0005_00_headband/d230_p2_anim_c01-c04.tranm	records_decoded	910	60	0	5	1045	4	9ecd0341a9d24c2a		
bin/demo/graphic/pc/p2/motion/p2_hdw0005_00_headband/d230_p2_anim_c07-c09.tranm	records_decoded	241	60	0	5	660	3	dbcc8b7c3e72026e		
bin/demo/graphic/pc/p2/motion/p2_hdw0005_00_headband/d240_p2_c002.tranm	records_decoded	241	60	0	5	680	2	a7d12b09d7538283		
bin/demo/graphic/pc/p2/motion/p2_hdw0005_00_headband/d240_p2_c004.tranm	records_decoded	151	60	0	5	435	2	b1a5a00cafe1f4d1		
bin/demo/graphic/pc/p2/motion/p2_hdw0005_00_headband/d240_p2_c005.tranm	records_decoded	281	60	1	5	757	2	50719a35177fb5b0		
bin/demo/graphic/pc/p2/motion/p2_hdw0005_00_headband/d240_p2_c007.tranm	records_decoded	111	60	0	5	325	2	3c254126f376e45c		
bin/demo/graphic/pc/p2/motion/p2_hrs0002_00_default/d020_p2_c001.tranm	records_decoded	501	60	0	8	1914	8	84d2eaab53c363ac		
bin/demo/graphic/pc/p2/motion/p2_hrs0002_00_default/d020_p2_c002.tranm	records_decoded	241	60	0	8	1440	7	188484549ab85e52		
bin/demo/graphic/pc/p2/motion/p2_hrs0002_00_default/d020_p2_c003.tranm	records_decoded	181	60	0	8	1116	8	aff6aff1c342b1d4		
bin/demo/graphic/pc/p2/motion/p2_hrs0002_00_default/d020_p2_c005.tranm	records_decoded	231	60	0	8	1784	2	67f5afe819210ccb		
bin/demo/graphic/pc/p2/motion/p2_hrs0002_00_default/d020_p2_c007.tranm	records_decoded	211	60	0	8	401	9	4434ec64e3b54826		
bin/demo/graphic/pc/p2/motion/p2_hrs0002_00_default/d020_p2_c008.tranm	records_decoded	241	60	0	8	430	9	5479e1e90a724bac		
bin/demo/graphic/pc/p2/motion/p2_hrs0002_00_default/d020_p2_c009.tranm	records_decoded	181	60	0	8	644	9	b78a0dcaa2375786		
bin/demo/graphic/pc/p2/motion/p2_hrs0002_00_default/d020_p2_c011.tranm	records_decoded	211	60	0	8	433	8	441e1403a5462017		
bin/demo/graphic/pc/p2/motion/p2_hrs0002_00_default/d020_p2_c012.tranm	records_decoded	421	60	0	8	1037	8	ca3ce287ee4afd09		
bin/demo/graphic/pc/p2/motion/p2_hrs0002_00_default/d120_p2_anim.tranm	records_decoded	1461	60	0	8	3074	8	18190c4b838680c6		
bin/demo/graphic/pc/p2/motion/p2_hrs0002_00_default/d130_p2_anim01.tranm	records_decoded	470	60	0	8	2202	9	b63985c863d683cc		
bin/demo/graphic/pc/p2/motion/p2_hrs0002_00_default/d130_p2_anim02.tranm	records_decoded	80	60	0	8	303	6	e81852887dfdc13a		
bin/demo/graphic/pc/p2/motion/p2_hrs0002_00_default/d140_p2_anim_01.tranm	records_decoded	120	60	0	8	311	7	cac60e0111e74676		
bin/demo/graphic/pc/p2/motion/p2_hrs0002_00_default/d140_p2_anim_02.tranm	records_decoded	412	60	0	8	417	7	d45f2fd647d4013c		
bin/demo/graphic/pc/p2/motion/p2_hrs0002_00_default/d140_p2_anim_03.tranm	records_decoded	390	60	0	8	1293	11	2ad00f047c278406		
bin/demo/graphic/pc/p2/motion/p2_hrs0002_00_default/d141_p2_c001_anim.tranm	records_decoded	151	60	0	8	743	6	9f12e57432de8bf4		
bin/demo/graphic/pc/p2/motion/p2_hrs0002_00_default/d141_p2_c002_anim.tranm	records_decoded	231	60	0	8	562	7	b560a24647035b27		
bin/demo/graphic/pc/p2/motion/p2_hrs0002_00_default/d141_p2_c004_anim.tranm	records_decoded	201	60	0	8	378	6	21e42dc03c5fec28		
bin/demo/graphic/pc/p2/motion/p2_hrs0002_00_default/d150_p2_anim01.tranm	records_decoded	210	60	0	8	550	7	e3239905a883cc82		
bin/demo/graphic/pc/p2/motion/p2_hrs0002_00_default/d150_p2_anim02.tranm	records_decoded	132	60	0	8	464	7	707961acfb2c8818		
bin/demo/graphic/pc/p2/motion/p2_hrs0002_00_default/d150_p2_anim03.tranm	records_decoded	101	60	0	7	41	3	ceddf032b86c79cd		
bin/demo/graphic/pc/p2/motion/p2_hrs0002_00_default/d150_p2_anim04.tranm	records_decoded	80	60	0	8	418	10	f06b75aa222ac5c8		
bin/demo/graphic/pc/p2/motion/p2_hrs0002_00_default/d160_p2_c001.tranm	records_decoded	241	60	0	8	514	6	84f418917d830a88		
bin/demo/graphic/pc/p2/motion/p2_hrs0002_00_default/d160_p2_c002.tranm	records_decoded	131	60	1	8	684	4	d12aa7d1ecc7981c		
bin/demo/graphic/pc/p2/motion/p2_hrs0002_00_default/d160_p2_c003.tranm	records_decoded	151	60	1	7	134	2	7f8ddbe518b68e7a		
bin/demo/graphic/pc/p2/motion/p2_hrs0002_00_default/d160_p2_c004.tranm	records_decoded	181	60	1	8	1222	1	2d2df1f7c938628f		
bin/demo/graphic/pc/p2/motion/p2_hrs0002_00_default/d160_p2_c005.tranm	records_decoded	181	60	1	8	1042	3	f5456abded5bb925		
bin/demo/graphic/pc/p2/motion/p2_hrs0002_00_default/d160_p2_c006.tranm	records_decoded	181	60	1	8	792	4	636b3fa51105dd1a		
bin/demo/graphic/pc/p2/motion/p2_hrs0002_00_default/d160_p2_c007.tranm	records_decoded	331	60	1	8	1063	6	726b81291a049472		
bin/demo/graphic/pc/p2/motion/p2_hrs0002_00_default/d160_p2_c008.tranm	records_decoded	301	60	1	8	1798	3	9d56e3a69baad55c		
bin/demo/graphic/pc/p2/motion/p2_hrs0002_00_default/d170_p2_c001.tranm	records_decoded	121	60	0	8	244	7	1f3af8115ed54cbf		
bin/demo/graphic/pc/p2/motion/p2_hrs0002_00_default/d170_p2_c002.tranm	records_decoded	111	60	0	8	721	2	560c0db2b3b05858		
bin/demo/graphic/pc/p2/motion/p2_hrs0002_00_default/d170_p2_c003.tranm	records_decoded	151	60	0	8	775	2	5d3c1f83d188ab06		
bin/demo/graphic/pc/p2/motion/p2_hrs0002_00_default/d170_p2_c004.tranm	records_decoded	151	60	0	8	715	4	7d668ea7585c71b5		
bin/demo/graphic/pc/p2/motion/p2_hrs0002_00_default/d173-175_p2_c004.tranm	records_decoded	151	60	0	8	715	4	7d668ea7585c71b5		
bin/demo/graphic/pc/p2/motion/p2_hrs0002_00_default/d176_p2_c001.tranm	records_decoded	121	60	0	8	463	6	480b7e68025f840a		
bin/demo/graphic/pc/p2/motion/p2_hrs0002_00_default/d176_p2_c002.tranm	records_decoded	111	60	0	8	729	2	1e847025e86c6eac		
bin/demo/graphic/pc/p2/motion/p2_hrs0002_00_default/d176_p2_c003.tranm	records_decoded	151	60	0	8	919	2	1ae73d2238c501a6		
bin/demo/graphic/pc/p2/motion/p2_hrs0002_00_default/d176_p2_c004.tranm	records_decoded	151	60	0	8	722	4	2ff5387f9ce4c472		
bin/demo/graphic/pc/p2/motion/p2_hrs0002_00_default/d200_p2_anim_c004.tranm	records_decoded	420	60	0	8	1703	6	41f2817e57368d4d		
bin/demo/graphic/pc/p2/motion/p2_hrs0002_00_default/d200_p2_anim_c005.tranm	records_decoded	560	60	0	8	1614	7	b3b42e0512ac6327		
bin/demo/graphic/pc/p2/motion/p2_hrs0002_00_default/d200_p2_anim_c006.tranm	records_decoded	70	60	0	62	649	6	1a731c4f81bc2d48		
bin/demo/graphic/pc/p2/motion/p2_hrs0002_00_default/d200_p2_anim_c007.tranm	records_decoded	710	60	0	8	1816	7	439bb58256be8b33		
bin/demo/graphic/pc/p2/motion/p2_hrs0002_00_default/d200_p2_anim_c008.tranm	records_decoded	370	60	0	8	1399	6	523e2cdf03836e0e		
bin/demo/graphic/pc/p2/motion/p2_hrs0002_00_default/d200_p2_anim_c010.tranm	records_decoded	191	60	0	8	576	6	f289790eea809436		
bin/demo/graphic/pc/p2/motion/p2_hrs0002_00_default/d210_p2_anim_01.tranm	records_decoded	740	60	0	8	1151	8	809dbb5304067c7d		
bin/demo/graphic/pc/p2/motion/p2_hrs0002_00_default/d210_p2_anim_02.tranm	records_decoded	80	60	0	8	441	3	5b6b3335de3d46bd		
bin/demo/graphic/pc/p2/motion/p2_hrs0002_00_default/d210_p2_anim_03.tranm	records_decoded	311	60	0	8	1840	7	7250d5f3eeda4da4		
bin/demo/graphic/pc/p2/motion/p2_hrs0002_00_default/d220_p2_anim_c01-c03.tranm	records_decoded	620	60	0	8	567	7	f14085abb21a8a10		
bin/demo/graphic/pc/p2/motion/p2_hrs0002_00_default/d220_p2_anim_c04-c09.tranm	records_decoded	650	60	0	8	1178	8	8175f1f1200b7b20		
bin/demo/graphic/pc/p2/motion/p2_hrs0002_00_default/d220_p2_anim_c10-c12.tranm	records_decoded	450	60	0	8	510	8	7bbe5e0a904ba956		
bin/demo/graphic/pc/p2/motion/p2_hrs0002_00_default/d220_p2_anim_c13-c18.tranm	records_decoded	1030	60	0	8	1590	7	f855e7b5b2c10aa0		
bin/demo/graphic/pc/p2/motion/p2_hrs0002_00_default/d220_p2_anim_c19-c20.tranm	records_decoded	300	60	0	8	1295	8	8a4e181b162d5607		
bin/demo/graphic/pc/p2/motion/p2_hrs0002_00_default/d220_p2_anim_c21-c23.tranm	records_decoded	1051	60	0	8	899	8	db49e7268170ab52		
bin/demo/graphic/pc/p2/motion/p2_hrs0002_00_default/d230_p2_anim_c01-c04.tranm	records_decoded	910	60	0	8	1729	7	c7f424745eec7c62		
bin/demo/graphic/pc/p2/motion/p2_hrs0002_00_default/d230_p2_anim_c07-c09.tranm	records_decoded	241	60	0	8	864	7	1ed4ac9533ce9a4e		
bin/demo/graphic/pc/p2/motion/p2_hrs0002_00_default/d240_p2_c002.tranm	records_decoded	241	60	0	8	1234	4	e6f2d8c54e1b7367		
bin/demo/graphic/pc/p2/motion/p2_hrs0002_00_default/d240_p2_c004.tranm	records_decoded	151	60	0	8	855	3	a95141c370c36ba3		
bin/demo/graphic/pc/p2/motion/p2_hrs0002_00_default/d240_p2_c005.tranm	records_decoded	281	60	1	8	1606	2	c06005799a063f7b		
bin/demo/graphic/pc/p2/motion/p2_hrs0002_00_default/d240_p2_c007.tranm	records_decoded	111	60	0	8	631	3	750375941417b214		
bin/demo/graphic/pc/p2/motion/p2_hrs0003_00_ponytail/d020_p2_c001.tranm	records_decoded	501	60	0	8	1851	8	257a25d4f5af43ed		
bin/demo/graphic/pc/p2/motion/p2_hrs0003_00_ponytail/d020_p2_c002.tranm	records_decoded	241	60	0	4	558	3	9fc4b251c479c95d		
bin/demo/graphic/pc/p2/motion/p2_hrs0003_00_ponytail/d020_p2_c003.tranm	records_decoded	181	60	0	3	505	3	8b5ee16976a9b847		
bin/demo/graphic/pc/p2/motion/p2_hrs0003_00_ponytail/d020_p2_c005.tranm	records_decoded	231	60	0	8	634	2	e4c13945e769d0c8		
bin/demo/graphic/pc/p2/motion/p2_hrs0003_00_ponytail/d020_p2_c007.tranm	records_decoded	211	60	0	5	176	4	f7779be5a9a99533		
bin/demo/graphic/pc/p2/motion/p2_hrs0003_00_ponytail/d020_p2_c008.tranm	records_decoded	241	60	0	8	238	4	d0f0c5920c4396ea		
bin/demo/graphic/pc/p2/motion/p2_hrs0003_00_ponytail/d020_p2_c009.tranm	records_decoded	181	60	0	5	415	4	e57759644721c9c2		
bin/demo/graphic/pc/p2/motion/p2_hrs0003_00_ponytail/d020_p2_c011.tranm	records_decoded	211	60	0	5	172	3	28a5cf55a70449e5		
bin/demo/graphic/pc/p2/motion/p2_hrs0003_00_ponytail/d020_p2_c012.tranm	records_decoded	421	60	0	5	681	3	6a9f01ec741560e9		
bin/demo/graphic/pc/p2/motion/p2_hrs0003_00_ponytail/d120_p2_anim.tranm	records_decoded	1461	60	0	8	2886	8	3f66e51a762da508		
bin/demo/graphic/pc/p2/motion/p2_hrs0003_00_ponytail/d130_p2_anim01.tranm	records_decoded	470	60	0	8	2223	9	3d2a79a0010b17e8		
bin/demo/graphic/pc/p2/motion/p2_hrs0003_00_ponytail/d130_p2_anim02.tranm	records_decoded	80	60	0	8	255	5	3e70a32df151db1b		
bin/demo/graphic/pc/p2/motion/p2_hrs0003_00_ponytail/d140_p2_anim_01.tranm	records_decoded	120	60	0	8	274	6	2265a242c045b94d		
bin/demo/graphic/pc/p2/motion/p2_hrs0003_00_ponytail/d140_p2_anim_02.tranm	records_decoded	412	60	0	8	413	6	f2d47da51a02df08		
bin/demo/graphic/pc/p2/motion/p2_hrs0003_00_ponytail/d140_p2_anim_03.tranm	records_decoded	390	60	0	8	1351	12	f8c88d3f9191335a		
bin/demo/graphic/pc/p2/motion/p2_hrs0003_00_ponytail/d141_p2_c001_anim.tranm	records_decoded	151	60	0	8	691	6	6f3110fc26d67798		
bin/demo/graphic/pc/p2/motion/p2_hrs0003_00_ponytail/d141_p2_c002_anim.tranm	records_decoded	231	60	0	8	580	8	118c5c5550b95109		
bin/demo/graphic/pc/p2/motion/p2_hrs0003_00_ponytail/d141_p2_c004_anim.tranm	records_decoded	201	60	0	8	395	7	422ad799a6c04673		
bin/demo/graphic/pc/p2/motion/p2_hrs0003_00_ponytail/d150_p2_anim01.tranm	records_decoded	210	60	0	8	527	7	6c7677112250e62a		
bin/demo/graphic/pc/p2/motion/p2_hrs0003_00_ponytail/d150_p2_anim02.tranm	records_decoded	132	60	0	8	461	7	edf689e394130b2a		
bin/demo/graphic/pc/p2/motion/p2_hrs0003_00_ponytail/d150_p2_anim03.tranm	records_decoded	101	60	0	5	32	2	4460162e41248388		
bin/demo/graphic/pc/p2/motion/p2_hrs0003_00_ponytail/d150_p2_anim04.tranm	records_decoded	80	60	0	8	359	7	f00e8d6b5d4596ab		
bin/demo/graphic/pc/p2/motion/p2_hrs0003_00_ponytail/d160_p2_c001.tranm	records_decoded	241	60	0	8	563	7	6d8b1fba6e3fd80f		
bin/demo/graphic/pc/p2/motion/p2_hrs0003_00_ponytail/d160_p2_c002.tranm	records_decoded	131	60	1	8	625	5	2599555de4e6c1f9		
bin/demo/graphic/pc/p2/motion/p2_hrs0003_00_ponytail/d160_p2_c003.tranm	records_decoded	151	60	1	5	128	2	289ac864f2873a6e		
bin/demo/graphic/pc/p2/motion/p2_hrs0003_00_ponytail/d160_p2_c004.tranm	records_decoded	181	60	1	8	1176	2	fdc5099d65b4d8d0		
bin/demo/graphic/pc/p2/motion/p2_hrs0003_00_ponytail/d160_p2_c005.tranm	records_decoded	181	60	1	8	991	4	465a803150906c30		
bin/demo/graphic/pc/p2/motion/p2_hrs0003_00_ponytail/d160_p2_c006.tranm	records_decoded	181	60	1	8	858	4	1b3cf812b8dca7c6		
bin/demo/graphic/pc/p2/motion/p2_hrs0003_00_ponytail/d160_p2_c007.tranm	records_decoded	331	60	1	8	1223	5	374ee730abf19160		
bin/demo/graphic/pc/p2/motion/p2_hrs0003_00_ponytail/d160_p2_c008.tranm	records_decoded	301	60	1	8	1920	2	474dba0e7d8c8bfb		
bin/demo/graphic/pc/p2/motion/p2_hrs0003_00_ponytail/d170_p2_c001.tranm	records_decoded	121	60	0	8	248	7	e3002ca35b0804e6		
bin/demo/graphic/pc/p2/motion/p2_hrs0003_00_ponytail/d170_p2_c002.tranm	records_decoded	111	60	0	8	721	2	a5587743a6724556		
bin/demo/graphic/pc/p2/motion/p2_hrs0003_00_ponytail/d170_p2_c003.tranm	records_decoded	151	60	0	8	925	2	99b91be002ae676a		
bin/demo/graphic/pc/p2/motion/p2_hrs0003_00_ponytail/d170_p2_c004.tranm	records_decoded	151	60	0	8	654	5	d862db6627fb270f		
bin/demo/graphic/pc/p2/motion/p2_hrs0003_00_ponytail/d173-175_p2_c004.tranm	records_decoded	151	60	0	8	654	5	d862db6627fb270f		
bin/demo/graphic/pc/p2/motion/p2_hrs0003_00_ponytail/d176_p2_c001.tranm	records_decoded	121	60	0	8	365	7	782560124a6403de		
bin/demo/graphic/pc/p2/motion/p2_hrs0003_00_ponytail/d176_p2_c002.tranm	records_decoded	111	60	0	8	729	2	af527e5e14135326		
bin/demo/graphic/pc/p2/motion/p2_hrs0003_00_ponytail/d176_p2_c003.tranm	records_decoded	151	60	0	8	919	2	2ca73343614e9f7d		
bin/demo/graphic/pc/p2/motion/p2_hrs0003_00_ponytail/d176_p2_c004.tranm	records_decoded	151	60	0	8	656	5	3647dfd4a021a254		
bin/demo/graphic/pc/p2/motion/p2_hrs0003_00_ponytail/d200_p2_anim_c004.tranm	records_decoded	420	60	0	8	1772	6	c8b1ff35e0066066		
bin/demo/graphic/pc/p2/motion/p2_hrs0003_00_ponytail/d200_p2_anim_c005.tranm	records_decoded	560	60	0	8	1634	7	e770128b5e84953a		
bin/demo/graphic/pc/p2/motion/p2_hrs0003_00_ponytail/d200_p2_anim_c006.tranm	records_decoded	70	60	0	4	81	0	9fc9c3fd874de4c0		
bin/demo/graphic/pc/p2/motion/p2_hrs0003_00_ponytail/d200_p2_anim_c007.tranm	records_decoded	710	60	0	8	1905	7	4cabc30aca1f835a		
bin/demo/graphic/pc/p2/motion/p2_hrs0003_00_ponytail/d200_p2_anim_c008.tranm	records_decoded	370	60	0	8	1398	6	c830aaf0837e05e2		
bin/demo/graphic/pc/p2/motion/p2_hrs0003_00_ponytail/d200_p2_anim_c010.tranm	records_decoded	191	60	0	8	597	6	49813badcc823471		
bin/demo/graphic/pc/p2/motion/p2_hrs0003_00_ponytail/d210_p2_anim_01.tranm	records_decoded	740	60	0	8	1087	8	cb0b1426a119e434		
bin/demo/graphic/pc/p2/motion/p2_hrs0003_00_ponytail/d210_p2_anim_02.tranm	records_decoded	80	60	0	8	441	3	b05391da2a67a8e0		
bin/demo/graphic/pc/p2/motion/p2_hrs0003_00_ponytail/d210_p2_anim_03.tranm	records_decoded	311	60	0	8	1676	7	926791889ee316b2		
bin/demo/graphic/pc/p2/motion/p2_hrs0003_00_ponytail/d220_p2_anim_c01-c03.tranm	records_decoded	620	60	0	8	567	7	9881da9a07e45021		
bin/demo/graphic/pc/p2/motion/p2_hrs0003_00_ponytail/d220_p2_anim_c04-c09.tranm	records_decoded	650	60	0	8	1071	8	345ef6f14a8d973e		
bin/demo/graphic/pc/p2/motion/p2_hrs0003_00_ponytail/d220_p2_anim_c10-c12.tranm	records_decoded	450	60	0	8	539	8	482ddc4721289830		
bin/demo/graphic/pc/p2/motion/p2_hrs0003_00_ponytail/d220_p2_anim_c13-c18.tranm	records_decoded	1030	60	0	8	1566	7	3a212b1f65d9f7b3		
bin/demo/graphic/pc/p2/motion/p2_hrs0003_00_ponytail/d220_p2_anim_c19-c20.tranm	records_decoded	300	60	0	8	1201	8	92fe25a9a2099507		
bin/demo/graphic/pc/p2/motion/p2_hrs0003_00_ponytail/d220_p2_anim_c21-c23.tranm	records_decoded	1051	60	0	8	754	8	4d99180d44dd5125		
bin/demo/graphic/pc/p2/motion/p2_hrs0003_00_ponytail/d230_p2_anim_c01-c04.tranm	records_decoded	910	60	0	8	2099	7	4c10cd6936b7da24		
bin/demo/graphic/pc/p2/motion/p2_hrs0003_00_ponytail/d230_p2_anim_c07-c09.tranm	records_decoded	241	60	0	8	846	7	bd45137599d7f698		
bin/demo/graphic/pc/p2/motion/p2_hrs0003_00_ponytail/d240_p2_c002.tranm	records_decoded	241	60	0	8	1186	4	0de9578c14d5ddae		
bin/demo/graphic/pc/p2/motion/p2_hrs0003_00_ponytail/d240_p2_c004.tranm	records_decoded	151	60	0	8	850	3	ed8ddb83d3fced29		
bin/demo/graphic/pc/p2/motion/p2_hrs0003_00_ponytail/d240_p2_c005.tranm	records_decoded	281	60	1	8	1445	4	b0f1c89a62afbd64		
bin/demo/graphic/pc/p2/motion/p2_hrs0003_00_ponytail/d240_p2_c007.tranm	records_decoded	111	60	0	8	554	5	70831a5b4e9dfbe3		
bin/demo/graphic/pc/p2/motion/p2_hrs0004_00_bundle/d020_p2_c001.tranm	records_decoded	501	60	0	8	779	3	cce6dee2fdb6e9d8		
bin/demo/graphic/pc/p2/motion/p2_hrs0004_00_bundle/d020_p2_c002.tranm	records_decoded	241	60	0	6	564	3	26e1e2d929d74116		
bin/demo/graphic/pc/p2/motion/p2_hrs0004_00_bundle/d020_p2_c003.tranm	records_decoded	181	60	0	3	505	3	8b5ee16976a9b847		
bin/demo/graphic/pc/p2/motion/p2_hrs0004_00_bundle/d020_p2_c005.tranm	records_decoded	231	60	0	6	628	2	d1321802074b65ed		
bin/demo/graphic/pc/p2/motion/p2_hrs0004_00_bundle/d020_p2_c007.tranm	records_decoded	211	60	0	6	179	4	c3bde03cfb015294		
bin/demo/graphic/pc/p2/motion/p2_hrs0004_00_bundle/d020_p2_c008.tranm	records_decoded	241	60	0	5	229	4	3610a6abf3c2f985		
bin/demo/graphic/pc/p2/motion/p2_hrs0004_00_bundle/d020_p2_c009.tranm	records_decoded	181	60	0	6	418	4	1d312e0dc349ef87		
bin/demo/graphic/pc/p2/motion/p2_hrs0004_00_bundle/d020_p2_c011.tranm	records_decoded	211	60	0	5	172	3	28a5cf55a70449e5		
bin/demo/graphic/pc/p2/motion/p2_hrs0004_00_bundle/d020_p2_c012.tranm	records_decoded	421	60	0	6	684	3	ef304e3351d75f8a		
bin/demo/graphic/pc/p2/motion/p2_hrs0004_00_bundle/d120_p2_anim.tranm	records_decoded	1461	60	0	8	2677	8	94ddc36cc235a260		
bin/demo/graphic/pc/p2/motion/p2_hrs0004_00_bundle/d130_p2_anim01.tranm	records_decoded	470	60	0	8	2201	9	4934193a2c7c8876		
bin/demo/graphic/pc/p2/motion/p2_hrs0004_00_bundle/d130_p2_anim02.tranm	records_decoded	80	60	0	8	300	6	159a817e0cbc047d		
bin/demo/graphic/pc/p2/motion/p2_hrs0004_00_bundle/d140_p2_anim_01.tranm	records_decoded	120	60	0	8	310	7	9f49ee096ec000a4		
bin/demo/graphic/pc/p2/motion/p2_hrs0004_00_bundle/d140_p2_anim_02.tranm	records_decoded	412	60	0	8	400	7	2bbebaffb64de928		
bin/demo/graphic/pc/p2/motion/p2_hrs0004_00_bundle/d140_p2_anim_03.tranm	records_decoded	390	60	0	8	1207	8	4eefbcf3530e364a		
bin/demo/graphic/pc/p2/motion/p2_hrs0004_00_bundle/d141_p2_c001_anim.tranm	records_decoded	151	60	0	8	678	6	2dd02acfa5b3b5c0		
bin/demo/graphic/pc/p2/motion/p2_hrs0004_00_bundle/d141_p2_c002_anim.tranm	records_decoded	231	60	0	8	460	7	4ede9a8c14079132		
bin/demo/graphic/pc/p2/motion/p2_hrs0004_00_bundle/d141_p2_c004_anim.tranm	records_decoded	201	60	0	8	327	6	b088f73a378360ee		
bin/demo/graphic/pc/p2/motion/p2_hrs0004_00_bundle/d150_p2_anim01.tranm	records_decoded	210	60	0	8	487	6	c4bba141dd924c4e		
bin/demo/graphic/pc/p2/motion/p2_hrs0004_00_bundle/d150_p2_anim02.tranm	records_decoded	132	60	0	8	445	7	cde44dba1968b8ef		
bin/demo/graphic/pc/p2/motion/p2_hrs0004_00_bundle/d150_p2_anim03.tranm	records_decoded	101	60	0	6	35	2	e93eed4e5b1d08b9		
bin/demo/graphic/pc/p2/motion/p2_hrs0004_00_bundle/d150_p2_anim04.tranm	records_decoded	80	60	0	8	344	7	a49202bfa9ac7726		
bin/demo/graphic/pc/p2/motion/p2_hrs0004_00_bundle/d160_p2_c001.tranm	records_decoded	241	60	0	8	398	6	79bc5e6cfdf3d7cf		
bin/demo/graphic/pc/p2/motion/p2_hrs0004_00_bundle/d160_p2_c002.tranm	records_decoded	131	60	1	8	537	6	684ebe0aca96e970		
bin/demo/graphic/pc/p2/motion/p2_hrs0004_00_bundle/d160_p2_c003.tranm	records_decoded	151	60	1	6	131	2	92219a53c2d8d973		
bin/demo/graphic/pc/p2/motion/p2_hrs0004_00_bundle/d160_p2_c004.tranm	records_decoded	181	60	1	8	1117	2	259e09b345beeeea		
bin/demo/graphic/pc/p2/motion/p2_hrs0004_00_bundle/d160_p2_c005.tranm	records_decoded	181	60	1	8	912	4	46f9df37c518fbc6		
bin/demo/graphic/pc/p2/motion/p2_hrs0004_00_bundle/d160_p2_c006.tranm	records_decoded	181	60	1	8	702	5	34ddd15541d82664		
bin/demo/graphic/pc/p2/motion/p2_hrs0004_00_bundle/d160_p2_c007.tranm	records_decoded	331	60	1	8	976	6	a44d03195ed71de6		
bin/demo/graphic/pc/p2/motion/p2_hrs0004_00_bundle/d160_p2_c008.tranm	records_decoded	301	60	1	8	1482	3	e18ed2cf1e4b1808		
bin/demo/graphic/pc/p2/motion/p2_hrs0004_00_bundle/d170_p2_c001.tranm	records_decoded	121	60	0	7	200	6	4bb1ae56a5814e5f		
bin/demo/graphic/pc/p2/motion/p2_hrs0004_00_bundle/d170_p2_c002.tranm	records_decoded	111	60	0	8	689	3	383595b59cbfc7da		
bin/demo/graphic/pc/p2/motion/p2_hrs0004_00_bundle/d170_p2_c003.tranm	records_decoded	151	60	0	8	775	2	9b3d505687ba7999		
bin/demo/graphic/pc/p2/motion/p2_hrs0004_00_bundle/d170_p2_c004.tranm	records_decoded	151	60	0	8	635	5	91618bedb561a3d6		
bin/demo/graphic/pc/p2/motion/p2_hrs0004_00_bundle/d173-175_p2_c004.tranm	records_decoded	151	60	0	8	635	5	91618bedb561a3d6		
bin/demo/graphic/pc/p2/motion/p2_hrs0004_00_bundle/d176_p2_c001.tranm	records_decoded	121	60	0	8	356	7	3dc8465da45fbb8f		
bin/demo/graphic/pc/p2/motion/p2_hrs0004_00_bundle/d176_p2_c002.tranm	records_decoded	111	60	0	8	697	3	1f873e5b0a454107		
bin/demo/graphic/pc/p2/motion/p2_hrs0004_00_bundle/d176_p2_c003.tranm	records_decoded	151	60	0	7	766	2	014f39c696fbab35		
bin/demo/graphic/pc/p2/motion/p2_hrs0004_00_bundle/d176_p2_c004.tranm	records_decoded	151	60	0	8	634	5	a88fb0026b0e313d		
bin/demo/graphic/pc/p2/motion/p2_hrs0004_00_bundle/d200_p2_anim_c004.tranm	records_decoded	420	60	0	7	1254	6	1fd7a8a909338a01		
bin/demo/graphic/pc/p2/motion/p2_hrs0004_00_bundle/d200_p2_anim_c005.tranm	records_decoded	560	60	0	7	1169	6	88741df808dcc3e2		
bin/demo/graphic/pc/p2/motion/p2_hrs0004_00_bundle/d200_p2_anim_c006.tranm	records_decoded	70	60	0	62	649	6	1a731c4f81bc2d48		
bin/demo/graphic/pc/p2/motion/p2_hrs0004_00_bundle/d200_p2_anim_c007.tranm	records_decoded	710	60	0	7	1378	6	b7d49fd5d140db1a		
bin/demo/graphic/pc/p2/motion/p2_hrs0004_00_bundle/d200_p2_anim_c008.tranm	records_decoded	370	60	0	7	908	6	b3bcb038c978fcdd		
bin/demo/graphic/pc/p2/motion/p2_hrs0004_00_bundle/d200_p2_anim_c010.tranm	records_decoded	191	60	0	7	365	6	601cfb4394873e68		
bin/demo/graphic/pc/p2/motion/p2_hrs0004_00_bundle/d210_p2_anim_01.tranm	records_decoded	740	60	0	7	1000	7	595f2f744c60dfc7		
bin/demo/graphic/pc/p2/motion/p2_hrs0004_00_bundle/d210_p2_anim_02.tranm	records_decoded	80	60	0	7	359	3	2decb68a6a25aa17		
bin/demo/graphic/pc/p2/motion/p2_hrs0004_00_bundle/d210_p2_anim_03.tranm	records_decoded	311	60	0	7	1665	6	f5b2f8e79da4ab75		
bin/demo/graphic/pc/p2/motion/p2_hrs0004_00_bundle/d220_p2_anim_c01-c03.tranm	records_decoded	620	60	0	8	572	7	90062768e1b25442		
bin/demo/graphic/pc/p2/motion/p2_hrs0004_00_bundle/d220_p2_anim_c04-c09.tranm	records_decoded	650	60	0	8	1087	8	56ed9a1d576edf33		
bin/demo/graphic/pc/p2/motion/p2_hrs0004_00_bundle/d220_p2_anim_c10-c12.tranm	records_decoded	450	60	0	8	481	7	0bedb26bcc02f6b9		
bin/demo/graphic/pc/p2/motion/p2_hrs0004_00_bundle/d220_p2_anim_c13-c18.tranm	records_decoded	1030	60	0	8	1508	7	0ee818610df08339		
bin/demo/graphic/pc/p2/motion/p2_hrs0004_00_bundle/d220_p2_anim_c19-c20.tranm	records_decoded	300	60	0	8	1290	8	11222459f636e48a		
bin/demo/graphic/pc/p2/motion/p2_hrs0004_00_bundle/d220_p2_anim_c21-c23.tranm	records_decoded	1051	60	0	8	888	8	c3b667dafa24ef87		
bin/demo/graphic/pc/p2/motion/p2_hrs0004_00_bundle/d230_p2_anim_c01-c04.tranm	records_decoded	910	60	0	7	1355	6	4ba3b2208fbfef1a		
bin/demo/graphic/pc/p2/motion/p2_hrs0004_00_bundle/d230_p2_anim_c07-c09.tranm	records_decoded	241	60	0	7	617	6	40c56e975f35aad0		
bin/demo/graphic/pc/p2/motion/p2_hrs0004_00_bundle/d240_p2_c002.tranm	records_decoded	241	60	0	8	1300	3	4ebe032d5fce3980		
bin/demo/graphic/pc/p2/motion/p2_hrs0004_00_bundle/d240_p2_c004.tranm	records_decoded	151	60	0	8	894	2	ea6b3ff29979193f		
bin/demo/graphic/pc/p2/motion/p2_hrs0004_00_bundle/d240_p2_c005.tranm	records_decoded	281	60	1	8	1606	2	276e7f8168fd1759		
bin/demo/graphic/pc/p2/motion/p2_hrs0004_00_bundle/d240_p2_c007.tranm	records_decoded	111	60	0	8	664	2	5105cbfffb7c0b9e		
bin/demo/graphic/pc/p2/motion/p2_hrs0006_00_center/d020_p2_c001.tranm	records_decoded	501	60	0	3	764	3	8fe7b7c032b7e31a		
bin/demo/graphic/pc/p2/motion/p2_hrs0006_00_center/d020_p2_c002.tranm	records_decoded	241	60	0	3	555	3	afe91ec4fc3ec9bf		
bin/demo/graphic/pc/p2/motion/p2_hrs0006_00_center/d020_p2_c003.tranm	records_decoded	181	60	0	3	505	3	8b5ee16976a9b847		
bin/demo/graphic/pc/p2/motion/p2_hrs0006_00_center/d020_p2_c005.tranm	records_decoded	231	60	0	3	619	2	672622c0bd648ee8		
bin/demo/graphic/pc/p2/motion/p2_hrs0006_00_center/d020_p2_c007.tranm	records_decoded	211	60	0	3	170	4	c284d7df7c30f089		
bin/demo/graphic/pc/p2/motion/p2_hrs0006_00_center/d020_p2_c008.tranm	records_decoded	241	60	0	3	223	4	ad1ce61dba0e56f7		
bin/demo/graphic/pc/p2/motion/p2_hrs0006_00_center/d020_p2_c009.tranm	records_decoded	181	60	0	3	409	4	d2891eb0c3762a86		
bin/demo/graphic/pc/p2/motion/p2_hrs0006_00_center/d020_p2_c011.tranm	records_decoded	211	60	0	3	166	3	ff581c6762c6bd97		
bin/demo/graphic/pc/p2/motion/p2_hrs0006_00_center/d020_p2_c012.tranm	records_decoded	421	60	0	3	675	3	3c88b4bf30eeceeb		
bin/demo/graphic/pc/p2/motion/p2_hrs0006_00_center/d120_p2_anim.tranm	records_decoded	1461	60	0	5	1718	5	090a97a486fc89cd		
bin/demo/graphic/pc/p2/motion/p2_hrs0006_00_center/d130_p2_anim01.tranm	records_decoded	470	60	0	5	1316	6	c02114f088234d73		
bin/demo/graphic/pc/p2/motion/p2_hrs0006_00_center/d130_p2_anim02.tranm	records_decoded	80	60	0	5	214	3	2d9dd02e7915164d		
bin/demo/graphic/pc/p2/motion/p2_hrs0006_00_center/d140_p2_anim_01.tranm	records_decoded	120	60	0	5	181	4	8452f7e0f4e1bb4e		
bin/demo/graphic/pc/p2/motion/p2_hrs0006_00_center/d140_p2_anim_02.tranm	records_decoded	412	60	0	5	219	4	1deb89a9293a9ee6		
bin/demo/graphic/pc/p2/motion/p2_hrs0006_00_center/d140_p2_anim_03.tranm	records_decoded	390	60	0	5	642	4	b1d18f6c0f048ffe		
bin/demo/graphic/pc/p2/motion/p2_hrs0006_00_center/d141_p2_c001_anim.tranm	records_decoded	151	60	0	5	517	3	06dcf42a636a0aec		
bin/demo/graphic/pc/p2/motion/p2_hrs0006_00_center/d141_p2_c002_anim.tranm	records_decoded	231	60	0	5	348	5	9fa0d3dce9de76ff		
bin/demo/graphic/pc/p2/motion/p2_hrs0006_00_center/d141_p2_c004_anim.tranm	records_decoded	201	60	0	5	262	4	56b05bac30a67b02		
bin/demo/graphic/pc/p2/motion/p2_hrs0006_00_center/d150_p2_anim01.tranm	records_decoded	210	60	0	5	319	5	eec740332c3d4578		
bin/demo/graphic/pc/p2/motion/p2_hrs0006_00_center/d150_p2_anim02.tranm	records_decoded	132	60	0	5	295	4	4098b72e729d47a4		
bin/demo/graphic/pc/p2/motion/p2_hrs0006_00_center/d150_p2_anim03.tranm	records_decoded	101	60	0	3	26	2	1dacbd06ac8a9938		
bin/demo/graphic/pc/p2/motion/p2_hrs0006_00_center/d150_p2_anim04.tranm	records_decoded	80	60	0	5	257	7	cf4d9e6c00a7d9f4		
bin/demo/graphic/pc/p2/motion/p2_hrs0006_00_center/d160_p2_c001.tranm	records_decoded	241	60	0	5	410	3	13410417186c4441		
bin/demo/graphic/pc/p2/motion/p2_hrs0006_00_center/d160_p2_c002.tranm	records_decoded	131	60	1	5	369	3	2a7a16a61bab556a		
bin/demo/graphic/pc/p2/motion/p2_hrs0006_00_center/d160_p2_c003.tranm	records_decoded	151	60	1	3	122	2	05a9be3fa208c4de		
bin/demo/graphic/pc/p2/motion/p2_hrs0006_00_center/d160_p2_c004.tranm	records_decoded	181	60	1	5	673	1	f6e3611a56543107		
bin/demo/graphic/pc/p2/motion/p2_hrs0006_00_center/d160_p2_c005.tranm	records_decoded	181	60	1	5	549	2	a847775282734779		
bin/demo/graphic/pc/p2/motion/p2_hrs0006_00_center/d160_p2_c006.tranm	records_decoded	181	60	1	5	436	2	7539d677ef994722		
bin/demo/graphic/pc/p2/motion/p2_hrs0006_00_center/d160_p2_c007.tranm	records_decoded	331	60	1	5	637	3	644b8333d6cabf1c		
bin/demo/graphic/pc/p2/motion/p2_hrs0006_00_center/d160_p2_c008.tranm	records_decoded	301	60	1	5	1011	2	de10be3439358ce8		
bin/demo/graphic/pc/p2/motion/p2_hrs0006_00_center/d170_p2_c001.tranm	records_decoded	121	60	0	5	136	4	d5257cbb35dd9530		
bin/demo/graphic/pc/p2/motion/p2_hrs0006_00_center/d170_p2_c002.tranm	records_decoded	111	60	0	5	382	2	b8a5ed78367e7486		
bin/demo/graphic/pc/p2/motion/p2_hrs0006_00_center/d170_p2_c003.tranm	records_decoded	151	60	0	5	466	2	e2f5570a6743c098		
bin/demo/graphic/pc/p2/motion/p2_hrs0006_00_center/d170_p2_c004.tranm	records_decoded	151	60	0	5	262	4	e28dbbde99bdc562		
bin/demo/graphic/pc/p2/motion/p2_hrs0006_00_center/d173-175_p2_c004.tranm	records_decoded	151	60	0	5	262	4	e28dbbde99bdc562		
bin/demo/graphic/pc/p2/motion/p2_hrs0006_00_center/d176_p2_c001.tranm	records_decoded	121	60	0	5	193	4	46a6e1c6cc0c2102		
bin/demo/graphic/pc/p2/motion/p2_hrs0006_00_center/d176_p2_c002.tranm	records_decoded	111	60	0	5	390	2	e1d39dfc220b3789		
bin/demo/graphic/pc/p2/motion/p2_hrs0006_00_center/d176_p2_c003.tranm	records_decoded	151	60	0	5	460	2	c48ff2d15c4d3bd6		
bin/demo/graphic/pc/p2/motion/p2_hrs0006_00_center/d176_p2_c004.tranm	records_decoded	151	60	0	5	264	4	aeb553827349b521		
bin/demo/graphic/pc/p2/motion/p2_hrs0006_00_center/d200_p2_anim_c004.tranm	records_decoded	420	60	0	5	829	4	8134fa6d92da4395		
bin/demo/graphic/pc/p2/motion/p2_hrs0006_00_center/d200_p2_anim_c005.tranm	records_decoded	560	60	0	5	855	4	c701c40752e855e3		
bin/demo/graphic/pc/p2/motion/p2_hrs0006_00_center/d200_p2_anim_c006.tranm	records_decoded	70	60	0	62	649	6	1a731c4f81bc2d48		
bin/demo/graphic/pc/p2/motion/p2_hrs0006_00_center/d200_p2_anim_c007.tranm	records_decoded	710	60	0	5	911	4	869d0436ba966981		
bin/demo/graphic/pc/p2/motion/p2_hrs0006_00_center/d200_p2_anim_c008.tranm	records_decoded	370	60	0	5	622	4	64c6c4cc378a2b81		
bin/demo/graphic/pc/p2/motion/p2_hrs0006_00_center/d200_p2_anim_c010.tranm	records_decoded	191	60	0	5	245	4	862cb199544a68ea		
bin/demo/graphic/pc/p2/motion/p2_hrs0006_00_center/d210_p2_anim_01.tranm	records_decoded	740	60	0	4	596	4	dab523eb302a3ba1		
bin/demo/graphic/pc/p2/motion/p2_hrs0006_00_center/d210_p2_anim_02.tranm	records_decoded	80	60	0	4	113	3	98baac4864cf4e2a		
bin/demo/graphic/pc/p2/motion/p2_hrs0006_00_center/d210_p2_anim_03.tranm	records_decoded	311	60	0	4	1101	3	b343c2752e6f7293		
bin/demo/graphic/pc/p2/motion/p2_hrs0006_00_center/d220_p2_anim_c01-c03.tranm	records_decoded	620	60	0	5	408	4	383ddb3cd7e27d01		
bin/demo/graphic/pc/p2/motion/p2_hrs0006_00_center/d220_p2_anim_c04-c09.tranm	records_decoded	650	60	0	5	679	5	8b31d67d5b5dc753		
bin/demo/graphic/pc/p2/motion/p2_hrs0006_00_center/d220_p2_anim_c10-c12.tranm	records_decoded	450	60	0	5	329	5	71406bafc4000cbc		
bin/demo/graphic/pc/p2/motion/p2_hrs0006_00_center/d220_p2_anim_c13-c18.tranm	records_decoded	1030	60	0	5	919	4	e110101b7145c8a0		
bin/demo/graphic/pc/p2/motion/p2_hrs0006_00_center/d220_p2_anim_c19-c20.tranm	records_decoded	300	60	0	5	880	5	fb7b56d4f59581e3		
bin/demo/graphic/pc/p2/motion/p2_hrs0006_00_center/d220_p2_anim_c21-c23.tranm	records_decoded	1051	60	0	5	472	5	a8c7f750eaef951f		
bin/demo/graphic/pc/p2/motion/p2_hrs0006_00_center/d230_p2_anim_c01-c04.tranm	records_decoded	910	60	0	5	1077	4	6faaea3608258715		
bin/demo/graphic/pc/p2/motion/p2_hrs0006_00_center/d230_p2_anim_c07-c09.tranm	records_decoded	241	60	0	5	456	4	29647962884a5ff1		
bin/demo/graphic/pc/p2/motion/p2_hrs0006_00_center/d240_p2_c002.tranm	records_decoded	241	60	0	5	590	3	f373f98ff5c1f211		
bin/demo/graphic/pc/p2/motion/p2_hrs0006_00_center/d240_p2_c004.tranm	records_decoded	151	60	0	5	435	2	6dc94649d829fab2		
bin/demo/graphic/pc/p2/motion/p2_hrs0006_00_center/d240_p2_c005.tranm	records_decoded	281	60	1	5	757	2	edb0a098f35826e4		
bin/demo/graphic/pc/p2/motion/p2_hrs0006_00_center/d240_p2_c007.tranm	records_decoded	111	60	0	5	325	2	41f5397e03ebac83		
bin/demo/graphic/pc/p2/motion/p2_hrs0008_00_team/d020_p2_c001.tranm	records_decoded	501	60	0	7	782	5	79482f17f31d1366		
bin/demo/graphic/pc/p2/motion/p2_hrs0008_00_team/d020_p2_c002.tranm	records_decoded	241	60	0	5	561	3	d97d53cc7eb08fd1		
bin/demo/graphic/pc/p2/motion/p2_hrs0008_00_team/d020_p2_c003.tranm	records_decoded	181	60	0	6	514	3	b479ed71bf6920ad		
bin/demo/graphic/pc/p2/motion/p2_hrs0008_00_team/d020_p2_c005.tranm	records_decoded	231	60	0	5	628	3	385fe2f9d0e8396e		
bin/demo/graphic/pc/p2/motion/p2_hrs0008_00_team/d020_p2_c007.tranm	records_decoded	211	60	0	6	185	6	abbc27acfa721e40		
bin/demo/graphic/pc/p2/motion/p2_hrs0008_00_team/d020_p2_c008.tranm	records_decoded	241	60	0	6	238	6	8dfca2a04def445a		
bin/demo/graphic/pc/p2/motion/p2_hrs0008_00_team/d020_p2_c009.tranm	records_decoded	181	60	0	6	424	6	7ae69a0e26f6f177		
bin/demo/graphic/pc/p2/motion/p2_hrs0008_00_team/d020_p2_c011.tranm	records_decoded	211	60	0	5	178	5	922226cef07b2a8e		
bin/demo/graphic/pc/p2/motion/p2_hrs0008_00_team/d020_p2_c012.tranm	records_decoded	421	60	0	6	690	5	3ac7633fd8144986		
bin/demo/graphic/pc/p2/motion/p2_hrs0008_00_team/d120_p2_anim.tranm	records_decoded	1461	60	0	7	2652	7	0e581f59d625cf67		
bin/demo/graphic/pc/p2/motion/p2_hrs0008_00_team/d130_p2_anim01.tranm	records_decoded	470	60	0	7	2131	7	395b469006912599		
bin/demo/graphic/pc/p2/motion/p2_hrs0008_00_team/d130_p2_anim02.tranm	records_decoded	80	60	0	7	256	5	302f91bf6835621a		
bin/demo/graphic/pc/p2/motion/p2_hrs0008_00_team/d140_p2_anim_01.tranm	records_decoded	120	60	0	6	237	5	417e461125bfd0fa		
bin/demo/graphic/pc/p2/motion/p2_hrs0008_00_team/d140_p2_anim_02.tranm	records_decoded	412	60	0	6	315	5	01d3eebb963c21a9		
bin/demo/graphic/pc/p2/motion/p2_hrs0008_00_team/d140_p2_anim_03.tranm	records_decoded	390	60	0	7	1043	8	958aeea1771dc5f9		
bin/demo/graphic/pc/p2/motion/p2_hrs0008_00_team/d141_p2_c001_anim.tranm	records_decoded	151	60	0	7	631	5	432a2d2fa778f394		
bin/demo/graphic/pc/p2/motion/p2_hrs0008_00_team/d141_p2_c002_anim.tranm	records_decoded	231	60	0	7	451	6	a0e17039a4f9b94d		
bin/demo/graphic/pc/p2/motion/p2_hrs0008_00_team/d141_p2_c004_anim.tranm	records_decoded	201	60	0	7	343	5	bfdd6d51b1431646		
bin/demo/graphic/pc/p2/motion/p2_hrs0008_00_team/d150_p2_anim01.tranm	records_decoded	210	60	0	7	417	5	38b4b590d67d760e		
bin/demo/graphic/pc/p2/motion/p2_hrs0008_00_team/d150_p2_anim02.tranm	records_decoded	132	60	0	7	436	7	422989da8b6e0b87		
bin/demo/graphic/pc/p2/motion/p2_hrs0008_00_team/d150_p2_anim03.tranm	records_decoded	101	60	0	6	35	2	edbca696a25a470a		
bin/demo/graphic/pc/p2/motion/p2_hrs0008_00_team/d150_p2_anim04.tranm	records_decoded	80	60	0	7	362	6	b5afc78f1a56fca5		
bin/demo/graphic/pc/p2/motion/p2_hrs0008_00_team/d160_p2_c001.tranm	records_decoded	241	60	0	7	402	5	40b4052a39ab82ae		
bin/demo/graphic/pc/p2/motion/p2_hrs0008_00_team/d160_p2_c002.tranm	records_decoded	131	60	1	7	521	5	1fd44cacbad4a025		
bin/demo/graphic/pc/p2/motion/p2_hrs0008_00_team/d160_p2_c003.tranm	records_decoded	151	60	1	6	137	4	e263ad2f37973093		
bin/demo/graphic/pc/p2/motion/p2_hrs0008_00_team/d160_p2_c004.tranm	records_decoded	181	60	1	7	1039	1	ac9b3ad8b9b4844e		
bin/demo/graphic/pc/p2/motion/p2_hrs0008_00_team/d160_p2_c005.tranm	records_decoded	181	60	1	7	804	4	d9d872dded398df3		
bin/demo/graphic/pc/p2/motion/p2_hrs0008_00_team/d160_p2_c006.tranm	records_decoded	181	60	1	7	615	4	f7f0741cb8fbdcba		
bin/demo/graphic/pc/p2/motion/p2_hrs0008_00_team/d160_p2_c007.tranm	records_decoded	331	60	1	7	890	5	c941d43ed91082c9		
bin/demo/graphic/pc/p2/motion/p2_hrs0008_00_team/d160_p2_c008.tranm	records_decoded	301	60	1	7	1495	3	d5c8b2038d68c9ab		
bin/demo/graphic/pc/p2/motion/p2_hrs0008_00_team/d170_p2_c001.tranm	records_decoded	121	60	0	7	150	5	7e3c28af0e088fc6		
bin/demo/graphic/pc/p2/motion/p2_hrs0008_00_team/d170_p2_c002.tranm	records_decoded	111	60	0	7	608	2	4bd73cbe9d1e91a1		
bin/demo/graphic/pc/p2/motion/p2_hrs0008_00_team/d170_p2_c003.tranm	records_decoded	151	60	0	7	622	2	91e794dcf758f8dc		
bin/demo/graphic/pc/p2/motion/p2_hrs0008_00_team/d170_p2_c004.tranm	records_decoded	151	60	0	7	557	4	0e9363279518a270		
bin/demo/graphic/pc/p2/motion/p2_hrs0008_00_team/d173-175_p2_c004.tranm	records_decoded	151	60	0	7	557	4	0e9363279518a270		
bin/demo/graphic/pc/p2/motion/p2_hrs0008_00_team/d176_p2_c001.tranm	records_decoded	121	60	0	7	528	3	92853ee7c783cb33		
bin/demo/graphic/pc/p2/motion/p2_hrs0008_00_team/d176_p2_c002.tranm	records_decoded	111	60	0	7	616	2	13a5018ac8a6d8e0		
bin/demo/graphic/pc/p2/motion/p2_hrs0008_00_team/d176_p2_c003.tranm	records_decoded	151	60	0	6	613	2	145f7cd00565f00a		
bin/demo/graphic/pc/p2/motion/p2_hrs0008_00_team/d176_p2_c004.tranm	records_decoded	151	60	0	7	573	4	310fc830c6eefe74		
bin/demo/graphic/pc/p2/motion/p2_hrs0008_00_team/d200_p2_anim_c004.tranm	records_decoded	420	60	0	7	1277	6	f569039d9c8845d5		
bin/demo/graphic/pc/p2/motion/p2_hrs0008_00_team/d200_p2_anim_c005.tranm	records_decoded	560	60	0	7	1351	6	c4ce1249e7b9f9c7		
bin/demo/graphic/pc/p2/motion/p2_hrs0008_00_team/d200_p2_anim_c006.tranm	records_decoded	70	60	0	62	649	6	1a731c4f81bc2d48		
bin/demo/graphic/pc/p2/motion/p2_hrs0008_00_team/d200_p2_anim_c007.tranm	records_decoded	710	60	0	7	1460	6	9693904803c71a95		
bin/demo/graphic/pc/p2/motion/p2_hrs0008_00_team/d200_p2_anim_c008.tranm	records_decoded	370	60	0	7	1196	6	0306059b559533fe		
bin/demo/graphic/pc/p2/motion/p2_hrs0008_00_team/d200_p2_anim_c010.tranm	records_decoded	191	60	0	6	324	5	2d7f802b69bd279e		
bin/demo/graphic/pc/p2/motion/p2_hrs0008_00_team/d210_p2_anim_01.tranm	records_decoded	740	60	0	7	859	6	193656db8d714364		
bin/demo/graphic/pc/p2/motion/p2_hrs0008_00_team/d210_p2_anim_02.tranm	records_decoded	80	60	0	7	283	4	ccfd58d6fac229c5		
bin/demo/graphic/pc/p2/motion/p2_hrs0008_00_team/d210_p2_anim_03.tranm	records_decoded	311	60	0	7	1461	5	f25e859c7ab3a80a		
bin/demo/graphic/pc/p2/motion/p2_hrs0008_00_team/d220_p2_anim_c01-c03.tranm	records_decoded	620	60	0	7	498	6	e2e978e13efd2140		
bin/demo/graphic/pc/p2/motion/p2_hrs0008_00_team/d220_p2_anim_c04-c09.tranm	records_decoded	650	60	0	7	997	7	aed27970b2f8dba5		
bin/demo/graphic/pc/p2/motion/p2_hrs0008_00_team/d220_p2_anim_c10-c12.tranm	records_decoded	450	60	0	7	434	7	78493db9cbe7622b		
bin/demo/graphic/pc/p2/motion/p2_hrs0008_00_team/d220_p2_anim_c13-c18.tranm	records_decoded	1030	60	0	7	1349	6	610a0815e9b95ecb		
bin/demo/graphic/pc/p2/motion/p2_hrs0008_00_team/d220_p2_anim_c19-c20.tranm	records_decoded	300	60	0	7	1093	7	553b4d66c55c23cb		
bin/demo/graphic/pc/p2/motion/p2_hrs0008_00_team/d220_p2_anim_c21-c23.tranm	records_decoded	1051	60	0	7	850	7	4a69cfe3a41f85af		
bin/demo/graphic/pc/p2/motion/p2_hrs0008_00_team/d230_p2_anim_c01-c04.tranm	records_decoded	910	60	0	7	1393	6	604eea3a163def5f		
bin/demo/graphic/pc/p2/motion/p2_hrs0008_00_team/d230_p2_anim_c07-c09.tranm	records_decoded	241	60	0	7	732	6	ddff264a135f9b00		
bin/demo/graphic/pc/p2/motion/p2_hrs0008_00_team/d240_p2_c002.tranm	records_decoded	241	60	0	7	1166	2	74218828f05edad1		
bin/demo/graphic/pc/p2/motion/p2_hrs0008_00_team/d240_p2_c004.tranm	records_decoded	151	60	0	7	741	2	35c67552782da068		
bin/demo/graphic/pc/p2/motion/p2_hrs0008_00_team/d240_p2_c005.tranm	records_decoded	281	60	1	7	1323	2	497b190707adbb1b		
bin/demo/graphic/pc/p2/motion/p2_hrs0008_00_team/d240_p2_c007.tranm	records_decoded	111	60	0	7	551	2	30399cc4faf1dba7		
bin/demo/graphic/pc/p2/motion/p2_hrs0009_00_blindfold/d020_p2_c001.tranm	records_decoded	501	60	0	4	767	3	b6783b922d48d7c6		
bin/demo/graphic/pc/p2/motion/p2_hrs0009_00_blindfold/d020_p2_c002.tranm	records_decoded	241	60	0	3	555	3	afe91ec4fc3ec9bf		
bin/demo/graphic/pc/p2/motion/p2_hrs0009_00_blindfold/d020_p2_c003.tranm	records_decoded	181	60	0	3	505	3	8b5ee16976a9b847		
bin/demo/graphic/pc/p2/motion/p2_hrs0009_00_blindfold/d020_p2_c005.tranm	records_decoded	231	60	0	3	619	2	672622c0bd648ee8		
bin/demo/graphic/pc/p2/motion/p2_hrs0009_00_blindfold/d020_p2_c007.tranm	records_decoded	211	60	0	3	170	4	c284d7df7c30f089		
bin/demo/graphic/pc/p2/motion/p2_hrs0009_00_blindfold/d020_p2_c008.tranm	records_decoded	241	60	0	3	223	4	ad1ce61dba0e56f7		
bin/demo/graphic/pc/p2/motion/p2_hrs0009_00_blindfold/d020_p2_c009.tranm	records_decoded	181	60	0	3	409	4	d2891eb0c3762a86		
bin/demo/graphic/pc/p2/motion/p2_hrs0009_00_blindfold/d020_p2_c011.tranm	records_decoded	211	60	0	3	166	3	ff581c6762c6bd97		
bin/demo/graphic/pc/p2/motion/p2_hrs0009_00_blindfold/d020_p2_c012.tranm	records_decoded	421	60	0	3	675	3	3c88b4bf30eeceeb		
bin/demo/graphic/pc/p2/motion/p2_hrs0009_00_blindfold/d120_p2_anim.tranm	records_decoded	1461	60	0	4	1277	4	d0fe3307b72978fa		
bin/demo/graphic/pc/p2/motion/p2_hrs0009_00_blindfold/d130_p2_anim01.tranm	records_decoded	470	60	0	4	976	5	0335bcfbd67aa82c		
bin/demo/graphic/pc/p2/motion/p2_hrs0009_00_blindfold/d130_p2_anim02.tranm	records_decoded	80	60	0	4	153	2	8b405a1e06395ba4		
bin/demo/graphic/pc/p2/motion/p2_hrs0009_00_blindfold/d140_p2_anim_01.tranm	records_decoded	120	60	0	4	142	3	b138790e5608c113		
bin/demo/graphic/pc/p2/motion/p2_hrs0009_00_blindfold/d140_p2_anim_02.tranm	records_decoded	412	60	0	4	164	3	4e366946511401b1		
bin/demo/graphic/pc/p2/motion/p2_hrs0009_00_blindfold/d140_p2_anim_03.tranm	records_decoded	390	60	0	4	344	3	0640f75a8b2ac11c		
bin/demo/graphic/pc/p2/motion/p2_hrs0009_00_blindfold/d141_p2_c001_anim.tranm	records_decoded	151	60	0	4	447	2	3ca5ccc329be4ba7		
bin/demo/graphic/pc/p2/motion/p2_hrs0009_00_blindfold/d141_p2_c002_anim.tranm	records_decoded	231	60	0	3	203	3	21748d0e0eea7091		
bin/demo/graphic/pc/p2/motion/p2_hrs0009_00_blindfold/d141_p2_c004_anim.tranm	records_decoded	201	60	0	4	196	3	d4d9367a4f26bd3c		
bin/demo/graphic/pc/p2/motion/p2_hrs0009_00_blindfold/d150_p2_anim01.tranm	records_decoded	210	60	0	4	265	3	789c8946db15d0bb		
bin/demo/graphic/pc/p2/motion/p2_hrs0009_00_blindfold/d150_p2_anim02.tranm	records_decoded	132	60	0	4	228	3	74a4a7b263d32975		
bin/demo/graphic/pc/p2/motion/p2_hrs0009_00_blindfold/d150_p2_anim03.tranm	records_decoded	101	60	0	3	26	2	1dacbd06ac8a9938		
bin/demo/graphic/pc/p2/motion/p2_hrs0009_00_blindfold/d150_p2_anim04.tranm	records_decoded	80	60	0	4	163	4	7000c1c7b7be9a85		
bin/demo/graphic/pc/p2/motion/p2_hrs0009_00_blindfold/d160_p2_c001.tranm	records_decoded	241	60	0	4	190	3	cc3d834d6a1f88a4		
bin/demo/graphic/pc/p2/motion/p2_hrs0009_00_blindfold/d160_p2_c002.tranm	records_decoded	131	60	1	4	232	3	04bbdf5004731821		
bin/demo/graphic/pc/p2/motion/p2_hrs0009_00_blindfold/d160_p2_c003.tranm	records_decoded	151	60	1	3	122	2	05a9be3fa208c4de		
bin/demo/graphic/pc/p2/motion/p2_hrs0009_00_blindfold/d160_p2_c004.tranm	records_decoded	181	60	1	4	490	1	f2e07c1c2b1e5755		
bin/demo/graphic/pc/p2/motion/p2_hrs0009_00_blindfold/d160_p2_c005.tranm	records_decoded	181	60	1	4	366	2	2cbc3000b05a1c89		
bin/demo/graphic/pc/p2/motion/p2_hrs0009_00_blindfold/d160_p2_c006.tranm	records_decoded	181	60	1	4	194	3	fc1bc4bf32a1b724		
bin/demo/graphic/pc/p2/motion/p2_hrs0009_00_blindfold/d160_p2_c007.tranm	records_decoded	331	60	1	4	438	2	3cb45e3a14f28de1		
bin/demo/graphic/pc/p2/motion/p2_hrs0009_00_blindfold/d160_p2_c008.tranm	records_decoded	301	60	1	4	708	2	842e4331462b111a		
bin/demo/graphic/pc/p2/motion/p2_hrs0009_00_blindfold/d170_p2_c001.tranm	records_decoded	121	60	0	4	92	3	e90b9ec6a5989cfd		
bin/demo/graphic/pc/p2/motion/p2_hrs0009_00_blindfold/d170_p2_c002.tranm	records_decoded	111	60	0	4	269	2	21268d5687ab0011		
bin/demo/graphic/pc/p2/motion/p2_hrs0009_00_blindfold/d170_p2_c003.tranm	records_decoded	151	60	0	4	313	2	fc3643c334bdcf2d		
bin/demo/graphic/pc/p2/motion/p2_hrs0009_00_blindfold/d170_p2_c004.tranm	records_decoded	151	60	0	4	157	3	79e019f6ee8bd615		
bin/demo/graphic/pc/p2/motion/p2_hrs0009_00_blindfold/d173-175_p2_c004.tranm	records_decoded	151	60	0	4	157	3	79e019f6ee8bd615		
bin/demo/graphic/pc/p2/motion/p2_hrs0009_00_blindfold/d176_p2_c001.tranm	records_decoded	121	60	0	4	154	3	0d457e218055ac1b		
bin/demo/graphic/pc/p2/motion/p2_hrs0009_00_blindfold/d176_p2_c002.tranm	records_decoded	111	60	0	4	277	2	8be019f7964d6c76		
bin/demo/graphic/pc/p2/motion/p2_hrs0009_00_blindfold/d176_p2_c003.tranm	records_decoded	151	60	0	4	307	2	c32034a544a7546a		
bin/demo/graphic/pc/p2/motion/p2_hrs0009_00_blindfold/d176_p2_c004.tranm	records_decoded	151	60	0	4	156	3	3a0cf78a1b0e366b		
bin/demo/graphic/pc/p2/motion/p2_hrs0009_00_blindfold/d200_p2_anim_c004.tranm	records_decoded	420	60	0	4	620	3	af4206f422bad439		
bin/demo/graphic/pc/p2/motion/p2_hrs0009_00_blindfold/d200_p2_anim_c005.tranm	records_decoded	560	60	0	4	627	3	8bbf4032657fea82		
bin/demo/graphic/pc/p2/motion/p2_hrs0009_00_blindfold/d200_p2_anim_c006.tranm	records_decoded	70	60	0	62	649	6	1a731c4f81bc2d48		
bin/demo/graphic/pc/p2/motion/p2_hrs0009_00_blindfold/d200_p2_anim_c007.tranm	records_decoded	710	60	0	4	681	3	a2849711964057b6		
bin/demo/graphic/pc/p2/motion/p2_hrs0009_00_blindfold/d200_p2_anim_c008.tranm	records_decoded	370	60	0	4	496	3	ba9aea9ccf3226e6		
bin/demo/graphic/pc/p2/motion/p2_hrs0009_00_blindfold/d200_p2_anim_c010.tranm	records_decoded	191	60	0	4	186	3	a1367f3d3d59f3c6		
bin/demo/graphic/pc/p2/motion/p2_hrs0009_00_blindfold/d210_p2_anim_01.tranm	records_decoded	740	60	0	3	535	3	19bbb60e504f6c4b		
bin/demo/graphic/pc/p2/motion/p2_hrs0009_00_blindfold/d210_p2_anim_02.tranm	records_decoded	80	60	0	3	107	2	d2ab20db56f4729a		
bin/demo/graphic/pc/p2/motion/p2_hrs0009_00_blindfold/d210_p2_anim_03.tranm	records_decoded	311	60	0	3	926	2	dacde2d19eb45c73		
bin/demo/graphic/pc/p2/motion/p2_hrs0009_00_blindfold/d220_p2_anim_c01-c03.tranm	records_decoded	620	60	0	4	379	3	e98a90ad403bc333		
bin/demo/graphic/pc/p2/motion/p2_hrs0009_00_blindfold/d220_p2_anim_c04-c09.tranm	records_decoded	650	60	0	4	502	4	f565d64ee1a59c40		
bin/demo/graphic/pc/p2/motion/p2_hrs0009_00_blindfold/d220_p2_anim_c10-c12.tranm	records_decoded	450	60	0	4	278	4	c63d09549fb7a727		
bin/demo/graphic/pc/p2/motion/p2_hrs0009_00_blindfold/d220_p2_anim_c13-c18.tranm	records_decoded	1030	60	0	4	645	3	24c6587e47033979		
bin/demo/graphic/pc/p2/motion/p2_hrs0009_00_blindfold/d220_p2_anim_c19-c20.tranm	records_decoded	300	60	0	4	589	4	9b4a2c6834bfe630		
bin/demo/graphic/pc/p2/motion/p2_hrs0009_00_blindfold/d220_p2_anim_c21-c23.tranm	records_decoded	1051	60	0	4	358	4	2929323656504d54		
bin/demo/graphic/pc/p2/motion/p2_hrs0009_00_blindfold/d230_p2_anim_c01-c04.tranm	records_decoded	910	60	0	4	858	3	36d0e983ed56d6d9		
bin/demo/graphic/pc/p2/motion/p2_hrs0009_00_blindfold/d230_p2_anim_c07-c09.tranm	records_decoded	241	60	0	4	380	3	21c5d6ba7a54f700		
bin/demo/graphic/pc/p2/motion/p2_hrs0009_00_blindfold/d240_p2_c002.tranm	records_decoded	241	60	0	4	437	2	abd66898bf590ad6		
bin/demo/graphic/pc/p2/motion/p2_hrs0009_00_blindfold/d240_p2_c004.tranm	records_decoded	151	60	0	4	282	2	a9c016bbb2916227		
bin/demo/graphic/pc/p2/motion/p2_hrs0009_00_blindfold/d240_p2_c005.tranm	records_decoded	281	60	1	4	474	2	292c667e5682f9ac		
bin/demo/graphic/pc/p2/motion/p2_hrs0009_00_blindfold/d240_p2_c007.tranm	records_decoded	111	60	0	4	212	2	c7d28291f07cce62		
bin/demo/graphic/pc/p2/motion/p2_hrs0010_00_twintail/d020_p2_c001.tranm	records_decoded	501	60	0	7	776	3	711c05e88a14a5e4		
bin/demo/graphic/pc/p2/motion/p2_hrs0010_00_twintail/d020_p2_c002.tranm	records_decoded	241	60	0	4	558	3	cc770d66424598ad		
bin/demo/graphic/pc/p2/motion/p2_hrs0010_00_twintail/d020_p2_c003.tranm	records_decoded	181	60	0	6	514	3	b5276eab01d2b83b		
bin/demo/graphic/pc/p2/motion/p2_hrs0010_00_twintail/d020_p2_c005.tranm	records_decoded	231	60	0	6	628	2	3fd2540ab15699f8		
bin/demo/graphic/pc/p2/motion/p2_hrs0010_00_twintail/d020_p2_c007.tranm	records_decoded	211	60	0	6	179	4	4c56b7d35643fdfd		
bin/demo/graphic/pc/p2/motion/p2_hrs0010_00_twintail/d020_p2_c008.tranm	records_decoded	241	60	0	6	232	4	6d41d489fc6cc2fb		
bin/demo/graphic/pc/p2/motion/p2_hrs0010_00_twintail/d020_p2_c009.tranm	records_decoded	181	60	0	6	418	4	35afa97afd072d7e		
bin/demo/graphic/pc/p2/motion/p2_hrs0010_00_twintail/d020_p2_c011.tranm	records_decoded	211	60	0	5	172	3	0168025a06025f99		
bin/demo/graphic/pc/p2/motion/p2_hrs0010_00_twintail/d020_p2_c012.tranm	records_decoded	421	60	0	6	684	3	d308adb7f8d4deb7		
bin/demo/graphic/pc/p2/motion/p2_hrs0010_00_twintail/d120_p2_anim.tranm	records_decoded	1461	60	0	8	2970	8	55a76250f40e99e7		
bin/demo/graphic/pc/p2/motion/p2_hrs0010_00_twintail/d130_p2_anim01.tranm	records_decoded	470	60	0	8	2377	8	c74a5c52ac600364		
bin/demo/graphic/pc/p2/motion/p2_hrs0010_00_twintail/d130_p2_anim02.tranm	records_decoded	80	60	0	8	290	6	35ba5d05369b0365		
bin/demo/graphic/pc/p2/motion/p2_hrs0010_00_twintail/d140_p2_anim_01.tranm	records_decoded	120	60	0	8	364	9	ebffba42ba41f5e1		
bin/demo/graphic/pc/p2/motion/p2_hrs0010_00_twintail/d140_p2_anim_02.tranm	records_decoded	412	60	0	8	455	7	821161a37094d584		
bin/demo/graphic/pc/p2/motion/p2_hrs0010_00_twintail/d140_p2_anim_03.tranm	records_decoded	390	60	0	8	1299	10	b6ce74c0bf1cbfaa		
bin/demo/graphic/pc/p2/motion/p2_hrs0010_00_twintail/d141_p2_c001_anim.tranm	records_decoded	151	60	0	8	747	6	375518c631d818ad		
bin/demo/graphic/pc/p2/motion/p2_hrs0010_00_twintail/d141_p2_c002_anim.tranm	records_decoded	231	60	0	8	536	7	89246f072e1a16df		
bin/demo/graphic/pc/p2/motion/p2_hrs0010_00_twintail/d141_p2_c004_anim.tranm	records_decoded	201	60	0	8	330	6	cb42bd0c9a71b5d6		
bin/demo/graphic/pc/p2/motion/p2_hrs0010_00_twintail/d150_p2_anim01.tranm	records_decoded	210	60	0	8	554	7	6eba07cbefd089f3		
bin/demo/graphic/pc/p2/motion/p2_hrs0010_00_twintail/d150_p2_anim02.tranm	records_decoded	132	60	0	8	495	7	634222522c196fba		
bin/demo/graphic/pc/p2/motion/p2_hrs0010_00_twintail/d150_p2_anim03.tranm	records_decoded	101	60	0	6	35	2	7dfc4fb215e38934		
bin/demo/graphic/pc/p2/motion/p2_hrs0010_00_twintail/d150_p2_anim04.tranm	records_decoded	80	60	0	8	457	5	94b36af6c12601cf		
bin/demo/graphic/pc/p2/motion/p2_hrs0010_00_twintail/d160_p2_c001.tranm	records_decoded	241	60	0	8	546	6	c329a51d2d8566a1		
bin/demo/graphic/pc/p2/motion/p2_hrs0010_00_twintail/d160_p2_c002.tranm	records_decoded	131	60	1	8	701	4	64e08fac4b8f7d57		
bin/demo/graphic/pc/p2/motion/p2_hrs0010_00_twintail/d160_p2_c003.tranm	records_decoded	151	60	1	6	131	2	9f109ee704e5f20a		
bin/demo/graphic/pc/p2/motion/p2_hrs0010_00_twintail/d160_p2_c004.tranm	records_decoded	181	60	1	8	1222	1	e05bee53da83c4f3		
bin/demo/graphic/pc/p2/motion/p2_hrs0010_00_twintail/d160_p2_c005.tranm	records_decoded	181	60	1	8	993	4	43b8eff2fd2c76ea		
bin/demo/graphic/pc/p2/motion/p2_hrs0010_00_twintail/d160_p2_c006.tranm	records_decoded	181	60	1	8	825	4	7d281ee10af37ba3		
bin/demo/graphic/pc/p2/motion/p2_hrs0010_00_twintail/d160_p2_c007.tranm	records_decoded	331	60	1	8	1295	5	507689ea991fa621		
bin/demo/graphic/pc/p2/motion/p2_hrs0010_00_twintail/d160_p2_c008.tranm	records_decoded	301	60	1	8	1798	3	4d1b6f59cc18a7a9		
bin/demo/graphic/pc/p2/motion/p2_hrs0010_00_twintail/d170_p2_c001.tranm	records_decoded	121	60	0	8	200	7	5309d46c45f09a36		
bin/demo/graphic/pc/p2/motion/p2_hrs0010_00_twintail/d170_p2_c002.tranm	records_decoded	111	60	0	8	611	2	c5a43299bb34260e		
bin/demo/graphic/pc/p2/motion/p2_hrs0010_00_twintail/d170_p2_c003.tranm	records_decoded	151	60	0	8	775	2	e3640a15acadda26		
bin/demo/graphic/pc/p2/motion/p2_hrs0010_00_twintail/d170_p2_c004.tranm	records_decoded	151	60	0	8	683	5	a214ff229bd0f200		
bin/demo/graphic/pc/p2/motion/p2_hrs0010_00_twintail/d173-175_p2_c004.tranm	records_decoded	151	60	0	8	683	5	a214ff229bd0f200		
bin/demo/graphic/pc/p2/motion/p2_hrs0010_00_twintail/d176_p2_c001.tranm	records_decoded	121	60	0	8	554	5	944f73e52b3cf693		
bin/demo/graphic/pc/p2/motion/p2_hrs0010_00_twintail/d176_p2_c002.tranm	records_decoded	111	60	0	8	729	2	d51645149c9d7118		
bin/demo/graphic/pc/p2/motion/p2_hrs0010_00_twintail/d176_p2_c003.tranm	records_decoded	151	60	0	7	766	2	05f759aea5322d86		
bin/demo/graphic/pc/p2/motion/p2_hrs0010_00_twintail/d176_p2_c004.tranm	records_decoded	151	60	0	8	686	5	1201197b6248bc61		
bin/demo/graphic/pc/p2/motion/p2_hrs0010_00_twintail/d200_p2_anim_c004.tranm	records_decoded	420	60	0	8	1717	6	16245d3075a8f0b7		
bin/demo/graphic/pc/p2/motion/p2_hrs0010_00_twintail/d200_p2_anim_c005.tranm	records_decoded	560	60	0	8	1606	7	f6708feb284e2893		
bin/demo/graphic/pc/p2/motion/p2_hrs0010_00_twintail/d200_p2_anim_c006.tranm	records_decoded	70	60	0	62	649	6	1a731c4f81bc2d48		
bin/demo/graphic/pc/p2/motion/p2_hrs0010_00_twintail/d200_p2_anim_c007.tranm	records_decoded	710	60	0	8	1729	7	b377d1a6ef7cbf41		
bin/demo/graphic/pc/p2/motion/p2_hrs0010_00_twintail/d200_p2_anim_c008.tranm	records_decoded	370	60	0	8	903	5	f9c6648a8eb5bbe1		
bin/demo/graphic/pc/p2/motion/p2_hrs0010_00_twintail/d200_p2_anim_c010.tranm	records_decoded	191	60	0	7	396	6	531318077de4320f		
bin/demo/graphic/pc/p2/motion/p2_hrs0010_00_twintail/d210_p2_anim_01.tranm	records_decoded	740	60	0	8	1211	8	c96e3263becff130		
bin/demo/graphic/pc/p2/motion/p2_hrs0010_00_twintail/d210_p2_anim_02.tranm	records_decoded	80	60	0	8	441	3	3619a22c28d2bc05		
bin/demo/graphic/pc/p2/motion/p2_hrs0010_00_twintail/d210_p2_anim_03.tranm	records_decoded	311	60	0	8	1862	7	5ecf3fe020742e7e		
bin/demo/graphic/pc/p2/motion/p2_hrs0010_00_twintail/d220_p2_anim_c01-c03.tranm	records_decoded	620	60	0	8	570	7	3004651b91d59011		
bin/demo/graphic/pc/p2/motion/p2_hrs0010_00_twintail/d220_p2_anim_c04-c09.tranm	records_decoded	650	60	0	8	1161	8	0e113945bc05df83		
bin/demo/graphic/pc/p2/motion/p2_hrs0010_00_twintail/d220_p2_anim_c10-c12.tranm	records_decoded	450	60	0	8	526	8	b400297d7e624943		
bin/demo/graphic/pc/p2/motion/p2_hrs0010_00_twintail/d220_p2_anim_c13-c18.tranm	records_decoded	1030	60	0	8	1611	7	e4fbe696c9303e1c		
bin/demo/graphic/pc/p2/motion/p2_hrs0010_00_twintail/d220_p2_anim_c19-c20.tranm	records_decoded	300	60	0	8	1400	8	74880fa914741715		
bin/demo/graphic/pc/p2/motion/p2_hrs0010_00_twintail/d220_p2_anim_c21-c23.tranm	records_decoded	1051	60	0	8	841	8	66b90d43acf86c43		
bin/demo/graphic/pc/p2/motion/p2_hrs0010_00_twintail/d230_p2_anim_c01-c04.tranm	records_decoded	910	60	0	8	1713	7	976a4e925a48e993		
bin/demo/graphic/pc/p2/motion/p2_hrs0010_00_twintail/d230_p2_anim_c07-c09.tranm	records_decoded	241	60	0	8	745	7	1fd2d8adb5dcd67a		
bin/demo/graphic/pc/p2/motion/p2_hrs0010_00_twintail/d240_p2_c002.tranm	records_decoded	241	60	0	8	1409	2	46a2f9f2444771f0		
bin/demo/graphic/pc/p2/motion/p2_hrs0010_00_twintail/d240_p2_c004.tranm	records_decoded	151	60	0	8	894	2	a3d91bf1932b94e2		
bin/demo/graphic/pc/p2/motion/p2_hrs0010_00_twintail/d240_p2_c005.tranm	records_decoded	281	60	1	8	1606	2	fc2d510f9c5c8124		
bin/demo/graphic/pc/p2/motion/p2_hrs0010_00_twintail/d240_p2_c007.tranm	records_decoded	111	60	0	8	664	2	1c9838236803f3af		
bin/demo/graphic/pc/p2/motion/p2_hrs0014_00_ar/d020_p2_c001.tranm	records_decoded	501	60	0	8	782	4	20a69828c87c3c67		
bin/demo/graphic/pc/p2/motion/p2_hrs0014_00_ar/d020_p2_c002.tranm	records_decoded	241	60	0	4	558	3	1df9e63a41ba8685		
bin/demo/graphic/pc/p2/motion/p2_hrs0014_00_ar/d020_p2_c003.tranm	records_decoded	181	60	0	4	508	3	d708deaed1bd6441		
bin/demo/graphic/pc/p2/motion/p2_hrs0014_00_ar/d020_p2_c005.tranm	records_decoded	231	60	0	4	622	2	8323792c45cfef14		
bin/demo/graphic/pc/p2/motion/p2_hrs0014_00_ar/d020_p2_c007.tranm	records_decoded	211	60	0	4	173	4	3040e4d886077867		
bin/demo/graphic/pc/p2/motion/p2_hrs0014_00_ar/d020_p2_c008.tranm	records_decoded	241	60	0	4	226	4	907b4f38ec700f3d		
bin/demo/graphic/pc/p2/motion/p2_hrs0014_00_ar/d020_p2_c009.tranm	records_decoded	181	60	0	4	412	4	8fe776e277b598d6		
bin/demo/graphic/pc/p2/motion/p2_hrs0014_00_ar/d020_p2_c011.tranm	records_decoded	211	60	0	4	169	3	31dde1425eae4ae9		
bin/demo/graphic/pc/p2/motion/p2_hrs0014_00_ar/d020_p2_c012.tranm	records_decoded	421	60	0	4	678	3	80f870f4956af8d1		
bin/demo/graphic/pc/p2/motion/p2_hrs0014_00_ar/d120_p2_anim.tranm	records_decoded	1461	60	0	8	2928	8	470869ec221a1436		
bin/demo/graphic/pc/p2/motion/p2_hrs0014_00_ar/d130_p2_anim01.tranm	records_decoded	470	60	0	8	2117	9	3069474d2e77ec87		
bin/demo/graphic/pc/p2/motion/p2_hrs0014_00_ar/d130_p2_anim02.tranm	records_decoded	80	60	0	8	273	6	c3923b484bc49048		
bin/demo/graphic/pc/p2/motion/p2_hrs0014_00_ar/d140_p2_anim_01.tranm	records_decoded	120	60	0	9	254	8	f62a260d3f7ba648		
bin/demo/graphic/pc/p2/motion/p2_hrs0014_00_ar/d140_p2_anim_02.tranm	records_decoded	412	60	0	9	440	8	4ade0536768d2c0c		
bin/demo/graphic/pc/p2/motion/p2_hrs0014_00_ar/d140_p2_anim_03.tranm	records_decoded	390	60	0	9	1385	11	2eb379bd4dbbf9db		
bin/demo/graphic/pc/p2/motion/p2_hrs0014_00_ar/d141_p2_c001_anim.tranm	records_decoded	151	60	0	9	849	7	c575a8724825e3f4		
bin/demo/graphic/pc/p2/motion/p2_hrs0014_00_ar/d141_p2_c002_anim.tranm	records_decoded	231	60	0	9	636	9	c6e1134c05448a64		
bin/demo/graphic/pc/p2/motion/p2_hrs0014_00_ar/d141_p2_c004_anim.tranm	records_decoded	201	60	0	9	520	8	bbf1b4d7bcee4d12		
bin/demo/graphic/pc/p2/motion/p2_hrs0014_00_ar/d150_p2_anim01.tranm	records_decoded	210	60	0	9	560	8	0f9239f3dfb1813c		
bin/demo/graphic/pc/p2/motion/p2_hrs0014_00_ar/d150_p2_anim02.tranm	records_decoded	132	60	0	8	445	8	4a6dbf8ea937ae92		
bin/demo/graphic/pc/p2/motion/p2_hrs0014_00_ar/d150_p2_anim03.tranm	records_decoded	101	60	0	4	29	2	ea3b3bef2a4ecfac		
bin/demo/graphic/pc/p2/motion/p2_hrs0014_00_ar/d150_p2_anim04.tranm	records_decoded	80	60	0	9	322	9	5f50e53dbcf7ff98		
bin/demo/graphic/pc/p2/motion/p2_hrs0014_00_ar/d160_p2_c001.tranm	records_decoded	241	60	0	9	514	8	d2d5eb7b05116202		
bin/demo/graphic/pc/p2/motion/p2_hrs0014_00_ar/d160_p2_c002.tranm	records_decoded	131	60	1	9	716	6	d2e052fea4db8428		
bin/demo/graphic/pc/p2/motion/p2_hrs0014_00_ar/d160_p2_c003.tranm	records_decoded	151	60	1	4	125	2	c0d7af38714c05f6		
bin/demo/graphic/pc/p2/motion/p2_hrs0014_00_ar/d160_p2_c004.tranm	records_decoded	181	60	1	9	1232	4	d29c4da21c35b919		
bin/demo/graphic/pc/p2/motion/p2_hrs0014_00_ar/d160_p2_c005.tranm	records_decoded	181	60	1	9	986	5	a5227d79cf5b1728		
bin/demo/graphic/pc/p2/motion/p2_hrs0014_00_ar/d160_p2_c006.tranm	records_decoded	181	60	1	9	681	7	1d116e88e88a9b5a		
bin/demo/graphic/pc/p2/motion/p2_hrs0014_00_ar/d160_p2_c007.tranm	records_decoded	331	60	1	9	965	8	c8f5eab59cbfa45a		
bin/demo/graphic/pc/p2/motion/p2_hrs0014_00_ar/d160_p2_c008.tranm	records_decoded	301	60	1	9	2043	4	bfb4a35a9ec4acf4		
bin/demo/graphic/pc/p2/motion/p2_hrs0014_00_ar/d170_p2_c001.tranm	records_decoded	121	60	0	7	143	6	1572c4e7a44c3823		
bin/demo/graphic/pc/p2/motion/p2_hrs0014_00_ar/d170_p2_c002.tranm	records_decoded	111	60	0	4	159	2	436fd3b2f894e8e1		
bin/demo/graphic/pc/p2/motion/p2_hrs0014_00_ar/d170_p2_c003.tranm	records_decoded	151	60	0	8	590	6	a5f980b36a08c33e		
bin/demo/graphic/pc/p2/motion/p2_hrs0014_00_ar/d170_p2_c004.tranm	records_decoded	151	60	0	8	312	7	8e781b983f363f05		
bin/demo/graphic/pc/p2/motion/p2_hrs0014_00_ar/d173-175_p2_c004.tranm	records_decoded	151	60	0	8	312	7	8e781b983f363f05		
bin/demo/graphic/pc/p2/motion/p2_hrs0014_00_ar/d176_p2_c001.tranm	records_decoded	121	60	0	8	274	7	e7a57a16b036156f		
bin/demo/graphic/pc/p2/motion/p2_hrs0014_00_ar/d176_p2_c002.tranm	records_decoded	111	60	0	9	783	4	637af54a03f7f301		
bin/demo/graphic/pc/p2/motion/p2_hrs0014_00_ar/d176_p2_c003.tranm	records_decoded	151	60	0	8	860	3	68acace591757646		
bin/demo/graphic/pc/p2/motion/p2_hrs0014_00_ar/d176_p2_c004.tranm	records_decoded	151	60	0	8	312	7	5be0ea29f6f14932		
bin/demo/graphic/pc/p2/motion/p2_hrs0014_00_ar/d200_p2_anim_c004.tranm	records_decoded	420	60	0	8	1826	6	206e806aa67d4abe		
bin/demo/graphic/pc/p2/motion/p2_hrs0014_00_ar/d200_p2_anim_c005.tranm	records_decoded	560	60	0	8	1362	6	6e21461f45ab6ff2		
bin/demo/graphic/pc/p2/motion/p2_hrs0014_00_ar/d200_p2_anim_c006.tranm	records_decoded	70	60	0	62	649	6	1a731c4f81bc2d48		
bin/demo/graphic/pc/p2/motion/p2_hrs0014_00_ar/d200_p2_anim_c007.tranm	records_decoded	710	60	0	8	1756	7	5f24532f2aebb9a8		
bin/demo/graphic/pc/p2/motion/p2_hrs0014_00_ar/d200_p2_anim_c008.tranm	records_decoded	370	60	0	8	1240	7	2f4535408f9355e8		
bin/demo/graphic/pc/p2/motion/p2_hrs0014_00_ar/d200_p2_anim_c010.tranm	records_decoded	191	60	0	8	476	6	9969b902649aa9f4		
bin/demo/graphic/pc/p2/motion/p2_hrs0014_00_ar/d210_p2_anim_01.tranm	records_decoded	740	60	0	8	1235	8	84a1769f5bdd0f0a		
bin/demo/graphic/pc/p2/motion/p2_hrs0014_00_ar/d210_p2_anim_02.tranm	records_decoded	80	60	0	8	441	3	b83c0df509be0e80		
bin/demo/graphic/pc/p2/motion/p2_hrs0014_00_ar/d210_p2_anim_03.tranm	records_decoded	311	60	0	8	1651	7	2b138ef617f87dd9		
bin/demo/graphic/pc/p2/motion/p2_hrs0014_00_ar/d220_p2_anim_c01-c03.tranm	records_decoded	620	60	0	8	433	6	a276878680180eb4		
bin/demo/graphic/pc/p2/motion/p2_hrs0014_00_ar/d220_p2_anim_c04-c09.tranm	records_decoded	650	60	0	8	964	8	e218f5ffdd2c5fe7		
bin/demo/graphic/pc/p2/motion/p2_hrs0014_00_ar/d220_p2_anim_c10-c12.tranm	records_decoded	450	60	0	8	380	6	5cb5845ba22dfc33		
bin/demo/graphic/pc/p2/motion/p2_hrs0014_00_ar/d220_p2_anim_c13-c18.tranm	records_decoded	1030	60	0	8	1376	7	9a955951cb95d0c1		
bin/demo/graphic/pc/p2/motion/p2_hrs0014_00_ar/d220_p2_anim_c19-c20.tranm	records_decoded	300	60	0	8	1086	8	210efc47dc062540		
bin/demo/graphic/pc/p2/motion/p2_hrs0014_00_ar/d220_p2_anim_c21-c23.tranm	records_decoded	1051	60	0	8	699	8	5df138c91c3e9ca7		
bin/demo/graphic/pc/p2/motion/p2_hrs0014_00_ar/d230_p2_anim_c01-c04.tranm	records_decoded	910	60	0	8	1764	7	b3cf9722541ff3b2		
bin/demo/graphic/pc/p2/motion/p2_hrs0014_00_ar/d230_p2_anim_c07-c09.tranm	records_decoded	241	60	0	8	750	7	3499dfb78ddae538		
bin/demo/graphic/pc/p2/motion/p2_hrs0014_00_ar/d240_p2_c002.tranm	records_decoded	241	60	0	9	1591	3	eb2b6879600a268f		
bin/demo/graphic/pc/p2/motion/p2_hrs0014_00_ar/d240_p2_c004.tranm	records_decoded	151	60	0	9	1047	2	07bf4bad0938d1d9		
bin/demo/graphic/pc/p2/motion/p2_hrs0014_00_ar/d240_p2_c005.tranm	records_decoded	281	60	1	9	1809	3	3fca54466bb34163		
bin/demo/graphic/pc/p2/motion/p2_hrs0014_00_ar/d240_p2_c007.tranm	records_decoded	111	60	0	9	713	4	36ba26087217817b		
bin/demo/graphic/pc/p2/motion/p2_hrs0016_00_akg/d020_p2_c001.tranm	records_decoded	501	60	0	4	767	3	da83efdc38e6b34f		
bin/demo/graphic/pc/p2/motion/p2_hrs0016_00_akg/d020_p2_c002.tranm	records_decoded	241	60	0	3	555	3	afe91ec4fc3ec9bf		
bin/demo/graphic/pc/p2/motion/p2_hrs0016_00_akg/d020_p2_c003.tranm	records_decoded	181	60	0	3	505	3	8b5ee16976a9b847		
bin/demo/graphic/pc/p2/motion/p2_hrs0016_00_akg/d020_p2_c005.tranm	records_decoded	231	60	0	3	619	2	672622c0bd648ee8		
bin/demo/graphic/pc/p2/motion/p2_hrs0016_00_akg/d020_p2_c007.tranm	records_decoded	211	60	0	3	170	4	c284d7df7c30f089		
bin/demo/graphic/pc/p2/motion/p2_hrs0016_00_akg/d020_p2_c008.tranm	records_decoded	241	60	0	3	223	4	ad1ce61dba0e56f7		
bin/demo/graphic/pc/p2/motion/p2_hrs0016_00_akg/d020_p2_c009.tranm	records_decoded	181	60	0	3	409	4	d2891eb0c3762a86		
bin/demo/graphic/pc/p2/motion/p2_hrs0016_00_akg/d020_p2_c011.tranm	records_decoded	211	60	0	3	166	3	ff581c6762c6bd97		
bin/demo/graphic/pc/p2/motion/p2_hrs0016_00_akg/d020_p2_c012.tranm	records_decoded	421	60	0	3	675	3	3c88b4bf30eeceeb		
bin/demo/graphic/pc/p2/motion/p2_hrs0016_00_akg/d120_p2_anim.tranm	records_decoded	1461	60	0	4	1076	4	c7caf249e9c12edd		
bin/demo/graphic/pc/p2/motion/p2_hrs0016_00_akg/d130_p2_anim01.tranm	records_decoded	470	60	0	4	1012	5	431c33fbf201fa13		
bin/demo/graphic/pc/p2/motion/p2_hrs0016_00_akg/d130_p2_anim02.tranm	records_decoded	80	60	0	4	133	2	0c480d1cfb7ba1c0		
bin/demo/graphic/pc/p2/motion/p2_hrs0016_00_akg/d140_p2_anim_01.tranm	records_decoded	120	60	0	4	117	3	ca695b499a335e6a		
bin/demo/graphic/pc/p2/motion/p2_hrs0016_00_akg/d140_p2_anim_02.tranm	records_decoded	412	60	0	4	153	3	620d7a91c12f0e99		
bin/demo/graphic/pc/p2/motion/p2_hrs0016_00_akg/d140_p2_anim_03.tranm	records_decoded	390	60	0	4	433	3	2a4dff70f1d9b5cd		
bin/demo/graphic/pc/p2/motion/p2_hrs0016_00_akg/d141_p2_c001_anim.tranm	records_decoded	151	60	0	4	399	2	4b5d87c217878582		
bin/demo/graphic/pc/p2/motion/p2_hrs0016_00_akg/d141_p2_c002_anim.tranm	records_decoded	231	60	0	4	259	4	4b21b4672b06127e		
bin/demo/graphic/pc/p2/motion/p2_hrs0016_00_akg/d141_p2_c004_anim.tranm	records_decoded	201	60	0	4	179	3	8d95f8440ec86dc7		
bin/demo/graphic/pc/p2/motion/p2_hrs0016_00_akg/d150_p2_anim01.tranm	records_decoded	210	60	0	4	271	3	bc56edd84b834dd6		
bin/demo/graphic/pc/p2/motion/p2_hrs0016_00_akg/d150_p2_anim02.tranm	records_decoded	132	60	0	4	221	3	c04e2767ca28f231		
bin/demo/graphic/pc/p2/motion/p2_hrs0016_00_akg/d150_p2_anim03.tranm	records_decoded	101	60	0	3	26	2	1dacbd06ac8a9938		
bin/demo/graphic/pc/p2/motion/p2_hrs0016_00_akg/d150_p2_anim04.tranm	records_decoded	80	60	0	4	133	4	ee76b9d60605ad52		
bin/demo/graphic/pc/p2/motion/p2_hrs0016_00_akg/d160_p2_c001.tranm	records_decoded	241	60	0	4	136	3	c1939ff607727f23		
bin/demo/graphic/pc/p2/motion/p2_hrs0016_00_akg/d160_p2_c002.tranm	records_decoded	131	60	1	4	185	3	e4f31e1b757e45e4		
bin/demo/graphic/pc/p2/motion/p2_hrs0016_00_akg/d160_p2_c003.tranm	records_decoded	151	60	1	3	122	2	05a9be3fa208c4de		
bin/demo/graphic/pc/p2/motion/p2_hrs0016_00_akg/d160_p2_c004.tranm	records_decoded	181	60	1	4	439	2	ceb18414854847c7		
bin/demo/graphic/pc/p2/motion/p2_hrs0016_00_akg/d160_p2_c005.tranm	records_decoded	181	60	1	4	275	3	96ec4e8595fd1607		
bin/demo/graphic/pc/p2/motion/p2_hrs0016_00_akg/d160_p2_c006.tranm	records_decoded	181	60	1	4	127	3	3bbeba25b544d15f		
bin/demo/graphic/pc/p2/motion/p2_hrs0016_00_akg/d160_p2_c007.tranm	records_decoded	331	60	1	4	197	3	a59d8287360f981d		
bin/demo/graphic/pc/p2/motion/p2_hrs0016_00_akg/d160_p2_c008.tranm	records_decoded	301	60	1	4	585	3	09a9241308807846		
bin/demo/graphic/pc/p2/motion/p2_hrs0016_00_akg/d170_p2_c001.tranm	records_decoded	121	60	0	4	79	3	581cd6275a5194ff		
bin/demo/graphic/pc/p2/motion/p2_hrs0016_00_akg/d170_p2_c002.tranm	records_decoded	111	60	0	4	209	3	2542c52d32d4ef8a		
bin/demo/graphic/pc/p2/motion/p2_hrs0016_00_akg/d170_p2_c003.tranm	records_decoded	151	60	0	4	258	3	bbbfa6fe5c3e6a7c		
bin/demo/graphic/pc/p2/motion/p2_hrs0016_00_akg/d170_p2_c004.tranm	records_decoded	151	60	0	4	89	3	46bbc3f7051eb1ba		
bin/demo/graphic/pc/p2/motion/p2_hrs0016_00_akg/d173-175_p2_c004.tranm	records_decoded	151	60	0	4	89	3	46bbc3f7051eb1ba		
bin/demo/graphic/pc/p2/motion/p2_hrs0016_00_akg/d176_p2_c001.tranm	records_decoded	121	60	0	4	94	3	37616421597bb74b		
bin/demo/graphic/pc/p2/motion/p2_hrs0016_00_akg/d176_p2_c002.tranm	records_decoded	111	60	0	4	247	3	b013d44b022a481e		
bin/demo/graphic/pc/p2/motion/p2_hrs0016_00_akg/d176_p2_c003.tranm	records_decoded	151	60	0	4	240	3	d5c505acbe63111f		
bin/demo/graphic/pc/p2/motion/p2_hrs0016_00_akg/d176_p2_c004.tranm	records_decoded	151	60	0	4	91	3	4eb3b405b2ba9a1d		
bin/demo/graphic/pc/p2/motion/p2_hrs0016_00_akg/d200_p2_anim_c004.tranm	records_decoded	420	60	0	4	623	3	aa362abf7c12f4ea		
bin/demo/graphic/pc/p2/motion/p2_hrs0016_00_akg/d200_p2_anim_c005.tranm	records_decoded	560	60	0	4	622	3	f8344a83811b08b2		
bin/demo/graphic/pc/p2/motion/p2_hrs0016_00_akg/d200_p2_anim_c006.tranm	records_decoded	70	60	0	62	649	6	1a731c4f81bc2d48		
bin/demo/graphic/pc/p2/motion/p2_hrs0016_00_akg/d200_p2_anim_c007.tranm	records_decoded	710	60	0	4	690	3	de2ad4d516937c17		
bin/demo/graphic/pc/p2/motion/p2_hrs0016_00_akg/d200_p2_anim_c008.tranm	records_decoded	370	60	0	4	490	3	c259d52b69dd3b57		
bin/demo/graphic/pc/p2/motion/p2_hrs0016_00_akg/d200_p2_anim_c010.tranm	records_decoded	191	60	0	4	217	3	406ff0882d78b4db		
bin/demo/graphic/pc/p2/motion/p2_hrs0016_00_akg/d210_p2_anim_01.tranm	records_decoded	740	60	0	4	595	4	bd12e989c5fc23db		
bin/demo/graphic/pc/p2/motion/p2_hrs0016_00_akg/d210_p2_anim_02.tranm	records_decoded	80	60	0	4	167	3	1dc9db2e37e8ab39		
bin/demo/graphic/pc/p2/motion/p2_hrs0016_00_akg/d210_p2_anim_03.tranm	records_decoded	311	60	0	4	1010	3	1d14ce73a1a001c7		
bin/demo/graphic/pc/p2/motion/p2_hrs0016_00_akg/d220_p2_anim_c01-c03.tranm	records_decoded	620	60	0	3	317	2	204dc4e1a6cc6c59		
bin/demo/graphic/pc/p2/motion/p2_hrs0016_00_akg/d220_p2_anim_c04-c09.tranm	records_decoded	650	60	0	4	425	4	8a80eecfbc2c89aa		
bin/demo/graphic/pc/p2/motion/p2_hrs0016_00_akg/d220_p2_anim_c10-c12.tranm	records_decoded	450	60	0	3	212	3	ec2085d90ab59ee8		
bin/demo/graphic/pc/p2/motion/p2_hrs0016_00_akg/d220_p2_anim_c13-c18.tranm	records_decoded	1030	60	0	4	515	3	b653b84c15d43d7c		
bin/demo/graphic/pc/p2/motion/p2_hrs0016_00_akg/d220_p2_anim_c19-c20.tranm	records_decoded	300	60	0	4	506	4	2dd4c2fd0c0d114d		
bin/demo/graphic/pc/p2/motion/p2_hrs0016_00_akg/d220_p2_anim_c21-c23.tranm	records_decoded	1051	60	0	4	278	4	2461832f231c764b		
bin/demo/graphic/pc/p2/motion/p2_hrs0016_00_akg/d230_p2_anim_c01-c04.tranm	records_decoded	910	60	0	4	741	3	d8e788eab2a0b8de		
bin/demo/graphic/pc/p2/motion/p2_hrs0016_00_akg/d230_p2_anim_c07-c09.tranm	records_decoded	241	60	0	4	368	3	33a07f47286f6a83		
bin/demo/graphic/pc/p2/motion/p2_hrs0016_00_akg/d240_p2_c002.tranm	records_decoded	241	60	0	4	619	3	f31595e8bd7f9904		
bin/demo/graphic/pc/p2/motion/p2_hrs0016_00_akg/d240_p2_c004.tranm	records_decoded	151	60	0	4	282	2	3933119bd4f522a3		
bin/demo/graphic/pc/p2/motion/p2_hrs0016_00_akg/d240_p2_c005.tranm	records_decoded	281	60	1	4	474	2	9734b51ca8fe8780		
bin/demo/graphic/pc/p2/motion/p2_hrs0016_00_akg/d240_p2_c007.tranm	records_decoded	111	60	0	4	212	2	5fd4d1f45609af4f		
bin/demo/graphic/pc/p2/motion/p2_tps0004_00_stock/d020_p2_c001.tranm	records_decoded	501	60	0	6	1222	5	a7714d2929c5b533		
bin/demo/graphic/pc/p2/motion/p2_tps0004_00_stock/d020_p2_c002.tranm	records_decoded	241	60	0	4	1047	3	3b1a2d06e49185ac		
bin/demo/graphic/pc/p2/motion/p2_tps0004_00_stock/d020_p2_c003.tranm	records_decoded	181	60	0	4	951	2	6bd607933c44a6cc		
bin/demo/graphic/pc/p2/motion/p2_tps0004_00_stock/d020_p2_c005.tranm	records_decoded	231	60	0	4	1082	2	1c5cfcd5a70fa44a		
bin/demo/graphic/pc/p2/motion/p2_tps0004_00_stock/d020_p2_c007.tranm	records_decoded	211	60	0	4	238	6	565dc0b21503b7cb		
bin/demo/graphic/pc/p2/motion/p2_tps0004_00_stock/d020_p2_c008.tranm	records_decoded	241	60	0	4	235	6	d8b3cf27641e298e		
bin/demo/graphic/pc/p2/motion/p2_tps0004_00_stock/d020_p2_c009.tranm	records_decoded	181	60	0	4	599	6	4b0aef7fd86f70ed		
bin/demo/graphic/pc/p2/motion/p2_tps0004_00_stock/d020_p2_c011.tranm	records_decoded	211	60	0	4	216	5	82a9a217e1ee766b		
bin/demo/graphic/pc/p2/motion/p2_tps0004_00_stock/d020_p2_c012.tranm	records_decoded	421	60	0	4	709	5	0a6cc36d72533d78		
bin/demo/graphic/pc/p2/motion/p2_tps0004_00_stock/d120_p2_anim.tranm	records_decoded	1461	60	0	5	1711	6	6430970dd10b33d5		
bin/demo/graphic/pc/p2/motion/p2_tps0004_00_stock/d130_p2_anim01.tranm	records_decoded	470	60	0	6	1609	8	d17077093dff3447		
bin/demo/graphic/pc/p2/motion/p2_tps0004_00_stock/d130_p2_anim02.tranm	records_decoded	80	60	0	6	261	2	ce21874e9dc8873c		
bin/demo/graphic/pc/p2/motion/p2_tps0004_00_stock/d140_p2_anim_01.tranm	records_decoded	120	60	0	4	197	4	b28bf7a779e2b848		
bin/demo/graphic/pc/p2/motion/p2_tps0004_00_stock/d140_p2_anim_02.tranm	records_decoded	412	60	0	4	198	4	774f96d64d27a2c8		
bin/demo/graphic/pc/p2/motion/p2_tps0004_00_stock/d140_p2_anim_03.tranm	records_decoded	390	60	0	6	983	7	575bfc237c50d055		
bin/demo/graphic/pc/p2/motion/p2_tps0004_00_stock/d141_p2_c001_anim.tranm	records_decoded	151	60	0	6	792	4	b4d74dea1b129246		
bin/demo/graphic/pc/p2/motion/p2_tps0004_00_stock/d141_p2_c002_anim.tranm	records_decoded	231	60	0	4	391	5	c3ff517e231106a2		
bin/demo/graphic/pc/p2/motion/p2_tps0004_00_stock/d141_p2_c004_anim.tranm	records_decoded	201	60	0	4	334	4	24780c4f073c5f9b		
bin/demo/graphic/pc/p2/motion/p2_tps0004_00_stock/d150_p2_anim01.tranm	records_decoded	210	60	0	4	283	4	ac453d36c63a9283		
bin/demo/graphic/pc/p2/motion/p2_tps0004_00_stock/d150_p2_anim02.tranm	records_decoded	132	60	0	6	361	6	a3de9321001e40e6		
bin/demo/graphic/pc/p2/motion/p2_tps0004_00_stock/d150_p2_anim03.tranm	records_decoded	101	60	0	4	46	4	07a8aca975891fd9		
bin/demo/graphic/pc/p2/motion/p2_tps0004_00_stock/d150_p2_anim04.tranm	records_decoded	80	60	0	5	279	7	439fdf2c10731a75		
bin/demo/graphic/pc/p2/motion/p2_tps0004_00_stock/d160_p2_c001.tranm	records_decoded	241	60	0	4	138	4	adc20ae8322cad50		
bin/demo/graphic/pc/p2/motion/p2_tps0004_00_stock/d160_p2_c002.tranm	records_decoded	131	60	1	4	310	4	dd364e01f5301812		
bin/demo/graphic/pc/p2/motion/p2_tps0004_00_stock/d160_p2_c003.tranm	records_decoded	151	60	1	4	352	4	1cd6c4023ff51fd3		
bin/demo/graphic/pc/p2/motion/p2_tps0004_00_stock/d160_p2_c004.tranm	records_decoded	181	60	1	6	836	2	c8088ef0908f9818		
bin/demo/graphic/pc/p2/motion/p2_tps0004_00_stock/d160_p2_c005.tranm	records_decoded	181	60	1	6	554	6	67cd05249c01141b		
bin/demo/graphic/pc/p2/motion/p2_tps0004_00_stock/d160_p2_c006.tranm	records_decoded	181	60	1	6	243	6	34e46b8ba534aa1a		
bin/demo/graphic/pc/p2/motion/p2_tps0004_00_stock/d160_p2_c007.tranm	records_decoded	331	60	1	6	230	4	17ae743e5a6d176a		
bin/demo/graphic/pc/p2/motion/p2_tps0004_00_stock/d160_p2_c008.tranm	records_decoded	301	60	1	6	1207	6	ad60d2cb39090654		
bin/demo/graphic/pc/p2/motion/p2_tps0004_00_stock/d170_p2_c001.tranm	records_decoded	121	60	0	4	99	4	e1b6887bf251f771		
bin/demo/graphic/pc/p2/motion/p2_tps0004_00_stock/d170_p2_c002.tranm	records_decoded	111	60	0	4	415	2	d2536a1b69777547		
bin/demo/graphic/pc/p2/motion/p2_tps0004_00_stock/d170_p2_c003.tranm	records_decoded	151	60	0	4	319	4	6d282258620f4d07		
bin/demo/graphic/pc/p2/motion/p2_tps0004_00_stock/d170_p2_c004.tranm	records_decoded	151	60	0	4	145	4	56700fb4059cd6b2		
bin/demo/graphic/pc/p2/motion/p2_tps0004_00_stock/d173-175_p2_c004.tranm	records_decoded	151	60	0	4	145	4	56700fb4059cd6b2		
bin/demo/graphic/pc/p2/motion/p2_tps0004_00_stock/d176_p2_c001.tranm	records_decoded	121	60	0	6	194	6	c3510a4fd1f4245e		
bin/demo/graphic/pc/p2/motion/p2_tps0004_00_stock/d176_p2_c002.tranm	records_decoded	111	60	0	6	573	4	ff15b6a7fde94cd6		
bin/demo/graphic/pc/p2/motion/p2_tps0004_00_stock/d176_p2_c003.tranm	records_decoded	151	60	0	6	639	4	8a92d584b69482b0		
bin/demo/graphic/pc/p2/motion/p2_tps0004_00_stock/d176_p2_c004.tranm	records_decoded	151	60	0	6	307	6	444ae92787de0148		
bin/demo/graphic/pc/p2/motion/p2_tps0004_00_stock/d200_p2_anim_c004.tranm	records_decoded	420	60	0	6	1219	6	cc6726dd2b6850af		
bin/demo/graphic/pc/p2/motion/p2_tps0004_00_stock/d200_p2_anim_c005.tranm	records_decoded	560	60	0	6	1094	6	4fc37d82209f3329		
bin/demo/graphic/pc/p2/motion/p2_tps0004_00_stock/d200_p2_anim_c006.tranm	records_decoded	70	60	0	62	649	6	1a731c4f81bc2d48		
bin/demo/graphic/pc/p2/motion/p2_tps0004_00_stock/d200_p2_anim_c007.tranm	records_decoded	710	60	0	6	1335	6	456dcfd1b35b1dc2		
bin/demo/graphic/pc/p2/motion/p2_tps0004_00_stock/d200_p2_anim_c008.tranm	records_decoded	370	60	0	6	979	6	db38bc7058e7ed64		
bin/demo/graphic/pc/p2/motion/p2_tps0004_00_stock/d200_p2_anim_c010.tranm	records_decoded	191	60	0	6	480	6	f58e82a6da084c8c		
bin/demo/graphic/pc/p2/motion/p2_tps0004_00_stock/d210_p2_anim_01.tranm	records_decoded	740	60	0	4	1187	5	314f1354bb9c6ae6		
bin/demo/graphic/pc/p2/motion/p2_tps0004_00_stock/d210_p2_anim_02.tranm	records_decoded	80	60	0	6	377	4	f3f56a1e53ca3c90		
bin/demo/graphic/pc/p2/motion/p2_tps0004_00_stock/d210_p2_anim_03.tranm	records_decoded	311	60	0	4	1426	3	7c4404cd1df737ca		
bin/demo/graphic/pc/p2/motion/p2_tps0004_00_stock/d220_p2_anim_c01-c03.tranm	records_decoded	620	60	0	4	562	4	a12a9e2947ffdcb0		
bin/demo/graphic/pc/p2/motion/p2_tps0004_00_stock/d220_p2_anim_c04-c09.tranm	records_decoded	650	60	0	4	741	5	bae0ae6230c2d0e1		
bin/demo/graphic/pc/p2/motion/p2_tps0004_00_stock/d220_p2_anim_c10-c12.tranm	records_decoded	450	60	0	4	366	5	c830c7b16ac2d2ea		
bin/demo/graphic/pc/p2/motion/p2_tps0004_00_stock/d220_p2_anim_c13-c18.tranm	records_decoded	1030	60	0	4	718	4	8b1d77fd2b467e07		
bin/demo/graphic/pc/p2/motion/p2_tps0004_00_stock/d220_p2_anim_c19-c20.tranm	records_decoded	300	60	0	4	820	5	2f4ad6686a9f15dd		
bin/demo/graphic/pc/p2/motion/p2_tps0004_00_stock/d220_p2_anim_c21-c23.tranm	records_decoded	1051	60	0	4	568	5	438c1746a50e4181		
bin/demo/graphic/pc/p2/motion/p2_tps0004_00_stock/d230_p2_anim_c01-c04.tranm	records_decoded	910	60	0	4	1326	4	03daef7044e68d44		
bin/demo/graphic/pc/p2/motion/p2_tps0004_00_stock/d230_p2_anim_c07-c09.tranm	records_decoded	241	60	0	4	550	4	f50b84f7907aec7b		
bin/demo/graphic/pc/p2/motion/p2_tps0004_00_stock/d240_p2_c002.tranm	records_decoded	241	60	0	6	690	6	887c0bc8dff87143		
bin/demo/graphic/pc/p2/motion/p2_tps0004_00_stock/d240_p2_c004.tranm	records_decoded	151	60	0	6	440	6	dc50d4cbef9f3a07		
bin/demo/graphic/pc/p2/motion/p2_tps0004_00_stock/d240_p2_c005.tranm	records_decoded	281	60	1	6	780	6	3ba3044a0134ec55		
bin/demo/graphic/pc/p2/motion/p2_tps0004_00_stock/d240_p2_c007.tranm	records_decoded	111	60	0	6	426	5	94607ea9f8bfff14		
bin/demo/graphic/sd/sd9130/monsterball/anm/sd9130_c001_monsterball_anim.tranm	records_decoded	554	60	0	1	673	2	292080f7530c0bfc		
bin/demo/graphic/sd/sd9130/monsterball/anm/sd9130_c002_monsterball_uke_anim.tranm	records_decoded	431	60	0	1	308	2	3142de8bf299c99a		
bin/demo/graphic/sd/sd9130/monsterball/anm/sd9130_c002_monsterball_watasi_anim.tranm	records_decoded	431	60	0	1	251	2	6857a7f2079523cb		
bin/demo/graphic/sd/sd9130/monsterball/anm/sd9130_c003_monsterball_anim.tranm	records_decoded	601	60	0	1	243	2	e0cd1e983fcccadd		
bin/demo/graphic/sd/sd9150/Hikari/anm/sd9150_Hikari_anim.tranm	records_decoded	481	60	0	1	219	2	9ee66a29b6ac0d8f		
bin/demo/graphic/sd/sd9150/sd9150_mysterygift/anm/sd9150_misterygift_anim.tranm	records_decoded	481	60	0	10	980	12	e238e855b4819584	bin/demo/graphic/sd/sd9150/sd9150_mysterygift/mdl/sd9150_mysterygift.trskl	327dd5a826a82356a6f77fa08859780d4d3afbb068ab8c4c3524cd502061bc54
bin/demo/graphic/system_resource/capture/ob0201_00/anm/ee101_ball_01_open.tranm	records_decoded	21	60	0	8	99	2	43c12b438f96cf17		
bin/demo/graphic/system_resource/capture/ob0201_00/anm/ee101_ball_02_close.tranm	records_decoded	21	60	0	8	99	2	a2dd2a5e7534a361		
bin/demo/graphic/system_resource/capture/ob0201_00/anm/ee102_ball_anim01.tranm	records_decoded	119	60	0	9	340	6	3fc59b896a6dc7bc		
bin/demo/graphic/system_resource/capture/ob0201_00/anm/ee104_ball_anim01.tranm	records_decoded	131	60	0	9	197	6	b4fb27f64a251e14		
bin/demo/graphic/system_resource/capture/ob0201_00/anm/ee105_ball_anim01.tranm	records_decoded	51	60	0	7	54	2	ee49a63cc64c5113		
bin/effect/battle/model/anm/ee101_ball_00_throw.tranm	records_decoded	43	60	0	8	66	0	e2041e4c4c310f86		
bin/effect/battle/model/anm/ee101_ball_00_throw_big.tranm	records_decoded	43	60	0	8	66	0	8d784f449f6c2e6d		
bin/effect/battle/model/anm/ee101_ball_01_open.tranm	records_decoded	21	60	0	9	90	1	d6ac0a0185afaa40		
bin/effect/battle/model/anm/ee101_ball_01_open_big.tranm	records_decoded	21	60	0	9	90	1	e8a84c069859c281		
bin/effect/battle/model/anm/ee101_ball_02_close.tranm	records_decoded	21	60	0	9	90	1	9799b29b193bf505		
bin/effect/battle/model/anm/ee101_ball_02_close_big.tranm	records_decoded	21	60	0	9	90	1	9f757bc29adfe200		
bin/effect/battle/model/anm/ee101_ball_03_fall.tranm	records_decoded	55	60	0	8	91	1	8d9cce7825dadf6e		
bin/effect/battle/model/anm/ee101_ball_03_fall_big.tranm	records_decoded	55	60	0	8	99	2	bbd0e34a170f264b		
bin/effect/battle/model/anm/ee102_ball_anim01.tranm	records_decoded	119	60	0	9	455	5	51e18f5037adb156		
bin/effect/battle/model/anm/ee102_ball_anim01_big.tranm	records_decoded	119	60	0	9	467	5	e870bbe787dd9932		
bin/effect/battle/model/anm/ee104_ball_anim01.tranm	records_decoded	131	60	0	9	240	7	9ae50f3145af8d35		
bin/effect/battle/model/anm/ee104_ball_anim01_big.tranm	records_decoded	131	60	0	9	260	7	f97b1a3fa16756d6		
bin/effect/battle/model/anm/ee105_ball_anim01.tranm	records_decoded	51	60	0	8	72	3	17a427f8c3ea33f6		
bin/effect/battle/model/anm/ee105_ball_anim01_big.tranm	records_decoded	51	60	0	8	72	3	6d26cbe7d3f118b8		
